id,predict,canonical,transcript
0,f ao d ah w eh n iy aa m d ae iy v ah n ih ng d ah uw m eh n sh uh k hh ae n z,f ao r dh ah t w eh n t iy ih th t ay m dh ae t iy v n ih ng dh ah t uw m eh n sh uh k hh ae n d z,f ao d ah t w eh n d iy ih t t aa* m d ae t iy v ah n ih ng d ah t uw m eh n sh ao k hh eh n s
1,w iy w w iy eh v ah f ao g eh ih,w ih l w iy eh v er f ao r g eh t ih t,w iy w iy eh v ah f ao g eh t iy t
2,d ah p l eh s ah n ay hh ao f ay g ow ih ng s iy ih ng d eh m f er eh v er,g aa d b l eh s eh m ay hh ow p ay l g ow aa n s iy ih ng dh ah m f er eh v er,g aa d* b l eh s eh m ay hh ao v ay g ow ah n s iy ih ng d ah m f er eh v er
3,ae n d y uw ow ng w ey w aa n uw s iy ih ih n d ah s uw p er l ae ih v d iy g r iy,ae n d y uw ao l w ey z w aa n t t ih s iy ih t ih n dh ah s uh p er l ah t ih v d ih g r iy,ae n d y uw ow n w ey w aa n t t ih s iy ih t ih n d ah s uh p er l ae t ih f d ih g r iy
4,y ae d d ah l eh ah k ey m jh ah s ih n ay m,g ae d y uh r l eh t er k ey m jh ah s t ih n t ay m,g ae t y uh l eh t ah k ae m jh ah s ih n t aa* m
5,ah m p l ey ih ng ah s ih ng g ah hh ae n ih n w ah l uh k s l ay ah l uw s ih ng g eh m,ay m p l ey ih ng ah s ih ng g ah l hh ae n d ih n w ah t l uh k s l ay k ah l uw z ih ng g ey m,aa* m b l ey ih ng ah s ih ng g ow* hh ae n ih n w aa* t l uh k s l ay ah l uw z ih ng g eh* m
6,ih f ay ae v ah n iy d ih d ah f ay ah ih n m ay l ay f ay n iy d w ah n n aw,ih f ay eh v er n iy d ih d ah f ay t er ih n m ay l ay f ay n iy d hh w ah n n aw,ih b ay eh v ah n iy d iy d ah f ay t ah ih n m ay l ay f ay n iy d hh w ah n n aw
7,hh iy w ao s ah hh eh d sh aw er d ae n hh ih s k m p ae n y ah n ah p ao l m ow s d eh l ih k ey f iy s ih k,hh iy w ao z ah hh eh d sh ao r t er dh ae n hh ih z k ah m p ae n y ah n ah v ao l m ow s t d eh l ah k ah t f ah z iy k,hh iy w ao z ah hh eh t sh ao t ah d ae n hh ih s k ah m p ae n y ah n ao p ao m ow z d eh l iy k ey f iy s ih k
8,d eh s w ah s ah ch ey n ch n aw,dh eh r w ah z ah ch ey n jh n aw,d eh z w ah z ah ch ey n sh n aw
9,ay f aa l ow d ah l ay ah p r ah p ow z d r ey w r ow l uh k ih ng f ao ch ey n jh,ay f aa l ow d dh ah l ay n ah v dh ah p r ah p ow z d r ey l r ow d l uh k ih ng f ao r ch ae n s ih z,ay f ao l ow d d ah l ay aa* p p r ah p ow z r ey w r ow l uh k ih ng f ao ch ae n z
10,k l ah f s ae n d b uw n ae n d s iy iy s k r uw uw b iy ao n l iy m eh m er iy s,k l ah b z ae n d b ao l z ae n d s ih t iy z g r uw t ih b iy ow n l iy m eh m er iy z,k l ah f s ae n d b ow n ae n d s iy t iy z k r uw t ih b iy ao n l iy m eh m er iy z
11,hh iy f eh r l iy k l ah b m iy ih n uw k r eh k ah g n ay z ih ng ih,ih t f eh r l iy k l ah b d m iy ih n t uw r eh k ah g n ay z ih ng ih t,iy s f eh l iy k l aa* b m iy iy n t uw r eh k ah n ay z ih ng ih t
12,hh aa r d l iy w er hh aw p l ae n s m ey k p ah b l ih k b iy f ow w iy w er m eh b ay p aw er f ah n aa p ao z ih sh ah n,hh aa r d l iy w er aw r p l ae n z m ey d p ah b l ih k b ah f ao r w iy w er m eh t b ay p aw er f ah l aa p ah z ih sh ah n,hh er r t l iy w ah w aw ah p l ae n z m eh k p ah b l ih k b iy f ao w w iy w er m eh t b ay p aw ah f ah n aa p ah z ih s ah n
13,ah k aa m b aa n ey sh ah n ah v k ah n ey d iy ah n z k ae p ih ah w w iy k l iy ao g ah n ay z ah n d p ae ih sh ah n f ao r d ah s ey m p r ih v ah l ih ch,ah k aa m b ah n ey sh ah n ah v k ah n ey d iy ah n k ae p ih t ah l k w ih k l iy ao r g ah n ay z d ah n d p ah t ih sh ah n d f ao r dh ah s ey m p r ih v l ih jh ih z,ah k aa m b ay n ey sh ah n ah p k ah n ey d iy ah n z k ae p iy t ah w w ih k l iy ao g ah n ay s ah n d p ae t ih sh ah n f ao d ah s ae m p r ih v l ih z
14,ih s w er m ay r iy p ao r f r ah m d ah n ao k hh w ih ch sh er p l iy ih n d uw s d p iy p ah w uw b ay,ih t w aa z m ay r ih p ao r t s f r ah m dh ah n ao r th w ih ch ch iy f l iy ih n d uw s t p iy p ah l t uw b ay,ih s w aa r m ay r ih p ao t f r ao m d ah n ao t w iy ch ch ey* p l iy ih n d uw t p iy p ow* t uw b ay
15,ay w ao s ah b aw uw d uw d ih s w eh n k uw l ah jh ah s m ah n r iy v ay,ay w ao z ah b aw t t ih d uw dh ih s w eh n k uw l er jh ah jh m ah n t p r iy v ey l d,ay w ao z ah b aw t t ih d uw d iy s w eh n k uw l ah jh ah s m ah n r iy v ay
16,ih s ah k er d uw m iy d ae d eh w uh d n hh ae v ih b iy aa n d ah k aw ih ng,ih t ah k er d t uw m iy dh ae t dh eh r w uh d hh ae v t ih b iy ah n ah k aw n t ih ng,ih s ah k er d t uw m iy d ae t d eh w uh t n hh ae v t ih b iy ah n ah k aw t ih ng
17,uw m ay s ah p r ay s hh iy b iy g ae n uw sh ow ae k ah ih n uw s iy ah m s ih n m ay f ey v er,t uw m ay s er p r ay z hh iy b ah g ae n t uw sh ow ae k ch ah w ah l ih n th uw z iy ae z ah m ih n m ay f ey v er,t uw m ay s ah b r ay z hh iy b iy g ae n t uw sh ow ae k t w ah ih n t uw z iy ah m s ih n m ay f ey v er
18,r ao b er iy b r ih b er iy f r ow d,r aa b er iy b r ay b er iy f r ao d,r ao b er iy b r iy b er iy f r ow t
19,d eh f ao s w er ao r eh d iy m uw v ih ng ih n uw d ah n ao th k ah n r iy,dh eh r f ao r s ih z w er ao l r eh d iy m uw v ih ng ih n t uw dh ah n ao r th k ah n t r iy,d eh ah f ao* s w ah ao r eh d iy m uw v ih ng ih n t uw d ah n ao th k ah n t r iy
20,ay hh ae v f eh ih n dh ah m,ay hh ae d f ey th ih n dh eh m,ay hh ae v f ey* th ih n d eh m
21,d ey w er r iy hh ah n d r ah d y aa d s ah b aa r,dh ey w er th r iy hh ah n d r ah d y aa r d z ah p aa r t,d ey w er t r iy hh ah n d r ah s y aa* s ah b aa r
22,s iy n d eh n s ah m m ih s ih r iy ah s f ao k s hh ae s b ih n f ay ih ng ah s ae eh v r iy s eh p,s ih n s dh eh n s ah m m ih s t iy r iy ah s f ao r s hh ae z b ih n f ay t ih ng ah s ae t eh v r iy s t eh p,s iy n d eh n s ah m m ih s t ih r iy ah s f ao s hh ae z b iy n f ay t ih ng ah s ae t ae v r iy s t eh f
23,sh iy ah n ih uw d ah hh ow eh w,sh iy t er n d ih n ae t dh ah hh ow t eh l,sh iy t ah n iy n t uw d ah hh ow t eh w
24,ay w ao s d iy ow n l iy w ah n hh uw r iy m ey n d s iy ih ng,ay w ao z dh iy ow n l iy w ah n hh uw r iy m ey n d s ih t ih ng,ay w ao z d iy ao n l iy w ah n hh uw r iy m ey n s iy t ih ng
25,w iy w hh ae f uw w aa ch aw ch ae n s ih s,w ih l hh ae v t uw w aa ch aw r ch ae n s ih z,w ih w hh ae v t uw w aa ch aw ch ae n s ih s
26,d ah sh iy f sh uh d b iy iy n w iy th iy n ah w iy k ao eh n d ey s,dh ah sh ih p sh uh d b iy ih n w ih th ih n ah w iy k ao r t eh n d ey z,d ah sh ih p s uh d b iy ih n w ih th ih n ah w iy k ao t eh n d ey z
27,ay s ah b ow z y uw w ah n d ah w ay sh iy iy s k ah m ih ng ah p hh iy r,ay s ah p ow z y uw w ah n d er w ay sh iy ih z k ah m ih ng ah p hh iy r,ay s ah b ow y uw w ao n d ah w ay sh iy ih z k ah m ih ng ah p hh iy ah
28,m iy n w ay ay m g ow ih ng aw uw s p r iy th dh ah s p eh w,m iy n w ay l ay l g ow aw t t ih b r iy dh ah s p eh l,m iy n w ay ay g ow ih ng aw t t ih s b r iy th dh ah s p eh w
29,hh aw k uh d hh iy ih s p l ey n hh ih s p ao s eh sh ah n ah b l ah s s k eh ch,hh aw k uh d hh iy ih k s p l ey n hh ih z p ah z eh sh ah n ah v dh ah s k eh ch,hh aw k uw d hh iy ih s p l ey n hh ih z b ah s eh s ah n ao b d ah s k eh ch
30,hh iy m uw f ah w ey ae s k w ay ah l iy ae s hh iy hh ae s k ah m,hh iy m uw v d ah w ey ae z k w ay ah t l iy ae z hh iy hh ae d k ah m,hh iy m uw v ah w ey ae s k w ay ah* t l iy ae s hh iy hh ae z k ah m
31,d ah g er f ey s hh ih m hh er ay s sh ay n ih ng w ih th ah s ah d ah n f ih r,dh ah g er l f ey s t hh ih m hh er ay z sh ay n ih ng w ih dh s ah d ah n f ih r,d ah g er f ey s hh iy m hh er ay z sh ay n ih ng w ih d ah s ah d ah n f ih ah
32,k l ow z b iy s ay d hh iy m k l ih m d ah w ay f ae ng s ah v d ah w ao f d ao g,k l ow z b ih s ay d hh ih m g l iy m d dh ah w ay t f ae ng z ah v dh ah w uh l f d ao g,k l ow z b iy s ay d hh ih m k l iy m d ah w ay f ae ng z ao v d ah w ao f d ao g
33,hh iy l uh k ae d ah hh ae ng k er ch sh eh p m ao k l ow z l iy,hh iy l uh k t ae t dh ah hh ae ng k er ch ih f m ao r k l ow s l iy,hh iy l uw k ae t d ah hh ae ng k ah ch eh p m ao r k l ow s l iy
34,d ah l ey s w ao f ah d eh l ih k ey ay v er iy k ao l er f eh d l iy ay n iy w ih y eh l ow,dh ah l ey s w ao z ah v ah d eh l ah k ah t ay v er iy k ah l er f ey n t l iy t ih n t ih d w ih th y eh l ow,d ah l ey z w ah ao f ah d eh l ih k ey t ay v er iy k ao l er f ey t l iy t ay n iy d w ih t y eh* l ow
35,ay w ao s k y uh r iy ah s k ao n s ah d ah n s,ih t w ao z ah k y uh r iy ah s k ow ih n s ih d ah n s,ay w ao z k y uh r iy ah z k ao s iy d ah n s
36,sh ah d ah n l iy hh ih s f ih ng g ah k l ow s ay l iy ow v ah d ah hh ae ng k ah v ah sh ih p,s ah d ah n l iy hh ih z f ih ng g er z k l ow z d t ay t l iy ow v er dh ah hh ae ng k er ch ih f,sh ah d ah n l iy hh iy z f ih ng g ah k l ow z d t ay l iy ow v ah d ah hh ae ng k ao v ih ch ih p
37,d eh s w ao z n ao ih ng aa n dh ah r* aa k,dh eh r w ao z n ah th ih ng aa n dh ah r aa k,d eh s w ao z n ao t ih ng aa n d ah r* ao k
38,ay k ey m f ao ih n f ao m ey sh ah n m ao r ah v k er r aa s ah iy d ae n eh n iy th ih ng eh w s,ay k ey m f ao r ih n f ao r m ey sh ah n m ao r aw t ah v k y uh r iy aa s ah t iy dh ae n eh n iy th ih ng eh l s,ay k ey m f ao ih n f ao m ey sh ah n m ao aw ao f k y uh r aa s ah t iy d ae n eh n iy th ih ng eh w z
39,hh ih s ah m ae k y uw l ih ah p ih r ah n s w ah s b ao n,hh ih z ih m ae k y uw l ih t ah p ih r ah n s w ah z g ao n,hh iy s ih m aa* k uw l ey t ah p ih r ah n s w ah z g ao n
40,eh n iy w ey n ow w ah n sh ow hh ah l ay d ae,eh n iy w ey n ow w ah n s ao hh er l ay k dh ae t,eh n iy w ey n ow w ah n sh ao hh ah l ay d ae t
41,d ah m ae n s eh r ih n uw ch ah d ah f ey s,dh ah m eh n s t eh r d ih n t uw iy ch ah dh er z f ey s,d ah m ae n s t ey ih n t uw ih ch aa* d ah f ey s
42,y eh s ih s w ah s ah m ae n hh uw ae k s ah s r ey ng g ah,y eh s ih t w ah z ah m ae n hh uw ae s k t ah s t r ey n jh er,y eh s ih s w ah z ah m ae n hh uw ae k s ah s t r ey n g ah
43,d ah f ao th ae n d f iy f d ey s p aa* s w ih th aw eh n iy d ih v eh l ah p m ah n s,dh ah f ao r th ae n d f ih th d ey z p ae s t w ih th aw t eh n iy d ih v eh l ah p m ah n t s,d ah f ao th ae n f iy t d ey z p aa* s w ih th ay eh n iy d ih v eh l ah p m ah n z
44,d ey k l ow z n aw ah n ih hh ih s f ih ng g er z w ao s l ay k k ao s ah v s iy w,dh ey k l ow z d n aw ah n t ih l hh ih z f ih ng g er z w er l ay k k ao r d z ah v s t iy l,d ey k l ow z d n aw ah n t ih w hh ih s f ih ng g ah z w ah z l ay k k ao s ah v s t iy w
45,sh uh l iy ay w iy ih s k y uw y uw s iy k r ay,sh uh r l iy ay w ih l ih k s k y uw z y uw sh iy k r ay d,sh uh l iy ay w ih w ih s k iy uw y uw s iy k r ay
46,w ah s w uh aa b jh eh k s ah v y ao r l ih ah w s eh n s ey sh ah n,w ah t w ao z dh ah aa b jh eh k t ah v y uh r l ih t ah l s eh n s ey sh ah n,w ao s w ah ah ao b jh eh k t s ah v y ao l iy t ow* s eh n s ey sh ah n
47,d ah p r ow m ow er ay s w ah hh ae v iy w ih d l iy ah w p ah f iy b ae s ah n d er d eh m,dh ah p r ah m ow t er z ay z w er hh eh v iy w ih th l ih t ah l p ah f iy b ae g z ah n d er dh ah m,d ah p r ow m ow t er ay z w ah hh ae v iy w ih t l iy t ow* p ah f iy b ae z ah n d ah d ah m
48,d eh hh ae s b iy n ah ch ae n s iy ih n er ah p ih d hh ih m,dh eh r hh ae z b ih n ey ch ey n jh sh iy ih n t er ah p t ih d hh ih m,d eh hh ae z b iy n ey ch ey n s s iy ih n t er ah p t ih d hh ih m
49,d ah k r ey ay s f ow d er d ah f l ah sh d iy p ah n,dh ah g r ey ay z f aa l t er d dh ah f l ah sh d iy p ah n d,d ah g r ey ay z f ao n t ah d ah f l* ao sh d iy p ah n ah
50,iy s iy d ah f ay p aa r l iy sh iy s eh d,ih t ih z dh ah f ay r p aa r t l iy sh iy s eh d,iy s iy d ah f ay p aa r l iy sh iy s eh* t
51,d eh n ae d ah s uh p er hh iy r ay d ah f ey d ah m hh ah,dh eh n ae n d ae t s ah p er hh iy t r ay d t ah f ae dh ah m hh er,d eh n ae n d ae s uw p er hh iy t r ay d t ah f ey d ah m hh ah
52,ih s w ah ah l aa jh k ah n ah,ih t w ah z ah l aa r jh k ah n uw,iy s w ah ah l aa sh k aa* n uw
53,hh w ah ih f sh iy d ih d n aa k ah m uw d ah r aa k,w ah t ih f sh iy d ih d n aa t k ah m t ih dh ah r aa k,w ah t ih f sh iy d iy t n ao t k ah m t ih dh ah r* aa k
54,hh ih s f ey w ah s r iy m l ih ng w ih th b l ah d,hh ih z f ey s w ah z s t r iy m ih ng w ih dh b l ah d,hh iy f ey w ah z s t r iy m ah l ih ng w ih d b l ah t
55,ah r ih k ah ah v f r eh sh b l ah d r ae n ow v er hh ih s f ey s,ah t r ih k ah l ah v f r eh sh b l ah d r ae n ow v er hh ih z f ey s,ah t r ih k ow* ao v f r eh sh b l ah t r ae n ow v ah hh ih z f ey z
56,d ae th hh ae d k ah m w ih th ah eh r ah b ah s ah d ah n n ah s,d eh th hh ae d k ah m w ih dh t eh r ah b ah l s ah d ah n ah s,d ae th hh ae t k ah m w ih dh ah t eh r ah b ah s ah t ah n ih s
57,hh iy m ey d sh uh d ah m ae g ah z iy n z w ah s l ow d ih d ae n d r ih s ah m hh ih s p aa l ih ng,hh iy m ey d sh uh r dh ah t dh ah m ae g ah z iy n w ah z l ow d ih d ae n d r iy z uw m d hh ih z p ae d l ih ng,hh iy m ey d sh uh ah t d ah m ae g ah z iy n w ah z l ow d ih d ae n d r iy z ah m hh ih z p aa l ih ng
58,d ah n ay k l ow w ah s r eh ch er ah s uw sh uh b ay,dh ah n ay t g l ow w ah z t r eh ch er ah s t uw sh uw t b ay,d ah n ay k l ow w ah z t r eh ch er ah s t uw sh uw t b ay t
59,d ah s ih ng ih ng v oy ah p r ao ch r ae b ah d l iy,dh ah s ih ng ih ng v oy s ah p r ow ch t r ae p ah d l iy,d ah s ih ng ih ng v oy ah b r ow ch r ae b ah d l iy
60,hh ih s b l ow k r uw hh aa w ih d g r ey n ch ae d ah ao r th,hh ih z b l ah d g r uw hh aa t w ih dh r ey jh ae t dh ah th ao t,hh iy z b l ow k r iy w hh ao t w ih t r ae n ch ae t d ah t ao th
61,hh iy w eh n aw w ih d ah m ih s r iy m s ah ch ih ng d ah sh ae d ow ah v b ow sh ao,hh iy w eh n t d aw n ih n m ih d s t r iy m s er ch ih ng dh ah sh ae d ow z ah v b ow th sh ao r z,hh iy w eh n t d aw ih n m ih d s t r iy m s ah ch ih ng d ah sh aa* d ow ah b b ow sh ao
62,f ao r d ah f uw n m ih n ah s hh iy z k r aw ch ae n d l ih s ah n d,f ao r ah f uh l m ih n ah t hh iy k r aw ch t ae n d l ih s ah n d,f ao d ah f uw l m ih n iy s hh iy k r ao ch ae n d l ih s ah n
63,hh iy hh ae d b eh l iy eh n er d d ih s w ey hh iy sh ow d ah k l ow ah v dh ah f ay,hh iy hh ae d b eh r l iy eh n t er d dh ih s w eh n hh iy s ao dh ah g l ow ah v ah f ay r,hh iy hh ae d* b eh l iy eh n t er d ih s w eh y* hh iy sh ao d ah k l ow ao f ah f ay
64,ah b ih g k ae n v er s eh n w ah d ah f er s th ih ng uw k ah m w ih th ih n hh ih v uw zh ah n,ah b ih g k ae n v ah s t eh n t w ah z dh ah f er s t th ih ng t ih k ah m w ih th ih n hh ih z v ih zh ah n,ah b iy k k ae n v ah s t eh n t w ah d ah f er s t d ih ng t ih k ah m w ih th ih ng hh ih th v iy z ah n
65,p er hh aa p sh iy hh ae s ao l r eh d iy m eh hh er f ey s ah l iy ah err d iy p er ih n d ah f ao r ah s,p er hh ae p s sh iy hh ae d ao l r eh d iy m eh t hh er f ey t ah l ih t ah l d iy p er ih n dh ah f ao r ah s t,p er hh ae* v sh iy hh ae z ao r eh d iy m eh t hh ah f ey s ah l iy t ah d iy p er ih n dh ah f ao r ah s t
66,d eh n y uw k ae n er ey n jh y uh s eh w f k ah m f er ah b l iy ah m ao ng d ow s r ow b ih n d ah b ow,dh eh n y uw k ae n er ey n jh y er r s eh l f k ah m f er t ah b l iy ah m ah ng dh iy z r ow b z ih n dh ah b ow,dh eh n y uw k ae n er ey n ch y uw s eh w p k ao m f ao t ah b l iy ah m ao ng d ow s r ow v iy n d ah b ow
67,sh ae w ay k ae r iy y uw,sh ae l ay k ae r iy y uw,sh ae w ay k ae r iy y uw
68,ah m ae d ah n ih ng jh oy s p aw d ih ih n hh ih s b r ey n,ah m ae d ah n ih ng jh oy p aw n d ih d ih n hh ih z b r ey n,ah m ae d ah n ih ng jh oy s p aw d ih d iy n hh iy z b r ey ng
69,y uw m ah s l ih v hh iy er s,y uw m ah s t s l iy p hh iy er jh d,y uw m ah s s l iy v hh iy ah zh
70,d y uw y uw w uh d n aa k iy p d ah r ah s f r er m m iy,y uw y uw w uh d n aa t k iy p dh ah t r uw th f r ah m m iy,y uw y uw w uw d n aa t k iy p d ah t r ah s f r ah m m iy
71,hh iy w ih w f aa l ow ah s s uw n,hh iy w ih l f aa l ow ah s s uw n,hh iy w iy w f ao l ow ah s s uw n
72,b ah d eh r k eh m n ow p r aa m ah s f r ah m dh ah b ow ah v dh ah k ah n uw,b ah t dh eh r k ey m n ow p r aa m ah s f r ah m dh ah b ow ah v dh ah k ah n uw,b ah t d eh k ey m n ow b r aa m ih s f r ah m d ah b ow ah p d ah k aa* n uw
73,sh iy w ah s s l iy p ih ng ah n d ah hh ih s p ah eh k sh ah n ae s s w iy iy ae s ah ch aa r d,sh iy w ah z s l iy p ih ng ah n d er hh ih z p r ah t eh k sh ah n ae z s w iy t l iy ae z ah ch ay l d,sh iy w ah z s l iy p ih ng aa* n d ah hh ih z p r ah t eh k sh ah n ae z s w iy d iy ae z ah ch ay err
74,ow n l iy ih s ih s ah sh ow w ah n d er f ah n s ao m ow s ih m p aa s ah b ah l uw b ih l iy f,ow n l iy ih t ih z s ow w ah n d er f ah l s ow ao l m ow s t ih m p aa s ah b ah l t ih b ih l iy v,ao n l iy iy s iy z d ah sh ow w ah n d ah f ah n s ow ao m ow s t ih m p aa s ah b ah t ih b ih l iy v
75,d iy ih m ow sh ah n w ih ch sh iy hh ae s s ah p r eh s b er s f ao r n aw ih n d ah ch ow k ih ng s ah f,dh ah ih m ow sh ah n hh w ih ch sh iy hh ae d s ah p r eh s t b er s t f ao r th n aw ih n ah ch ow k ih ng s aa b,dh ah ih m ow sh ah n hh w ih ch sh iy hh ae z s ah p r eh s b er s t f ao r t n aw ih d ah ch ao k ih s aa f
76,ih f y uw ow n l iy k uh d n ow hh aw ay th ae ng k y uw,ih f y uw ow n l iy k uh d n ow hh aw ay th ae ng k y uw,ih f y uw ow n l iy k uh d n ow hh aw ay th ae ng k y uw
77,hh iy w ao d ih d ih n uw d ah eh sh ah v d ah w ao ah b iy g ae n s k r ah b ih ng hh ih m s eh w f,hh iy w ey d ih d ih n t uw dh ah eh jh ah v dh ah w ao t er ah n d b iy g ae n s k r ah b ih ng hh ih m s eh l f,hh iy w aa d ih d ih n t uw d ah eh sh ah v d ah w ao r* ah b iy g eh n s k r ao p ih hh ih m s eh w
78,d uw y uw n ow d ae y uw aa r sh ey k ih ng m ay k aa n f ah d ah n ih n y uw,d uw y uw n ow dh ae t y uw aa r sh ey k ih ng m ay k aa n f ah d ah n s ih n y uw,t uw y uw n ow d ae t y uw aa sh ey k ih ng m ay k aa n f iy d ah n ih n y uw
79,ih n s eh d hh iy ch oy s hh ah d ey ey l ay uw hh ah ng g r iy ch iy r ah n,ih n s t eh d hh iy jh oy n d hh er ah n d dh ey ey t l ay k t uw hh ah ng g r iy ch ih l d r ah n,ih s t eh d hh iy jh oy z hh uh d ey ey t l ay t uw hh ah ng g r iy ch ih r ah n
80,hh iy w ao z w aw d ih d ih n d iy aa m,hh iy w ao z w uw n d ih d ih n dh iy aa r m,hh iy w ao s w aa d ih d ih n d iy aa m
81,ay s ah p ow z y uw p ih k d ae l ih ng g ow ah p ah m ao ng d iy ih n d iy ah n s,ay s ah p ow z y uw p ih k t dh ae t l ih ng g ow ah p ah m ah ng dh iy ih n d iy ah n z,ay s ah p ow y uw p ih k d ae t l ih ng g ow ah p ah m ao ng d iy ih n d iy ah n z
82,hh iy hh ae s n ow ih s k y uw f ao d ah f iy l ih ng s w ih ch g er er ow s ih n hh ih m,hh iy hh ae d n ow ih k s k y uw s f ao r dh ah f iy l ih ng z w ih ch w er er aw z d ih n hh ih m,hh iy hh ae z n ow ih s k y uw f ao d ah f iy l ih ng z w ih ch w ah er ow z ih n hh ih m
83,w ey s d ah r eh n d er ah s ah v d ow s hh uw w er s r ay v ih ng uw w ah k hh ih s r uw,w ah z ih t dh ah r aa n d ih v uw v dh ow z hh uw w er s t r ay v ih ng t uw w er k hh ih z r uw ah n,w ah ih s d ah r eh n d ih r ah s v d ow z hh uw w uh s t r ay v ih ng t uw w uh k hh ih z r uw
84,s iy ae d ih s hh iy ch ey n ah s ih m p ah th ay ih n hh ah f ey s ah n d v oy s,sh iy ae d ih d w ih dh jh eh n y ah w ah n s ih m p ah th iy ih n hh er f ey s ah n d v oy s,s iy ae d ih z hh ih jh ih n uh ih n s ih m p ah th ay ih n hh ah f ey s n v oy s
85,m ay r ay f uw f iy l s l ay d ae ah v d ah ch ay n iy z d iy b ah ah n,m ay r ay t f uh t f iy l z l ay k dh ae t ah v ah ch ay n iy z d eh b y ah t aa n t,m ay r* ay f uw t f iy w z l ay d ae t ah v d ch ay n iy z d ih b ah t ah n
86,d ey ey d iy n ah ae d ah f iy f ae n d r eh s l ih s f ao uw aw s,dh ey ey t d ih n er ae t dh ah f ih f th ae n d r eh s t ih d f ao r t uw aw er z,d eh ey t d iy n ah eh d ah f ih f th eh n r eh s t ih s f ao t uw aw ah z
87,uw y ih r s ah g ow ah g ih f ah f s ih v ah l ey sh ah n f ao d ih s,t uw y ih r z ah g ow ay g ey v ah p s ih v ah l ih z ey sh ah n f ao r dh ih s,t uw y iy ih z ah g ao ay g eh f ah f s ih v ah l ey sh ah n f ao ah d ih s
88,sh iy hh ae d d ay d f r ah m k ao n ah s aa v ey sh ah n,sh iy hh ae d d ay d f r ah m k ow l d ah n d s t aa r v ey sh ah n,s iy hh ae d ay f r ah ng k ow l eh s t aa v ey sh ah n
89,hh iy w ao s d iy ah m ah n n aw uw m ey n ey n d ah m ao k s ah ah n hh ao n ah p ao n hh ih m s eh w f,hh iy w ao z d ih t er m ah n d n aw t ih m ey n t ey n ah m ao r s er t ah n hh ow l d ah p aa n hh ih m s eh l f,hh iy w uh z d ih t ah m ay n aw t ih m eh n t eh n ah m ao k s uh t ah n hh ow n ah p ao n hh ih m s eh w
90,iy ch d ey s iy b iy k ey m ah m ao r v ay ah l p aa r ah v hh iy m,iy ch d ey sh iy b iy k ey m ah m ao r v ay t ah l p aa r t ah v hh ih m,iy ch d ey s iy b iy k eh m ah m ao v ay t ah p aa r t ah p hh ih m
91,hh ih s w ah eh m ey sh ah n b ah s hh iy r iy s ih s ih ih,ih t w ah z ah t eh m t ey sh ah n b ah t hh iy r iy z ih s t ih d ih t,ih s w ah t eh m t ey sh ah n b ah z hh iy r iy s ih s t ih d ih t
92,d iy s w ah n hh ao p w uh d ih s r oy ae s w iy l iy ae s hh ih s w ao s p ao n,dh ih s w ah n hh ow p w ah z d ih s t r oy d ae z k w ih k l iy ae z ih t w ah z b ao r n,d ih s w ah n hh ao p w ah d ih s t r oy ae z w ih k l iy ae z ih s w ah z p ao n
93,hh ah f ey s w ah ah g eh n s hh ih s b r eh s,hh er f ey s w ao z ah g eh n s t hh ih z b r eh s t,hh uh f ey s w uh ah g eh n s t hh ih z b r eh s t
94,sh iy w ah hh ih s n aw f er eh v ah,sh iy w ah z hh ih z n aw f er eh v er,sh iy w uh hh ih z n aw f er eh v ah
95,r ow v iy ah n hh ae s d ih l iy v er hh iy m f r uw d ah m ey w s r ah m,p r aa v ah d ah n s hh ae d d ih l ih v er d hh ih m th r uw dh ah m ey l s t r ah m,b r ao v iy d ah n t hh ae z d ih l iy v er hh iy m f r uw d ah m ey w s t r ah m
96,hh iy s ao b ey d d ah p r eh sh ah ah v hh ah hh ae n,hh iy ow b ey d dh ah p r eh sh er ah v hh er hh ae n d,hh iy s ao b ey d ah f r eh sh ah ah v hh y ah hh ae n d
97,ah p aw ih m hh eh r eh v r iy w eh r w uh d ah eh v ah d ah n ah b l ah s er iy ah v ae n d ah v ey ch,ah b aw t hh ih m eh v r iy w eh r w er dh ah eh v ah d ah n s ah z ah v l ah g zh er iy ah n d ah v ey jh,ah p aw hh ih m eh r eh v r iy w eh r w uh d ah eh v iy d ah n ah v l ah s er iy ah v ah n d ah p ey ch
98,d eh n hh iy s eh p b ae k w ih th d ah k l ow k r ay s ah v p l eh zh ah,dh eh n hh iy s t eh p t b ae k w ih th ah l ow k r ay ah v p l eh zh er,d eh n hh iy s t eh p b ae w ih d ah k l ow k r ay s ah p l eh zh ah
99,hh iy ow n d hh ih m s eh w d ae ae s hh iy w aa sh hh ih m s eh w ah n k r uw m hh iy s d iy sh ow w f k l ow,hh iy t ow l d hh ih m s eh l f dh ae t ae z hh iy w aa sh t hh ih m s eh l f ah n d g r uw m d hh ih z d ih sh eh v ah l d k l ow dh z,hh iy t ow l hh ih m s eh l d ae t eh s hh iy w aa sh hh ih m s eh n k r uw m hh ih z d ih sh ow v k l ow
100,d ah l ow p er sh w iy p hh iy m ih n d ah f ey s ah n d l eh f n ow s ih ng k,dh ah l ow b uh sh w ih p t hh ih m ih n dh ah f ey s ah n d l eh f t n ow s t ih ng,d ah l ow p uh sh w iy ih f hh ih m ih n d ah f ey s ah l eh f n ow s t ih ng k
101,eh v er iy b ao n ih n hh er ey ch b ao d iy s iy m b r ow k ah n ae n d ih s l ow k ey ih d,eh v er iy b ow n ih n hh er ey jh d b aa d iy s iy m d b r ow k ah n ae n d d ih s l ow k ey t ih d,eh v er iy b ao n ih n hh er ey sh b ao d iy s iy m b r ao k ah n ae n d d ih s l ow k ey t ih d
102,ih w ah n ao s ah l aa r ch l ey k ae n ao m ow s ah r aw,ih t w ah z n aa t ah l aa r jh l ey k ae n d ao l m ow s t r aw n d,ih f w ah n aa z ah l aa ch l ey k ae n ao m ow s r aw
103,ay w ao s b r ao ah p d ah w ey m ow s g uw s hh ah w ay hh ah b r ow k ah n,ay w ao z b r ao t ah p dh ah w ey m ow s t g er l z ih n hh ah w ay iy aa r b r ao t ah p,ay w ao z b r ao t ah p d ah w ey m ao s t g uh ih z hh ah w ay iy aa b r ao k ah b
104,n ow b ao d iy n y uw hh ih s ao r iy d ey ah f d ah ch uw n er l iy s ah b ao r,n ow b aa d iy n y uw hh ih z hh ih s t er iy dh ey ah v dh ah hh uh n t ah l iy s t ah v ao l,n ao b ao d iy n y uw hh ih s t ao r iy d ey ao v d ah ch uh n t ah n iy s ah b ao
105,n aw p l iy s k iy p ah p l ey n s ey m ah n ah v w ah ah k er,n aw p l iy z g ih v ah p l ey n s t ey t m ah n t ah v w ah t ah k er d,n aw p l iy z g iy ih ah p l eh n s t ey m ah n w ah t ah k er
106,w iy hh ae b p l eh n iy d ah v k ae p ih ah aw ah s eh v ih s ae n y eh w iy w ah n m ao r d,w iy hh ae v p l eh n t iy ah v k ae p ih t ah l aa r s eh l v z ae n d y eh t w iy w aa n t m ao r,w iy hh ae p l eh n t ih t ah v k ae p iy t ah aa ao w s eh v ih z eh n d y eh t w iy w ah n m ao ah t
107,d ah p ah ch ah s ae n m iy d k ah er r iy f y uw s uw hh ae n d ah m iy d d ah s iy n f ao ah n f eh r r eh s r ao ng s,dh ah b uh ch er z ae n d m iy t k ah t er z r ih f y uw z d t ih hh ae n d ah l m iy t d eh s t ih n d f ao r ah n f eh r r eh s t r aa n t s,d ah b uh ch ah z eh n m iy t* k ah t er r ih f y uw z t ih hh ae n d ah m iy t d eh s t iy n f ao ah n f eh r eh sh r aa ng k s
108,d ae s b ay iy s b aw d er iy ng s aa r ow n iy g uh d ih n ch aa r k,dh ae t s w ay ih t s b aw n d er iy z aa r ao l g aw jh d ah n d jh ae g d,d ae s w ay ih s b aw r iy z aa r ao l g uh d ah n jh aa r k
109,ah hh ae f ah p k ey ah p ey k ow w ao s w uh th r iy p aw s,ah hh ae f ah k ey s ah v t ah b ae k ow w ao z w er th th r iy p aw n z,ah hh ae f ah b k ey ah t ah p hh ey k ow w ao s w uh th t w iy p aw z
110,d eh ch uw m ah ch ah v s k uw n b oy ih n m iy,dh eh r z t uw m ah ch ah v dh ah s k uw l b oy ih n m iy,d eh ch uw m ah ch ah v s k uw b oy n m iy
111,hh iy s aw s r eh ch aa* n d b r ao p uw hh iy s s ay ae n d hh iy p ow s,hh ih z aw t s t r eh ch t aa r m d r aa p t t uw hh ih z s ay d ae n d hh iy p ao z d,hh ih z aw s t r eh ch aa m b r aa p t uw hh ih s s ay eh n d hh iy p ao s
112,b ah hh iy r ah m ao ng s aw s er v ih s l eh s ah s p iy k aw,b ah t hh iy r ah m ah ng s t aa r s eh l v z l eh t ah s s p iy k aw t,b ah t hh iy r ah m ah ng s t aa s eh v ih z l eh s ah s s p iy k* aw
113,s ah ch ah n aa r w ah ih n d ay r eh k v ay ah l ey sh ah n ah v d ah l ao r ah v d ah l ae n d,s ah ch ae n ae k t w ah z ih n d ay r eh k t v ay ah l ey sh ah n ah v dh ah l ao z ah v dh ah l ae n d,s ah ch ae n ae t w ah ih n d ay r eh v ay ah l ey sh ah n ah v d ah l ao r ah d ah l ae* n d
114,w ih th aw d aw s ah m ah v d ah m hh ae v b iy n eh ng g ey sh m ah n,w ih th aw t ah d aw t s ah m ah v dh ah m hh ae v d ih n er eh n g ey jh m ah n t s,w ih th aw ah d aw t s ah m ah v dh ah m hh eh v d iy n ah eh n g ey sh m ah n
115,hh ih z s l ih m hh ae n k r ih p d iy eh d ah p d ah ey b ah l,hh ih z s l ih m hh ae n d z g r ih p t dh iy eh jh ah z ah v dh ah t ey b ah l,hh ih z s l ih m hh ae n g r ih p d iy eh d ah d ah t ey b ah
116,hh iy s l uh k l ay k w ah n hh uw hh ae d p ae s f r uw ah n ah n k ah m f ao ah b ah aw er ao uw,hh iy l uh k t l ay k w ah n hh uw hh ae d p ae s t th r uw ah n ah n k ah m f er t ah b ah l aw r ao r t uw,hh ih s l uh k l ay w ah n hh uw hh ae d p ae s f r uw ah n ah d k ah m f ao t ah b ah t aw r ao t uw
117,y eh b iy hh ay d ah m d eh s w ah ah n ao d er ae n m ao p aw ah f ah n m ow iy,y eh t b ih hh ay n d dh ah m dh eh r w ao z ah n ah dh er ae n d m ao r p aw er f ah l m ow t ih v,y eh t b ih hh ay d d ah m d eh ah w ao ah n aa d er eh n m ao p aw f uh n m ow t ih
118,ih n d ae k ey s hh iy s k uh d n aa m ih s d ah m ih f hh iy y uw s k ow sh ah n,ih n dh ae t k ey s hh iy k uh d n aa t m ih s dh ah m ih f hh iy y uw z d k ao sh ah n,ih n d ae t k ey z hh iy z k uh d n aa t m ih s d ah m ih f hh iy y uw z k ow sh ah n
119,f ao ah f uw m iy n ah s d ah uw m eh n s eh r iy n uw iy ch aw ah f ey s,f ao r ah f uh l m ih n ah t dh ah t uw m eh n s t eh r d ih n t ah iy ch ah dh er z f ey s,f ao ah f uw m ih n ah z d ah t uw m eh n s t eh ey ih n t ah iy ch aa d ah f ey s
120,d ey eh d n ih r er ae n d s uw d sh aw d er uw sh aw d ah f ey s ih n d ah w er k,dh ey eh jh d n ih r er ae n d s t uh d sh ow l d er t uw sh ow l d er f ey s ih ng dh eh r w er l d,d ey eh d n ih r er ae z s t uw sh aw d ah t uw sh aw d ah f ey s ih ng d ah w er
121,hh iy p uh l d ae n d ah l ow k r ae sh g aw uw b r ey k hh ih s b ae k,hh iy p uh l d ae n d dh ah l ao g k r ae sh t d aw n t ih b r ey k hh ih z b ae k,hh iy p uw r d ae n d ah l ao k r ah sh d aw t ih b r ey k hh ih z b eh k
122,d ah s ih w aa s d ih s ih ng g w ih sh ao n ah p er s f r ah m d ah l ow er ae n ih m ah,dh ae t ih z w ah t d ih s t ih ng g w ih sh ih z ao l ah v ah s f r ah m dh ah l ow er ae n ah m ah l z,d ae s ih w ah s d ih s t ih ng g w ih sh ow n ah b er s f ah m l ah l ow er ae n iy m ah
123,aw s ay d er ah s l aw v f ah m iy n iy s s p iy ch d ah s ih k s m eh n er k,aw t s ay d er z aa r ah l aw d f ay v m ih n ah t s p iy ch ah z dh ah s ih k m ae n er jh d,aw s ay d er ah z l aw f ah m ih n ih z s p iy ch d ah s ih k s m eh n er k d
124,ay ao n s ow ah n d ah s ae n d ae s ih m ah l ah b r ae n ch ao g ah n ay s ey sh ah n s hh ae p m ey k d ah ah p ih r ah ih n y uh r ah p,ay ao l s ow ah n d er s t ae n d dh ae t s ih m ah l er b r ae n ch ao r g ah n ah z ey sh ah n z hh ae v m ey d dh eh r ah p ih r ah n s ih n y uh r ah p,aa ao w s ow ah n d ah s t eh n d ae s ih m l ah b r eh n ch ao g ah n ay zh ey sh ah n z hh ae v m ey d eh ah p ih r ah ih n y uh r ah
125,d ey m ah s hh ae s b ih n s w eh p ah w ey b ay d ah ch aa s ih k k er ah n s,dh ey m ah s t hh ae v b ih n s w eh p t ah w ey b ay dh iy k ey aa t ih k k er ah n t s,d ey m ah s hh eh s b ih l s w eh p ah w ey b ay d iy ch aa s t ih k k er ah n s
126,w iy k uh d n aa s p eh n ah n aw ah s ah ch n ay,w iy w uh d n aa t s p eh n d ah n ah dh er s ah ch n ay t,w ih w uh d n aa s p eh n ah n ao d ah s ah ch n ay t
127,hh iy f r iy v ah s w ay f hh ae s n eh v ah l ih v l ao ng iy n ah f ah b eh hh iy m ch ih r ah n,hh ih z p r iy v iy ah s w ay v z hh ae d n eh v er l ih v d l ao ng iy n ah f t ih b eh r hh ih m ch ih l d r ah n,hh ih v r iy v ah s w ay f hh eh s n eh v ah l iy f l ao ng iy n ah p t ih b eh hh iy m ch ih r ah n
128,ae n d ih s w ao d ah s ow s k aa n v ah s ey sh ah n th r uw aw d ah m y ih w,ae n d dh ih s w ao z dh eh r s ow l k aa n v er s ey sh ah n th r uw aw t dh ah m iy l,eh n d iy s w ao d eh s ow z k aa n v ah sh ey sh ah n f r uw aw d ah m iy w
129,d ah r iy k r eh ih n hh ih s v oy s w er f r ao v ah k ey ih v ah v d ah s eh k ah n b r er s ah v l ae f ah,dh ah r ih g r eh t ih n hh ih z v oy s w ao z p r ow v aa k ah t ih v ah v ah s eh k ah n b er s t ah v l ae f t er,d ah r ih k r eh t ih n hh ih s v oy s w er f r ow v aa k ey t ih v ah v d ah s eh k ah n b er s ah v l ae f t ah
130,k r uh k ah b iy g ae n ch uw ch er ch ah m ow g iy s hh ae n d ah k f l uw ow v ah hh eh d,k r ih k ah t s b iy g ae n t uw ch er p ah n d m ao r g iy s ae n d d ah k s f l uw ow v er hh eh d,k r ih k ah t b iy g eh n ch uw ch er p ah n m ao g iy s hh eh n d d ah k f l uw ow v ah hh eh d
131,iy ch ih m p r uw v f ah n m ih k s d ah v ae l ah v eh v r iy th ih ng eh w s p ah m ah p,iy ch ih m p r uw v m ah n t m ey k s dh ah v ae l y uw ah v eh v r iy th ih ng eh l s p ah m p ah p,ih ch ih m p r uw v ah m m ey k s d ah v ae l ih ah v eh r v iy th ih ng eh w s p ah m ah p
132,d eh r s w er p r aa p er d iy v ih s ah n s ah v l ey b ah ih n d ah w er k d ey ih v iy zh ah l iy p er f ao m,dh eh r w ao z p r aa p er d ih v ih zh ah n ah v l ey b er ih n dh ah w er k dh ey ih n d ih v ih jh ah l iy p er f ao r m d,d eh s w ao p r aa p uh d iy v ih s ah n s ah p l ey b uh ih d ah w uh k d ey ih n v ih s ah l iy p uh f ao m
133,d ah eh m p r ah ch er r aa p uw f iy iy b ih l ow zh eh r ow ae n d r ih m ey n d eh r s w ao d ah hh ow r ih p,dh ah t eh m p r ah ch er d r aa p t t ah f ih f t iy b ih l ow z ih r ow ae n d r ih m ey n d dh eh r dh ah hh ow l t r ih p,dh ah t eh m p r ah ch er f r aa p t ah f ih t iy b ih l ow zh eh r ow ae n r ih m eh n d eh ah s w ah d ah hh ow t r ih
134,hh iy hh ae s p y uw ao f hh ih s s er ch ae n d w ao s w ay l iy w ey v ih ng ih,hh iy hh ae d p iy l d ao f hh ih z sh er t ae n d w ao z w ay l d l iy w ey v ih ng ih t,hh iy hh eh z p iy w ao f hh ih s s uh ch eh n w uh z w ay l l ih w ey v ih ng ih t
135,m ay d iy w ah s d ae hh iy k uh d hh ae v m ao ih n f l uw ah n ow v ah d ah n ey ih v z,m ay ay d iy ah w ah z dh ae t hh iy w uh d hh ae v m ao r ih n f l uw ah n s ow v er dh ah n ey t ih v z,m ay ay d iy w ah z dh ae t hh iy g uh d hh ae v m ao ih ih f l uw ah n ow v ah n ah n ey t ih f s
136,ay w ah s ih w w iy k f r ah m m ay p r ah l ao ng hh iy m ah s ah n,ay w ah z s t ih l w iy k f r ah m m ay p r ah l ao ng d ih m er zh ah n,w ah s s t ih w w iy k f r ah m m ay p r ah l ao ng hh ih m ah s ah n
137,d eh s w ah n ao th ih ng f er ah s b ah d ah w ay v ao ow sh ah n,dh eh r w ao z n ah th ih ng f ao r ah s b ah t dh ah w ay d r aa ow sh ah n,d eh s w ao n ao th ih ng f er ah s b ah t d ah w ay r aa ow sh ah n
138,ay ow s ow b iy d iy ah n l iy ae n w eh n aw d ah b iy ch,ay er ow z ow b iy d iy ah n t l iy ae n d w eh n t d aw n dh ah b iy ch,ay r* ow z ow b iy d iy ah n l iy ae n w eh n d aw d ah b iy sh
139,d ih s w ah w eh n d ah ih s p l ow sh ah n ah k er,dh ih s w ao z w eh n dh ah ih k s p l ow zh ah n ah k er d,d ih s w ao w eh n d ah ih s p l ow sh ah n ah k uh
140,d eh r w er ao r ih n d r iy n jh g ow n d r iy n ae n d ah k ao b ah r iy n,dh eh r w er ao r ih n jh g r iy n g ow l d g r iy n ae n d ah k aa p er g r iy n,d eh ah w er ao r ih n g r ih n jh g ow l g r ih n ae d ah k ao b ah r iy n
141,b ah s ah ch d ay v er s ah n s ah b ah p iy n y ah n w uh d k aa n s ah uw n ow m eh n ah n s uw s ah s ay ah iy,b ah t s ah ch d ay v er jh ah n s ah v ah p ih n y ah n w uh d k aa n s t ah t uw t n ow m eh n ah s t ih s ah s ay ah t iy,b ah s ah ch d ay v uh s ah n s ah p ah p ih n y ah n w uh d* k ah n s p ah t uw n ow m eh n ah n s t ih s ah s ay t iy
142,v eh r iy f y uw p aw n uw d ih z ih s ah n ah v d ih s l ao r,v eh r iy f y uw p iy p ah l n y uw ah v dh ah ih g z ih s t ah n s ah v dh ih s l ao,v eh r* iy f y uw p aw n y uw d ah z ih s t ah n ah v d ih s l ao
143,d ah ae s k s k w iy s eh aw s eh v iy s w er d k r iy f ao,dh ah t ae s k w iy s eh t aa r s eh l v z w ao z th r iy f ow l d,d ah t ae k s k w ih s eh t aa s eh ih v ih z w er z p r iy f ow
144,b iy y ao n r iy f y uw s ih ng uw s eh w ah s f uw d eh* l eh f er th uw aw ah s eh v ah s,b iy ao n d r ih f y uw z ih ng t ih s eh l ah s f uw d dh ey l eh f t ah s t ah aw er s eh l v z,b iy ao d r ih f y uw s ih ng t ih s eh w ah s f uh d d eh l eh f t er s t ah aw er s ah v ih z
145,d ah s eh n s ah v s r ey n v ae ah ey sh ah n l uw ao f dh ah r aa p ih k l ae n,dh ah s eh n t s ah v s t r ey n jh v eh jh ah t ey sh ah n b l uw ao f dh ah t r aa p ih k l ae n d,dh ah s eh s ah v s t r eh n v eh t ah t ey sh ah n t* iy ah ao f dh ah t r aa p ih k l eh
146,hh iy hh ae s f uw n f iy w hh ih s d y uw iy ae n p ey d p r aa p er l iy,hh iy hh ae d f uh l f ih l d hh ih z d uw t iy ah n d p ey d p r aa p er l iy,hh iy hh eh s f uh n f ih d hh ih z d uw t iy ah n p ey b r ah p ah l iy
147,b ah d eh r w er ow n s ow ao k ah f w iy k r ae f ih n d ah v ih l ih jh,b ah t dh eh r w ao z ao l s ow t ao k ah v w ih ch k r ae f t ih n dh ah v ih l ih jh,b ah t d eh w er ah l s ow t ao ah w ih k r ae f ih n d ah v ih l ih ch
148,d ah v eh r iy ay d iy ah v iy s w er p r ih p ow s er r ah s,dh ah v eh r iy ay d iy ah ah v ih t w ao z p r ih p aa s t er ah s,d ah v eh r ih ay d iy ah b ih s w er p r eh p ow s t er ah s p
149,ay eh w y uw d ah l ay b r iy ah n s eh w ah d d ah p r ay ah n ih ng f ey s,ay l t eh l y uw dh ah l ay b r eh r iy ah n s eh d w ih dh ah b r ay t ah n ih ng f ey s,ay t eh w y uw d ah l ay b r iy ah n s eh w ih d ah b r ay t ah n ih n f ey s
150,f ao r dh ah w eh n iy ih th ay m d ae iy v n ih ng d ah uw m eh n sh uh k hh ae n d s,f r er dh ah t w eh n t iy ah th t ay m dh ae t iy v n ih ng dh ah t uw m eh n sh uh k hh ae n z,f r er d ah t w eh n t iy ah th t ay m d ae t iy v l ih ng d ah t uw m eh n sh uh k hh ae n s
151,w ih w w iy eh v er f er g eh ih,w ih l w iy eh v er f er g eh t ih t,w ih w w iy eh v er f er g eh t ih t
152,g aa d b l eh s ah m ay hh ow p ay w g ow ah ng s iy ih ng d eh m f er eh v er,g aa d b l eh s ah m ay hh ow p ay l g ow aa n s iy ih ng dh eh m f er eh v er,g aa d b l eh s ah m ay hh ow p ay l g ow aa n s iy ih ng d eh m f er eh v er
153,ae n d y uw ao l w ey z w aa n uw s iy ih ih n dh ah s uw p er l ey ih v d ih g r iy,ae n d y uw ao l w iy z w aa n t t ih s iy ih t ih n dh ah s uh p er l ah t ih v d ih g r iy,ae n d y uw ao w iy s w aa n t t ih s iy ih t ih n d ah s uh p er l ey t ih v d ih g r iy
154,g ae y ao r l eh er k ey m jh ah s ih n ay m,g ae d y ao r l eh t er k ey m jh ah s t ih n t ay m,g ae d y ao r l eh t er k ey m jh ah s t ih ng t ay m
155,ae m p l ey ih ng ah s ih ng g ah hh ae n d ih ng w ah l uh k s l ay k ah l uw z ih ng g ey m,ay m p l ey ih ng ah s ih ng g ah l hh ae n d ih n w ah t l uh k s l ay k ah l uw z ih ng g ey m,ay m p l ey ih ng ah s ih ng g ah w hh ae n d ih n w ah t l uh k s l ay k ah l uw z ih ng g ey m
156,ih f ay eh v er n iy d ih d ah f ay er ih ng m ay l ay f ay n iy d w ah n n aw,ih f ay eh v er n iy d ih d ah f ay t er ih n m ay l ay f ay n iy d w ah n n aw,ih f ay eh v er n iy d ih d ah f ay t er ih n m ay l ay f ay n iy d w ah n n aw
157,hh iy w ah z ah hh eh d sh ao r er dh ae n hh ih s k ah m p ae n y ah n ao v ao l m ow s d eh l ah k ey s f iy z ih k,hh iy w ah z ah hh eh d sh ao r t er dh ae n hh ih z k ah m p ae n y ah n ah v ao l m ow s t d eh l ah k ah t f ah z iy k,hh iy w ah z ah hh eh d sh ao r t er dh ae n hh ih z k ah m p ae n y ah n ao v ao l m ow s t d eh l ah k ey t f ah z ih k
158,d eh r w ah z ah ch ey n jh n aw,dh eh r w ah z ah ch ey n jh n aw,d eh r w ah z ah ch ey n jh n aw
159,ay f ao l ow d ah dh ah l ay ng ah v dh ah p r ah p ow s d r ey l r ow d l uh k ih ng f ao r ch ae n s ih s,ay f aa l ow d dh ah l ay n ah v dh ah p r ah p ow z d r ey l r ow d l uh k ih ng f ao r ch ae n s ih z,ay f aa l ow d ah d ah l ay n ah v d ah p r ah p ow z d r ey w r ow d l uh k ih ng f ao r ch ae n s ih s
160,k l ah b s ae n d b ao z ae n d s iy iy s g r uw uw b iy ao n l iy m eh m er iy s,k l ah b z ae n d b ao l z ae n d s ih t iy z g r uw t uw b iy ow n l iy m eh m er iy z,k l ae b s ae n d b ao s ae n d s ih l iy s g r uw t uw b iy ow ng l iy m eh m er iy z
161,ih f eh r l iy k l ah b d m iy iy n uw r eh k ah g n ay z ih ng ih,ih t f eh r l iy k l ah b d m iy ih n t uw r eh k ah g n ay z ih ng ih t,ih t f eh r l iy k l aa b d m iy ih n t uw r eh k ao g n ay z ih ng ih t
162,hh aa r d l iy w er aa r p l ae n s m ey d ah p aa b l ih k b iy f ao r w iy w er m eh b ay p aw er f ah l aa p ah z ey sh ah n,hh aa r d l iy w er aa r p l ae n z m ey d p ah b l ih k b iy f ao r w iy w er m eh t b ay p aw er f ah l aa p ah z ih sh ah n,hh aa r d ah l iy w er aa r p l ae n s m ey d p aa b l ih k b iy f ao r w iy w er m eh t b ay p aw er f ah l aa p ah z ih sh ah n
163,ah k aa m b ah n ey sh ah n f ao k ah l ey d iy ah n k ae p ah ow k w ih k l iy ao ao g n ay z d ae n d p ah ih sh ah n d f ao r dh ah s ey m p r ih v ah l ih jh ih s,ah k aa m b ah n ey sh ah n ah v k ah n ey d iy ah n k ae p ah t ah l k w ih k l iy ao r g ah n ay z d ae n d p ah t ih sh ah n d f ao r dh ah s ey m p r ih v ih l ih jh ih z,ah k aa m b ah n ey sh ah n ah v k ah l ey d iy ah n k ae p ah t ah w k w ih k l iy ao r g ah n ay s t ae n d p ah t ih sh ah n d f ao r d ah s ih m p r ih v ih l ih jh ih s
164,ih w ah s m ay r iy p ao r s f r ah m dh ah n ao r th w ih ch ch iy f l iy iy n d uw s p iy p ah w uw b ay,ih t w ah z m ay r ih p ao r t s f r ah m dh ah n ao r th w ih ch ch iy f l iy ih n d uw s t p iy p ah l t uw b ay,ih t w ah z m ay r ih p ao r t s f r ah n d ah n ao r th w ih ch ch ih f l iy ih n d uw s t p iy p ah t uw b ay
165,ay w ah s ah b aw uw d ih s w ah n k r* uw jh ah jh m ah n p r ih v ey l d,ay w ah z ah b aw t t ih d uw dh ih s hh w eh n k uw l er jh ah jh m ah n t p r ih v ey l d,ay w ah z ah b aw t t ih d uw d ih s hh w eh n k uw d er jh ah jh m ah n t p r ih v ey l t
166,ih ao k er d uw m iy d ae d eh r uh d hh ae v uw b iy ae n ah k hh* ah n ih ng,ih t ah k er d t ih m iy dh ae t dh eh r w uh d hh ae v t uw b iy ae n ah k aw n t ih ng,ih t ah k er d t ih m iy d ae t dh eh r uh d hh ae v t uw b iy ae n ah k ao n t ih ng
167,uw m ay s ah p r ay s hh iy b iy g ae n uw sh ow ae k sh ah ih ng s uw s iy ae z ah m ih n m ay f ey v er,t uw m ay s ah p r ay z hh iy b iy g ae n t uw sh ow ae k sh ah l ih n th uw z iy ae z ah m ih n m ay f ey v er,t uw m ay s ah p r ay z hh iy b iy g ae n t uw sh ow ae k sh ah w ih n s uw d iy ae z ah m ih n m ay f ey v er
168,r aa b er iy b r ay b er iy f r ao d,r aa b er iy b r ay b er iy f r ao d,r aa b er iy b r ay b er iy f r ao d
169,d eh r f ao r s ih s w er ao r eh d iy m uw v ih ng uw d iy n ao k ah n r iy,dh eh r f ao r s ih z w er ao l r eh d iy m uw v ih ng ih n t uw dh iy n ao r th k ah n t r iy,d eh r f ao r s ih s w er ao l r eh d iy m uw v ih ng ih n t uw d iy n ao r t k aa n t r iy
170,ay hh ae d f ey ih n z eh m,ay hh ae d f ey th ih n dh ah m,ay hh ae d f ey t ih n dh ah m
171,d ey w er th r iy hh ah n d r ih d y aa r d s ah p aa r,dh ey w er th r iy hh ah n d r ah d y aa r d z ah p aa r t,d ey w er th r iy hh ah n d r ey y aa r d s ah p aa r t
172,s ih n s d eh ng s ah m m ih s ih r iy ah s f ao r s hh ae s b ih n f ay ih ng ah s ae eh v r iy s eh,s ih n s dh eh n s ah m m ih s t ih r iy ah s f ao r s hh ae z b ih n f ay t ih ng ah s ae t eh v r iy s t eh p,s iy n s d eh ng s ah m m ih s t ih r iy ah s f ao r s hh ae z b iy n f ay t ih ng ah s ae t eh v r iy s t eh p
173,sh iy er n d ih ng ae l ah s hh ow eh w,sh iy t er n d ih n ae t dh ah hh ow t eh l,sh iy t er n d iy ng ae t l ah hh ow t eh w
174,ay w ah s d ah ow n l iy w ah n hh uw r iy m ey n d s iy ih ng,ay w ah z dh ah ow n l iy w ah n hh uw r ih m ey n d s iy t ih ng,ay w ah z d ah ow n l iy w ah ng hh uw r ih m ey n d s ih t ih ng
175,w ih w hh ae f uw w aa ch aa r ch ae n s ih s,w ih l hh ae v t uw w aa ch aa r ch ae n s ih z,w ih w hh ae v t uw w ah ch aa r ch ae n s ih s
176,dh ah sh iy p sh uh d b iy iy ng w ih d iy ng ah w iy k ao r eh n d ey s,dh ah sh ih p sh uh d b iy ih n w ih th ih n ah w iy k ao r t eh n d ey z,d ah sh ih p sh uh d b iy iy ng w ih th iy ng ah w iy k ao r t eh n d ey s
177,ay s ah p ow s y uw w ah n d er w ay sh iy ih s k aa m ih ng ah p hh iy r,ay s ah p ow z y uw w ah n d er w ay sh iy ih z k ah m ih ng ah p hh iy r,ay s ah p ow z y uw w ah n d er w ay sh iy ih z k ah m iy ng ah p hh iy r
178,m iy n w ay l ay l g aa uw b r eh th ah s p eh w,m iy n w ay l ay l g ow aw t t uw b r iy dh ah s p eh l,m iy ng w ay w ay w g ow aw t t uw b r eh dh ah s p eh w
179,hh aw k uh d hh iy ih k s p l ey n hh ih z p ah z eh sh ah n ah v dh ah s k eh ch,hh aw k uh d hh iy ih k s p l ey n hh ih z p ah z eh sh ah n ah v dh ah s k eh ch,hh aw k uh d hh iy ih k s p r ey n hh ih z p ah z eh sh ah n ah v dh ah s k eh ch
180,hh iy m uw v d ah w ey ae s k w ih k l iy ae s hh iy hh ae d k ah m,hh iy m uw v d ah w ey ae z k w ay ah t l iy ae z hh iy hh ae d k ah m,hh iy m uw v d ah w ey ae s k w ih k l iy ae z hh iy hh ae d k ah m
181,d ah g er l f ey s hh ih m hh er ay s sh iy n ih ng w ih s s ah d ah n f ih r,dh ah g er l f ey s t hh ih m hh er ay z sh ay n ih ng w ih th s ah d ah n f ih r,d ah g er l f eh s t hh ih m hh er ay z sh ih n ih ng w ih s s ah d ah n f ih r
182,k l ow s b iy s ay d hh ih m k l ey m d dh ah w eh f ae ng k s ah v d ah uw f d ao g,k l ow s b iy s ay d hh ih m g l iy m d dh ah w ay t f ae ng z ah v dh ah w uh l f d ao g,k r ow s b iy s ay d hh ih m g l iy m d d ah w ay t f ae ng z ah v d ah uh l f d ao k
183,hh iy l uh k ae d ah hh ae ng k er ch iy f m ao r k l ow s l iy,hh iy l uh k t ae t dh ah hh ae ng k er ch ih f m ao r k l ow s l iy,hh iy l uh k t ae t d ah hh ae ng k er ch ih f m ao r k l ow s l iy
184,dh ah l ae s w ao s ah d eh l k ey d ay v er iy k ah l er f ey n l iy ih ng k w ih th y eh l ow,dh ah l ey s w ao z ah v ah d eh l ah k ah t ay v er iy k ah l er f ey n t l iy t ih n t ih d w ih th y eh l ow,d ah l ae s w ao z ah v ah d eh l ah k ey t ay v er iy k ah l er f ey n t ah l iy t iy ng t w ih s y eh l ow
185,ih w ah z ah k y uh r iy ah s k ow ih n s ih d ah n s,ih t w ah z ah k y uh r iy ah s k ow ih n s ih d ah n s,ih t w ah z ah k y uh r ah s k ow ih n s ih d ah n s
186,s ah d ah n l iy hh ih s f ih ng g er s k r ow s ay l iy ow v er d ah hh ae ng k er ch iy f,s ah d ah n l iy hh ih z f ih ng g er z k l ow z d t ay t l iy ow v er dh ah hh ae ng k er ch iy f,s er t ah n iy hh ih z f ih ng g er z k r ow z d t aa t l iy ow v er d ah hh ae ng k er ch iy f
187,dh eh r w ah z n ah th ih ng aa n dh ah r aa k,dh eh r w ah z n ah th ih ng aa n dh ah r aa k,d eh r w ah z n ah t ih ng aa n d ah r ow k
188,ay k ey m f ao r ih n f er m ey sh ah n m ao r aw ah v k y uh r iy aa s ah iy d ae n eh n iy th ih ng eh w s,ay k ey m f ao r ih n f er m ey sh ah n m ao r aw t ah v k y uh r iy aa s ah t iy dh ae n eh n iy th ih ng eh l s,ay k ey m f ao r ih n f er m ey sh ah n m ao r aw t ah v k y uh r iy eh s ah t iy d ae n eh n iy t ih ng eh l s
189,hh ih s iy m ae k y uw l ey ah p ih r ah n s w ah s g ao ng,hh ih z ih m ae k y uw l ih t ah p ih r ah n s w ah z g ao n,hh ih s iy m ae k y uw l ey t ah p ih r ah n s w ah s g ao n
190,eh n iy w ey n ow w ah n s ao hh er l ay k d ae,eh n iy w ey n ow w ah n s ao hh er l ay k dh ae t,eh n iy w ey n ow w ah n s ao hh er l ay k d ae t
191,dh ah m eh n s eh r d ih n uw iy ch ah dh er s f ey s,dh ah m eh n s t eh r d ih n t uw iy ch ah dh er z f ey s,d ah m eh n s t eh r d ih n t uw iy ch ah dh er s f ey s
192,y eh s ih w ah s ah m ae n hh uw ae s k ah s r ey n jh er,y eh s ih t w ao z ah m ae n hh uw ae s k t ah s t r ey n jh er,y eh s ih t w ao s ah m ae n hh uw aa s k t ah s t r ey n jh er
193,dh ah f ao r th ae n d f ih f d ey p ae s w ih d aw eh n iy d ih v eh l ah p m ah n s,dh ah f ao r th ae n d f ih f th d ey z p ae s t w ih th aw t eh n iy d ih v eh l ah p m ah n t s,d ah f ao r th ae n d f ih f d ey p aa s t w ih t aw t eh n iy d ih v eh l ah p m ah n t s
194,d ey k l ow s d n aw n ih w hh ih s f ih ng g er z w er l ay k k ao r d s ah v s iy w,dh ey k l ow z d n aw ah n t ih l hh ih z f ih ng g er z w er l ay k k ao r d z ah v s t iy l,d ey k l ow s t n aw ah n t ih w hh ih z f iy ng g er s w er l ay k k ao r d z ah v s t ih w
195,sh uh r l iy ay w ih w ih k s k y uw s y uw sh iy k r ay d,sh uh r l iy ay w ih l ih k s k y uw z y uw sh iy k r ay d,sh uh r l iy ay w ih w ih k s k y uw s y uw sh iy k r ay t
196,w ah w ah z dh ah aa b jh eh k ah v y ao r l iy ah w s eh n s ey sh ah n,hh w ah t w ah z dh ah aa b jh eh k t ah v y ao r l ih t ah l s eh n s ey sh ah n,hh w ah t w ah z d ah aa b jh eh k t ah v y ao r l iy t ah w s eh n s ey sh ah n
197,dh ah p r ow m ow er s ay s w er hh ae v iy w ih d l iy ah w p ah f iy b ae g s ah n d er dh eh m,dh ah p r ah m ow t er z ay z w er hh eh v iy w ih dh l ih t ah l p ah f iy b ae g z ah n d er dh eh m,d ah p r ah m ow t er z ay s w er hh eh v iy w iy d l iy t ah w p ah f iy b ae g s ah n d er d eh m
198,d eh r hh ae z b ih ng ah ch ey n jh sh iy ih n er ah p ih d hh ih m,dh eh r hh ae z b ih n ah ch ey n jh sh iy ih n t er ah p t ih d hh ih m,d eh r hh ae z b iy ng ah ch ey n jh sh iy ih n t er ah p t ih d hh ih m
199,d ah g r ey ay s f ae l er d d ah f l ah sh d iy p ah n d,dh ah g r ey ay z f aa l t er d dh ah f l ah sh d iy p ah n d,d ah g r ey ay s f ae w t er d d ah f l ah sh d iy p ah n d
200,ih ih z dh ah f ay er p aa r r iy sh iy s eh d,ih t ih z dh ah f ay er p aa r t l iy sh iy s eh d,ih t ih z d ah f ay er p aa r t l* iy sh iy s eh d
201,d eh n ae n d ae d s uw p er hh iy r ay d uw f ae s s ah n hh* er,dh eh n ae n d ae t s ah p er hh iy t r ay d t uw f ae dh ah m hh er,d eh n ae n d ae t s uh p er hh iy t r ay d t uw f ae th ah m hh er
202,ih w ah s ah l aa r jh k ah n uw,ih t w ah z ah l aa r jh k ah n uw,ih t w ah z ah l aa r jh k ae n uw
203,w ah ih f sh iy d ih d n aa k ah m uw dh ah r aa k,hh w ah t ih f sh iy d ih d n aa t k ah m t uw dh ah r aa k,hh w ah t ih f sh iy d ih d n aa t k ah m t uw d ah r aa k
204,hh ih s f ey s w ah z s r iy m ih ng w ih th b l ah d,hh ih z f ey s w ah z s t r iy m ih ng w ih th b l ah d,hh ih z f ey s w ah z s t r iy m ih ng w ih s b l ah d
205,ah r ih k ah w ah v f l ae sh b l ah d r ae n ow v er hh ih s f ey s,ah t r ih k ah l ah v f r eh sh b l ah d r ae n ow v er hh ih z f ey s,ah t r ih k ah w ah v f l ae sh b l ah d r ae ng ow v er hh ih z f ey s
206,d eh th hh ae d k ah m w ih th eh r ah b ah s er d ah n n ah s,d eh th hh ae d k ah m w ih th t eh r ah b ah l s ah d ah n n ah s,d eh s hh ae d k ah m w ih s t eh r ah b ah w s er d ah n n ah s
207,hh iy m ey d sh uh r d ae d ah m ae g ah z iy n w ah s l ow d ih d ae n d r iy z uw m d hh ih s p ae dh ah l ih ng,hh iy m ey d sh uh r dh ae t dh ah m ae g ah z iy n w ah z l ow d ih d ae n d r iy z uw m d hh ih z p ae d ah l ih ng,hh iy m ey d sh uh r d ae t d ah m ae g ah s iy n w ah z l ow d ih d ae n d r iy s uw m d hh ih s p ae d ah l ih ng
208,dh ah n ah g l ow w ao s r eh ch er er s uw sh uh d b ay,dh ah n ay t g l ow w ao z t r eh ch er ah s t uw sh uw t b ay,d ah n aa* t g l ow w ao s t r eh ch er ah s t uw sh uw t b ay
209,d ah s ih ng ih ng v oy s ah p r ao ch r ae p ah d l iy,dh ah s ih ng ih ng v oy s ah p r ow ch t r ae p ah d l iy,d ah s ih ng w oy s ah p r ow ch t r ae p ah d l iy
210,hh ih s b l ah d g r uw hh ao w ih s r ae d ae dh ah s th ao,hh ih z b l ah d g r uw hh aa t w ih th r ey jh ae t dh ah th ao t,hh ih s b l ah d g r uw hh aa t w ih s r ae d ae t d ah th ao t
211,hh iy w eh n d aw n ih n m ih d s r iy m s er ch ih ng dh ah sh ae d ow s ah v b ow th sh ao r s,hh iy w eh n t d aw n ih n m ih d s t r iy m s er ch ih ng dh ah sh ae d ow z ah v b ow th sh ao r z,hh iy w eh n t d aw n ih n m ih d s t r iy m s er ch ih ng d ah sh ae l ow s ah v b ow th sh ao r s
212,f ao r ah f uh l m ih n ah hh iy k r aw n ch ah ae n d ah l ih s ah n d,f ao r ah f uh l m ih n ah t hh iy k r aw ch t ae n d l ih s ah n d,f ao r ah f uh w m ih n ah t hh iy k r aa n ch t ae n d ah l eh s ah n d
213,hh iy hh ae d b eh r l iy eh n er d d ey s w eh n hh iy s ao dh ah g l ow ah v ah f ay r,hh iy hh ae d b eh r l iy eh n t er d dh ih s hh w eh n hh iy s ao dh ah g l ow ah v ah f ay r,hh iy hh ae d b eh r l iy eh n t er d d ih s hh w eh n hh iy s ao d ah g l ow ah v ah f ay r
214,ah b ih g k ae n v ah s eh n w ao z dh ah f er s th ih ng uw k ah m w ih dh ih ng hh ih z v ih zh ah n,ah b ih g k ae n v ah s t eh n t w ao z dh ah f er s t th ih ng t uw k ah m w ih th ih n hh ih z v ih zh ah n,ah b ih g k ae n v ah s t eh n t w ao z d ah f er s t th ih ng t uw k ah m w ih t iy ng hh ih z v ih zh ah n
215,p er hh ae p s sh iy hh ae d ao l r eh d iy m eh hh er f ey ah l ih ah d iy p er ih n dh ah f ao r ah s,p er hh ae p s sh iy hh ae d ao l r eh d iy m eh t hh er f ey t ah l ih t ah l d iy p er ih n dh ah f ao r ah s t,p er hh ae p s sh iy hh ae d ao r eh d iy m eh t hh er f ey t ah l iy t ah d iy p er ih n d ah f ao r ah s t
216,d eh n y uw k ae n r eh n jh y er s eh w f k ah m f ah ah b l iy ah m aw n d ih s r ah b s ih n dh ah b ow,dh eh n y uw k ae n er ey n jh y er s eh l f k ah m f er t ah b l iy ah m ah ng dh iy z r ow b z ih n dh ah b ow,d eh ng y uw k ae ng er ae n jh y er s eh l f k ah m f er t ah b l iy ah m ah n d iy z r ow p s iy ng d ah b ow
217,sh ae ay k eh r iy y uw,sh ae l ay k eh r iy y uw,sh ae ay k eh r iy y uw
218,ah m ae n d ah l ih ng jh oy p aw n d ih d ih n hh ih s b r ey n,ah m ae d ah n ih ng jh oy p aw n d ih d ih n hh ih z b r ey n,ah m ae n d ah l ih ng jh oy p aw n d ih d iy ng hh ih s b r ey ng
219,y uw m ah s s l iy p hh iy er jh d,y uw m ah s t s l iy p hh iy er jh d,y uw m ah s t s l iy p hh iy er jh d
220,y uw y uw d n aa k iy p d ah r uw th f r ah m m iy,y uw y uw w uh d n aa t k iy p dh ah t r uw th f r ah m m iy,y uw y uw uh d n aa t k iy p d ah t r uw s f r ah m m iy
221,hh iy w ih l f aa l ow ah s s uw n,hh iy w ih l f aa l ow ah s s uw n,hh iy w ih w f aa l ow ah s s uw n
222,b ah d eh r k ey m n ow p r aa m ah s f r ah m dh ah b ow ah v dh ah k ao n ah n,b ah t dh eh r k ey m n ow p r aa m ah s f r ah m dh ah b ow ah v dh ah k ah n uw,b ah t d eh r k ey m n ow p r aa m ah s f r ah n d ah b ow ah v d ah k ao n uw
223,sh iy w ah s ah s l iy p ih ng ah n d er hh ih s p r eh k sh ah ng ae z s w iy l iy ae z ah ch ay l d,sh iy w ah z s l iy p ih ng ah n d er hh ih z p r ah t eh k sh ah n ae z s w iy t l iy ae z ah ch ay l d,sh iy w ah z ah s l iy p ih ng ah ng d er hh ih s p r ah t eh k sh ah n ae z s w ih t l iy ae s ah ch ae w t
224,ow n l iy ih iy s s ow w ah n d er f ah l s ow ao l m ow s ih m p aa s ah b ah l uw b ih l iy v,ow n l iy ih t ih z s ow w ah n d er f ah l s ow ao l m ow s t ih m p aa s ah b ah l t ah b ih l iy v,ow ng l iy ih t ih z s ow w ah ng d er f ah l r s ow ao m ow s t ih m p aa s b ah w t ah b ih l iy p
225,dh ah ih m ow sh ah n w ih ch sh iy hh ae d s ah p r eh s b er s f ao r th n aw ih ng ah ch ow k ih ng s ao,dh ah iy m ow sh ah n w ih ch sh iy hh ae d s ah p r eh s t b er s t f ao r th n aw ih n ah ch ow k ih ng s aa b,d ah iy m ow sh ah n w ih ch sh iy hh ae d s ah p r eh s t b er s t f ao r th n aw iy ng ah ch ow k ih ng s ow b
226,ih f y uw ow n l iy k uh d n ow hh aw ay th ae ng k y uw,ih f y uw ow n l iy k uh d n ow hh aw ay th ae ng k y uw,ih f y uw ow ng l iy k uh d n ow hh aw ay th ae ng k y uw
227,hh iy w ey d ih d ih ng uw ah ey jh ah v dh ah w ao er ae n d b ih g ih ng s k r ey b ih ng hh ih m s eh l f,hh iy w ey d ih d ih n t ah dh iy eh jh ah v dh iy w ao t er ae n d b iy g ae n s k r ah b ih ng hh ih m s eh l f,hh iy w eh d ih d iy ng t ah aa ey jh ah v d iy w ao t er ae n d b iy g iy ng s k r ae b ih ng hh ih m s eh w f
228,d uw y uw n ow d ae y uw aa sh ey k ih ng m ay k aa n f ah d ah n s ih n y uw,d uw y uw n ow dh ae t y uw aa r sh ey k ih ng m ay k aa n f ah d ah n s ih n y uw,d uw y uw n ow d ae t y uw aa sh ey k ih ng m ay k aa n f ah d ah n s ih n y uw
229,ih n s eh d hh iy jh oy n d hh er ae n d ey ey th l ay k uw hh ah ng g r iy ch ih l d r ah n,ih n s t eh d hh iy jh oy n d hh er ae n d dh ey ey t l ay k t uw hh ah ng g r iy ch ih l d r ah n,ih n s t ae d hh iy jh oy n d hh er ae n d dh ey ey t l ay k t uw hh ah ng g r iy ch ih l d r ah n
230,hh iy w ah s w uw n d ih d ih n dh ah aa r m,hh iy w ah z w uw n d ih d ih n dh ah aa r m,hh iy w ah z w ao n d ih d iy n d ah aa r m
231,ay s ah p ow s y uw p ih k d ae s l ih ng g ah ah p ah m ah ng d ah ih n d iy ah n s,ay s ah p ow z y uw p ih k t dh ae t l ih ng g ow ah p ah m ah ng dh ah ih n d iy ah n z,ay s ah p ow z y uw p ih k t d ae t l ih ng g ow ah p ah m aw n d ah ih n d iy ah n z
232,hh iy hh ae d n ow k s k y uw s f er r ah f iy l ih ng s hh w ih ch w er er aw z d ih n hh ih m,hh iy hh ae d n ow ih k s k y uw z f r er dh ah f iy l ih ng z w ih ch w er er aw z d ih n hh ih m,hh iy hh ae d n ow ih k s k y uw z f r er d ah f iy l ih ng z w ih ch w er er aw s t iy ng hh ih m
233,w ah z ih dh ah r aa n d ih v ah s ah v dh ow z hh uw w er s aa r v ih ng uw w er k hh ih s r ih ng,w ah z ih t dh ah r aa n d ih v uw ah v dh ow z hh uw w er s t r ay v ih ng t uw w er k hh ih z r uw ih n,w ah z ih t d ah r aa n d ih v uw s ah v d ow s hh uw w er s t r aa v ih ng t uw w er k hh ih z r uw iy n
234,sh iy ae d ih d w ih th jh eh n y ah ah n s ih m p ah iy ih n hh er f ey s ae n d v oy s,sh iy ae d ih d w ih dh jh eh n y ah w ah n s ih m p ah th iy ih n hh er f ey s ae n d v oy s,sh iy ae d ih d w ih z jh eh n y ah w iy n s ih m f ah th iy iy ng hh er f ey s ae n d ah v oy s
235,m ay r ae f ah l f iy l s l ay k dh ae ah v ah ch ay n iy s d eh p y ah hh aa n,m ay r ay t f uh t f iy l z l ay k dh ae t ah v ah ch ay n iy z d eh b y ah t aa n t,m ay r ae t f uh t f iy w s l ay k d ae t ah v ah ch ay n iy z d eh b y ah t aa ng t
236,dh ey ey d ih n er ae dh ah f ih f ae n d r eh s ih d f ao r dh ah uw aw er s,dh ey ey t d ih n er ae t dh ah f ih f th ae n d r eh s t ih d f ao r t uw aw er z,d ey ey t d ih n er ae t d ah f ih f ae n d ah r eh s t ih d f ao r d ah t uw aw er s
237,uw y ih r s ah g ow ay g ey v aw v s ih v ah l ay z ey sh ah n f er d ih s,t uw y er z ah g ow ay g ey v ah p s ih v ah l ih z ey sh ah n f r er dh ih s,t uw y er s ah g ow ay g ey v ah p s ih v ah l ih s ey sh ah n f r er d ih s
238,sh iy hh ae d d ay d f r ah ng k ow d ae n d ah s aa r v ey sh ah n,sh iy hh ae d d ay d f r ah m k ow l d ae n d s t aa r v ey sh ah n,sh iy hh eh d d aa d f r ao ng k ow w d ae n d ah s t aa r v ey sh ah n
239,hh iy w ah s er m ah n ah n n aw uw m ey n ey n ah m ao r s er ah ng hh ow l ah p aa n hh ih m s eh l f,hh iy w ah z d ih t er m ah n d n aw t ih m ey n t ey n ah m ao r s er t ah n hh ow l d ah p aa n hh ih m s eh l f,hh iy w ah s t er m iy n d n aw t ih m ey n t ey ng ah m ao r s er t ah ng hh ow w d ah p ae ng hh ih m s eh w f
240,iy ch d ey sh iy b iy k ey m ah m ao r v ay ah ah p aa r ah v hh ih m,iy ch d ey sh iy b iy k ey m ah m ao r v ay t ah l p aa r t ah v hh ih m,iy ch d ey sh iy b iy k ey m ah m ao r v ay t ah w p aa r t ah v hh ih m
241,ih w ah s ah eh m ey sh ah n b ah hh iy r iy s ih s ih d,ih t w ah z ah t eh m t ey sh ah n b ah t hh iy r iy z ih s t ih d ih t,ih t w ah s ah t eh m t ey sh ah n b ah t hh iy r iy z ih s t ih d ih t
242,d ih s w ah ng hh ow p w ao z d ih s r oy d ae z k w ih k l iy ae z ih w er b ao n,dh ih s w ah n hh ow p w ao z d ih s t r oy d ae z k w ih k l iy eh z ih t w ao z b ao r n,d ih s w ah ng hh ow p w ao z d ih s t r oy d ae z k w ih k l iy eh z ih t w ah r b ow n
243,hh er f ey s w ao z ah g ey n s hh ih s b r eh s,hh er f ey s w ao z ah g ey n s t hh ih z b r eh s t,hh er f ey s w ao z ah g ey ng s t hh ih z b r eh s t
244,sh iy w ah s hh ih s n aw f er eh v er,sh iy w ah z hh ih z n aw f er eh v er,sh iy w ah s hh ih s n aw f er eh v er
245,p r aa v ah d ah n s hh ae d ah d ih l iy v er d hh ih m th r uw dh iy m ey w l s r uw m,p r aa v ah d ah n s hh ae d d ih l ih v er d hh ih m th r uw dh iy m ey l s t r ah m,p r aa v ah d ah n s hh ae d ah d ih l iy v er d hh ih m th r uw d iy m ey w s t r ah m
246,hh iy ow b ey d dh ah p r eh sh er ah v hh er hh ae n d,hh iy ow b ey d dh ah p r eh sh er ah v hh er hh ae n d,hh iy ao b ey d d ah p r eh sh er ah v hh er hh ae n d
247,ah b aw ih ng eh v r iy w eh r w er d ah eh v ah d ah n s ih s ah v l ah g zh er iy ae n d ah v l ey ch,ah b aw t hh ih m eh v r iy w eh r w er dh ah eh v ah d ah n s ah z ah v l ah g zh er iy ae n d ah v ey jh,ah b aw t hh iy ng eh v r iy w eh r w er d ah eh v ah d ah n s iy s ah v l ah g sh er iy ae n d ah v l ey ch
248,d eh n hh iy s eh p d b ae k w ih dh ah l ow k r aw ah v p l eh zh er,dh eh n hh iy s t eh p t b ae k w ih dh ah l ow k r ay ah v p l eh zh er,d eh n hh iy s t eh p t ah b ae k w ih d ah l ow k r ay w ah v p l eh zh er
249,hh iy ow l d hh ih m s eh l f d ae ae s hh iy w aa sh hh ih m s eh l f ae n d g r uw m d hh iy s d ih sh ey v k l ow th s,hh iy t ow l d hh ih m s eh l f dh ae t ae z hh iy w aa sh t hh ih m s eh l f ae n d g r uw m d hh ih z d ih sh eh v ah l d k l ow dh z,hh iy t ow w d hh ih m s eh w f d ae t ae z hh iy w aa sh hh iy m s eh l f ae n d g r uw m d hh iy s d ih sh ey v t k l ow t s
250,ay w ah s b r ao aw f d ah w ey m ah s g er ow s ih ng hh ah w ay iy w ah s b r ao ah p,ay w ah z b r ao t ah p dh ah w ey m ow s g er l z ih n hh ah w ay iy aa r b r ao t ah p,ay w ah z b r ao t aa p d ah w ey m ow s g er w s iy ng hh ah w ay iy w ao s b r ao t ah p
251,aw ah v hh iy s ey iy n hh ah n d r ah d hh iy l ey d ah s ah s ih k s iy n hh ah n d r ah d iy ch y ih r,aw t ah v hh ih z ey t iy n hh ah n d r ah d hh iy l ey d ah s ay d s ih k s t iy n hh ah n d r ah d iy ch y ih r,aw t ah v hh iy s ey t iy ng hh ah ng d r ah d hh iy l ey d ah s aa d s ih k s t iy hh ah ng d r ah d iy ch y ih r
252,r eh d ay s w ae m b ae g hh ae n d f ao r aw n d ah b r ae n ch f aa dh er d aw n,r eh d ay s w ah ng b ae k ae n d f ao r th aa n dh ah b r ae n ch f aa r dh er d aw n,r eh d ay s w ae m b ae k ae n d f ao r t aa ng d ah b r ae n ch f aa dh er d aa ng
253,ah hh* aa f ah k ey z ah v ah b ae k ow w ah s w er th th r iy p aw n s,ah hh ae f ah k ey s ah v t ah b ae k ow w ah z w er th th r iy p aw n z,ah hh aa f ah k ey z ah v t ah b ae k ow w ah s w er th th r iy p aa ng s
254,d eh r s uw m ah ch ah v d ah s k uw b oy ih n m iy,dh eh r z t uw m ah ch ah v dh ah s k uw l b oy ih n m iy,d eh r s t uw m ah ch ah v d ah s k uw b oy ih ng m iy
255,b ae hh iy r ah m ah ng g ah s s aa r s eh v s l eh ah s b eh k aw,b ah t hh iy r ah m ah ng s t aw er s eh l v z l eh t ah s s p iy k aw t,b aa t hh iy r ah m ah ng g ah s t aw er s eh w v s l eh t ah s s p eh k aw t
256,s ah ch ae n ae k w ao s ih ng d er r eh k v ay ah l ey sh ah n ah v dh ah l ao s ah v dh ah l ae n d,s ah ch ae n ae k t w ao z ih n d er eh k t v ay ah l ey sh ah n ah v dh ah l ao z ah v dh ah l ae n d,s ah ch ae ng ae k t w ao s iy ng d er eh k t w ay ah l ey sh ah n ah v d ah l ao ah v d ah l ae n d
257,hh iy uh d d ih s r oy ao th ih ng z dh iy ae dh ah f ih k s,hh iy w uh d d ih s t r oy ao l th ih ng z dh ae t aa r f ih k s t,hh iy uh d d ih s t r oy ao th ih ng s d ae t aa f ih k s t
258,d uw y uw n ow d ae w iy w ey eh v r iy p aw n d ah v k ow w iy p er,d uw y uw n ow dh ae t w iy w ey eh v r iy p aw n d ah v k ow l w iy b er n,d uw y uw n ow d ae t w iy w ey eh v r iy p aa n d ah v k ow w w iy b er
259,hh iy hh ae d f ao r g aa ah n uw b ih w d ah f ay er ih n d ah s th ao l r aw,hh iy hh ae d f ao r g aa t ah n t uw b ih l d ah f ay er ah n d th ao aw t,hh iy hh ae d ah f ao r g aa t ah n t uw b ih w d ah f ay er ah n d th ao l aw t
260,d eh r w er n ae n ah m ih sh ah n z ae n d hh iy w ah s m eh n uw n ow,dh eh r w er ah n t eh n iy m ih sh ah n z ae n d hh iy w ah z dh ah m ae n t uw n ow,d eh r w er ah n t eh n iy m ih sh ah n z ae n d hh iy w ah s d ah m ae n t uw n ow
261,ae n d d ah p ey k p er s ah n n uw ah v hh ih s ih g z ih s ah n s b iy f ao r hh iy d ih d ah v hh er s,ae n d dh ah b ih g p er zh ah n n uw ah v hh ih z ih g z ih s t ah n s b iy f ao r hh iy d ih d ah v hh er z,ae n d d ah p ih g p er s iy ah n n ow ah v hh iy s ih g z ih s t ah n s b iy f ao r hh iy d ih d ah v hh er s
262,w ay k ae n s iy y uw ih ng w uh m ah n l ay k w aa n uw d ay,hh w eh n ay k ae n t s iy b y uw t iy ih n w uh m ah n ay w aa n t t uw d ay,hh w ay ay k ae n t s iy b y uw t iy iy ng w uh m ah n ay w ao ng t t uw d ay
263,y uw hh ae v ah s ow sh iy ey ih d w ih s s ah m ah v d iy s m eh n,y uw hh ae v ah s ow sh iy ey t ah d w ih th s ah m ah v dh iy z m eh n,y uw hh ae v ah s ow sh iy ey t ah d w ih s s ah m ah v d iy s m eh n
264,hh iy l uh k l ay k w ah n hh uw hh ae d p ae s r uw ah ae n ah f ah n k ah m f ah ah b ah aw r ao r uw,hh iy l uh k t l ay k w ah n hh uw hh ae d p ae s t th r uw ae n n ah n k ah m f er t ah b ah l aw r ao r t uw,hh iy l uh k t l ay k w ao ng hh uw hh ae d p ae s t t r uw ae n aa ng ah ng k ah m f er t ah b ah w aw r ao r t uw
265,y eh b iy hh ay n d d eh m d eh r w ah s ah n ah d er ae n d m ao r p aw er f ah m ow ih v,y eh t b ih hh ay n d dh eh m dh eh r w ah z ah n ah dh er ae n d m ao r p aw er f ah l m ow t ih v,y eh t b ih hh ay n d d eh m d eh r w ah s ah n ah d ah ae n d m ao r p aw er f ah w m ow t ih v
266,ih n d ae k ey s hh iy k uh d n ao m ih s d eh m iy f hh iy y uw s d k ao sh ah n,ih n dh ae t k ey s hh iy k uh d n aa t m ih s dh eh m ih f hh iy y uw z d k ao sh ah n,iy ng d ae t k ey s hh iy k uh d n aa t m ih s d eh m ih f hh iy y uw z d k ao sh ah n
267,d ey ey jh d n ih r er ae n d s uw sh ow d er uw sh ow d er f ey s ih ng dh eh r w er d,dh ey eh jh d n ih r er ae n d s t uh d sh ow l d er t uw sh ow l d er f ey s ih ng dh eh r w er l d,d ey ey jh d n ih r er ae n d s t uh d sh ow w d er t uw sh ow w d er f ey s ih ng d eh r w er t
268,s ah m ay m s ah v ae s l iy m m ao r ah r ow b l ih ng hh ae d k ah m ih n uw n aw,s ah m th ih ng v ae s t l iy m ao r th r ih l ih ng hh ae d k ah m ih n t ah ih t n aw,s ah m t aa m v ae s t l iy m m ao r t r ih l ih ng hh ae d k ah m iy n t ah ih t n aw
269,hh iy p ow d ae n dh ah l ao k r ae sh d aw n uw b r ae k hh iy s b ae k,hh iy p uh l d ae n d dh ah l ao g k r ae sh t d aw n t uw b r ey k hh ih z b ae k,hh iy p uh w d ae n d d ah l ao g k r ae sh d aw n t uw b r ae k hh iy s b ae k
270,y ao r b ih ng r eh k hh iy r hh ae s b iy ng ah g aa d s eh n uw m iy,y ao r b iy ih ng r eh k t hh iy r hh ae z b ih n ah g aa d s eh n d t uw m iy,y ao r b iy iy ng r eh k t hh iy r hh ae z b iy ng ah g aa d s eh n d t uw m iy
271,dh ae ih s w ah d ih s ih ng g w ih sh ao l ah v ah s f r ah m d ah l ow er ae n ah m ow s,dh ae t ih z hh w ah t d ih s t ih ng g w ih sh ih z ao l ah v ah s f r ah m dh ah l ow er ae n ah m ah l z,d ae t ih s hh w ah t d ih s t ih ng g w ih sh ao l ah v ah s f r ah m d ah l ow ae n ah m ah s
272,ah m ah ng ih ng ah s r iy r* iy ah d uh th f ih n ih sh m iy,ah m ah n th ih n ao s t r ey l y ah w uh d f ih n ih sh m iy,ah m aw n s iy ng ao s t r ey l y ah uh d f ih n ih sh m iy
273,dh ih m ah s hh ae v b ih ng s w eh p ah w ey b ay dh ah k ey aa ih k k er r ah n s,dh ey m ah s t hh ae v b ih n s w eh p t ah w ey b ay dh ah k ey aa t ih k k er ah n t s,d ey m ah s t hh ae v b iy ng s w eh p t ah w ey b ay d ah k ey aa t ih k k er ah n t s
274,s ah m ah v dh ah s m ao l er v ih ng z hh ae d d ae b l ih s b ih ng r ae p ch er d,s ah m ah v dh ah s m ao l er v ey n z hh ae d d aw t l ah s b ih n r ah p ch er d,s ah m ah v d ah s m ao l er v ey ng z hh ae d d aw t b l ah s b iy ng r ah p ch er d
275,w iy k uh d n aa s p eh n d ah n ah dh ah s ah ch n ay,w iy w uh d n aa t s p eh n d ah n ah dh er s ah ch n ay t,w iy uh d n aa t s p eh n d ah n ah d ah s ah ch n ay t
276,k r eh k ey b ih g ae n uw r uw p ae n d m ao r d iy s ae n d d ah g k s f l uw ow v er hh eh d,k r ih k ah t s b iy g ae n t uw ch er p ae n d m ao r g iy s ae n d d ah k s f l uw ow v er hh eh d,k r eh k ah t s b iy g ae n t uw ch uh p ae n d m ao r g iy s ae n d d ah k s f l uw ow v er hh ae d
277,dh ah eh m p er ah ch er d r aa p uw f ih f iy b l ow z ih r ow ae n d r iy m ey n d ih r dh ah hh ow r iy p,dh ah t eh m p r ah ch er d r aa p t t uw f ih f t iy b ih l ow z ih r ow ae n d r iy m ey n d dh eh r dh ah hh ow l t r ih p,d ah t eh m p r ah ch er d r aa p t t uw f ih f t iy b ih l ow z ih r ow ae n d r iy m ey n d d iy ah r d ah hh ow w t r ih p
278,ay f ao r g aa hh aw iy z ah l iy ay hh ae d ao m ay s eh l f f r ah m dh ah p r ih n ih d p ey jh,ay f ao r g aa t hh aw iy z ah l iy ay hh ae d t ao t m ay s eh l f f r ah m dh ah p r ih n t ih d p ey jh,ay f ao r g aa t hh aw iy z ah l iy ay hh ae d t ao t m ay s eh w f f r ah ng d ah p r ih n t ih d p ey jh
279,hh iy hh ae d p ih l d ao f hh ih z sh er ae n d w ao s w ay l iy w ey v ih n ih,hh iy hh ae d p iy l d ao f hh ih z sh er t ae n d w ao z w ay l d l iy w ey v ih ng ih t,hh iy hh ae d p iy w d ao f hh iy s sh er t ae n d w ao s w ay d l iy w ey v ih ng ih t
280,l ae s n ay hh iy sh ow d ao dh ah s ih m p ah m s ah v k ah m ih ng d aw n w ih s n uw m ow n iy ah,l ae s t n ay t hh iy sh ow d ao l dh ah s ih m p t ah m z ah v k ah m ih ng d aw n w ih th n uw m ow n y ah,l ae s t n ay t hh iy sh ow d ao l d ah s ih m p t ah n z ah v k ah m ih ng d aw n w ih z n uw m ow n y ah
281,ay w ah s ih l ah w iy k f r ah m m ay p r ah l ao ng n d ih m er zh ah n,ay w ah z s t ih l w iy k f r ah m m ay p r ah l ao ng d ih m er zh ah n,ay w ah z s t ih w w ih k f r ah m m ay p r ah l ao ng d ih m er zh ah n
282,hh aw k uh d ey ae n s er dh ah k w eh s ch ah ng aa n dh ah s p er ah v dh ah m ow m ah n,hh aw k uh d ay ae n s er dh ah k w eh s ch ah n aa n dh ah s p er ah v dh ah m ow m ah n t,hh aw k uh d ay ae n s er d ah k w eh s ch ih ng aa ng d ah s p er ah v d ah m ow m ah n t
283,ae n aa r ih s ih k ae k ih z ae n ae k p er f ao m d f ao r dh ah w eh w f eh r ah v aa d er s,ae n ao l t r uw ih s t ih k ae k t ih z ae n ae k t p er f ao r m d f ao r dh ah w eh l f eh r ah v ah dh er z,ae n ao w t r uw ih s t ih k ae k t ih z ae ng ae k t p er f ao r m d f ao r d ah w eh w f eh r ah v ah d er s
284,d eh r w ah s n ah th ih ng f r ah s b ah d ah v w ay d ah r ao ow sh ah n,dh eh r w ah z n ah th ih ng f ao r ah s b ah t dh ah w ay d r aa ow sh ah n,d eh r w ah z n ah t ih ng f ao r ah s b ae t d ah w ay d r aa ow sh ah n
285,er ow z ao b iy d iy ah n s l iy ae n d w eh n d aw n dh ah b iy ch,ay er ow z ow b iy d iy ah n t l iy ae n d w eh n t d aw n dh ah b iy ch,ay er ow z ow b iy d iy ah n t l iy ae n d w eh n t d aw n d ah b iy ch
286,ae d ah m ow m ah n ay g ao ih m p r eh sh ah n d ae sh iy w ah s w ih l ow w iy,ae t dh ae t m ow m ah n t ay g aa t dh iy ih m p r eh sh ah n dh ae t sh iy w ah z w ih l ah w iy,ae t d ae t m ow m ah n t ay g aa t d iy ih m p r ae sh ah n d ae t sh iy w ah z w iy l ah w iy
287,dh ih s w ah s w ah n d ah ih k s p l ow zh ah ao k er d,dh ih s w ah z w eh n dh ah ih k s p l ow zh ah n ah k er d,d ih s w ah z w ah n d ah ih k s p l ow zh ah n ao k er d
288,d eh r aa b ae b l ih ng ae n ch ae l er ih ng ao ah g eh d er,dh ey aa r b ae b l ih ng ae n d ch ae t er ih ng ao l t ah g eh dh er,d ey aa b ae b l ih ng ae n d ch ae t er ih ng ao t ah g eh d er
289,hh iy w ah z ae n ae f iy b iy ah n ae n d ah m aw n ah n iy r,hh iy w ah z ae n ae m f ih b iy ah n ae n d ah m aw n t ih n ih r,hh iy w ah z ae n ae m f iy b iy ah n ae n d ah m aw n t ih n ih r
290,b ay v er ch uw ah v d ae p aw er w iy sh ae w r ih m ey n ih n p aw er,b ay v er ch uw ah v dh ae t p aw er w iy sh ae l r ih m ey n ih n p aw er,b ay v er ch uw ah v d ae t p aw er w iy sh ae w r ih m ey n ng p aw er
291,b ah s ah ch d ay v er jh ah n s ah v ah p ih r* iy ah n uh d k aa s ih uw n ow m iy n ah s uw s ah s ay ah iy,b ah t s ah ch d ay v er jh ah n s ah v ah p ih n y ah n w uh d k aa n s t ah t uw t n ow m eh n ah s t ih s ah s ay ah t iy,b ah t s ah ch d ay v er jh ah n s ah v ah p ih l y ah n uh d k aa n s t ah t uw t n ow m ih n ah s t ih s ah s ay ow t iy
292,d ah r iy ao g ah n ay z ey sh ah n ah v d iy s k ah n r iy s uh k d ah f ao m ah v r eh v ah l uw sh ah n,dh ah r iy ao r g ah n ah z ey sh ah n ah v dh iy z k ah n t r iy z t uh k dh ah f ao r m ah v r eh v ah l uw sh ah n,d ah r iy ao r g ah n ah z ey sh ah n ah v d iy z k ah n t r iy z t uh k d ah f ao m ah v r eh v ah l uw sh ah n
293,v ay ah l ey sh ah n ah v d ih s l ao r w ah s m ey d ah hh ay m ih s d iy m iy n er ae n d p ah n ih sh ah k ao r d ih ng l iy,v ay ah l ey sh ah n ah v dh ih s l ao w ah z m ey d ah hh ay m ih s d ah m iy n er ae n d p ah n ih sh t ah k ao r d ih ng l iy,v ay ah l ey sh ah n ah v d ih s l uw ah w ah z m ey d ah hh ay m ih s d ah m iy n er ae n d ah p ah n ih sh t ah k ao r d ih ng l iy
294,dh ah ae s k w iy s eh d aw r s eh l f s w ah th r iy f ow d,dh ah t ae s k w iy s eh t aa r s eh l v z w ao z th r iy f ow l d,d ah t ae s k w iy s eh t aa r s eh w v z w ao z th r iy f ow w t
295,dh ah f l aw er ah v dh ah aa r ih ih k ae n d ah iy n er l eh k ch ah ah l w er d w er r eh v ah l uw sh ah n ih s s,dh ah f l aw er ah v dh ah aa r t ih s t ih k ae n d ih n t ah l eh k ch uw ah l w er l d w er r eh v ah l uw sh ah n ih s t s,d ah f l aw er ah v d ah aa r t ih s t ih k ae n d ih n t ah l eh k ch uw ah l w er d w er r eh v ah l uw sh ah n ih s t s
296,b iy y aa n d r iy f y uw z ih ng uw s iy aa r f uw d ey l eh f ah s uw aa r s eh l v s,b iy ao n d r ih f y uw z ih ng t uw s eh l ah s f uw d dh ey l eh f t ah s t uw aa r s eh l v z,b iy ao n d r ih f y uw z ih ng t uw s eh w ah r f uw d d ey l eh f t ae s t uw aa r s eh w f s
297,hh iy hh ae d f uh l f ih w d hh iy s d y uw iy ae n p ey d p r aa p er l iy,hh iy hh ae d f uh l f ih l d hh ih z d uw t iy ah n d p ey d p r aa p er l iy,hh iy hh ae d f uh f ih w d hh iy s d uw t iy ah n d p ey d p r aa p ah l eh
298,v eh r iy ay d iy er ah v ih w aa s p r ih p ow s eh r ah s,v eh r iy ay d iy ah ah v ih t w ao z p r ih p aa s t er ah s,v eh r iy ay d iy ah r ah v ih t w ao s p r eh p ow s t er ah s
299,ae m sh uh r ih m ah s hh ae v b ih ng s ah m ae d v ae n ch er,ay m sh uh r ih t m ah s t hh ae v b ih n s ah m ae d v eh n ch er,ay m sh uh r ih t m ah s t hh ae v b iy ng s ah m ae d v eh n ch er
300,f ao r dh ah w eh n ih th ay m dh ae iy v n ih ng d ah uw m eh n sh uh k hh ae n s,f ao r dh ah t w eh n t iy ah th t ay m dh ae t iy v n ih ng dh iy t uw m eh n sh uh k hh ae n d z,f ao r dh ah t w eh n t iy ah th t ay m dh ae t iy v n ih n dh ih t uw m eh n sh uh k hh ae n d z
301,w ih l w iy eh v er f er g eh ih,w ih l w iy eh v er f er g eh t ih t,w ih l w iy eh v er f er g eh t ih t
302,g aa d b l eh s ah m ay hh ow p ay l g ow ao n s iy ih ng dh eh m f er eh v er,g aa d b l eh s ay hh ow p ay l g ow ao n s iy ih ng dh eh m f er eh v er,g aa b l eh s d ah m ay hh ao p aa l g ao ao n s iy ih n dh eh n f er eh v er
303,ae n d y uw ao l w ey z w aa n ah s iy ih ih n d ah s uh p er l ah ih v d ih g r iy,ae n d y uw ao l w iy z w aa n t t ih s iy ih t ih n dh ah s uh p er l ah t ih v d ih g r iy,ae n y uw ao l w iy z w aa n t uh s iy ih t ih n dh ah s uh p er l ah t ih v d ih g r iy
304,g ae d y uh l eh er k ey n jh eh s ih n ay m,g ae d y uh r l eh t er k ey m jh ah s t ih n t ay m,g ae y uh r l eh t er k eh m jh ah s t ih n t ay m
305,ah m p l ey n ah s ih ng g ah l hh ae n d ih n w ah l uh k s l ay k ah l uw s ih ng g ey m,ay m p l ey ih ng ah s ih ng g ah l hh ae n d ih n w ah t l uh k s l ay k ah l uw z ih ng g ey m,aa m p l ey ih n ah s ih ng g ah l hh ae n d ih n w ah t l uh k s l ay k ah l uw s ih n g ey m
306,ih f ay eh v er n iy d ih d ah f ay er ih n m ay l ay f ay n iy d w ah ng n aw,ih f ay eh v er n iy d ih d ah f ay t er ih n m ay l ay f ay n iy d w ah n n aw,ih f ay eh v er n iy d ih d ah f ay t er ih n m ay l ay f ay n iy d w ah n n aw
307,hh iy w ah s ah hh eh d sh ao r er d ae n hh ih s k ah m p ae n y ah n ah v ao l m ow s d eh l ah k ey f iy s iy k,hh iy w ah z ah hh eh d sh ao r t er dh ae n hh ih z k ah m p ae n y ah n ah v ao l m ow s t d eh l ah k ah t f ah z iy k,hh iy w ah s ah hh eh d sh ao r t er dh ae n hh ih s k ah m p ae n y ah n ah f ao l m ow s d eh l ih k ey t f ah s iy k
308,dh eh r* w ah s ah ch ey n jh n aw,dh eh r w ah z ah ch ey n jh n aw,dh eh r w ah s ah ch eh n ch n aw
309,ay f aa l ow d d ah l ay n ah v d ah p r ah p ow s ah r ey d r ow l uh k ih ng f er ch ae n s ih s,ay f aa l ow d dh ah l ay n ah v dh ah p r ah p ow z d r ey l r ow d l uh k ih ng f er ch ae n s ih z,ay f aa l ow dh ah l ay n ah v dh ah p r ah p ao z r ey d r ow l l uh k ih n f er ch ae n s ih s
310,k l ah b s ae n b ao l s ah n d s iy iy s g r iy uw b iy ow ng l iy m eh m er r iy s,k l ah b z ae n d b ao l z ah n d s ih t iy z g r uw t uw b iy ow n l iy m eh m er iy z,k l ah p s ae n b ao l s ah n s iy t iy z g r uw t uw b iy ao n l iy m eh m er iy s
311,ih f er r l iy k l ah b d m iy iy n uw r eh k ah g n ay z ih ng ih,ih t f eh r l iy k l ah b d m iy ih n t ah r eh k ah g n ay z ih ng ih t,ih t f er r l iy k l ah b d m iy ih n t uh r eh k ah n ay z ih n ih t
312,hh aa r d l iy w er aa r p l ae n s m ey d p ah b l ih k b iy f ao r w iy w er m eh b ay p aw er f ah l aa p ah s iy sh ah n,hh aa r d l iy w er aa r p l ae n z m ey d p ah b l ih k b iy f ao r w iy w er m eh t b ay p aw er f ah l aa p ah z ih sh ah n,hh aa r l iy w er aa r p l ae n s m eh d p ah v l ih k b iy f ao r w iy w er m eh t b ay p aw er f ah l aa p ah s ih sh ah n
313,ah k aa m b ih n ey sh ah n ah v k ah n ey d iy ah n k ae p ih ah l k w ih k l iy ao r g ah n ay s d ae n d p ah iy sh ah n d f ao r d ah s ey m p r ih v ih l ih jh ih s,ah k aa m b ah n ey sh ah n ah v k ah n ey d iy ah n k ae p ih t ah l k w ih k l iy ao r g ah n ay z d ae n d p ah t ih sh ah n d f r er dh iy s ey m p r ih v ih l ih jh ih z,ah k aa m b ah n ey sh ah n ah f k ah n ey d iy ah n k aa p ih t ah l k w ih k l iy ao r g ah n ay z d ae n p ah t ih sh ah n t f r er dh iy s ey m p r ih v ih l ih jh ih s
314,ih w ah s m ay r iy p ao r s f r ah m d ah n ao r th w ih ch ch iy f l iy ih n d uw s p iy p ah l uw b ay,ih t w ah z m ay r ih p ao r t s f er m dh ah n ao r th hh w ih ch ch iy f l iy ih n d uw s t p iy p ah l t uw b ay,ih t w ah s m ay r ih p ao r t s f er m dh ah n ao r th w ih ch ch iy f l iy ih n d y uw s t p iy p ah l t uw b ay
315,ay w ah s ah b aw uw d uw dh ih s w eh n k uw l er jh ah jh m ah n p r iy v ey l d,ay w ah z ah b aw t t uw d uw dh ih s w eh n k uw l er jh ah jh m ah n t p r iy v ey l d,ay w ah z ah b aa t uw d uw dh ih s w eh n k uw l er jh ah ch m ah n p r iy v ey l d
316,ih ah k er d uw m iy d ae d eh r w uh d hh ae f uw b iy ah n ah k aw n ih ng,ih t ah k er d t uw m iy dh ae t dh eh r w uh d hh ae v t ih b iy ah n ah k aw n t ih ng,ih t ah k er t uh m iy dh ae dh eh r w uh d hh ae v t uh b iy ah n ah k aw n t ih n
317,uw m ay s ah p r ay s hh iy b iy g ae n uw sh ow ae k ch ah l ih n th uw z iy ae z ah m ih n m ay f ey v er,t uw m ay s ah p r ay z hh iy b ih g ae n t uw sh ow ae k sh ah l ih n th uw z iy ae z ah m ih n m ay f ey v er,t uw m ay s ah r p r ay z hh iy b ih g ae n t uw sh ao ae k sh ah l ih n th uw z iy ae z ah m ih n m ay f ey v er
318,b r aa b er iy b r ay b er iy f r ao d,r aa b er iy b r ay b er iy f r ao d,r aa v er iy b r ay v er iy f r ao d
319,d eh r f ao r ah s ih z w er r* ao l r eh d iy m uw v ih ng ih n uw dh ah n ao r th k ah n r iy,dh eh r f ao r s ih z w er ao l r eh d iy m uw v ih ng ih n t uw dh ah n ao r th k ah n t r iy,d eh r f ao r s ih z w er ao l r eh d iy m uw v ih n ih n t uw dh ah n ao r th k ah n t r iy
320,ae d ay f ey ih n dh ae m,ay hh ae d f ey th ih n dh eh m,ay err ae f ey t ih n dh eh m
321,d eh r w ah s th r iy hh aa* n d r ah d y aa r d s ah p aa r d,dh ey w er th r iy hh ah n d r ih d y aa r d z ah p aa r t,d ey w ah th r iy hh ah n d r ih d y aa r d z ah p aa r t
322,s iy n s d eh n s ah m m ih s iy r iy ah s f ao r s hh ae z b ih n f ay ih n ah s ae eh v r iy s eh p,s ih n s dh eh n s ah m m ih s t ih r iy ah s f ao r s hh ae z b ih n f ay t ih ng ah s ae t eh v r iy s t eh p,s ih n z dh eh n s ah n m ih s t ih r iy ah s f ao r s hh ae z b ih n f ay t ih n ah s ae t eh v r iy s t eh p
323,sh iy er n d ih n ae d ah hh ow eh l,sh iy t er n d ih n ae t dh iy hh ow t eh l,sh iy t ao er n d ih n ae dh iy hh ao t eh l
324,ay w ah z dh iy ow l iy w ah n hh uw r iy m ey n d s iy ih ng,ay w ah z dh iy ow n l iy w ah n hh uw r iy m ey n d s ih t ih ng,ay w ah z dh iy ao n l iy w ah n hh uw r iy m ey n d s ih t ih n
325,w ih l hh ae f uw w ao ch aa r ch ae n s ih s,w ih l hh ae v t uw w ao ch aa r ch ae n s ih z,w ih l hh ae f t uw w ao ch aa r ch ae n s ih s
326,d ah sh ih p sh uh d b iy iy n w ih dh ih n ah w iy k ao r eh n d ey s,dh ah sh ih p sh uh d b iy ih n w ih dh ih n ah w iy k ao r t eh n d ey z,d ah sh ih p sh uh d b iy ih n w ih r ih n ah w iy k ao r t eh n d ey s
327,ay s uw p ow z y uw w ah n d er w ay sh iy ih s k ah m ih ng ah p hh iy r,ay s ah p ow z y uw w ah n d er w ay sh iy ih z k ah m ih ng ah p hh iy r,ay s ah p ow z y uw w ah n d er w ay sh iy ih s k ah m ih n ah p hh iy r
328,m iy n w ay ay l g ow aw uw b r iy th ah s p eh l,m iy n w ay l ay l g ow aw t t uw b r iy dh ah s p eh l,m iy n w ay ay l g ao aw t uw b r iy th ah s p eh l
329,hh aw k uh d hh iy ih k s p l ey n hh ih s p ah s eh sh ah n ah v dh ah s k eh ch,hh aw k uh d hh iy ih k s p l ey n hh ih z p ah z eh sh ah n ah v dh ah s k eh ch,hh aa k uh r hh iy ih k s p l ey n hh ih s p ah s eh sh ah n ah f dh ah s k eh ch
330,hh iy m uw v ah w ey ae s k w ay ah l iy ae s hh iy hh ae d k ao m,hh iy m uw v d ah w ey ae z k w ay ah t l iy ae z hh iy hh ae d k ah m,hh iy m uw v d ah w ey ae s k w ay ah t l iy ae s hh iy hh ae d k ao m
331,d ah g er l f ey s hh ih m hh er ay s sh ay n ih ng w ih th s ah d ah n f ih r,dh ah g er l f ey s t hh ih m hh er ay z sh ay n ih ng w ih th s ah d ah n f ih r,d ah g er l f ey s t hh ih m hh er ay z sh ay n ih n w ih t s ah ah n f ih r ah
332,k l ow s b iy s ay d hh ih m g l iy m d d ah w ay f ae ng k s ah v dh ah w ao l f d ao g,k l ow s b iy s ay d hh ih m g l iy m d dh ah w ay t f ae ng z ah v dh ah w uh l f d ao g,k l ao s b iy s ay th hh ih m g l iy m d ah w ay t f ae ng z ah f dh ah w uh l f d ao g
333,hh iy l uh k ae d ah hh ae ng k er ch iy f m ao r k l ow s l iy,hh iy l uh k t ae t dh iy hh ae ng k er ch iy f m ao r k l ow s l iy,hh iy l uh k t ae dh iy hh ae ng k er ch ih f m ao r k l ao s l iy
334,d iy l ey s w ah s ah v d eh l ih k ah ay v er iy k ao l er f ey n l iy ih n ih d w ih th y eh l ow,dh iy l ey s w ah z ah v ah d eh l ah k ah t ay v er iy k ao l er f ey n t l iy t ih n t ih d w ih th y eh l ow,dh iy l ey s w ah s ah v ah d eh l ah k ah t ay v er iy k ao l er f ey n t l iy t ih n t ih d w ih th y eh l ow
335,ih w ah s ah k y uh r iy ah s k ow ih n s ih d ah n s,ih t w ah z ah k y uh r iy ah s k ow ih n s ih d ah n s,ih t w ah s ah k y uh r iy s k ow ih n s ih d ah n s
336,s ah d ah n l iy hh iy s f ih ng g er s k l ow s d ay l iy ow v er d ah hh ae ng k er ch iy f,s ah d ah n l iy hh ih z f ih ng g er z k l ow z d t ay t l iy ow v er dh ah hh ae ng k er ch iy f,s ah d ah n l iy hh ih s f ih ng g er s k l ao s t ay t l iy ao v er dh ah hh ae ng k er ch iy f
337,d eh w ah s n ah th ih ng aa n d ah r aa k,dh eh r w ah z n ah th ih ng aa n dh ah r aa k,d eh r w ah s n ah th ih n aa n dh ah r aa k
338,ay k ey m f r er r ih n f er m ey sh ah n m ao r aw ah v k uh r iy aa s ah iy dh ah n eh n iy th ih ng eh l s,ay k ey m f r er ih n f er m ey sh ah n m ao r aw t ah v k y uh r iy aa s ah t iy dh ah n eh n iy th ih ng eh l s,ay k eh m f r er ih n f er m ey sh ah n m ao r aa t ah f k uh r iy ao s ah t iy d ah n eh n iy th ih ng eh l s
339,hh ih s ih n m ae k y uw l ih ah p ih r ah n s w ah s g ao n,hh ih z ih m ae k y uw l ih t ah p ih r ah n s w ah z g ao n,hh ih z ih m ae k y uw l ih t ah p ih r ih ah n s w ah s g ao n
340,eh n iy w ey n ow w ah n s ao hh er l ay k dh ae,eh n iy w ey n ow w ah n s ao hh er l ay k dh ae t,eh n iy w ey n ao w ah n s ao hh er l ay k dh ae t
341,dh ah m eh n s eh r d ih n uw iy ch ah dh er s f ey s,dh ah m eh n s t eh r d ih n t uw iy ch ah dh er z f ey s,dh ah m eh n s t er d ih n t uw iy ch ah dh er s f ey s
342,y eh s ih w ah s ah m ae n hh uw ae s k ah s r ey n jh er,y eh s ih t w ah z ah m ae n hh uw ae s k t ah s t r ey n jh er,y eh s ih t w ah s ah m ae n hh uw ae s k t ah s t r eh n jh er
343,d ah f ao r th ae n d f ih th d ey s p ae s w ih dh aw eh n iy d iy v eh l ah p m ah n s,dh ah f ao r th ae n d f ih f th d ey z p ae s t w ih dh aw t eh n iy d ih v eh l ah p m ah n t s,d ah f ao r th ae n f ih th d ey z p ae s t w ih dh aw eh n iy d ih v eh l ah m ah n t s
344,d ey k l ow s d n aw ah n ih l hh ih s f ih ng g er z w er l ay k k ao r s ah v s iy l,dh ey k l ow z d n aw ah n t ih l hh ih z f ih ng g er z w er l ay k k ao r d z ah v s t iy l,dh ey k l ao s t n aw ah n t ih l hh ih s f ih ng g er z w er l ay k ao r t s ah v s t iy l
345,sh uh r l iy ay w ih l ih k s k y uw s y uw sh iy k r ay d,sh uh r l iy ay w ih l ih k s k y uw z y uw sh iy k r ay d,sh uh r l iy ay w ih l ih k s k y uw z y uw sh ah k r ay d
346,w ah w ah s d iy aa b jh eh k ah v y uh r l ih ah l s eh n s ey sh ah n,hh w ah t w ah z dh iy aa b jh eh k t ah v y uh r l ih t ah l s eh n s ey sh ah n,w ah t w ah s dh iy aa b zh eh k ah f y uh r l iy t ah l s eh n s ey sh ah n
347,d ah p r ah m ow er s ay s w er hh eh v iy w ih d l ih ah l p ah f iy b ae g s eh n d er dh eh m,dh ah p r ah m ow t er z ay z w er hh eh v iy w ih th l ih t ah l p ah f iy b ae g z ah n d er dh eh m,dh ah p r ah m ao t er s ay z w er hh eh v iy w ih th l iy t ah l p ah f iy b ae k s eh n d er dh eh m
348,d eh r hh ae z b ih n ah ch ey n jh sh iy ih n er ah p ih d hh ih m,dh eh r hh ae z b ih n ey ch ey n jh sh iy ih n t er ah p t ih d hh ih m,d eh r hh ae z b ih n ey ch eh n ch sh iy ih n t er ah p t ih d hh ih m
349,d iy g r ey ay s f aa l er d d ah f l ah sh d iy p ah n d,dh iy g r ey ay z f aa l t er d dh ah f l ah sh d iy p ah n d,d ih k r ey ay s f aa l t er d d ah f l ah sh d iy p ah n t
350,ih iy z d ah f ay r p aa r l iy sh iy s eh d,ih t ih z dh ah f ay er p aa r t l iy sh iy s eh d,ih t ih z d ah f ay r ah p aa r t l iy sh iy s eh d
351,d eh n ae n ae s ah p er hh iy r ay d ih f ae ah m hh er,dh eh n ae n d ae t s ah p er hh iy t r ay d t ih f ae dh ah m hh er,d eh n ae n d ae t s ah p er hh iy t r ay d t ih f aa t ah m hh er
352,ih w ah s ah l aa r ch k ah n uw,ih t w ah z ah l aa r jh k ah n uw,ih t w ah s ah l aa r ch k ah n ao iy
353,w aa ih f sh iy d iy d n aa k ah m uw dh ah r aa k,hh w ah t ih f sh iy d ih d n aa t k ah m t ah dh ah r aa k,hh w ah t iy f sh iy d iy d n aa t k ah m t ah d ah r aa k
354,hh ih s f ey s w ah z ah s r iy m ih ng w ih th b l ah,hh ih z f ey s w ah z s t r iy m ih ng w ih th b l ah d,hh iy s f ey s w ah z eh s t r iy m iy ng w ih t b l ah d
355,ah r ih k ah l ah v f l eh sh b l ah d r ae n ow v er hh ih s f ey s,ah t r ih k ah l ah v f r eh sh b l ah d r ae n ow v er hh ih z f ey s,ah t r ih k ah l ah v f r eh sh b l aa d r aa n ow v er hh iy s f ey s
356,d eh th hh ae d k ah m w ih th eh r ah b ah l s ah d ah n ah s,d eh th hh ae d k ah m w ih th t eh r ah b ah l s ah d ah n n ah s,d eh th hh ae d k ao m w ih t t aa r ih b ah l s ah d n n ah s
357,hh iy m ey d sh uh d ae ih d ah m ae g ah z iy n w ah s l ow d ih d ae n d r ih s uw m d hh ih s p ae d l ih ng,hh iy m ey d sh uh r dh ah t dh ah m ae g ah z iy n w ah z l ow d ih d ae n d r ih z uw m d hh ih z p ae d l ih ng,hh iy m ey d sh uh r d ah t hh iy d ah m ae g ah z iy n w ah s l ow d ih d ae n d r ih s uw m d hh iy s p aa d l iy n
358,d ah n ay g l ow w ah s r eh ch er ah s uw sh uw b ay,dh ah n ay t g l ow w ah z t r eh ch er ah s t uw sh uw t b ay,d eh n ay t g l ow w ah s t r eh ch er ah s t uw sh uw t b ay
359,d ah s ih ng g ih ng v oy s ah p r* ao ch r ae p ah d l iy,dh ah s ih ng ih ng v oy s ah p r ow ch t r ae p ah d l iy,d eh s iy ng g iy ng v oy s ah p r ao ch t r ae p ah d l iy
360,hh ih s b l ah d g r iy uw hh aa w ih d r ey jh ae dh ah th ao,hh ih z b l ah d g r uw hh aa t w ih th r ey jh ae t dh ah th ao t,hh iy s b l ah d g r iy w hh aa t w ih t r ey ch ae t d eh th ao t
361,hh iy w eh n d aw n ih n m ih d s r iy m s er ch ih ng d ah sh ae d ow s ah v b ow th sh ao r s,hh iy w eh n t d aw n ih n m ih d s t r iy m s er ch ih ng dh ah sh ae d ow z ah v b ow th sh ao r z,hh iy w eh n t ih d aw n ih n m iy d s t r iy m s er ch ih ng d eh sh ae d ow s ah v b ow t sh ao r s
362,f ao r ah f uh l m ih n ah hh iy k r ae ch ae n d l ih s ah n d,f r er ah f uh l m ih n ah t hh iy k r aw ch t ae n d l ih s ah n d,f r er ah f uh l m ih n ah t hh iy k r ae ch t ae n d l iy s ah n t
363,hh iy hh ae d b er l iy eh n er d dh ih s hh w eh n hh iy s ao d ah g l ow ah v ah f ay r,hh iy hh ae d b eh r l iy eh n t er d dh ih s hh w ih n hh iy s ao dh ah g l ow ah v ah f ay r,hh iy hh ae d b er r l iy eh n t er d d ey s hh w ih n hh iy s ao d eh g l ow ah v ah f ay r
364,ah b ih g k ae n v ah s eh n w ah z dh ah f er s th ih ng uw k ah n w ih dh ih n hh ih s v ih zh ah n,ah b ih g k ae n v ah s t eh n t w ah z dh ah f er s t th ih ng t ih k ah m w ih th ih n hh ih z v ih zh ah n,ah b iy g k ae n v ah s t eh n t w ah z d ah f er s t t iy ng t ih k ao n w ih t ih n hh ih s ih v iy zh ah n
365,p er hh ae p s sh iy hh ae d ao l r eh d iy m eh hh er f ey ah l ih ah l d iy p er ih n dh ah f ao r ah s,p er hh ae p s sh iy hh ae d ao l r eh d iy m eh t hh er f ey t ah l ih t ah l d iy p er ih n dh ah f ao r ah s t,b er hh ae p s sh iy hh ae d ao l r eh d iy m eh t hh er f ey t ah l iy t ah l d iy p er iy n d ah f ao r ah s t
366,d eh n y uw k ah n er ey n jh y er s eh l f k ah m f er ah b l iy ah m ao ng d iy s b r aa b s ih n d ah b aw,dh eh n y uw k ah n er ey n jh y er s eh l f k ah m f er t ah b l iy ah m ah n dh iy z r ow b z ih n dh ah b ow,d eh ng y uw k ah n er ey n ch y er s eh l f k ao m f er t ah b l iy ah m ao ng d iy z r ao b s iy n d ah b aw
367,sh ae l ay k aa r iy y uw,sh ae l ay k ae r iy y uw,sh ae l ay k aa r iy y uw
368,ah m ae d ah n ih ng jh oy p aw n d ih d ih n hh ih s b r ey n,ah m ae d ah n ih ng jh oy p aw n d ih d ih n hh ih z b r ey n,ah m ae d ah n ih ng jh oy p aw n d ih d ih n hh iy s b r ey n
369,y uw m ah s s l iy p hh iy er zh d,y uw m ah s t s l iy p hh iy er jh d,y uw m ah s eh z l iy p hh iy er sh t
370,y uw y uw w uh d n aa k iy p dh ah r uw f r ah m m iy,y uw y uw w uh d n aa t k iy p dh ah t r uw th f r ah m m iy,y uw y uw w uh d n aa t k iy p d eh t r uw th f r ao m m iy
371,hh iy w ih l f aa l ow ah s s uw n,hh iy w ih l f aa l ow ah s s uw n,hh iy w ih l f ao l ow ah s s uw n
372,b ah d r* k ey m n ow p r aa m ih s f r ah m d ah b aw ah v dh iy k ah n uw iy,b ah t dh eh r k ey m n ow p r aa m ah s f r ah m dh ah b ow ah v dh ah k ah n uw,b ah t err eh r k ey m n ow p r aa m ah s f r ao n d eh b aw err ao f d eh k ah n uw iy
373,sh iy w ah s s l iy p ih ng ah n d er hh ih s p r ah eh k sh ah n ae s s w iy l iy ae z ah ch ay l d,sh iy w ah z s l iy p ih ng ah n d er hh ih z p er t eh k sh ah n ae z s w iy t l iy ae z ah ch ay l d,sh iy w ah s eh z l iy p iy ng aa n err er hh iy s p er t eh k sh ah n ae s s w iy t l iy ae s ah ch ay l
374,ow ng l iy ih iy s s ow w ah n d er f ah l s ow ao l m ow s ih m p aa s ah b ah l uw b iy l iy v,ow n l iy ih t ih z s ow w ah n d er f ah l s ow ao l m ow s t ih m p aa s ah b ah l t ih b ih l iy v,ao ng l iy iy t iy s s ow w ao n d er f ah l s ow ao l m ow s t ih m p aa s ah b ah l t ih b ih l iy v
375,d iy ih m ow sh ah n w ih sh sh iy hh ae s s ah p r eh s b er s f ao r th n aw ih n ah ch ow k ih ng s aa b,dh iy ih m ow sh ah n hh w ih ch sh iy hh ae d s ah p r eh s t b er r s t f ao r th n aw ih n ah ch ow k ih ng s aa b,d iy ih m ow sh ah n hh w ih ch sh iy hh ae d s ah p r eh s t b ao r s f ao err th n aw ih n ah ch ao k ih ng s aa b
376,ih f y uw ow n l iy k uh d n ow hh aw ay th ae ng k y uw,ih f y uw ow n l iy k uh d n ow hh aw ay th ae ng k y uw,iy v y uw ow ng l iy k uh d n ow hh aw ay th ae ng k y uw
377,hh iy w ey ih d ih n uw d iy eh jh ah v d ah w ao er ae n b ih g ae n s k r ah b ih ng hh ih m s eh l f,hh iy w ey d ih d ih n t uw dh iy eh jh ah v dh ah w ao t er ae n d b ih g ae n s k r ah b ih ng hh ih m s eh l f,hh iy w ey d ih d iy n t uw d iy ey ch ow v d ah w aa t er ae n d b ih g aa n s k r ah b ih ng hh iy n s eh l f
378,d uw y uw n ao dh ae y uw er r sh ey k ih n m ay k aa n f uw d ah n s ih n y uw,d uw y uw n ow dh ae t y uw er sh ey k ih ng m ay k aa n f ah d ah n s ih n y uw,d uw y uw n ow dh aa t y uw er sh ey k ih ng m ay k aa n f ah d ah n s iy n y uw
379,ih n s eh d hh iy jh oy n d hh er ae n d d ey ey d l ay k uw hh ah ng g r iy ch ih l d r ah n,ih n s t eh d hh iy jh oy n d hh er ae n d dh ey ey t l ay k t uw hh ah ng g r iy ch ih l d r ah n,iy ng s t eh d hh iy jh oy n d hh er ae n d d ey ey t l ay k t uw hh ah ng g r iy ch iy l d r ah n
380,hh iy w ah z w uw n d ih d ih n dh iy aa r m,hh iy w ah z w uw n d ih d ih n dh ah aa r m,hh iy w ah s w ao n d ih d iy n d eh aa r m
381,ay s uw p ow s y uw p ih k d ae l ih ng g ow ah p ah m ao ng d ah ih n d iy ah n s,ay s ah p ow z y uw p ih k t dh ae t l ih ng g ow ah p ah m ah ng dh ah ih n d iy ah n z,ay s ah p ao s y uw p ih k t d ae t l ih ng g ow ao p ah m ao n d eh iy n d iy ah n s
382,hh iy hh ae d n ow ih k s k y uw s f ao r d ah f iy l ih ng s w ih ch w er er aw s d ih n hh ih m,hh iy hh ae d n ow ih k s k y uw z f ao r dh iy f iy l ih ng z w ih ch w er er aw z d ih n hh ih m,hh iy hh ae d n ow ih k s k y uw s f ao r d iy f iy n iy s w ih ch w er er aw s t ih n hh ih m
383,w ah z ih d ah r eh n d ih v uw ah v dh ow s hh uw w er s r ay v ih ng uw w er k hh ih z r oy ih n,w ah z ih t dh ah r aa n d ih v uw ah v dh ow z hh uw w er s t r ay v ih ng t ah w er k hh ih z r uw ih n,w ah s ih t d ah r ae n d ih v uw ao v d ow s hh uw w er eh s t r ay v ih n t ah w er k hh ih s r ao iy n
384,sh iy ae d ih d w ih d jh eh n y uw ih n s ih m p ah th iy ih n hh er f ey s ae n d v oy s,sh iy ae d ih d w ih dh jh eh n y uw w ay n s ih m p ah th iy ih n hh er f ey s ae n d v oy s,sh iy ae d ih d w ih dh jh eh n uw w ay n s ih m p ah th iy iy n hh er f ey s ae n d v oy s
385,m ay r ay f uh f iy s l ay k dh ae ah v ah ch ay n iy z d eh b ah ah n,m ay r ay t f uh t f iy l z l ay k dh ae t ah v ah ch ay n iy z d eh b y ah t aa n t,m ay r ay t f uh t f iy l s l ay k d ae t ah v ah ch ay n iy z d eh b y ah t aa n t
386,d ey ey d ih n er ae d ah f ih th ae n d r eh s ih d f er r uw aw er s,dh ey ey t d ih n er ae t dh ah f ih th ae n d r eh s t ih d f r er t uw aw er z,d ey ey t d iy n er ae t d eh f ih th ae n d r eh s t ih d f r er t uw aw er s
387,uw y ih er s ah g ow ay g ey v ah s ih v ah l ay z ey sh ah n f r dh ih s,t uw y er z ah g ow ay g ey v ah p s ih v ah l ih z ey sh ah n f r er dh ih s,t uw y er s ah g ow ay g ey v ah t s ih v ah l ih s ey sh ah n f r er d ih s
388,sh iy hh ae d d ay d f r er m k ow l d ae n d s aa r v ey sh ah n,sh iy hh ae d d ay d f er m k ow l d ae n d s t aa r v ey sh ah n,sh iy hh ae d d ay d f er m k ow l d ae n eh s t aa r v ey sh ah n
389,hh iy w ah s d ih er m ah n n aw uw m ey n ey n ah m ao r s er ah n hh ow l ah p aa n hh ih m s eh l f,hh iy w ah z d ih t er m ah n d n aw t uw m ey n t ey n ah m ao r s er t ah n hh ow l d ah p aa n hh ih m s eh l f,hh iy w ah s d ih t er m iy ng n aw t uw m ah n t ey n ah m ao r s er t ah n hh ow l t ah p aa n hh iy m s eh l f
390,iy ch d ey sh iy b iy k ey m ah m ao r v ay ah l p aa r ah f hh ih m,iy ch d ey sh iy b iy k ey m ah m ao r v ay t ah l p aa r t ah v hh ih m,iy ch d ey sh iy b iy k ey m ah m ao r v ay t ah l p aa r t ah v hh ih m
391,ih w ah s ah eh m ey sh ah n b ah hh iy r ih s ih s ih d ih,ih t w ah z ah t eh m t ey sh ah n b ah t hh iy r ih z ih s t ih d ih t,ih t w ah s ah t eh m t ey sh ah n b ah t hh* iy r ih s ih s t ih d ih t
392,dh ih s w ah n hh ow p w ah s d ih s r oy ae s k w ih k l iy ae z ih w ah s b ao r n,dh ih s w ah n hh ow p w ah z d ih s t r oy d ae z k w ih k l iy ae z ih t w ah z b ao r n,d iy s w ah n hh ow p w ah s d ih s t r oy d ae s k w ih k l iy ae s ih t w ah s b ao r n
393,hh er f ey s w ah s ah g ey n s hh ih s b r eh s,hh er f ey s w ah z ah g eh n s t hh ih z b r eh s t,hh er f ey s w ah s ah g ey ng s t hh iy s b r eh s t
394,sh iy w ah s hh ih s n aw f er eh v er,sh iy w ah z hh ih z n aw f er eh v er,sh iy w ah s hh iy s n aw f er eh v er
395,p r aa v ah d ah n s hh ae d d ih l iy v er d hh ih m th r uw dh ah m ey l s r ah m,p r aa v ah d ah n s hh ae d d ih l ih v er d hh ih m th r uw dh ah m ey l s t r ah m,p r aa v ah d ah n s hh ae d d eh l iy v er d hh iy m th err uw d eh m ey l s t r ah m
396,hh iy ow b ey d dh ah p r eh sh er ah v hh er hh ae n d,hh iy ow b ey d dh ah p r eh sh er ah v hh er hh ae n d,hh iy ow b ey d d ah p r ey sh er ao v hh er hh ae n d
397,ah b aw hh ih m eh v r iy w eh r w er d iy eh v ah d ah n s ih s ah v l ah k sh er r iy ae n ah v ey jh,ah b aw t hh ih m eh v r iy w eh r w er dh ah eh v ah d ah n s ah z ah v l ah g zh er iy ae n d ah v ey jh,ah b aa t hh iy m eh v r iy w eh r w er d ah eh v ah d ah n s ah s ah v l uw g sh er iy ae n d ao v ey ch
398,d eh n hh iy s eh p b ae k w ih th ah l aw ah k r ay ah v p l eh zh er,dh eh n hh iy s t eh p t b ae k w ih th ah l ow k r ay ah v p l eh zh er,d eh n hh iy s t eh t b ae k w ih d ah l aw k r ay ah v p l ey sh er
399,hh iy ow l hh ih m s eh l f d ae ae s hh iy w aa ch hh ih m s eh l f ih n g r uw p hh iy z d ih sh ih v ah l d k l ow s,hh iy t ow l d hh ih m s eh l f dh ae t ae z hh iy w aa sh t hh ih m s eh l f ae n d g r uw m d hh ih z d ih sh eh v ah l d k l ow dh z,hh iy t ow l d hh iy m s eh l f d ae t ae s hh iy w aa sh t hh iy m s eh l f ae ng g err uw p hh ih z d iy sh eh v ah l d k l ow t s
400,ay hh ae f ah b iy k eh r f ah l ah v d eh m ae z d ey iy r ah v er iy iy z iy l iy,ay hh ae v t ah b iy k eh r f ah l ah v dh eh m ae z dh ey t ih r v eh r iy iy z ah l iy,ah hh ae v t uh b iy k er f ah l ah v d eh m ae z dh ey t ih r v eh r iy iy z ah l iy
401,n aw d iy s th ih ng s hh ae d b ih n s r ah k d eh d w ih dh ah m hh ih m,n aw dh iy z th ih ng z hh ae d b ih n s t r ah k d eh d w ih th ih n hh ih m,n aw d ih s t ih ng s hh ae d b ih n s t r ah k d eh d w ih th ih m hh ih m
402,hh iy w ah s ah s m uw th sh ey v ah n ae n d hh iy s hh er ih n ay z w er b l ae k,hh iy w ah z s m uw dh sh ey v ah n ae n d hh ih z hh eh r ae n d ay z w er b l ae k,hh iy w ah z s m uw th sh ey v ah n ae n hh ih s hh* er ae n ay z w er b l ae k
403,d ey l uh k ae s dh ow hh iy hh ae d b ih n d r ah m ih ng ah p iy ae n ow ao l hh ih s l ay f,dh ey l uh k ae z dh ow hh iy hh ae d b ih n d r ah m ih ng ah p iy ae n ah ao l hh ih z l ay f,d ey l uh k ae s dh ao hh iy hh ae d b ih n d r ah m ih ng ah p iy ae n ah ao l hh ih s l ay f
404,d eh r w ah s n ow w ah n ah v d iy jh oy ah v m iy ih n ih n hh ih s f ey s,dh eh r w ah z n ah n ah v dh iy jh oy ah v m iy t ih ng ih n hh ih z f ey s,d eh w ah s n ow w ah n ah v d iy jh oy ah f m iy t ih ng ih n hh ih s f ey s
405,f ao r d ah f er s ay m ih n hh ih s l ay f hh iy w ah s y er r n ih ng f ao r ih s g r ae p,f r er dh ah f er s t t ay m ih n hh ih z l ay f hh iy w ah z y er n ih ng f ao r ah s k r ae p,f r er d ah f er s t ay m ih n hh ih s l ay f hh iy w ah z y er n ih ng f ao r ah s k r ae
406,eh v r iy b ow n ih n hh er ey jh d b aa d iy s iy m d b r ow k ah n ao r d ih s l ow k ey ih d,eh v r iy b ow n ih n hh er ey jh d b aa d iy s iy m d b r ow k ah n ao r d ih s l ow k ey t ih d,eh v r iy b ao n ih n hh er ey jh d b aa d iy s iy m d b r ao k ah n ao r d ih s l ow k ey t ih d
407,d ah k w eh s ch ah n z m ey hh ae v k ah n v ey g l iy ih n hh iy s m ay n d,dh ah k w eh s ch ah n z m ey hh ae v k ah m v ey g l iy ih n hh ih z m ay n d,dh ah k w eh s ch ah n z m ey hh ae v k ao n v ey g l iy ih n hh ih s m ay n d
408,f r ah ay m d iy ih k s ay ih ng th r* ih l ah v hh ih z ae d v eh n ch er w ah s g ao n,f r er ah t ay m dh iy ih k s ay t ih ng th r ih l ah v hh ih z ae d v eh n ch er w ah z g ao n,f er ah t ay m dh iy ih k s ay t ih ng th r* ih l ah f hh ih z ae d v eh n ch er w ah s g ao n
409,s ah m ay m z hh er d r iy m z w er f ih l d w ih d v ih zh ah n s,s ah m t ay m z hh er d r iy m z w er f ih l d w ih dh v ih zh ah n z,s ah m t ay m z hh* er d r iy m z w er f ih l w ih d eh v ih zh ah n s
410,ih s d ay ae m ah er w ah s n aa m ao r dh ah n uw hh ah n d r ah d y aa r d s,ih t s d ay ae m ah t er w ah z n aa t m ao r dh ah n t uw hh ah n d r ih d y aa r d z,ih t s d ay ae m ah t er w ah z n aa m ao r dh ah n t uw hh* ah n d r ih d y aa r d z
411,f r eh sh k ey s ih s s iy l ey b ah l ah w ao k d ey k l ah er d ah b aw d ah s p ow k s m eh n,f r eh sh k ey s ih z s t ih l ey b ah l t uw w ao k dh ey k l ah s t er d ah b aw t dh ah s p ow k s m ah n,f r eh sh k ey s ih s s t ih l ey b ah l t uw w ao k dh eh k l ah s t er d ah b aw dh ah s p ow k s m ae n
412,ih ah w ah z d ah s ey m w ey w ih d aa r r ih v ao l v er s ae n d r ay f ah l s,ih t w ah z dh ah s ey m w ey w ih dh aa r r ih v aa l v er z ae n d r ay f ah l z,ih t w ah z dh ah s eh m w ey w ih dh aa r r ih v ao l v er s ae n r ay f ah l s
413,ay n eh v er ah l aw w ah k ae n b iy ch ey n jh uw ah n oy m iy,ay n eh v er ah l aw w ah t k ae n t b iy ch ey n jh d t uw ah n oy m iy,ay n eh v er ah l aw w ah t k ae n t b iy ch ey n jh t uw ah n oy m iy
414,s r ay aw d ey s w ah m d eh r hh eh d s g r ow ih n eh s m ao l er ae n s m ao l er,s t r ey t aw t dh ey s w ae m dh eh r hh eh d z g r ow ih ng s m ao l er ae n d s m ao l er,s t r ay t aw dh ey s w aa m dh er hh eh d z g r ow ih ng eh s m ao l er ae n s m ao l er
415,n eh v ah r* iy n uw hh iy s hh ih s er iy d ey ah v d iy jh ao n d ae l iy s ah v ao l,n ow b ah d iy n y uw hh ih z hh ih s t r iy dh ey ah v dh iy hh uh n t ah l iy s t ah v ao l,n ao v ah d iy n y uw hh ih s hh ih s t r iy d ey ah v dh eh jh uh n t ah l iy s t ah v ao l
416,d ah d ih s k ah v er iy s iy m d uw hh ae v b iy n m ey d ao n dh ah s p ao r ah v dh ah m ow m ah n,dh iy d ih s k ah v er iy s iy m d t ih hh ae v b ih n m ey d ao n dh ah s p er ah v dh ah m ow m ah n t,dh eh d ih s k ah v er iy s iy m t t uh hh ae b ih n m ey d ao n dh ah s p er ah v dh ah m ao m ah n t
417,d ae s w er r d ey k uh d ao f d ah s k aa ih sh sh iy v s ae n d k ih l d ow l hh ae n s,dh ae t s w eh r dh ey k ah t ao f dh ah s k aa t ih sh ch iy f s ae n d k ih l d ao l hh ae n d z,dh ae t s w eh r dh ey k uh d ao f dh ah s k aa t ih sh ch iy f s ae n k ih l d ao l hh ae n s
418,n aw p l iy s g iy v ah p l ey n s ey m ah n ah v w ah ah k er d,n aw p l iy z g ih v ah p l ey n s t ey t m ah n t ah v w ah t ah k er d,n aw p l iy z g ih v ah p l ey n s t ey t m ah n t ah v w ah t ah k er d
419,ae n d w eh n iy m eh n k uh d hh ow l d ih d w ih s p ih r s ae n d ae ow s,ae n d t w eh n t iy m eh n k uh d hh ow l d ih t w ih th s p ih r z ae n d ae r ow z,ae n t w eh n t iy m eh n k uh d hh ao l d ih t w ih th s p ih r s ae n d aa r ow s
420,dh ih s ae s ih p r aa m ah s ah v k ah n ih n y uw ah k w ey n ah n s g ey v s ae k s ah n ah l ih ah l jh oy th r ih l,dh ih s t ae s ih t p r aa m ah s ah v k ah n t ih n y uw d ah k w ey n t ah n s g ey v s ae k s ah n ey l ih t ah l jh oy th r ih l,dh ih s t ae s ih p r aa m ih s ah f k ao n t ih n y uw ah k w ey n t ah n s g eh v s ae k s ah n eh l ih t ah l jh oy th r ih l
421,ay eh l y uw ay m d ih s g ah s ih d w ih d ih z ae d v eh n ch er ah m f uh l er iy ae n d r aa,ay t eh l y uw ah m d ih s g ah s t ah d w ih dh dh ih s ae d v eh n ch er t aa m f uw l er iy ae n d r aa t,ay t eh l y uw ah m d ih s g ah s t ah d w ih dh dh ih s ae d v eh n ch er t aa m f uw l er iy ae n r aa t
422,f r ah m m ay er l iy ah s r eh k ah l eh k sh ah n m ay s l iy p w ah s ah p iy r iy ah d ah v eh r er,f r ah m m ay er l iy ah s t r eh k ah l eh k sh ah n m ay s l iy p w ah z ah p ih r iy ah d ah v t eh r er,f r ah m m ay er l iy ah s r eh k ah l eh k sh ah n m ay s l iy p w ah s ah p ih r ah d ah f t eh r er
423,b d ey m ey k dh ah m ih s ey k ah v ih g n ao r ih ng dh eh r ow ng d uw ae l ah iy,b ah t dh ey m ey k dh iy m ih s t ey k ah v ih g n ao r ih ng dh eh r ow n d uw ae l ah t iy,b ah dh ey m ey k dh eh m ih s t ey k ah v ih g n ao r ih n dh eh r ow n d uw aa l ah t iy
424,w ih th m ay s r eh ng th ay s l ae m d ih d f ao l ih n uw r eh d ay s f ey s,w ih th m ay s t r eh ng th ay s l ae m d ih t f uh l ih n t uw r eh d ay z f ey s,w ih th m ay s t r eh n th ay s l aa m d ih t f uh l ih n t uw r eh d ay s f ey s
425,ih s n aa ah n ah eh m uw s m ae sh dh ah m aa r k ah,ih t s n aa t ah n ah t eh m p t t ah s m ae sh dh ah m aa r k ih t,ih t s n aa t ah n ah t eh m p t t ah s m ae sh dh ah m aa r k eh t
426,ih n p aa r n er sh ih p w ih th d ey l ay d ey p eh l r ey d ih d d ah s ah n hh ow s eh ih n er r ao r b ah n,ih n p aa r t n er sh ih p w ih th d ey l ay t dh ah p eh r r ey d ih d dh iy s ae n hh ow z ey ih n t er er r b ah n,ih n p aa r t n er sh ih t w ih th d ey l ay t d eh p eh err r ey d ih d d iy s ae n hh ow s ey ih n t er ao r b ah n
427,d ah m ae n s m ay ah l d g r ae m l iy ae n b r ao ah hh ae ch ih d ih n ah k l ah p,dh ah m ae n s m ay l d g r ih m l iy ae n d b r ao t ah hh ae ch ah t ae n d ah k l ah b,d eh m ae n eh s m ay l d g r ae m l iy ae n d b err ao t ah hh ae ch eh t ae n d ah k l ah b
428,d ey ae d ih d w ey hh ae d ah v ah l aa s ah iy ah v f ih f iy n m ay l s p er aw er,dh ah ae d ih d w ey t hh ae d ah v ah l aa s ah t iy ah v f ih f t iy n m ay l z p er aw er,d eh ae d ih d w ey t hh ae d ah v ah l aa s ah t iy ah v f iy f t iy n m ay l s p er aw er
429,v ay ah l ih ng l ay f ih n ae th l eh ih k ih s p ao r s hh ae d n eh v er ah p iy l d ah m iy,v ay ah l ah n t l ay f ah n d ae th l eh t ih k s p ao r t s hh ae d n eh v er ah p iy l d t ih m iy,v ay ah l ah ng l ay f ah n d ae th l eh t ih k eh s p ao r t s hh ae d n eh v er ah p iy l d t ih m iy
430,d ah r iy b er b eh r ih s b ao s ah m ae n d ah s n ao r ih n ih s iy m b ao s ch ae l ah n jh d ah w ih l d er n ah s,dh ah r ih v er b eh r d ih t s b uh z ah m ae n d s n ao r t ih ng s t iy m b ow t s ch ae l ah n jh d dh ah w ih l d er n ah s,d ah r iy b er b eh r d ih t s b ao s ao m ae n d eh s n ao r t ih ng eh s t iy m b ao t s ch ae l ah n ch d d eh w ih l d er n ah s
431,hh uw d ah d eh v ah l g ey v ih uw y uw uw b iy jh ah jh ae n jh uh r iy,hh uw dh ah d eh v ah l g ey v ih t t uw y uw t ih b iy jh ah jh ae n d jh uh r iy,hh uw d ah d eh v ah l g ey v ih t t uw y uw t ih b iy jh ah ch ae n d jh uh r iy
432,ao l s ow ch aa r ch ih s ah n d p r iy ch ih s ay hh ae d n eh v er n ow n,ao l s ow ch er r ch ih z ah n d p r iy ch er z ay hh ae d n eh v er n ow n,ao l s ow ch aa r ch ih s ah n d p r iy ch ih s ay hh ae d n eh v er n ow n
433,hh w ay hh iy s b ao f ao r iy p aw n z ah v g uh d s f r ah m y uw ao l r eh d iy,hh w ay hh iy z b ao t f ao r t iy p aw n z ah v g uh d z f er m y uw ao l r eh d iy,hh w ay hh iy s b ao t f ao r t iy p aw n s ah v g uh d s f er n y uw ao l r eh d iy
434,hh ih z s l ih m hh ae n s k r ih dh iy eh jh ih s ah v dh ah ey b ah l,hh ih z s l ih m hh ae n z g r ih p t dh ah eh jh ih z ah v dh ah t ey b ah l,hh ih z eh s l ih m hh ae n s g r ih p t d eh ey jh ih s ao v d eh t ey b ah l
435,eh n m ih n ah s hh ae d n aa ih l ae p s s ih n s hh iy hh ae d d r aa p dh ah hh ae ng k er ch iy f,t eh n m ih n ah t s hh ae d n aa t ih l ae p s t s ih n s hh iy hh ae d d r aa p t dh iy hh ae ng k er ch iy f,t eh n m ih n ah t s hh ae d n aa t ih l ae p s t s iy ng s hh iy hh ae d d r aa p t d iy hh ae ng k er ch iy f
436,d eh r w ah s n ow ch ae n s uw f ay r w ih d aw hh iy ih n hh ih m,dh eh r w ah z n ow ch ae n s t ah f ay r w ih dh aw t hh ih t ih ng hh ih m,d eh r w ah s n ow ch ae n s t ah f ay r w ih dh aw t hh iy t iy n hh ih m
437,ae n d hh iy w ah s f ey l d w ih dh ah s r ey n jh ih n d f ao r b ah d ih n d f ih r,ae n d hh iy w ah z f ih l d w ih dh ah s t r ey n jh ae n d f ao r b ow d ih ng f ih r,ae n d hh iy w ah s f eh l d w ih dh ah s t r ey n ch ae n d f ao r b ao d ih ng f ih r
438,hh er ah ch iy v m ah n s w ih th k ao k ah n ah s w er ah r eh v ah l ey sh ah n,hh er ah ch iy v m ah n t s w ih th k ow k ow n ah t s w er ah r eh v ah l ey sh ah n,hh er ah ch iy v m ah n t s w ih t k ao k ow n ah t s w er ah r eh v ah l ey sh ah n
439,w ay n aa l ay k eh n iy r ey l r ow d s ey sh ah n ah f eh r iy d eh b ao,hh w ay n aa t l ay k eh n iy r ey l r ow d s t ey sh ah n er f eh r iy d iy p ow,hh w ay n aa t l ay k eh n iy r ey r ow eh s t ey sh ah n er f eh r iy d eh p ao t
440,hh iy g ey v w ah ng l ae s s n ao r ow ae n ah s l ih d f r ah m v y uw ah m ah ng dh ah r iy s,hh iy g ey v w ah n l ae s s n aa r l ae n d s l ih d f r ah m v y uw ah m ah ng dh ah t r iy z,hh iy g ey v w ah ng l ae s eh s n aa r ah l ae n eh s l iy d f r ah n v y uw ah m ah n d ah t r iy s
441,hh ih s hh ae n sh ah aw eh n k l ah ch k r uh k d l ay k b ay d ah n eh k,hh ih z hh ae n d sh aa t aw t ae n d k l ah ch t k r uh k ah d l eh g b ay dh ah n eh k,hh iy s hh ae n d sh aa t aw t ae n d k l ah ch t k r uh k d l eh g b ay d ah n eh k
442,hh ih s p r iy v iy ah s w ay v s hh ae d n eh v er l ih v d l ao ng iy n ah f uw b er hh ih m ch ih l d r ah n,hh ih z p r iy v iy ah s w ay v z hh ae d n eh v er l ih v d l ao ng iy n ah f t ah b eh r hh ih m ch ih l d r ah n,hh iy s p r iy v iy ah s w ay s hh ae d n eh v er l iy v d l ao ng iy n ao f t ah b eh r hh* ih m ch ih l d r ah n
443,hh iy m ey d iy s ay uw ih s k ey p p ey n ao r uw ih n jh oy p l eh zh er,hh iy m ey d ih z ay er t ih ih s k ey p p ey n ao r t uw ih n jh oy p l eh zh er,hh* iy m ey d ih s ay er t ih ih s k ey p p ey n ao r t uw ih n jh oy p l ey zh er
444,d ah s uw er hh ae s jh ah s eh n d er m iy ah r ih s p eh k f ah l b ih d ah v ah d ih v ay s,dh ah s t uw er d hh ae z jh ah s t t eh n d er d m iy ah r ih s p eh k t f ah l b ih t ah v ah d v ay s,d ah s t uw er hh ae s jh ah s t t eh n d er m iy ah r ih s p eh k t f ah l b iy t ah v ah d v ay s
445,v ay b er ch uw ah v dh ae p aw er w iy sh ae l r iy m ey n ih n p aw er,b ay v er r ch uw ah v dh ae t p aw er w iy sh ae l r iy m ey n ih n p aw er,v ay b eh err ch uw ah v d ae t p aw er w iy sh ae l r iy m ey n ih n p aw er
446,n eh v er s ow s r ey n jh ah p r aa f ih k ey m ah p uw jh er r uw s ah l ah m,n eh v er s ow s t r ey n jh ah p r aa f ah t k ey m ah p t ih jh er uw s ah l ah m,n eh v er s ow s t r ey n ch ah p r aa f eh t k ey m ah p t ih jh er uw s ah l ah m
447,dh ah s eh n s ah v ah s r ey n jh v eh jh ah ey sh ah n b l uw ao f d ah r aa p ih k l ae n d,dh ah s eh n t s ah v s t r ey n jh v eh jh ah t ey sh ah n b l uw ao f dh ah t r aa p ih k l ae n d,d ah s eh n t s ah v eh s t r ey n ch v eh jh ah t ey sh ah n b l iy ao f d eh t r aa p ih k l ae n d
448,ay l eh l y uw d ah l ay b r aa r iy ah n s eh d w ih d ah b r ay ah n ih ng f ey s,ay l t eh l y uw dh ah l ay b r eh r iy ah n s eh d w ih dh ah b r ay t ah n ih ng f ey s,ay l t eh l y uw d ah l ay b r aa r iy ah n s eh d w ih d ah b r ay t ah n ih ng f ey s
449,ae d ah b eh s d ey w er n eh s ah s eh r iy ae k s eh s er iy s,ae t dh iy b eh s t dh ey w er n eh s ah s eh r iy ae k s eh s er iy z,ae t d iy b eh s t d ey w er n eh s ah s aa r iy ae k s eh s er iy s
450,f er dh ah w eh n iy ih th ay m dh eh iy v n ih ng k dh ah uw m eh n sh uh k hh ae n d s,f er dh ah t w eh n t iy ih th t ay m dh ah t iy v n ih ng dh ah t uw m eh n sh uh k hh ae n d z,f er dh ah t w eh n* t* iy ih th t ay m d ah t iy v n ih ng k d ah d uw m eh n sh uh k hh ae n d s
451,w iy eh w er f ao r g eh t* ih,w ah l w iy eh v er f ao r g eh t ih t,w* ah l* w iy eh v* er f ao r g eh t* ih t
452,g aa d b l eh s ah m ay hh ow p ay l g ow ao n s iy ih ng dh eh m f er eh v er,g aa d b l eh s ay hh ow p ay l g ow ao n s iy ih ng dh eh m f er eh v er,g aa d* b l eh s ay hh ow p ay l* g ow ao n s iy ih ng d eh m f er eh v* er
453,ae n d y uw ao l w iy s w aa n uw s iy ih ih n dh ah s uw p er l ih ih v d ih g r* iy,ae n d y uw ao l w iy z w ao n t t uw s iy ih t ih n dh ah s uh p er l ah t ih v d ih g r iy,ae n d y uw ao l* w iy s w ao n t t uw s iy ih t ih n d ah s uh p er l ah t* ih v d ih g r* iy
454,g ae d y uh r l eh ah l k ey m jh ih s ih n ay m,g ae d y uh r l eh t er k ey m jh ih s t ih n t ay m,g ae d* y uh r l eh t er k ey m jh ih s t ih n d ay m
455,ah m d p l ey ih ng ah s ih ng g ah l hh ae n d ih n w ah l uh k s l ay k ah l uw z ih ng g ey m,ah m p l ey ih ng ah s ih ng g ah l hh ae n d ih n w ah t l uh k s l ay k ah l uw z ih ng g ey m,ah m p l ey ih ng ah s ih ng g ah l* hh ae n* d ih n w ao t* l uh k s l ay k ah l uw z ih ng g ey m
456,ih f ay eh v er n iy d ih d ah f ay er ih n m ay l ay f ay n iy d w ah n n aw,ih f ay eh v er n iy d ih d ah f ay t er ih n m ay l ay f ay n iy d w ah n n aw,ih f ay eh v* er n iy d* ih d ah f ay t* er* ih n m ay l ay f ay n iy d w ah n n aw
457,hh iy w ah z ah hh eh d sh ao r er dh ae n hh ih s k ah m p ae n y ah n ah f ao l m ow s d eh l ah k ah f ah z iy k,hh iy w ah z ah hh eh d sh ao r t er dh ae n hh ih z k ah m p ae n y ah n ah v ao l m ow s t d eh l ah k ah t f ah z iy k,hh iy w ah z ah hh eh d* sh ao r t er d ae n hh ih z k ah m p* ae n y ah n ah v ao l* m ow s t d eh l ah k ey t f ah z iy k
458,dh eh r* w ah z ah ch ey n jh n aw,dh eh r w ah z ah ch ey n jh n aw,d eh r* w ah z ah ch ey n jh n aw
459,ay f aa l ow d dh ah l ey n ah v dh ah p r ah p ow s d r ey l r* ow d l uh k ih ng f er r* s ae n s ah s,ay f aa l ow d dh ah l ay n ah v dh ah p r ah p ow z d r ey l r ow d l uh k ih ng f r er ch ae n s ah z,ay f aa l ow d* d ah l ay n ah v d ah p r ah p ow z d r ey l r ow d* l uh k ih ng f r er ch ae n s ah s
460,k l ah b s ah n d b ao th s ah n d s ih iy s g r uw uw b iy ow n l iy m eh m er r* iy s,k l ah b z ah n d b ao l z ah n d s ih t iy z g r uw t uw b iy ow n l iy m eh m er iy z,k l ah b s ah n d b ao l z ah n d s ih t* iy s g r* uw t uw b iy ow n l iy m eh m er* iy s
461,ih f eh r l iy k l ah b d m iy ih n uw r eh k ah g n ay z ih ng ih,ih t f eh r l iy k l ah b d m iy ih n t uw r eh k ah g n ay z ih ng ih t,ih t f eh l iy k l ah b d m iy ih n* t uw r* eh k ah g n ay z ih ng ih t*
462,hh aa r d l iy w er r* aw p l ae n s m eh d p ah b l ih k b ih f ao r* w iy w er m eh b ay p aw er f ah l aa p ah z ih sh ah n,hh aa r d l iy w er aa r p l ae n z m ey d p ah b l ih k b ih f ao r w iy w er m eh t b ay p aw er f ah l aa p ah z ih sh ah n,hh aa r d l iy w er* aa r p l ae n s m ey d b ah b l ih k b ih f ao r w* iy w er m eh t* b ay b aw er f ah l* aa p ah z ih sh ah n
463,ah k aa m b ah n ey sh n ah f k ae n ey d iy ah n k ae p ah ah l k w ih k l iy ao r g ah n ay z d ah n d p ih ih sh ah n d f ao dh ah s ey m p r* r ih v ih l ih jh ah s,ah k aa m b ah n ey sh ah n ah v k ah n ey d iy ah n k ae p ah t ah l k w ih k l iy ao r g ah n ay z d ah n d p ah t ih sh ah n d f er dh ah s ey m p r ih v ih l ih jh ih z,ah k aa m b ah n ey sh ah n ah v k ah n ey d* iy ah n k ae p ah t ah l* k w ih k l iy ao r* g ah n ay z d ah n* d p ah t* ih sh ah n d f er d ah s ey m p r* ih v ih l ih jh ih s
464,ih w ah s m ay r* iy p ao r s f r ah m dh ah n ao r hh w ih ch ch iy f l iy ih n d uw s p iy p ah l uw b ey,ih t w ah z m ay r iy p ao r t s f er m dh ah n ao r th w ih ch ch iy f l iy ih n d uw s t p iy p ah l t uw b ay,ih t w ah s m ay r* iy p ao r t s f er m dh ah n ao t w ih ch ch iy f l iy ih n d uw s t b iy p ah l t uw b ay
465,ay w ah s ah b aw ah d uw dh ih s hh w eh n k uw l er jh ah jh m ah n p r ih v ey l d,ay w ah z ah b aw t t ah d uw dh ih s w eh n k uw l er jh ah jh m ah n t p r ih v ey l d,ay w ah s ah b aw t* t ah d* uw dh ih s w eh n k uw l er jh ah jh m ah n t p r ih v* ey l* d
466,ih ah k er d uw m iy dh ae d eh r* w uh d hh ae v uw b iy ah n ah k ow n ih ng,ih t ah k er d t ah m iy dh ah t dh eh r w uh d hh ae v t uw b iy ae n ah k aw n t ih ng,ih t ah k er d d ah m iy d ah t* d eh r w uh d hh ae w d uw b iy ae n ah g ao n* t ih ng
467,uw m ay s ah p r eh s hh iy b iy g ae n uw sh ow ae k ch ah l ih n uw z iy ae z ah m ih n m ay f ey v er,t uw m ay s ah p r ay z hh iy b ih g ae n t uw sh ow ae k sh ah l ih n th uw z iy ae z ah m ih n m ay f ey v er,d uw m ay s ah p r* ay z hh iy b ih g ae n t uw sh ow ae k sh ah l* ih n t* uw z iy ae z ah m ih n m ay f ey v er*
468,r aa b er iy b r ay b er iy f r ao d,r aa b er iy b r ay b er iy f r ao d,r aa b er* iy b r* ay b er* iy f r* ao d*
469,dh eh r f ao r s ah s w er ao l eh d iy m uw w ih ng ih n uw dh ah n ao r k ah n r iy,dh eh r f ao r s ih z w er ao l r eh d iy m uw v ih ng ih n t ah dh ah n ao r th k ah n t r iy,d eh f ao s ih s w er* ao l r* eh d* iy m uw v* ih ng ih n d ah d ah n ao t* k ah n* t r iy
470,ay hh ae d f ey th ih n dh eh m,ay hh ae d f ey th ih n dh eh m,ay hh ae d* f ey th ih n d eh m
471,d ey w er th r iy hh aa* n d r ah d y aa r d s ah p aa r d,dh ey w er th r iy hh ah n d er d y aa r d z ah p aa r t,d ey w er* t* r* iy hh ah n d er* d* y aa d* s ah p* aa t*
472,s ih n s dh eh n s ah m m ih s ih r iy ah s f ao r* s hh ae z b ih n f ay ih ng g ah s ae eh v r iy s eh p,s ih n s dh eh n s ah m m ih s t ih r iy ah s f ao r s hh ae z b ih n f ay t ih ng ah s ae t eh v r iy s t eh p,s ih n s d eh n s ah m m ih s t ih r* iy ah s f ao* s hh ae s b ih n f ay t* ih ng ah s ae t* eh v r iy s t eh p
473,sh iy er n d ah n ae dh ah hh ao eh l,sh iy t er n d ih n ae t dh ah hh ow t eh l,sh iy d er n* d ih n ae t* d ah hh ow t* ah l
474,ay w ah z dh ah ow n l iy w ah n hh uw r* iy m ey n d s ih ih ng,ay w ah z dh ah ow n l iy w ah n hh uw r iy m ey n d s ih t ih ng,ay w ah z dh ah ow n l iy w ah n hh uw r* iy m ey n* d s ih t* ih ng
475,w iy l* hh ae b ah w ao ch hh aw r ch ae n s ah s,w iy l hh ae v t ah w ao ch aw r ch ae n s ah z,w iy l* hh ae w t* ah w ao ch aw r ch ae n s ah s
476,dh ah sh iy p sh uh d b iy ih n w ih th ih n ih v iy k ao r eh n d ih k s,dh ah sh ih p sh uh d b iy ih n w ih th ih n ey w iy k ao r t eh n d ey z,d ah sh ih p sh uh d b iy ih n w ih th ih n ey w* iy k ao r t* eh n d ey s
477,ay s ah p ow s y uw w ah n d er w ay sh iy iy s k ah m ih ng ah p hh iy r,ay s ah p ow z y uw w ah n d er w ay sh iy ih z k ah m ih ng ah p hh iy r,ay s ah p* ow s y uw w ah n* d er w ay sh iy ih s k ah m ih ng ah p hh iy
478,m iy n w ay l ay l g ow aw uw b r iy k ah s p eh l,m iy n w ay l ay l g ow aw t t uw b r iy dh ah s p eh l,m iy n w ay l* ay l* g ow* ow* t t* uw b r* iy dh ah s p eh l*
479,hh aw k uh d hh iy ih k s p l ey n hh ih s p ah s eh sh ah n ah v dh ah s k eh s,hh aw k uh d hh iy ih k s p l ey n hh ih z p ah z eh sh ah n ah v dh ah s k eh ch,hh aw k uh d* hh iy ih k s p l ey n hh ih s p ah s eh sh ah n ah v d ah s k eh ch
480,hh iy m uw d ah w ey ae s s k w eh r l iy ae s hh iy hh ae d k ah m,hh iy m uw v d ah w ey ae z k w ay ah t l iy ae z hh iy hh ae d k ah m,hh iy m uw uw d* ah w ey ae s k w ay ah t l iy ae s hh iy hh ae d* k ah m
481,d ah g er l f ey s hh ih m hh er r* ay s sh ay n ih ng w ih th s ah d ah n f ih r,dh ah g er l f ey s t hh ih m hh er ay z sh ay n ih ng w ih th s ah d ah n f ih r,d ah g ah l* f ey s t hh ih m hh er* ay s sh ay n ih ng w ih th s ah d ah n f ih r*
482,g l ow s b ih s ay d hh ih m g l iy m d dh ah w ay f ae ng k s ah f dh ah w uh l f d ao g,k l ow s b ih s ay d hh ih m g l iy m d dh ah w ay t f ae ng z ah v dh ah w uh l f d ao g,g l ow s b ih s ay d* hh ih m g l iy m d d ah w ay t* f ae ng s ah f d ah w uh l* f d ao k
483,hh iy l uh k d ae dh ah hh ae ng k ah ch ih f m ao r* k l ow s l iy,hh iy l uh k t ae t dh ah hh ae ng k er ch ih f m ao r k l ow s l iy,hh iy l uh k t ae t* d ah hh ae n* k er ch ih f m ao r* k* l ow s l iy
484,dh ah l ey s s w ah s ah v ah d eh l ah k ah ay ao r* iy k ah l er f ey n l iy ih n ih d w ih th y eh l ow,dh ah l ey s w ah z ah v ah d eh l ah k ah t ay v er iy k ah l er f ey n t l iy t ih n t ih d w ih th y eh l ow,d ah l ey s w ah z ah v ah d* eh l ah k ah t ay ow* er* iy k ah l er* f ey n* t l iy t ih n* t ih d w ih d y eh l ow
485,ih w ah z ah k y uh r* iy ah s k w ey n s ah d ah n s,ih t w ah z ah k y uh r iy ah s k ow ih n s ih d ah n s,ih t* w ah z ah k y uh r* iy ah s k ow ih n s ih d ah n s
486,s ah d ah n l iy hh ih s f ih ng g er s k l ow s d ay l iy ow v ah dh ah hh ae ng k er ch ih f,s ah d ah n l iy hh ih z f ih ng g er z k l ow z d t ay t l iy ow v er dh ah hh ae ng k er ch iy f,s ah d ah n l iy hh iy s f ih ng ah s k l ow z d t* ay t* l iy ow ah d ah hh ae ng k ah ch iy f
487,dh eh r* w ah s n ah th ih ng ao n dh ah r* aa k,dh eh r w ah z n ah th ih ng ao n dh ah r aa k,d eh r* w ah s n ah t ih ng ao n d ah r* aa k
488,ay k ey m f ao r ih n f ao r m ey sh ah n m ao r* aw ah v k y uh r* iy aa s iy dh ae n eh n iy ih ng eh l s,ay k ey m f r er ih n f er m ey sh ah n m ao r aw t ah v k y uh r iy aa s ah t iy dh ae n eh n iy th ih ng eh l s,ay k* ey m f r er ih n f er m ey sh ah n m ao r* ow* t* ah f k y uh r* iy aa s ah t* iy d ae n eh n iy t* ih ng eh l* s
489,hh ih s ih m ae k y uw l eh ah p ih r r* ah n s w ao z g ao n,hh ih z ih m ae k y uw l ih t ah p ih r ah n s w ao z g ao n,hh ih s ih m ae k y uw l ih t* ah p ih r* ah n s w ao s g ao n
490,eh n iy w ey n ow w ah n s ao hh er l ay k dh ae,eh n iy w ey n ow w ah n s ao hh er l ay k dh ae t,eh n iy w* ey n ow w ah n s ao hh er* l ay k d ae t*
491,d ah m eh n s eh r d ih n uw iy ch ah dh er s f ey s,dh ah m eh n s t eh r d ih n t ah iy ch ah dh er z f ey s,d ah m eh n s t eh r* ih n* t ah iy ch ah dh ah s f ey s
492,y eh s ih w ah z ah m ae n hh uw ae s ah s r ey n jh er,y eh s ih t w ah z ah m ae n hh uw ae s t ah s t r ey n jh er,y eh s ih t* w ah z ah m ae n hh uw ae* s t ah s t r* ey n jh er*
493,d ah f ao r* th ah n d f ih f th d ih s s b ae s w ih th aw eh n iy d eh l ah p m ah n s,dh ah f ao r th ah n d f ih f th d ey z p ae s t w ih dh aw t eh n iy d ih v eh l ah p m ah n t s,d ah f ao r* t* ah n d f ih f th d ey s p* ae* s t w ih t aw t eh n* iy d eh* v* eh l ah p m ah n t s
494,dh ey k l ow s d n aw ah n ih l hh ih z f ih ng g er s w er l ay k g aa r d s ah v s iy l,dh ey k l ow z d n aw ah n t ih l hh ih z f ih ng g er z w er l ay k k ao r d z ah v s t iy l,d ey k* l ow s t n aw ah n t* ih l* hh ih s f ih ng ah s w er* l ay k k ao d* s ah f s t iy l*
495,sh uh r r* l iy ay w ih l ih k s k y uw z y uw sh iy k r* ay d,sh uh r l iy ay w ih l ih k s k y uw z y uw sh iy k r ay d,sh ah l iy ay ih l* ih k s k y uw z y uw sh iy k r* ay d
496,hh w ah w ah s dh ah aa b jh eh k ao f y uh r* l ih ah l s eh n s ey sh ah n,w ah t w ao z dh ah aa b jh eh k t ah v y uh r l ih t ah l s eh n s ey sh ah n,w ah t* w ao s d ah aa b jh eh k t* ao f y uh r l ih t* ah l* s eh n s ey sh ah n
497,dh ah p r* ah m ow er s ay s f er r* hh eh v iy w ih l ih ah l p ah f iy b ae g s ah n d er dh eh m,dh ah p r ah m ow t er z ay z w er hh eh v iy w ih th l ih t ah l p ah f iy b ae g z ah n d er dh ah m,d ah p r ah m ow t ah s ay s w er* hh eh v* iy w ih d l ih err ah l p* ah f iy b ae g s ah n d er* d ah m
498,d eh r hh ae z b ih n ah ch ey n jh sh iy ih n ah p ih d hh ih m,dh eh r hh ae z b ih n ah ch ey n jh sh iy ih n t er ah p t ih d hh ih m,d eh r* hh ae z b ih n ah ch ey n t sh iy ih n t er* ah p t ih d* hh ih m
499,d ah g r* ey ay s f aa l er d d ah f l ah sh d iy p ah n d,dh ah g r ey ay z f aa l t er d dh ah f l ah sh d iy p ah n d,d ah g r* ey ay s f aa l* t er d* d ah f l ah sh d iy p ah n* d
500,ih ih z dh ah f ay er p aa r l iy sh iy s eh d,ih t ih z dh ah f ay er p aa r t l iy sh iy s eh d,ih t ih z dh ah f ay er p aa r t l iy sh iy s eh
501,d eh n ae n d ae s ah p er hh iy r ay d uw f ae dh ah m hh er,dh eh n ae n d ae t s ah p er hh iy t r ay d t ah f ae dh ah m hh er,dh eh n ae n ae t s ah p er hh iy t r ay t ah f ae th ah m hh er
502,ih w ah z ah l aa jh k ah n uw,ih t w ah z ah l aa r jh k ah n uw,ih t v ah z ah l aa ch k ae n uw
503,w ah ih f sh iy d ih d n aa k ah m ah dh ah r* aa k,hh w ah t ih f sh iy d ih d n aa t k ah m t ah dh ah r aa k,w ah t ih f sh iy d ih d n aa t k ah m t ah dh ah r aa k
504,hh ih s f r ey s w ah s s r iy m ih ng w ih th b l ah d,hh ih z f ey s w ah z s t r iy m ih ng w ih th b l ah d,hh ih s f eh s w ah s s t r iy m ih ng w ih th b l ah d
505,ah r* ih k ah l ah v f r eh sh b l ah d r* r ae n ow v er hh ih s f ey s,ah t r ih k ah l ah v f r eh sh b l ah d r ae n ow v er hh ih z f ey s,ah t r ih k ah l ah f f r eh sh p l ah d r ae n ao v er hh ih s f eh s
506,d eh th hh ae d k ah m w ih th eh r* ah b ah l s ah d ah n n ah s,d eh th hh ae d k ah m w ih th t eh r ah b ah l s ah d ah n n ah s,d eh t hh ae d k ah m w ih th t eh r ah b ah l s ah d ah n n ah s
507,hh iy m eh d sh uh r dh ah dh ah m ae g ah z iy n w ah z s l ao d ih d ae n d r ih z uw m d hh ih s p ae d l ih ng,hh iy m ey d sh uh r dh ah t dh ah m ae g ah z iy n w ao z l ow d ah d ae n d r ih z uw m d hh ih z p ae d l ih ng,hh iy m eh d sh uh r dh ah dh ah m ae g ah z iy n w ao s l ao d ah d ae n r ih z y uw m d hh ih s p ae d l ih ng
508,d ah n ay g l ao w ah s r eh ch er r* ah s ah sh uw b ay,dh ah n ay t g l ow w ao z t r eh ch er ah s t uw sh uw t b ay,dh ah n ay k l ao w ao s t r eh ch er ah s t uw sh uw b ay
509,ah s ih ng ih ng v oy s ah p r* ow ch r ae p ah d l iy,dh ah s ih ng ih ng v oy s ah p r ow ch t r ae p ah d l iy,dh ah s ih ng ih ng w oy s ah p r ao ch t r ae p ah d l iy
510,hh ih z b l ah d g r* uw hh aa r d w ih th r* ey z ah dh ah ao,hh ih z b l ah d g r uw hh aa t w ih th r ey jh ae t dh ah th ao t,hh ih s b l ah d g r uw hh aa w ih th r eh zh ae dh ah t ao t
511,hh iy w eh n d aw n ih n m ih d s r iy m s er ch ih ng dh ah sh ae d ow s ah v b ow sh ao r* s,hh iy w eh n t d aw n ih n m ih d s t r iy m s er ch ih ng dh ah sh ae d ow z ah v b ow th sh ao r z,hh iy w eh n d aw n ih n m ih d s t r iy m s ah ch ih ng dh ah sh ae d ao s ah f b ao th sh ao r s
512,hh iy hh ae d b eh r l iy eh n er dh ih s hh w eh n hh iy s ao dh ah g l ow ah v ah f ay r,hh iy hh ae d b eh r l iy eh n t er d dh ih s hh w eh n hh iy s ao dh ah g l ow ah v ah f ay er,hh iy hh ae b eh r l iy eh n t er dh ih s hh w eh n hh iy s ao dh ah g l ao ah f ah f ay er
513,ah b ih g k ae n v ah s r eh n w ah z dh ah f ah s ih ng uw k ah m w ih th ih n hh ih s v ih zh ah n,ah b ih g k ae n v ah s t eh n t w ah z dh ah f er s t th ih ng t uw k ah m w ih th ih n hh ih z v ih zh ah n,ah b ih k k ae n v ah s t eh n t w ah z dh ah f ah s th ih ng t uw k ah m w ih th ih n hh ih s v ih zh ah n
514,p er r* hh ae p s sh iy hh ae d ao l r eh d iy m eh hh er r* f eh ah l ih ah l d iy p er r* ih n dh ah f ao r ah s,p er hh ae p s sh iy hh ae d ao l r eh d iy m eh t hh er f ey t ey l ih t ah l d iy p er ih n dh ah f ao r ah s t,p er hh ae p sh iy hh ae d ao l r eh d iy m eh t hh ah r f eh t ah l ih t ah l d iy p ah r ih n dh ah f ao r ah s t
515,d eh n y uw k ah n er ey n jh y uh s eh l f k ah m f er ah b l iy ah m ah ng d ow s r* ow b s ah n dh ah b ow,dh eh n y uw k ah n er ey n jh y er s eh l f k ah m f er t ah b l iy ah m ah ng dh iy z r ow b z ih n dh ah b ow,d eh n y uw k ah n ah r ey n jh y ah s eh l f k ah m f ah t ah b l iy ah m ah ng dh iy s r ao p s ih n dh ah b ow
516,sh ae l ay k ae r iy y uw,sh ae l ay k ae r iy y uw,sh ae l ay k ae r iy y uw
517,ih m ae d ah n ih ng jh oy p aw n d ih d ih n hh ih z b r* ey n,ah m ae d ah n ih ng jh oy p aw n d ih d ih n hh ih z b r ey n,ah m ae r ah n ih ng zh oy p ao n d ih d ih n hh ih z b r eh n
518,y uw m ah s s l iy p hh iy er s d,y uw m ah s t s l iy p hh iy er jh d,y uw m ah s s l iy p hh iy ah zh d
519,y uw y uw w uh d n aa k iy p dh ah r uw th f r ah m m iy,y uw y uw w uh d n aa t k iy p dh ah t r uw th f er m m iy,y uw y uw uh d n aa t k iy b dh ah t r uw t f r ah m m iy
520,hh iy w ih l f aa l ah s s uw n,hh iy w ih l f aa l ow ah s s uw n,hh iy v ih l f aa l ao ah s s uw n
521,b ah d eh r* k ey m n ow p r aa m ah s f r* ah m dh ah b ow ah v dh ah k ae n uw,b ah t dh eh r k ey m n ow p r aa m ah s f r ah m dh ah b ow ah v dh ah k ah n uw,b ah t dh eh r k eh m n ao p r aa m ah s f r ah m dh ah b ao ah f dh ah k ae n uw
522,sh iy w ah s s l iy p ih ng ah n d er hh ih s p r* eh k sh ah n ae s s w iy l iy ae z ah ch ey l d,sh iy w ah z s l iy p ih ng ah n d er hh ih z p er t eh k sh ah n ae z s w iy t l iy eh z ah ch ay l d,sh ih w ah s s l iy p ih ng ah n d ah hh ih s p r ah t eh k sh ah n ae s s w iy t l iy eh z ah ch eh l d
523,ow n l iy ih ih s s ow w ah n d er f ah l s ow ao l m ow s ih m p aa s ah b ah l ah b ih l iy v,ow n l iy ih t ih z s ow w ah n d er f ah l s ow ao l m ow s t ih m p aa s ah b ah l t uw b ih l iy v,ao n l iy ih t ih s s ao w ah n d er f ah l s ao ao l m ao s t ih m p aa s ah b ah l t uw b ih l iy v
524,d ah ih m ow sh ah n w ih ch sh iy hh ae d s ah p r* eh s b ah s f ao r n ow ih n ah ao k ih ng k s aa b,dh ah ih m ow sh ah n w ih ch sh iy hh ae d s ah p r eh s t b er s t f ao r th n aw ih n ah ch ow k ih ng s aa b,d ah ih m ao sh ah n w ih ch sh iy hh ae d s ah p r eh s t b ah s t f ao r err n aw ih n ah ch ao k ih ng k s aa b
525,ih f y uw ow n l iy k uh d n ow hh aw ay th ae ng k y uw,ih f y uw ow n l iy k uh d n ow hh aw ay th ae ng k y uw,ih f y uw k ao n l iy k uh d n ao hh aw ay th ae ng k y uw
526,hh iy w eh l d ih d ih n uw dh ah eh jh ah v dh ah w ao er ae n d b ih g ae n s k r ah b ih ng hh ih m s eh l f,hh iy w ey d ih d ih n t uw dh ah eh jh ah v dh ah w ao t er ae n d b ih g ae n s k r ah b ih ng hh ih m s eh l f,hh iy w eh d ih d ih n t uw dh ah eh jh ah f dh ah w ao t er ae n b ih g ae n s k r ah b ih ng hh ih m s eh l f
527,d uw y uw n ao dh ae y uw er r* sh ey k ih ng m ay k aa n f uw d ah n s ih n y uw,d uw y uw n ow dh ae t y uw er sh ey k ih ng m ay k aa n f ah d ah n s ih n y uw,d uw y uw n ao dh ae t y uw ah r sh eh k ih ng m ay k aa n f ah d ah n s ih n y uw
528,ih n s eh d hh iy jh oy n d hh er ae n d d ey ey l ay k uw hh ah ng g r iy ch ih l d r ah n,ih n s t eh d hh iy jh oy n d hh er ae n d dh ey ey t l ay k t uw hh ah ng g r iy ch ih l d r ah n,ih n s t eh d hh iy jh oy n d hh er ae n dh eh eh t l ay k t uw hh ah ng g r iy ch ih l d r ah n
529,hh iy w ah s s w uw n d er d ih n dh ah aa m,hh iy w ah z w uw n d ah d ih n dh ah aa r m,hh iy w ah s w uw n d ah d ih n dh ah aa m
530,ay s ah p ow s y uw p ih k d ah l ih ng g ow ah p ah m ah ng dh ah ih n d iy ah n s,ay s ah p ow z y uw p ih k t dh ah t l ih ng g ow ah p ah m ah ng dh ah ih n d iy ah n z,aa s ah p ao s y uw p ih g dh ah t l ih ng g ao ah p ah m ah ng dh ah ih n d iy ah n s
531,hh iy hh ae d n ow ih k s k y uw s f er dh ah f iy l ih ng s w ih ch w er r* er ow s d ih n hh ih m,hh iy hh ae d n ow ih k s k y uw z f er dh ah f iy l ih ng z w ih ch w er er aw z d ih n hh ih m,hh iy hh ae d n ao ih k s k y uw s f ah d ah f iy l ih ng s w ih ch w ah r er ao s t ih n hh ih m
532,w ah z ih dh ah r aa n d ih w uw ah v dh ow s hh uw w er s r ay v ih ng uw w er k hh ih z r* uw ih n,w ah z ih t dh ah r aa n d ih v uw ah v dh ow z hh uw w er s t r ay v ih ng t uw w er k hh ih z r uw ih n,w ah z ih dh ah r aa n d ih v uw ah f dh ao s hh uw w ah r s t r ay v ih ng t uw w ah k hh ih z r uw ih n
533,sh iy ae d ah d w ih d jh eh n y ah n s ih m p ah iy ih n hh er f ey s ah n d w oy s,sh iy ae d ih d w ih dh jh eh n y ah w ah n s ih m p ah th iy ih n hh er f ey s ah n d v oy s,sh iy ae d ih d w ih dh jh eh n y ah ah n s ih m p ah th iy ih n hh er f eh s ah n w oy s
534,m ay r* ay f uh f iy l s l ay k dh ae ah f ih ch ay n iy z d eh b ah ah n,m ay r ay t f uh t f iy l z l ay k dh ah t ah v ey ch ay n iy z d eh b y ah t aa n t,m ay r ay t f uh t f iy l s l ay dh ah t ah f eh ch ay n iy s d eh b uh t aa n t
535,dh ey ey d ih n er ih d dh ah f ih f ae n d r* eh s ih d f ao r uw aa r s,dh ey ey t d ih n er ae t dh ah f ih f th ae n d r eh s t ah d f ao r t uw aw er z,dh eh eh t d ih n ah r ae dh ah f ih f th ae n r eh s t ah d f ao r t uw aa er s
536,uw y ih r* s ah g ow ay g ey v ah p s ih v ah l ih z ey sh ah n f er r* dh ih s,t uw y ih r z ah g ow ay g ey v ah p s ih v ah l ih z ey sh ah n f er dh ih s,t uw y ih r s ah g ao ay g eh v ah p s ih v ah l ih z ey sh ah n f ah r dh ih s
537,sh iy hh ae d d ay d f r ah m k ow l d ae n d aa r v ey sh ah n,sh iy hh ae d d ay d f r ah m k ow l d ae n d s t aa r v ey sh ah n,sh iy hh ae d ay f r ah m k ao l d ae n d s t aa r v eh sh ah n
538,hh iy w ah z d ih er m ah n n aw uw m ey n ey n ey m ao r* s er ah n hh ao l d ah p aa n hh ih m s eh l f,hh iy w ah z d ih t er m ah n d n aw t uw m ey n t ey n ey m ao r s er t ah n hh ow l d ah p aa n hh ih m s eh l f,hh iy v ah z d ih t er m ay n n aw t uw m eh n t eh n eh m ao r s er t ah n hh ao l d ah p aa n hh ih m s eh l f
539,iy ch d ey sh iy b iy k ey m ey m ao r* v ay ah l b aa r* ah v hh ih m,iy ch d ey sh iy b ih k ey m ah m ao r v ay t ah l p aa r t ah v hh ih m,iy ch t eh sh iy b ih k eh m ah m ao r w ay t ah l p aa r t ah f hh ih m
540,ih w ah z ah eh m ey sh ah n b ah hh iy r ih s ih s ih d ih,ih t w ah z ah t eh m t ey sh ah n b ah t hh iy r ih z ih s t ih d ih t,ih t v ah z ah t eh m t eh sh ah n b ah t hh iy r ih s ih s t ih d ih t
541,d ih s w ah n hh ow p w ah s d ih s ao ae s k w ih k l iy ae z ih w ah s b ao n,dh ih s w ah n hh ow p w ao z d ih s t r oy d ae z k w ih k l iy ae z ih t w ah z b ao r n,dh ih s w ah n hh ao p w ao s d ih s t r oy d ae s k w ih k l iy ae z ih t w ah z b ao n
542,hh er r* f eh s w ao z ah g eh n s hh ih z b r* eh s,hh er f ey s w ao z ah g eh n s t hh ih z b r eh s t,hh er r f eh s w ao s ah g eh n s hh ih z b r eh s t
543,sh iy w ah s hh ih s n ow f er eh v er,sh iy w ah z hh ih z n aw f er eh v er,sh iy w ah s hh ih s n aw f ah r eh v er
544,p r* aa v ah d ah n s hh ae d d ih l ih v er d hh ih m th r* uw dh ah m ey l s r* ah m,p r aa v ah d ah n s hh ae d d ih l ih v er d hh ih m th r uw dh ah m ey l s t r ah m,p aa v ah r ah n s hh ae d ih l ih v er d hh ih m th r uw dh ah m eh l s t r ah m
545,hh iy ow b ey d dh ah p r* eh zh er ah v hh er hh ae n d,hh iy ow b ey d dh ah p r eh sh er ah v hh er hh ae n d,hh iy ao b eh dh ah p r eh zh ah r ah f hh ah r hh ae n
546,ah b aw hh ih m eh v r iy v eh r w er dh ah eh v ah l ah n s ah s ah v l ah g zh er r* iy ah n d ah v ey,ah b aw t hh ih m eh v r iy w eh r w er dh ah eh v ah d ah n s ah z ah v l ah g zh er iy ah n d ah v ey jh,ah b aw t hh ih m eh v r iy v eh r v ah dh ah eh err ah r ah n s ah s ah f l ah g zh er iy ah n d ah f eh jh
547,dh eh n hh iy s eh p b ae k w ih th ah l ow k r ay ah f p l eh zh er,dh eh n hh iy s t eh p t b ae k w ih th ah l ow k r ay ah v p l eh zh er,dh eh n hh iy s t eh b b ae k w ih th ah l ao k r ay ah f p l eh zh ah r
548,hh iy ow l d hh ih m s eh l f dh ae ae s hh iy w aa sh hh ih m s eh l f ah n d g r* uw m d hh ih z d ih s eh v ah l k l ow th s,hh iy t ow l d hh ih m s eh l f dh ah t ae z hh iy w aa sh t hh ih m s eh l f ah n d g r uw m d hh ih z d ih sh eh v ah l d k l ow dh z,hh iy t ao l r ih m s eh l f dh ah t ae s hh iy w aa sh t hh ih m s eh l f ah n g r uw m d hh ih z d ih sh hh eh v ah l k l ao th s
549,b ah d eh r* w ah s s ah m th ih ng iy v ih n m ao r* s aa r l ih ng dh ae n dh ih s r ih z eh m b l ah n s,b ah t dh eh r w ah z s ah m th ih ng iy v ih n m ao r s t aa r t l ih ng dh ae n dh ih s r ih z eh m b l ah n s,b ah t* dh eh r* w ah z s ah m th ih ng iy v ih n m ao r* s aa r t* l ih ng dh ae n dh ih s r ih z eh m b l ah n s
550,d ey l uh k ae s d ow hh iy hh ae d b iy n d r* ah m ih ng ah p iy ae n ow ao l hh ih s l ey f,dh ey l uh k ae z dh ow hh iy hh ae d b ih n d r ah m ih ng ey p iy ae n ah ao l hh ih z l ay f,dh ey l uh k ae z th ow hh iy hh ae d b ih n d r* ah m ih ng ey p iy ae n ah ao l hh ih s l ay f
551,ah l ow b uh sh hh w ih p hh ih m ih n dh ah f ey s ae n d l eh f n ow s ih ng k,l ow b uh sh w ih p t hh ih m ih n dh ah f ey s ae n d l eh f t n ow s t ih ng,l ow b uh sh w* ah p t hh ih m ih n dh ah f eh s ae n d l eh f n ow s t ih ng k
552,eh v r* iy b ao n ih n hh er ey ch b aa r iy s iy m d b r ow k ah n aa d ih s l ow k ey ih d,eh v r iy b ow n ih n hh er ey jh d b aa d iy s iy m d b r ow k ah n er d ih s l ow k ey t ih d,eh v r* iy b ow w n ih n hh r* ey ch b ao d* iy s iy m d b r ow k ah n er* d ih s l ow k ey t* ih d
553,uw jh ay g ae n ih k ow l s w er t* eh r ih ng ae dh ah k aa k ah s,t uw jh ay g ae n t ih k aw l z w er t eh r ih ng ae t dh ah k aa r k ah s,t* uw zh ay g* ae n t ih k ao l z w* er t* eh r* ih ng ae t dh ah k aa r* k aa s
554,f ao r* ah ay m dh ah eh g z ay ih ng r* ih l ah f hh ih z ae d v eh n ch er w ao z g ao n,f er ah t ay m dh ah ih k s ay t ih ng th r ih l ah v hh ih z ah d v eh n ch er w ao z g ao n,f r* ah t* ay m dh ah ih k z ay t* ih ng th r ih l ah f hh ih z ah d v eh n ch er w ao z g ao n
555,d ah s hh ae d dh ah r* aw w ih l d ah r* d n ah s p r iy p eh r* d hh ih m f er r* dh ih s d ey,dh ah s hh ae d dh ah r aa w ih l d er n ah s p r iy p eh r d hh ih m f r er dh ih s d ey,dh ah s hh ae d dh ah r* aa w* ih l* ah n ah s p r iy p eh r d hh ih m f r er d* dh ih s d ey
556,y uw hh ae d k ah m b ae k uw hh er f r* iy d f r ah m dh ah y ow k ah v ah p r eh sh ah n,y uw th hh ae d k ah m b ae k t uw hh er f r iy d f r ah m dh ah y ow k ah v ah p r eh sh ah n,y uw t hh ae d* k ah m b ae k t uw hh r* f r iy d f r ah m dh ah y ow k ah f ah p r eh sh ah n
557,b iy s ay d s hh iy w ah s p eh d w ah n k ey s ah v ah b ae k ow p er hh eh d,b iy s ay d z hh iy w ah z p ey d w ah n k ey s ah v t ah b ae k ow p er hh eh d,b iy s ay d z hh iy w ah s p ey d w ah n k eh s ah v t ow b ae k ow p er hh eh d
558,y uw hh ae w hh er d ao l w ey s hh aw hh iy w ah z dh ah l aw er ah v dh ah p r ih n s eh s n ow m iy,y uw hh ae v hh er d ao l w ey z hh aw hh iy w ah z dh ah l ah v er ah v dh ah p r ih n s eh s n ey ow m iy,y uw hh ae v* hh er d ao l* w ey s hh aw hh iy w ah z dh ah l ah v* er ah v dh ah p r ih n s eh s n ah ow m iy
559,y uw w ow n d ey ah v m ay l uw r ih sh ah n b iy sh uh r* ah f dh ae,y uw w ow n t d ay ah v m ae l n uw t r ih sh ah n b iy sh uh r ah v dh ae t,y uw w ow n d* ay ah v m ao l y uw t r ih sh ah n b iy sh uw r* ah f dh ae t
560,d ey hh ae n d ah l uw m eh n ao l r* eh d iy b ao g r* ah p dh iy s,dh ey hh ae n d ah l d t uw m eh n ao l r eh d iy b ow th g r ah b th iy v z,dh ey hh ae n d ah l* t* uw m eh n ao l r d* iy b ow t g r* ah b th iy v s
561,dh ae s f ih r dh ah k ah r ao f dh ah s k aa r ih sh ch iy f s ae n d k ih l d ao l hh ae n d s,dh ae t s w eh r dh ey k ah t ao f dh ah s k aa t ih sh ch iy f s ae n d k ih l d ao l hh ae n d z,dh ae t s w eh r* dh ah k ah* t* ao f dh ah s k ao t* ih sh ch iy f s ae n d k ih l ao l hh ae n* d s
562,y uw k ah n ey k ah v ey k ey sh ah n aa n d p ey,y uw k ah n t ey k ah v ey k ey sh ah n aa n p ey,y uw k ah n* t* ey k ah v ey k ey sh ah n aa n p ey
563,ih f y uw m iy n uw ih n s ih n y uw ey b r* eh n w uh d b ih g ae n hh aa r l iy,ih f y uw m iy n t ah ih n s ih n y uw ey t b r eh n t w uh d b ih g ae n hh aa t l iy,ih f y uw m iy n t ah ih n s ih n y uw ey b r* eh n t* w uh d b ih g ae n hh aa t* l iy
564,hh iy r ih n dh ah m ih d m ao r n ih ng dh ah f ah s k ae zh ah ah l iy ah k er d,hh iy r ih n dh ah m ih d m ao r n ih ng dh ah f er s t k ae zh ah l t iy ah k er d,hh iy r ih n dh ah m ih d* m ao r n ih ng dh ah f uh s t k ae zh ah l* t* iy ah k er d*
565,b ah ao l m ay d r* r iy m s w ay ah l ih ih d dh ih s l ao,b ah t ao l m ay d r iy m z v ay ah l ey t ih d dh ih s l ao,b ah t* ao l m ay d r* iy m s v* ay ah l ey t ih d dh ih s l ao
566,b ah dh ey m ey k dh ah m ih s ey k ah f ih g n ao r r* ih ng dh eh r* ow n d uw ae l ah iy,b ah t dh ey m ey k dh ah m ih s t ey k ah v ih g n ao r ih ng dh eh r ow n d uw ae l ah t iy,b ah t* dh ey m ey dh ah m ih s t ey k ah f ih g n ao r* ih ng dh eh r* ow n d uw ae l* t* iy
567,d iy s r uw m er s m ey iy v ah n er r* ih zh ah n ih w ih th ah s,dh iy z r uw m er z m ey iy v ih n er ih jh ah n ey t w ih th ah s,dh iy s r* uw m er s m ey iy v ih n er ih zh ah n ey t w ih th ah s
568,dh ah f aa r m er w er k s dh ah s oy l ae n d p r ow d uw s ah z g r* iy n,dh ah f aa r m er w er k s dh ah s oy l ae n d p r ah d uw s ah z g r ey n,dh ah f aa r m r* w uh k s th ah s oy l ae n d p r ah d* uw s ah z g r* ey n
569,ih s iy m d d ah ao r d ey n ao r d er ah v th ih ng k s d ah d ao g sh uh d w er k,ih t s iy m d dh ah ao r d ey n d ao r d er ah v th ih ng z dh ae t d ao g z sh uh d w er k,ih t s iy m dh ah ao r d* ey n d aa r d er ah f th ih ng k s dh ae t* d* ao g z sh uh d w uh k
570,s ow w iy hh ae uw f ih dh ah b ao r* ao w ih th oy l l ae m p s ae s w eh l,s ow w iy hh ae v t ah f ih t dh ah b ow t th r uw aw t w ih th oy l l ae m p s ae z w eh l,s ow v iy hh eh v* t ah f ih d dh ah b ow* t th r* uw ow t w ih th oy l ae m p s ae s w eh l
571,ih w ih l b r eh k aw aa r hh aa r s ae n d aw r b ae g s uw hh oy s ae ng k er b ey hh ae n d,ih t w ih l b r ey k aa r hh aa r t s ae n d aa r b ae k s t uw hh oy s t ae ng k er b ay hh ae n d,ih t w ih l b r* ey k aw r* hh aa r t s ae n d aa r* b ae g s t uw hh oy s t ae ng k r* b* ay hh ae n
572,d ah ae d ih d w ey hh ae d ah v ah l aa s ah iy ah v f ih f iy n m ay l s p er r* aw er,dh ah ae d ah d w ey t hh ae d ah v ah l aa s ah t iy ah v f ih f t iy n m ay l z p er aw r,dh ah ae d* ah d* w* ey t hh ae d* ah v* ah l aa s ah t iy ah v f ih f t* iy n m ay l z p r* aw r
573,aa v iy ah s l iy ih w ah z ah d ih s iy s d ae k uh d b iy k aa n r ae k ih d b ay k aa n ae k,aa b v iy ah s l iy ih t w ah z ah d ih z iy z dh ah t k uh d b iy k aa n t r ae k t ah d b ay k aa n t ae k t,aa v iy ah s l iy ih t w* ah z ah d ih s iy z dh ah t k uw d* b iy k aa n t* r ae k t* ah d* b ay k aa n t* ae k t
574,y uw g ow aw b ay f ay ih ng ae n d ay th r uw ah p r* ih iy g er l,y uw g aa t aw t b ay f ay t ih ng ae n d ay th r uw ah p r ih t iy g er l,y uw g ow ow t b ay f ay t* ih ng ae n d ay th r uw ah p r* ih t iy g uh l
575,eh v r iy ih ng w ah s w er k ih ng s m uw l iy b eh er dh ae n ay hh ae d eh k s p eh k ih d,eh v r iy th ih ng w ao z w er k ih ng s m uw dh l iy b eh t er dh ae n ay hh ae d ih k s p eh k t ah d,eh v r ih th ih ng w ao z w er k ih ng g s m uw t l iy b eh t* r* dh ae n ay hh ae d ih k s p eh k t ah d
576,ih n hh er r* hh ey s uw g eh ah w ey sh iy hh ae d f ao r g aa ah n dh iy s th ih ng k s,ih n hh er hh ey s t t ah g eh t ah w ey sh iy hh ae d f ao r g aa t ah n dh iy z th ih ng z,ih n hh r* hh ey s t t ah g eh t ah w* ey sh iy hh ae d f ao r* g aa t* ah n dh iy s th ih ng g s
577,s ah p ao z y uw s ao m iy w uh k th r* r uw dh ah w ih n d ow,s ah p ow z y uw s ao m iy ae t w er k th r uw dh ah w ih n d ow,s ah p ow z uw s ao m iy eh d w* uh k th r* uw dh ah w* ih n d ow
578,d ey hh ae w w ah n p aa p ah l er s eh n ah m ah n th r* uw dh ah n y uw s p ey p er s,dh ey hh ae v w ah n p aa p y ah l er s eh n t ah m ah n t th r uw dh ah n uw z p ey p er z,dh ey hh ae w ah n p aa p ah l er s eh n t ah m ah n t th r* uw dh ah n uw z p ey p er s
579,s ah m th ih ng ah b ow ih s iy m uw f ae s ah n ey hh ih m ah ch ae l ah n jh hh ih s p r* eh z ah n s,s ah m th ih ng ah b aw t ih t s iy m d t ah f ae s ah n ey t hh ih m t ah ch ae l ah n jh hh ih z p r eh z ah n s,s ah m th ih ng ah b ow t ih t s iy m d t ah f ae s ah n ey t hh ih m t ah ch ae l ah n zh hh ih z p r* eh z ah n s
580,w ih d d iy s aa r g y ah m ah n s hh iy k ah n v ih n s hh ih m s eh l f d ae hh iy sh uh d g ow ao n ah l ao n,w ih dh dh iy z aa r g y ah m ah n t s hh iy k ah n v ih n s t hh ih m s eh l f dh ah t hh iy sh uh d g ow ao n ah l ow n,w ih dh dh iy s aa r g y ah m ah n t s hh iy k ah n v ih n s t hh ih m s eh l f dh ah t hh iy sh uh d g ow ao n ah l ow n
581,y uw w er g oy ng uw l iy w ae f er y uw s ao m iy ao n dh ah r* aa k,y uw w er g ow ih ng t uw l iy v ae f t er y uw s ao m iy aa n dh ah r aa k,y uw w er g ow ih ng t uw l iy v* ae f t r* y uw s ao m iy aa n dh ah r* aa k
582,hh er b y uw ah f ah l hh eh r w ah z d ah n ah p ih n sh ay n ih ng k oy l s,hh er b y uw t ah f ah l hh eh r w ah z d ah n ah p ih n sh ay n ih ng k oy l z,hh er b y uw t ah f ah l hh eh r* w ah z d ah n ah p ih n sh ay n ih ng k oy l s
583,sh uw ih ng p ey n s p ae s l ay k f l ae sh ah s ah f eh l eh k r ah s ah iy th r uw hh ih z b ao d iy,sh uw t ih ng p ey n z p ae s t l ay k f l ae sh ih z ah v ih l eh k t r ih s ah t iy th r uw hh ih z b aa d iy,sh uw t ih ng p ey n s p aa s t l ay k f l ae sh ih s ah f eh l eh k t r ih s ah t iy th r* uw hh ih z b ao d iy
584,w iy s ao y uh r* l ay ah n d ao y uw w uw n m ay n d ah k ao l,w iy s ao y uh r l ay t ah n d th ao t y uw w uh d ah n t m ay n d ah k ao l,w* iy s ao y uh r l ay t ah n d th ao t y uw w uh n t m ay n d ah k ao l
585,s w ih f l iy hh ih s ay s m eh zh er d dh ah s ih ch uw ih sh ah n,s w ih f t l iy hh ih z ay z m eh zh er d dh ah s ih ch uw ey sh ah n,s w ih f t l* iy hh ih z ay z m eh zh er d dh ah s ih ch uw ey sh ah n
586,ih w ah s b iy ih ng ae n d v ey t* ih ng ih n dh ah ae m b uh sh ah v dh ow s b l ae k p ih s,ih t w ah z b iy t ih ng ae n d w ey t ih ng ih n dh ah ae m b uh sh ah v dh ow z b l ae k p ih t s,ih t w* ah z b iy t* ih ng ae n d w* ey t* ih ng ih n dh ah ae m b uh sh ah v dh ow z b l ae k p ih t* s
587,sh iy ow b eh d sh r ih ng k ih ng b ae k w ih dh dh ah b ey b iy ih n hh er r* aa m s,sh iy ow b ey d sh r ih ng k ih ng b ae k w ih dh dh ah b ey b iy ih n hh er aa r m z,sh iy ow b eh d sh r* ih ng k ih ng b ae k w ih dh dh ah b ey b iy ih n hh er aa m s
588,ih w ah z ow v er r* w eh n hh iy m eh d hh ih s v ey th r uw dh ah r* ih ng g ah v s p eh k eh ah r* s,ih t w ah z ow v er w eh n hh iy m ey d hh ih z w ey th r uw dh ah r ih ng v s p eh k t ey t er z,ih t w ah z ow er w eh n hh iy m eh d hh ih z w* ey th r* uw dh ah r* ih ng g f s p eh k t* ey t* r* s
589,hh iy ch ey n jh hh ih s s iy f r* ah s iy m er r* iy k l ay n ih ng ch eh r,hh iy ch ey n jh d hh ih z s iy t f er ah s t iy m er r ih k l ay n ih ng ch eh r,hh iy ch ey n jh hh ih z s iy t f r* ah s t iy m r* r ih k l ay n ih ng ch eh r*
590,d ah p l ae n er s aa r* ao l r eh d iy k aa n s ih d er ih ng dh ah m ae t* er,dh ah p l ae n t er z aa r ao l r eh d iy k ah n s ih d er ih ng dh ah m ae t er,dh ah p l ae n t* r* z aa r* ao l r* eh d* iy k aa n s ih dh r ih ng dh ah m ae t* r*
591,ih ih s ah g uh d p r aa p er iy ae n d w uh th m ao r dh ah n dh ae,ih t ih z ah g uh d p r aa p er t iy ae n d w er th m ao r dh ah n dh ae t,ih d ih s ah g uh d p r aa p ao t* iy ae n d w uh m ao r* dh ah n dh ae t
592,ae n d dh ih s w ah s dh eh r* s ow l k aa n v er z ey sh ah n th r* ow d dh ah m iy l,ae n d dh ih s w ah z dh eh r s ow l k aa n v er s ey sh ah n th r uw aw t dh ah m iy l,ae n dh ih s w ah z dh eh r* s ow l k aa n v* er z ey sh ah n th r* ah ow t dh ah m iy l
593,hh iy d ih d n aa b ih l iy v ih n dh ah b ah n ih ng ah v d ey l ay f er s ah ch ah l ah g zh er iy,hh iy d ih d n aa t b ih l iy v ih n dh ah b er n ih ng ah v d ey l ay t f r er s ah ch ah l ah g zh er iy,hh iy d ih d n aa d b ih l iy v* ih n dh ah b uh n ih ng ah v d ey l ay t* f r er s ah ch ah l ah g zh r* iy
594,ih n s eh d hh iy er ay v d aa n dh ah n ay ah v dh ah s eh k ah n d ey,ih n s t eh d hh iy er ay v d aa n dh ah n ay t ah v dh ah s eh k ah n d d ey,ih n s t ih d hh iy ah r* ay v* d aa n dh ah n* ay t ah v dh ah s eh k ah n d d ey
595,y iy l d y ao r s eh l f uw dh ah w ao er s dh ae ah r* r ih p ih ng ae n d eh r* ih ng ae y uw,y iy l d y er s eh l f t ah dh ah w ao t er z dh ah t er r ih p ih ng ae n d t ih r ih ng ae t y uw,y iy l* y er s eh l* f t ah dh ah w ao t* r* s dh ah t r* r* ih p ih ng ae n d t ih r* ih ng ae t y uw
596,d ah p ey n f r ah m m ay hh er n iy w ah s ae g ah n ay z ih ng,dh ah p ey n f r ah m m ay hh er t n iy w ah z ae g ah n ay z ih ng,dh ah p ey n f r ah m m ay hh er t n iy w ah s ae g ah n ay z ih ng
597,hh iy g ey v n ao r* iy z ah n b ah hh ih s m ow ih v w ao s ao b iy ah s ih n ah f,hh iy g ey v n ow r iy z ah n b ah t hh ih z m ow t ih v w ao z aa b v iy ah s ih n ah f,hh iy g eh v* n ow r iy z ah n b ah t* hh ih s m ow t* ih w ao s aa b v iy ah s ih n ah f
598,w iy er r* k uh k ih ng aa n dh ah k ow l s ow m ah n d aa n dh ah oy l b er n er s,w iy er k uh k ih ng aa n dh ah k ow l s t ow v ah n d aa n dh ah oy l b er n er z,w* iy er k uw k ih ng aa dh ah k ow l s t ow ah n d aa n dh ah ay l b uh n er s
599,f ao r d ah w eh n iy th ay m d ae iy v ah n ih ng d ah uw m eh n sh uh k hh ae n s,f ao r dh ah t w eh n t iy ih th t ay m dh ae t iy v n ih ng dh ah t uw m eh n sh uh k hh ae n z,f ao r d ah t w eh n t iy ih s t ay m d ae t iy v ah n ih ng d ah t uw m eh n sh uh k hh ae n s
600,w ih l* w iy eh v er f er g eh ih,w ih l w iy eh v er f er g eh t ih t,w ih l w iy eh v er f er g ae t ih t
601,g aa d b l eh s dh eh m ay hh ow p ay w l g ow ao n s iy ih ng d eh m f er eh v er,g aa d b l eh s eh m ay hh ow p ay l g ow ao n s iy ih ng dh eh m f er eh v er,g aa d b l eh s eh m ay hh ow p ay w ih l g ow ao n s iy ih ng d eh m f er eh v er
602,ae n d y uw ao l w ey z w aa n ah s iy ih ih n d ah s p ao l ah ih f d iy g r iy,ae n d y uw ao l w ey z w aa n t t ah s iy ih t ih n dh ah s uh p er l ah t ih v d ih g r iy,ae n d y uw ao l w ey z w aa n t t ah s iy ih t ih n dh ah s uh p ao l ah t ih f d ih g r iy
603,g ae y uh ao l eh er k ey m jh ah s ih n ay m,g ae d y ao r l eh t er k ey m jh ah s t ih n t ay m,g ae d y ao l eh t er k ey m jh ah s t ih n t ay m
604,ay m p l ey ih ng ah s ih ng g ah l hh ae n d ih n w ah l uh k s l ay k ah s l uw z ih ng g ey m,ay m p l ey ih ng ah s ih ng g ah l hh ae n d ih n w ah t l uh k s l ay k ah l uw z ih ng g ey m,ay m p l ey ih ng ah s ih ng g ah l hh ae n d ih n w ah t l uh k s l ay k ah l uw s ih ng g ey m
605,ih f ay eh v er n iy d ih d ah f ay er ih n m ay l ay f ay n iy d w ah n n aw,ih f ay eh v er n iy d ih d ah f ay t er ih n m ay l ay f ay n iy d w ah n n aw,iy f ay eh v er n iy d iy d ah f ay t ah ih n m ay l ay f ay n iy d w ah n n aa
606,hh iy w ah z ah hh eh d sh ao er dh ae n hh ih s k ah m p ae n y ah n ah v ao l m ow s d eh l ah k ah f iy s iy k,hh iy w ah z ah hh eh d sh ao r t er dh ae n hh ih z k ah m p ae n y ah n ah v ao l m ow s t d eh l ah k ah t f ah z iy k,hh iy w ah z ah hh ae d sh ao t ah d ae n hh ih s k ah m p ae n y ah n ah v ao l m ow s t d eh l ah k ah t f ah s ih k
607,dh eh r w ah s ah ch ey n jh n aw,dh eh r w ah z ah ch ey n jh n aw,d eh r w ah s ah ch ey n jh n aa
608,ay f aa l ow d ah l ay n ah v d ah p r ah p ao s ah r ey l r ow d l uh k ih ng f ao ch ae n s ih s,ay f aa l ow d dh ah l ay n ah v dh ah p r ah p ow z d r ey l r ow d l uh k ih ng f ao r ch ae n s ih z,ay f aa l ow d d ah l ay n ah p d ah p r ah p ow s r ey l r ow d l uh k ih ng f ao r ch ae n s ih s
609,k l ah b s ae n d b ao l s ae n d s iy iy s g r uw uw b iy ow n l iy m eh m er r iy s,k l ah b z ae n d b ao l z ae n d s ih t iy z g r uw t uw b iy ow n l iy m eh m ah r iy z,k l ah b s ae n d b ao l s ae n d s ih t iy s g r uw t uw b iy ow n l iy m eh m ow r iy s
610,ih f eh l iy k l ah b d m iy ih n uw r eh k ah g n ay z ih ng ih,ih t f eh r l iy k l ah b d m iy ih n t uw r eh k ah g n ay z ih ng ih t,ih t f eh l iy k l ah p t m iy ih n t uw r eh k ah g n ay s ih ng ih t
611,hh aa d ah l iy w er aw p l ey n s m ey d ah v p ah b l ih k b iy f ao w iy w ah m eh b ay p aw ah f ah l aa p ah jh ih sh ah n,hh aa r d l iy w er aw r p l ae n z m ey d p ah b l ih k b iy f ao r w iy w er m eh t b ay p aw er f ah l aa p ah z ih sh ah n,hh aa d ah l iy w er aw r p l ae n s m ey d ah p ao b l ih k b iy f ao w iy w ah m eh t b ay p aw p ah l aa p ah jh ih sh ah n
612,ah k aa m b ih n ey sh ah n ah v k ah n ey d iy ah n k ae p ah ah l k w ih k l iy ao g ah l ay jh d ae n d p ah ih sh ah n d f ao r d ah s ey m p r ih v ah l ih jh ih s,ah k aa m b ah n ey sh ah n ah v k ah n ey d iy ah n k ae p ah t ah l k w ih k l iy ao r g ah n ay z d ae n d p ah t ih sh ah n d f ao r dh ah s ey m p r ih v l ih jh ih z,ah k aa m b ih n ey sh ah n ah v k ah n ey d iy ah n k ae p ah t ah l k ih k ah l iy ao r g ah n ay s t ae n d p ih t ih sh ah n d f ao d ah s ey m p r ih v l ih jh ih s
613,iy w ah z m ay r iy p ao r s f r ah m dh ah n ao r th hh w ih ch ch iy f l iy ih n d uw s p iy p ah l uw b ay,ih t w ah z m ay r iy p ao r t s f r ah m dh ah n ao r th hh w ih ch ch iy f l iy ih n d uw s t p iy p ah l t uw b ay,ih t w ah z m ay r iy p ao r s f r ah m dh ah n ao s hh w ih ch ch iy f l iy ih n d uw s t p iy p ah l t uw b ay
614,ay w ah s ah b aw ah d uw d iy s w eh n k uw l ah jh ah jh m ah n p r iy v ey l d,ay w ah z ah b aw t t ah d uw dh ih s w eh n k uw l er jh ah jh m ah n t p r iy v ey l d,ay w ah s ah b aw t t ah d uw d iy s w eh n k uw l ah jh ah jh m ah n t p r iy v eh l d
615,ih ah k er d ah m iy d ae d eh r w uh d ah hh ae v ah b iy ah n ah k aw n ih ng,ih t ah k er d t ah m iy dh ae t dh eh r w uh d hh ae v t ah b iy ah n ah k aw n t ih ng,iy t ah k er d t ah m iy d ae t d eh r w uh d hh ae v t ah b iy ah n ah k aw n t ih ng
616,uw m ay s ah p r ay z hh iy b iy g ae n ah sh ow ae k ch uw ah l ih n th uw z iy ae s ah m ih n m ay f ey v er,t ah m ay s ah p r ay z hh iy b ih g ae n t ah sh ow ae k sh ah l ih n th uw z iy ae z ah m ih n m ay f ey v er,t ah m ay s p r ay s hh iy b ih g ae n t ah sh ow ae k sh ah l ih n th uw s iy ae s ah m ih n m ay f ey v er
617,r aa b er iy b r ay b er iy f r ao d,r aa b er iy b r ay b er iy f r ao d,r aa b er iy b r ay v er iy f r ow d
618,d eh r f ao r s ih s w er ao l eh d iy m uw b ih ng ih n uw d ah n ao th k ah n r iy,dh eh r f ao r s ih z w er ao l r eh d iy m uw v ih ng ih n t uw dh ah n ao r th k ah n t r iy,d eh f ao r s ih s w ao ao w ah l eh d iy m uw b ih ng ih n t uw d ah n ao th k aa n t r iy
619,ay hh ae d f ey th ih n d ae m,ay hh ae d f ey th ih n dh eh m,ay hh ae d f ey th ih n d eh m
620,dh ey w ah th r iy hh ah n d r ah d y aa r d s ah p aa r d,dh ey w er th r iy hh ah n d r ah d y aa r d z ah p aa r t,d ey w ah th r iy hh ah n d r ah d y aa r d s ah p err r t
621,s ih n s d eh n s ah m m ih s ih r iy ah s f ao r s s hh ae s b ih n f ay ih ng ah s ae eh v r iy s eh p,s ih n s dh eh n s ah m m ih s t ih r iy ah s f ao r s hh ae z b ih n f ay t ih ng ah s ae t eh v r iy s t eh p,s iy n s d eh n s ah m m iy s t ih r iy ah s f err r s hh ae s b ih n f ay t ih ng ah s ae t eh v r iy s t eh p
622,sh iy er n d ih n ae d ah hh ow eh l,sh iy t er n d ih n ae t dh ah hh ow t eh l,sh iy t er n t ih n ae t dh ah hh ow t eh l
623,ay w ah s dh iy ow n l iy w ah n hh uw r iy m ey n d s iy ih ng,ay w ah z dh iy ow n l iy w ah n hh uw r iy m ey n d s ih t ih ng,ay w ah s d iy ow n l iy w ah n hh uw r iy m ey n d s iy t ih ng
624,w iy w hh ae v ah w aa ch aw ch ae n s ih s,w iy l hh ae v t ah w aa ch aw r ch ae n s ih z,w iy l hh ae p t ah w aa ch aw ah ch ae n s ih s
625,d ah sh iy p s sh uh d b iy iy n w iy d iy n ah w iy k ao r eh n d ey s,dh ah sh ih p sh uh d b iy ih n w ih th ih n ah w iy k ao r t eh n d ey z,dh ah sh iy p sh uh d b iy ih n w ih th ih n ah w iy k ao r t eh n d ey s
626,ay s ah p ow s y uw w ah n d ah hh w ay sh iy iy s k ah m ih ng ah p hh iy r,ay s ah p ow z y uw w ah n d er w ay sh iy ih z k ah m ih ng ah p hh iy r,ay s p ow s y uw w aa n d ah w ay sh iy ih s k ah m ih ng ah p hh iy ah
627,m iy n w ay l aa l g ow aw uw b r iy dh ah s p eh l,m iy n w ay l ay l g ow aw t t ah b r iy dh ah s p eh l,m iy n w ay l ay l g ow aw t t ah b r iy t ah s p eh l
628,hh aw k uh d hh iy ih k s p l ey n hh ih s p ah z eh sh ah n ah v d ah s k eh ch,hh aw k uh d hh iy ih k s p l ey n hh ih z p ah z eh sh ah n ah v dh ah s k eh ch,hh aw k uh d ah hh iy ih k s p l ey n hh ih z p ah jh eh sh ah n ah v d ah s k eh ch
629,hh iy m uw v d ah w ey ae z k w ay ah l iy ae s hh iy hh ae d k ah m,hh iy m uw v d ah w ey ae z k w ay ah t l iy ae z hh iy hh ae d k ah m,hh iy m uw b d ah w ay ae z k ay ah t l iy ae z hh iy hh ae d k ah m
630,d ah g ow l f ey s hh ih m hh uh ay s sh ay n ih ng w ih d s ah d ah n f ih r,dh ah g er l f ey s t hh ih m hh er ay z sh ay n ih ng w ih dh s ah d ah n f ih r,d ah g ao l f ey s t ah hh iy m hh ao ay z sh ay n ih ng w ih t s ah d ah n f ih r
631,k l ow s b iy s ay d hh iy m g l iy m d d ah w ay f ae ng s ah v dh ah uw l f d ao g,k l ow s b iy s ay d hh ih m g l iy m d dh ah w ay t f ae ng z ah v dh ah w uh l f d ao g,k l ow s b iy s ay d hh iy m g l iy m d d ah w ay t f ae ng s ah f d ah uw l f d ao g
632,hh iy l uh k ae d ah hh ae ng k ah ch iy f m ao r k l ow s l iy,hh iy l uh k t ae t dh ah hh ae ng k er ch ih f m ao r k l ow s l iy,hh iy l uh k t ae t d ah hh ae ng k ah ch ih f m ao r k l ow s l iy
633,dh ah l ey s w aa z ah v ah d eh l ah k ah ay v r iy k aa l er f ey n l iy iy n ih d w ih d y eh l ow,dh ah l ey s w aa z ah v ah d eh l ah k ah t ay v r iy k ao l er f ey n t l iy t ih n t ih d w ih dh y eh l ow,dh ah l ey s w aa z ah v ah d eh l ah k ah t ay v r iy k aa l er f r ey n t l iy t ih n t ih d w ih dh y eh l ow
634,ih w ah s ah k y uh r iy ah s k ow ih n s ah d ah n s,ih t w ah z ah k y uh r iy ah s k ow ih n s ih d ah n s,ih err w ah z ah k y uh r iy ah s k ow ih n s ih d ah n s
635,s ah d ah n l iy hh iy z f ih ng g er s k l ow s ay l iy ao v d ah hh ae ng k ah ch iy f,s ah d ah n l iy hh ih z f ih ng g er z k l ow z d t ay t l iy ow v er dh ah hh ae ng k er ch ih f,s ah d ah n l iy hh ih z f ih ng g er z k l ao s d t ay t l iy ow v ah dh ah hh ae ng k er ch ih v
636,d eh r w ah s n ah th ih ng aa n dh ah aa k,dh eh r w ah z n ah th ih ng aa n dh ah r aa k,dh eh r w ah err n ah th ih ng aa n dh ah r aa k
637,ay k ey m f ao ih n f er m ey sh ah n m ao aw ah v k y uh r iy aa s ah iy d ae n eh n iy th ih ng eh l s,ay k ey m f ao r ih n f er m ey sh ah n m ao r aw t ah v k y uh r iy aa s ah t iy dh ae n eh n iy th ih ng eh l s,ay k eh m f ao ih n f ah m ey sh ah n m ao aw r ah v k y uh r* iy aa s ah t iy dh ae n eh n iy th ih ng eh l s
638,hh iy s ih m ae k y uw l ih ah p ih r ah n s w ah s g ao n,hh ih z ih m ae k y uw l ih t ah p ih r ah n s w ah z g ao n,hh ih z ih m ae k y uw l ih t ah p ih r ah n s w ah z g ao n
639,eh n iy w ey n ow w ah n s ao hh ao l ay k d ae,eh n iy w ey n ow w ah n s ao hh er l ay k dh ae t,eh n iy w ey n ow w ah n s ao hh ah l ay k dh ae t
640,ah m eh n s eh r d ih n uw ch ah d er s f ey s,dh ah m eh n s t eh r d ih n t uw iy ch ah dh er z f ey s,dh ah m eh n s t eh r d ih n t uw iy ch ah dh er s f ey s
641,y eh s iy w ah s ah m ae n hh uw ae s ah s r ey n jh er,y eh s ih t w ah z ah m ae n hh uw ae s t ah s t r ey n jh er,y eh s ih err w ah s ah m ae n hh uw ae s t ah s t r ey n jh er
642,d ah f ao r th ae n d f ih f th th d ey s p ae s w ih d aw eh n iy d ih v eh l ah p m ah n s,dh ah f ao r th ae n d f ih f th d ey z p ae s t w ih dh aw t eh n iy d ih v eh l ah p m ah n t s,dh ah f ah r th ae n d f ih f th d ey z p ae s t w ih d aw t eh n iy d ih v eh l ah m ah n t s
643,dh ey k l ow s n aw ah n ih l hh iy s f ih ng g er s w er l ay k k ao r s ah v s iy l,dh ey k l ow z d n aw ah n t ih l hh ih z f ih ng g er z w er l ay k k ao r d z ah v s t iy l,dh ey k l ao s n aw ah n t ih l hh ih z f ih ng g er z w ah l ay k ao r d z ah v s t ih l
644,sh uh r l iy ay w ih l ih k s k y uw s y uw sh iy k r ay d,sh uh r l iy ay w ah l ih k s k y uw z y uw sh iy k r ay d,sh uh ah l iy aa w ah l ih s k y ah z y uw sh iy k r ay d
645,w ah w ah sh d ah aa b jh eh k ah v y uh l ih ah l s eh n s ey sh ah n,w ah t w ah z dh ah aa b jh eh k t ah v y ao r l ih t ah l s eh n s ey sh ah n,w ao w ah z dh ah aa b jh eh k ah v y uh l ih r ah s eh n s ey sh ah n
646,d ah p r ow m ow er s ay s w ah hh ae v iy w ih d l ih ah l p ah f iy b ae k s ah n d er d eh m,dh ah p r ah m ow t er z ay z w er hh eh v iy w ih dh l ih t ah l p ah f iy b ae g z ah n d er dh eh m,dh ah p r ah m ow r er z ay z w eh hh ae v iy w ih dh l ih t ah l p ah f iy b ae k s ah n d er dh eh m
647,d eh r hh ae s b ih n ah ch ey n jh sh iy ih n er ah p ih d hh ih m,dh eh r hh ae z b ih n ah ch ey n jh sh iy ih n t er ah p t ih d hh ih m,dh eh r hh ae z b ih n ah ch ey n ch sh iy ih n t er ah t ih d hh iy m
648,d ah g r ey ay s f ao l er d d ah f l ah sh d iy p ah n d,dh ah g r ey ay z f aa l t er d dh ah f l ah sh d iy p ah n d,dh ah k r ey ay z f ao l t er d dh ah f l ah sh d iy p ah n d
649,iy iy s d ah f ay er p aa l iy sh iy s eh d,ih t ih z dh ah f ay er p aa r t l iy sh iy s eh d,ih err ih z dh ah f ay er p aa t l iy sh ih s eh d
650,d eh n ae n d ae s s ah p er hh iy r ay d ah f ae dh ah m hh er,dh eh n ae n d ae t s ah p er hh iy t r ay d t ah f ae dh ah m hh er,dh eh n ae n ae s ah p er hh iy t r ay t ah f ae dh ah m hh er
651,ih w ah z l aa r jh k ah n uw,ih t w ah z ah l aa r jh k ah n uw,ih err w ah z ah l aa r ch k ah n uw
652,w ah ih f sh iy d ih d n aa k ah m ah d ah r aa k,w ah t ih f sh iy d ih d n aa t k ah m t ah dh ah r aa k,w ah ih f sh iy d ih d n aa k ah m t ah dh ah r aa k
653,iy s f ey s w aa z s r iy m ih ng w ih d b l ah d,hh ih z f ey s w aa z s t r iy m ih ng w ih dh b l ah d,hh ih z f ey s w aa z s t r iy m ih ng w ih d b l ah d
654,ah r ih k ah l ah v f r eh sh b l ah d r ae n ao v hh ih s f ey s,ah t r ih k ah l ah v f r eh sh b l ah d r ae n ow v er hh ih z f ey s,ah t r iy k ah l ah v f r eh sh b l ah d r ae n ow v hh ih z f ey s
655,d eh s hh ae d ah k ah m w ih d eh r ah b ah l s ah d ah n n ah s,d eh th hh ae d k ah m w ih dh t eh r ah b ah l s ah d ah n n ah s,d eh s hh ae d k ah m w ih d t eh r ah b ah l s ah d ah n n ah s
656,hh iy m ey d sh uh r d ae d ah m ae g ah z iy n w aa z l ow d ih d ae n r iy z uw m d hh ih z p ae d ah l ih ng,hh iy m ey d sh uh r dh ae t dh ah m ae g ah z iy n w aa z l ow d ih d ae n d r iy z uw m d hh ih z p ae d ah l ih ng,hh iy m ey d sh uh r d ae t dh ah m ae g ah z iy n w aa z l ow d ih d ae n l iy z uw m d hh ih z p ae d ah l ih ng
657,dh ah n ay g l ow w aa s r eh ch er ah s uw sh uw b ay,dh ah n ay t g l ow w aa z t r eh ch er ah s t ah sh uw t b ay,dh ah n ay g l ow w aa z t r eh ch er ah s t uh sh uw t b ay
658,dh ah s ih ng ih ng v oy s ah p r ao sh r ae p ah d ah l iy,dh ah s ih ng ih ng v oy s ah p r ow ch t r ae p ah d l iy,dh ah s ih ng ih ng f oy s ah p r ao ch t r ae p ah d l iy
659,hh ih s b l ah d g r uw hh aa w ih d r ey jh ae d ah th ao,hh ih z b l ah d g r uw hh aa t w ih dh r ey jh ae t dh ah th ao t,hh ih z b l ah d g r uw hh aa t w ih t r ey zh ae t dh ah th ao t
660,hh iy w eh n d aw n ih n m ih d s r iy m s er ch ih ng d ah sh ae d ow s ah v b ow th sh ow er s,hh iy w eh n t d aw n ih n m ih d s r iy m s er ch ih ng dh ah sh ae d ow z ah v b ow th sh ao r z,hh iy w eh n d aw n ih n m ih d sh r iy m s er ch ih ng dh ah sh ae d ao z ah v b ow s sh err r z
661,f r ah f uh l m ih n ah hh iy k r aw ch ae n d l ih s ah n,f r ah f uh l m ih n ah t hh iy k r aw ch t ae n d l ih s ah n d,f er ah err uh l m ih n ah d hh iy k r aa ch t ae n l ih s ah n d
662,hh iy hh ae d b eh r l iy eh n er d d ih s w eh n hh iy s ow d ah g l ow ah v f ay r,hh iy hh ae d b eh r l iy eh n t er d dh ih s hh w eh n hh iy s ao dh ah g l ow ah v ah f ay er,hh iy hh ae d b eh err l iy eh n t er d ih s hh w eh n hh iy s ao dh ah k l ao ah v f ay er
663,ah b ih g k ae n v ah s eh n w ah s d ah f er s th ih ng ah k ah m w ih th ih n hh ih s v iy zh ah n,ah b ih g k ae n v ah s t eh n t w ah z dh ah f er s t th ih ng t ah k ah m w ih th ih n hh ih z v ih zh ah n,ah b ih k ae n v err s t eh n t w ah z dh ah f er err err th ih ng t ah k ah m w ih th ih n hh ih z v ih zh ah n
664,p er hh ae p s sh iy hh ae d ao l r eh d iy m eh hh ah f ey ah l ih ah l d iy p er ih n d ah f ao r ah s,p er hh ae p s sh iy hh ae d ao r eh d iy m eh t hh er f ey t ah l ih t ah l d iy p er ih n dh ah f ao r ah s t,p er hh ae p s sh iy hh ae d ao l eh d iy m eh hh er f ey t ah l ih t ah l d iy p er ih n dh ah f ao r iy s t
665,d eh n y uw k ae n er ey n jh y uh s eh l f k ah m f ah ah b l iy ah m ow ng d iy s r ow b s ih n d ah b ow,dh eh n y uw k ae n er ey n jh y uh r s eh l f k ah m f er t ah b l iy ah m ah ng dh iy z r ow b z ih n dh ah b ow,d eh n y uw k ae n er eh n jh y uh s eh l f k ah m f er t ah b l iy ah m ah ng d iy z r ow err s ih n dh ah b ao
666,sh ah l ay k eh r iy y uw,sh ae l ay k eh r iy y uw,sh ae r ay k eh r iy y uw
667,ah m ae d ah n ih ng jh oy p aw n d ih d ih n hh ih z b r ey n,ah m ae d ah n ih ng jh oy p aw n d ih d ih n hh ih z b r ey n,ah m ae d ah n ih ng jh oy p aw n d iy d ih n hh ih s b r ey n
668,y uw m ah s s l iy p hh iy er jh d,y uw m ah s t s l iy p hh iy er jh d,y uw m ah s s s l iy p hh iy er jh d
669,y uw y uw d n aa k iy p d ah r uw th f r ah m m iy,y uw y uw w uh d n aa t k iy p dh ah t r uw th f r ah m m iy,y uw y uw uh d n aa k ih d ah t r uw s f r ah m m iy
670,hh iy w ih l f aa l ow ah s s uw n,hh iy w ah l f aa l ow ah s s uw n,hh iy w ah l f aa l ao ah s s uh n
671,b ah d eh r k ey m n ow p r aa m ah s f r ah m dh ah b ow ah v d ah k ah n uw,b ah t dh eh r k ey m n ow p r aa m ah s f r ah m dh ah b ow ah v dh ah k ah n uw,b ah t eh r k eh m n ao p r aa m ah s f r ah m dh ah b ao ah v d ah k ah n uw
672,sh iy w ah z s l iy p ih ng ah n d ah hh ih z p r ow eh k sh ah n ae z s w iy n l iy ae z ah ch ay l d,sh iy w ah z s l iy p ih ng ah n d er hh ih z p r ah t eh k sh ah n ae z s w iy t l iy ae z ah ch ay l d,sh iy w ah z s l iy p ih ng ah n d er hh ih z p r ah t eh sh ah n ae z s w iy t l iy ae z ah ch ay l d
673,ow n l iy iy iy s s ow w ah n d er f ah l s ow ao l m ow s ih m p aa s ah b ah l uw b ih l iy v,ow n l iy ih t ih z s ow w ah n d er f ah l s ow ao l m ow s t ih m p aa s ah b ah l t uw b ih l iy v,ao n l iy ih t ih z s ao w ah n d ah f ah l s ow ao l m ao s t ih m p aa s ah b ah t uw b ih l err v
674,dh ah iy m ow sh ah n sh iy hh ae d s ah p r eh s b er s f ao r th n aw ih n ah ch ow k ih ng s ao b,dh ah iy m ow sh ah n w ih ch sh iy hh ae d s ah p r eh s t b er s t f ao r th n aw ih n ah ch ow k ih ng s aa b,dh ah iy m ao sh ah n w ih ch sh iy hh ae d s ah p r eh s t b er s t f ao r th n aw ih n ah ch ow k ih ng s aa b
675,ih f y uw ow n l iy k uh d n ow hh aw ay th ae ng k y uw,ih f y uw ow n l iy k uh d n ow hh aw ay th ae ng k y uw,ih f y uw ao n l iy k uh n ao hh aw ay th ae ng k y uw
676,hh iy w ey d ih d ih n uw d ah eh jh ah v d ah w ao er ae n d b iy g ae n s k r ah b ih ng hh ih m s eh l f,hh iy w ey d ih d ih n t uw dh ah eh jh ah v dh ah w ao t er ae n d b iy g ae n s k r ah b ih ng hh ih m s eh l f,hh iy w ey d iy d ih n t uw dh ah eh ih ah v dh ah w ao t er ae n d b iy g ae n s k r ah b ih ng hh ih m s eh l f
677,d uw y uw n ow d ae y uw ah sh ey k ih ng b ay k aa n f ah d ah n s ih n y uw,d uw y uw n ow dh ae t y uw aa r sh ey k ih ng m ay k aa n f ah d ah n s ih n y uw,d ih y uw n ao d ae t y uw aa sh ey k ih ng m ay k aa n f ah d ah n s ih n y uw
678,ih n s eh d hh iy jh oy n d hh er ae n d d ey ey l ay k uw hh ah ng g r iy ch ih l d r ah n,ih n s t eh d hh iy jh oy n d hh er ae n d dh ey ey t l ay k t uw hh ah ng g r iy ch ih l d r ah n,ih n s t eh d hh iy jh oy n d hh er ae n d ey ey t l ay t uw hh ah ng g r iy ch ih l d ah n
679,hh iy w aa z ow n d iy d ih n dh iy aa m,hh iy w ah z w uw n d ih d ih n dh iy aa r m,hh iy w ah z uw n d ih d ih n d iy aa r m
680,ay s ah p ow s y uw p iy k d ah l ih ng g ow ah p ah m ah ng d ah ih n d iy ah n s,ay s ah p ow z y uw p ih k t dh ae t l ih ng g ow ah p ah m ah ng dh iy ih n d iy ah n z,ay s ah p ow z y uw p iy k t dh ae t l ih ng g ow ah p ah m ah ng dh iy ih n d iy ah n z
681,hh iy hh ae d n ow ih k s k y uw s f ao d ah f iy l ih ng s w ih ch w er er aw s d ih n hh ih m,hh iy hh ae d n ow ih k s k y uw z f ao r dh ah f iy l ih ng z hh w ih ch w er er aw z d ih n hh ih m,hh iy hh ae d n ow ih k s k y uw z f ao r dh ah f iy l ih ng z hh w ih ch w er er aw z d ih n hh iy m
682,w ah z ih d ah r ae ng d ah v y uw ah v d ow s hh uw w ah s r ay v ih ng uw w er k hh ih z r uw ih n,w ah z ih t dh ah r aa n d ih v uw ah v dh ow z hh uw w er s t r ay v ih ng t uw w er k hh ih z r uw ih n,w ah z ih t dh ah r aa n d ih v uw ah v dh ao z hh uw w er s t r ay v ih ng t uw w er k hh ih z r uw ih n
683,sh iy ae d ih d w ih d ah jh ih n y uw ih ng s iy m p ah th iy ih n ah f ey s ae n d v oy s,sh iy ae d ih d w ih dh jh eh n y uw w ay n s ih m p ah th iy ih n hh er f ey s ae n d v oy s,sh iy ae d iy d w ih dh jh eh n y uw w ay n s ih m p ah th iy ih n hh er f ey s ae n d v oy s
684,m ay r ay f uh f iy l l ay k d ae ah v ah ch ay n iy s d eh p aa n,m ay r ay t f uh t f iy l z l ay k dh ae t ah v ah ch ay n iy z d eh b y ah t aa n t,m ay r ay t f uh t f iy l d l ay k dh ae t ah b ah ch ay n iy z d eh b y ah t aa n t
685,d ey ey d ih n er ae d ah f iy th ae n d r eh s ih d f ao r uw aw er s,dh ey ey t d ih n er ae t dh ah f ih th ae n d r eh s t ih d f ao r t uw aw er z,dh ey ey t d ih n er ae t dh ah f ih th ae n d r eh s t iy d f ao r t uw aw er z
686,uw y ih r s ah g ow ay g ey v ah p s ih v ah l ay zh ey sh ah n f ao d ih s,t uw y ih r z ah g ow ay g ey v ah p s ih v ah l ih z ey sh ah n f er dh ih s,t uw y ih r z ah g ow ay g ey v ah p s ih v ah l ih dh ey sh ah n f er dh ih s
687,sh iy hh ae d d ay d f r ah m k ow l d ae n d s aa r v ey sh ah n,sh iy hh ae d d ay d f r ah m k ow l d ae n d s t aa r v ey sh ah n,sh iy hh ae d ah d ay d f r ah m k ao l d ae n t s t aa v ey sh ah n
688,hh iy w aa s d iy er m ah n d n aw uw m ey n ey n ah m ao r s er ah n hh ow l d ah p aa n hh ih m s eh l f,hh iy w ah z d ih t er m ah n d n aw t uw m ey n t ey n ah m ao r s er t ah n hh ow l d ah p aa n hh ih m s eh l f,hh iy w ah s d ih t er m ah n d n aw t uw m ey n t ey n ah m ao s er t ah n hh ao l d ah p aa n hh ih m s eh l f
689,iy ch d ey sh iy b iy k ey m ah m ao f ay ah l p aa ah v hh ih m,iy ch d ey sh iy b ih k ey m ah m ao r v ay t ah l p aa r t ah v hh ih m,iy ch d ey sh iy b ih k ey m ah m ao r f ay t ah l p aa l t ah v hh ih m
690,iy w ah z ah eh m ey sh ah n b ah hh iy r iy jh ih s ih d ih,ih t w ah z ah t eh m t ey sh ah n b ah t hh iy r iy z ih s t ih d ih t,ih t w ah z ah t eh m t ey sh ih n b ah t hh iy r iy jh ih s t ih d ih t
691,dh ih s w ah n hh ow p w ao z d iy ih s r oy d ae z k w ih k l iy ae z ih w ao s b ao n,dh ih s w ah n hh ow p w aa z d ih s t r oy d ae z k w ih k l iy ae z ih t w ah z b ao r n,dh ih s w ah n hh ao p w aa z d ih s t r oy d ae z k w ih k l iy ae z ih t w ah z b ao r n
692,hh ah f ey s w ao z ah g eh s hh ih s b r eh s,hh er f ey s w ao z ah g eh n s t hh ih z b r eh s t,hh ah f ey s w ao z ah g eh n s t hh ih z b r eh s t
693,sh iy w ao s hh iy s n aw f er eh v er,sh iy w ao z hh ih z n aw f er eh v er,sh ih w ao z hh ih s n aw f er eh v er
694,p r aa v ah d ah n s hh ae d d ih l ih v ah d hh ih m th r uw dh ah m ey l s ow m,p r aa v ah d ah n s hh ae d d ih l ih v er d hh ih m th r uw dh ah m ey l s t r ah m,p r aa v ah d ah n s hh ae d ah d ih l ih v ah d hh ih m th err uw dh ah m eh l s t ao m
695,hh iy ow b ey d ah p r eh sh er ah v hh er hh ae n d,hh iy ow b ey d dh ah p r eh sh er ah v hh er hh ae n d,hh iy ao b ey dh ah err r eh sh er ah v ah hh er hh ae n d
696,ah b aw hh ih m eh v r iy w eh r w ah d ah eh v ah d ah n s ih s ah v l ah g zh er iy ae n ah v ey s,ah b aw t hh ih m eh v r iy w eh r w er dh ah eh v ah d ah n s ah z ah v l ah g zh er iy ae n d ah v ey jh,ah b aw t hh ih m eh v r iy w eh r w er dh ah eh v ah d ah n s iy z ah v l ah g zh er iy ae n d ah v ey jh
697,d eh n hh iy s eh p b ae k w ih d ah l ow k r ay ah v p l eh zh er,dh eh n hh iy s t eh p t b ae k w ih dh ah l ow k r ay ah v p l eh zh er,dh eh n hh iy s t eh p t b ae k w iy dh ah l ow k r ay ah v p l eh zh er
698,hh iy ow l d hh ih m s eh l f d ae ae z hh iy w aa sh hh ih m s eh l f ae n d k r uw m d hh ih s d ih sh eh v ah l d k l ow s,hh iy t ow l d hh ih m s eh l f dh ae t ae z hh iy w aa sh t hh ih m s eh l f ae n d g r uw m d hh ih z d ih sh eh v ah l d k l ow z,hh iy t ao l d hh ih m s eh l f d ae t ae z hh iy w aa sh t hh ih m s eh l f ae n k r uw m d hh ih s d ih sh eh v ah l t k l ao z
699,ow ay hh ae d f er g aa ah n hh iy ih k s k l ey m d,aa ay hh ae d f er g aa t ah n hh iy ih k s k l ey m d,aa ay hh ae t f ah g aa t ah n hh iy ih k s k l ey m d
700,b ah d eh r w ah s s ah m th ih ng iy v ah n m ao r s aa r l ih ng d ae n hh ih z r* iy s eh m b l ah n s,b ah t dh eh r w ah z s ah m th ih ng iy v ih n m ao r s t aa r t l ih ng dh ae n dh ih s r iy z eh m b l ah n s,b ah d eh r w r s s ah m t ih ng iy v ah m ao r s t aa t l ih ng d ae n hh ih s l iy err eh m b l ah n s
701,ay hh ae d ah b iy k eh r f ah l ah v d eh m ae z d ey er r v eh r iy iy z ah l iy,ay hh ae v t ih b iy k eh r f ah l ah v dh eh m ae z dh ey t eh r v eh r iy iy z ah l iy,ay hh ae t ih b iy k eh ah f ah l ah v dh eh m ae z d ey t eh r f eh err iy iy z ah l iy
702,n aw d iy s ih ng s hh ae d b ih n s r ah k d eh d w ih d ih n hh ih m,n aw dh iy z th ih ng z hh ae d b ih n s t r ah k d eh d w ih th ih n hh ih m,n aw d iy s t ih n z hh ae d ah b ih n s t r ah k d ae d w ih d ih n hh ih m
703,ah l ow b uh sh w iy p hh ih m ih n hh ih s f ey s ae n d l eh f n ow s iy m,l ow b uh sh w ih p t hh ih m ih n dh iy f ey s ae n d l eh f t n ow s t ih ng,ah l ao p uh sh w ih p t hh ih m ih hh ih s f ey s ae n l eh f t ah n ao s t ih ng
704,eh v r iy b ow n ih n hh er ey jh d b aa d iy s iy m d b r ow k ah n ao r d ih s l ow k ey ih d,eh v r iy b ow n ih n hh er ey s d b aa d iy s iy m d b r ow k ah n ao r d ih s l ow k ey t ih d,eh v r iy b ao n ih n hh er ey s d b aa d iy s iy m d ah p r ao k ah n ao r t ih s l ao k eh t ih d
705,ih w ah s n aa ah l aa jh l ey k ah n d ao m ow s uw w aw n d,ih t w ah z n aa t ah l aa r jh l ey k ah n d ao l m ow s t r aw n d,ih w ah s n aa r ah l aa ch l ey k ah n ao l m ao s r w aa n d
706,ay n eh v ah ah l aw w ah k ae n b iy ch ey n jh d ah n oy m iy,ay n eh v er ah l aw w ah t k ae n t b iy ch ey n jh d t uw ah n oy m iy,ay n eh v ah ah l aw w ah t k ae m b iy ch eh n ch t uw n oy m iy
707,s ow k ih n s iy w ao er dh ey ao f s eh dh ah hh iy r ey s,s ow k t ih n s iy w ao t er dh ey ao f s eh t dh ah hh iy t r ey z,s ao k t ih n s iy w ao t er d eh ao f s eh dh ah hh ih t r ey s
708,n ow b aa d iy n y uw hh iy s hh ih s ao r iy d ey ah v d ah jh eh n ay l l iy s ah v ao l,n ow b aa d iy n y uw hh ih z hh ih s t er iy dh ey ah v dh ah hh uh n t ah l iy s t ah v ao l,n ao b aa d iy n y uw hh ih z hh ih s t er iy d ey ah v d ah err uh n t ah l ih s t ah v ao
709,n aw p l iy z g ih v ah p l ey n s ey m ah n ah v w ah ah k er d,n aw p l iy z g ih v ah p l ey n s t ey t m ah n t ah v hh w ah t ah k er d,n aw p l iy z g ih v ah p l eh n s t ey m ah n ah f w ah d ah k er d
710,y uw k ah n ey k ah s v ey k ey sh ah n ao m p ey,y uw k ah n t ey k ah v ey k ey sh ah n ao n p ey,y uw k ah n t ey k ah s f ey k eh sh ah n ao m p ey
711,b ah d ey m ey dh ah m ih s ey k ah b ih g n ao r ih ng d eh r ow n d y uw ah l iy,b ah t dh ey m ey k dh ah m ih s t ey k ah v ih g n ao r ih ng dh eh r ow n d uw ae l ah t iy,b ah d ey m ey t ah m ih s t ey k y ah v ih g n ao r ih ng d eh r ao n d y uw ah l t iy
712,sh iy w ao s r ay ih ng ah p ae s d ah ey p r ah n s r ih ng er aw n d hh ih m,sh iy w ah z t r ay ih ng t ah p ae s dh ah ey p r ah n s t r ih ng er aw n d hh ih m,sh ih w ah sh t r ay ih ng t ah p ae s d ah ey p r ah n s t r ih ng r aa n d hh ih m
713,w iy hh ae v p l eh n iy ah v k ae p ah ah l aw s eh l v s ae n d y eh w iy w aa n m ao r,w iy hh ae v p l eh n t iy ah v k ae p ih t ah l aa r s eh l v z ae n d y eh t w iy w aa n t m ao r,w iy hh ae v p l eh n t iy ah v k ae p ih t ah l aw s eh l v z ae n d y eh t w iy w aa n m ao r
714,d iy s r uw m er s m ey iy v ah n er ih jh ah n ey w ih d ah s,dh iy z r uw m er z m ey iy v ih n er ih jh ah n ey t w ih dh ah s,d iy z r uw m er z m ey iy v ih n er ih zh ah n eh t w ih d ah ah s
715,ih n p aa r n ah sh iy p w ih d d ey l ay d ah p eh r r ey d iy d ah s ah n hh uw s ey ih n ah er b ah n,ih n p aa r t n er sh ih p w ih dh d ey l ay t dh ah p eh r r ey d ih d dh ah s ae n hh ow z ey ih n t er er b ah n,ih n p aa r t n ah sh ih p w ih d eh l ay d ah p eh r r ey d ih d ah s ah n hh ao s ey ih n t ah er b ah n
716,d ah p uh ch er s ae n d m ih d k ao er s r* iy f y uw s d ah hh ae n d ah l m iy d d ah ih n d f ow ah n d f eh r r eh s r aa n s,dh ah b uh ch er z ae n d m iy t k ah t er z r ih f y uw z d t ah hh ae n d ah l m iy t d eh s t ih n d f ao r ah n f eh r r eh s t r aa n t s,d ah p uh ch er s ae n m iy t k ah t er s l ih f y uw s t ah hh ae n d ah l m iy t d eh s t ih n d f ao ah n f eh r r eh s t r aa n t s
717,d ae s w ay iy s b aw n d er iy s aa ao l k aw ch ae n d jh ae g ah d,dh ae t s w ay ih t s b aw n d er iy z aa r ao l g aw jh d ae n d jh ae g d,d ae t s w ay ih t s b aa n d er iy z aa ao l g aw ch d ae n ch ae g ih d
718,hh aw ow l d aa y uw d eh d iy,hh aw ow l d aa r y uw d ae d iy,hh aw ao l d aa y uw d ae d iy
719,d ah f aa r m er w er k s d ah s ow l ae n p r ah d uw s ih s k r ey n,dh ah f aa r m er w er k s dh ah s oy l ae n d p r ah d uw s ih z g r ey n,d ah f aa m er w ah k s d ah s ao l ae n p r ah d uw s ih z k r ey n
720,d iy ae d ih d w ey hh ae d ah v ah l ah s iy ah v f ih f iy n m ay l s p ah aw er,dh iy ae d ih d w ey t hh ae d ah v ah l aa s ah t iy ah v f ih f t iy n m ay l z p er aw er,t iy ae d ih d w ey t hh ae d ah f ah l aa s ah t iy ah f f ih f t iy n m aa l s p ah aw er
721,y uw l iy v ao n ah n ih ng k ah m w ih ch y ao f aa dh er aa n d,y uw l ih v ao n ah n ih n k ah m w ih ch y uh r f aa dh er er n d,y uw l ih v ao n ah n ih n k ah m w ih ch y uh f aa d er r ah n d
722,hh ih z aw s r eh ch aa r m r aa p uw hh ih s s ay d ae n hh iy p ao s d,hh ih z aw t s t r eh ch t aa r m d r aa p t t uw hh ih z s ay d ae n d hh iy p ao z d,hh ih z ah aa s t r eh ch t aa r m d r aa p t t uw hh ih z s ay d ae n hh iy p ao z d
723,hh iy b ao r n ow k r ah jh ih s ae n d hh ae d f y uw ae n ah m iy s,hh iy b ao r n ow g r ah jh ih z ae n d hh ae d f y uw eh n ah m iy z,hh iy b ao r n ow k r ah jh ih z ae n hh ae d f y uw ae n ah m iy z
724,w iy d aw ah d aw s ah m ah v d eh m hh ae v d ih n er eh n g ey jh m ah n s,w ih dh aw t ah d aw t s ah m ah v dh eh m hh ae v d ih n er eh n g ey jh m ah n t s,w ih d aw t ah d aw t s ah m ah v d eh m hh ae v d ih n er ih n g ey zh m ah n t s
725,hh iy z s l ih m hh ae n s k r ih p dh iy eh jh iy ah v dh ah ey b ah l,hh ih z s l ih m hh ae n z g r ih p t dh iy eh jh ih z ah v dh ah t ey b ah l,hh ih s s l ih m hh ae n z k r ih p t t iy eh zh ih ah v d ah t ey b ah l
726,ih f ay w ah s aw ah v d ah g ey m ih uh d b iy iy z ah l iy m ey d,ih f ay w ah z aw t ah v dh ah g ey m ih t w uh d b iy iy z ah l iy m ey d,ih f ay w ah z ah aw t ah v d ah g eh m ih t uh d b iy iy z ah l iy m ey d
727,s ah p ow z y uw s ao m iy ae w er k th r uw dh ah w ih n d ow,s ah p ow z y uw s ao m iy ae t w er k th r uw dh ah w ih n d ow,s ah p ao z y uw s ao m iy ae t ah w er k th r uw d ah w ih n d ao
728,ow n l iy d ah ch ae n s s aw n d hh ae d ah l eh d hh ih m uw ah b jh er v d eh m,ow n l iy dh ah ch ae n s s aw n d hh ae d l eh d ih m t uw ah b z er v dh eh m,ao n l iy d ah ch ae n s s aa n d hh ae d l eh d ih m t uw ah b jh er v d eh m
729,f ao r ah f uw l m ih n ah d ah uw m eh n s eh r d iy n uw iy ch ah d er s f ey s,f ao r ah f uh l m ih n ah t dh ah t uw m eh n s t eh r d ih n t uw iy ch ah dh er z f ey s,f ah r ah f uh m ih n ih t t ah t uw m eh n s t eh r d ih n t uw iy ch ah d er z f ey s
730,ih uh k hh ih m hh ae f ah n aw er uw r iy ch dh iy eh jh ah v iy,ih t t uh k ih m hh ae f ah n aw er t uw r iy ch dh iy eh jh ah v ih t,ih t t uh k ih m hh ae f ah n aw er t uw r iy ch dh iy eh jh ah v iy t
731,aw s ay d er z aa ah l aw d f ay v m ih n ah s s p iy ch iy s d ah s ih k m ae n er jh d,aw t s ay d er z aa r ah l aw d f ay v m ih n ah t s p iy ch ih z dh ah s ih k m ae n er jh d,aa s ay d er z aa ah l aa d f ay v m ih n ah s p iy ch ih s d ah s ih k m ae n er zh d
732,d ah p l ae n er z aa ao l r eh d iy k ah n s ih d er ih ng d ah m ae er,dh ah p l ae n t er z aa r ao l r eh d iy k ah n s ih d er ih ng dh ah m ae t er,d ah p l ae n t er z aa ao l eh d iy k ah n s ih d er ih ng d ah m ae t er
733,ay ao l s ow ah n d ah s ae n d ae s s ih m ah l ah b r ae n ch ih ao g ah n ay jh ey sh ah n s hh ae d m ey d d eh r ah p ih r ah n s ih n y uw r ah p,ay ao l s ow ah n d er s t ae n d dh ae t s ih m ah l er b r ae n ch ao r g ah n ah z ey sh ah n z hh ae d m ey d dh eh r ah p ih r ah n s ih n y uh r ah p,ay ao l s ao ah n d ah s t ae n d ae s s ih m ah l ah p r ae n ch ao g ah n ay jh eh sh ah n z hh ae d m ey d d eh r ah p ih r ah n s ih n y uh r ah
734,ih ih s ah g uh d p r aa p ah iy ae n d w er s m ao dh ae n d ae,ih t ih z ah g uh d p r aa p er t iy ae n d w er th m ao r dh ae n dh ae t,ih t ih z ah k uh p r aa p ah t iy ae n w er s m ao d ae n d ae t
735,d ah p r eh z ah d ah n ah v d iy y uw n ay s ey s w ao z hh ih z f r eh n d,dh ah p r eh z ih d ah n t ah v dh iy y uw n ay t ih d s t ey t s w ao z hh ih z f r eh n d,t ah p r eh z ih d ah n ah v d iy y uw n ay ih s t eh s w ao z ah hh ih z f r eh n d
736,d ah f eh r* iy th ao ah v d ah eh f er ah s w ih m ao v er w ao s n n ao zh iy ey ih ng,dh ah v eh r iy th ao t ah v dh ah eh f er t t ih s w ih m ow v er w ao z n ao zh iy ey t ih ng,d ah f eh r iy th ao t ah v d ah ae f er t ih s w ih m ao v er w ao z n ao z iy eh t ih ng
737,ae n d n aw p uh y uh s eh l f ih n m ay p l ey s f er ah m ow m ah n,ae n d n aw p uh t y er s eh l f ih n m ay p l ey s f r er ah m ow m ah n t,ae n n aw p uh t y ah s eh l f ih n m ay p l ey s f er ah m ao m ah n t
738,hh ih z p r eh v iy ah s w ay v s hh ae d n eh v er l ih v d l ao ng ih n ah f b eh r hh ih m ch ih l d r ah n,hh ih z p r iy v iy ah s w ay v z hh ae d n eh v er l ih v d l ao ng ih n ah f t ih b eh r hh ih m ch ih l d r ah n,hh ih z p r eh v iy ah s w ay v s hh ae d n eh v er l ih v d l ao ng ih n ah f t ih b eh r hh ih m ch ih l d r ah n
739,ae n d d ih s w ah s d eh s ow l k aa n v er s ey sh ah n th r uw aw dh ah m iy l,ae n d dh ih s w ah z dh eh r s ow l k aa n v er s ey sh ah n th r uw aw t dh ah m iy l,ae n d ih s w ah zh d eh ah s ao l k ao n v er s ey sh ah n th r uw aa d ah m iy l
740,d ah r ah g r eh ih n hh ih s v oy s w aa z p r ah v ao k ah ih v ah v ah s eh k ah n b er s ah v l ae f er,dh ah r ih g r eh t ih n hh ih z v oy s w ah z p r ow v aa k ah t ih v ah v ah s eh k ah n b er s t ah v l ae f t er,d ah r ih g r eh t ih n hh ih z f oy s w ah z p r ao v ao k ah t iy v ah v ah s eh k ah n b er s t ah v l ae f t er
741,iy ch ih m p r uw v m ah n m ey k s d ah v ae l y uw ah v eh v r iy th ih ng eh l s p ah m p ah p,iy ch ih m p r uw v m ah n t m ey k s dh ah v ae l y uw ah v eh v r iy th ih ng eh l s p ah m p ah p,iy ch ih m p r uw v m ah n t m ey k s d ah f ae l y uw ah v eh v r iy th ih ng eh l s p ah m p ah
742,d eh r w er s p r aa p er d ih v iy zh ah n ah v l ey b er ih n d ah w er k d ey ih n d ih v ih zh uw ah l iy p er f ao m d,dh eh r w ah z p r aa p er d ih v ih zh ah n ah v l ey b er ih n dh ah w er k dh ey ih n d ih v ih jh ah l iy p er f ao r m d,d eh r w err s p r aa p er d ih v ih zh ah n ah v l ey v er ih n d ah w er k d ey ih n d ih v ih zh ah l iy p er f ao m d
743,m ay ay d iy ah w ao z d ae hh iy w uh d hh ae v m ao r ih n f l uw ah n s ow v er d ah n ey ih v s,m ay ay d iy ah w ao z dh ae t hh iy w uh d hh ae v m ao r ih n f l uw ah n s ow v er dh ah n ey t ih v z,m ay ay d iy ah w ao z d ae t hh iy uh d ah hh ae v m ao r ih n f l uw ah n s ao v er dh ah n ey t ih v s
744,d eh r w er ao r ih n jh g r iy n g ow l d g r iy n ae n d ah k aa p ah g r iy n,dh eh r w er ao r ih n jh g r iy n g ow l d g r iy n ae n d ah k aa p er g r iy n,d eh r w ah ao r ih n ch g r iy n k ao l d k r iy n ae n d ah k aa p ah g r iy n
745,v eh r* iy p y uw p iy f ah l n y uw ah v d iy ih g z ih s ah n s ah v d ih s l ao,v eh r iy f y uw p iy p ah l n y uw ah v dh iy ih g z ih s t ah n s ah v dh ih s l ao,f eh r iy f y uw f iy f ah l n y uw ah v d iy ih g z ih s t ah n s ah v d ih s l ao
746,dh ah s eh n s ah v s r ey n jh v eh jh ah ey sh ah n b l uw ao f dh ah r aa p ih k l ae n d,dh ah s eh n t s ah v s t r ey n jh v eh jh ah t ey sh ah n b l uw ao f dh ah t r aa p ih k l ae n d,t ah s eh n t s ah v s t r eh n jh v eh zh ah t eh sh ah n p l uh ao f t ah t r aa p ih l ae n d
747,b ah d eh r w ah s ow ao l s ow ao k ah f w ih ch k r ae f ih n dh ah v ih l ih jh,b ah t dh eh r w ah z ao l s ow t ao k ah v w ih ch k r ae f t ih n dh ah v ih l ih jh,b ah t eh r w ah z ao l s ao t ao k ah v w ih ch k r ae f t ih n d ah v ih l ih zh
748,hh iy hh ae d ah b ih g ch ih m p ae n z iy d eh r w ah z ah w ih n er,hh iy hh ae d ah b ih g ch ih m p ae n z iy dh ah t w ah z ah w ih n er,hh iy ae d ah b ih g ch ih m p ae n z iy d ah w ah z ah w ih n er
749,f ao r dh ah w eh n iy ah th ay m d ae iy v n ih ng d ah uw m eh n sh ao k hh ae n d s,f ao r dh ah t w eh n iy ah th t ay m dh ae t iy v n ih ng dh ah t uw m eh n sh uh k hh ae n d z,f ao r dh ih t w eh n iy ah th t ay m d ae t iy v n ih ng ah d ah t uw m eh n sh ao k hh ae n d s
750,w ih w w iy eh v er f ao r g eh ih,w ah l w iy eh v er f ao r g eh t ih t,w ah l w iy eh v er f ao r g eh t ih t
751,g aa d ah b l eh s d eh m ay hh ow p ay w g ow ao n s iy ih ng g dh eh m f er eh v er,g aa d b l eh s eh m ay hh ow p ay l g ow aa n s iy ih ng dh eh m f er eh v er,g aa d ah b l eh s d eh m ay hh ow p ay l g ow aa n s iy ih ng g dh eh m f er eh f er
752,ae n d y uw ao w iy z w aa n uw s iy ih ih n d iy s uh p er l ah ih v d ih g r iy,ae n d y uw ao l w iy z w aa n t t ih s iy ih t ih n dh iy s uh p er l ah t ih v d ih g r iy,ae n d y uw ao l w iy z w aa n t t ih s iy ih t ih n dh iy s uh p er l ah t ih v d ih g r iy
753,g aa d y uh r l eh er k ey m jh ah s ih n ay m,g ae d y uh r l eh t er k ey m jh ah s t ih n t ay m,g aa t y uh r l eh t er k ey m jh ah s ih n t ay m
754,ae m p l ey ih ng g ah s ih ng g ah l hh ae n d ih n w ah l uh k s l ay k ah l uw z ih ng g ey m,ay m p l ey ih ng ey s ih ng g ah l hh ae n d ih n w ah t l uh k s l ay k ah l uw z ih ng g ey m,ay m p l ey ih ng g ey s ih ng g ah l hh ae n t ih n w ah t l uh k s l ay k ah l uw z ih ng g ey m
755,ih f ay eh v er n iy d ih d ah f ay er ih n m ay l ay f ay n iy d w ah n n aw,ih f ay eh v er n iy d ih d ah f ay t er ih n m ay l ay f ay n iy d w ah n n aw,ih f ay eh v er n iy d ih d ah f ay t er ih n m ay l ay f ay n iy d w ah n n aw
756,hh iy w ah z ah hh eh sh ao r er d ae n hh ih s k ah m p ae n y ah n ah v ao l m ow s d eh l ah k ah ah f ih z ih k,hh iy w ah z ah hh eh d sh ao r t er dh ae n hh ih z k ah m p ae n y ah n ah v ao l m ow s t d eh l ah k ah t f ah z iy k,hh iy w ah z ah hh eh* d sh ao r t er d ae n hh ih s k ah m p* ae n y ah n ah v ao l m ow s t d eh l ah k ah t ah f ah z ih k
757,d eh r w ah s ah ch ey n jh n aw,dh eh r w ah z ah ch ey n jh n aw,d eh r w ah s ah ch ey n ch n aw
758,ay f ao l ow d d ah l ay n ah v dh ah p r ah p ow s d r ey l r ow d l uh k ih ng f ao r ch ae n s ih s,ay f aa l ow d dh ah l ay n ah v dh ah p r ah p ow z d r ey l r ow d l uh k ih ng f ao r ch ae n s ih z,ay f ao l ow d d ah l ay n ah v dh ah p r ah p ow z t r ey r ow t l uh k ih ng g f ao r ch ae n s ih s
759,k l ah b s ae n d b ow l s ae n s ih iy s g r uw uw b iy ow ng l iy m ah m y er s,k l ah b z ae n d b ao l z ae n d s ih t iy z g r uw t ah b iy ow n l iy m eh m er iy z,k l ah p s ae n d b ao l s ae n d s ih t iy s g r uw t ah b iy ow n l iy m ah m er iy s
760,ih f eh r l iy k l ah b d m iy ih n uw r ih g n ay z ih ng g ih,ih t f eh r l iy k l ah b d m iy ih n t uw r eh k ah g n ay z ih ng ih t,ih t f eh r l iy k l ah p m iy ih n t uw r eh k ah g n ay s ih ng ih t
761,hh aa r d l iy w er aw r p l ae n s m ey d p ah b l ih k b iy f ao r w iy w er er b ih b ay p aw er f ah l aa p ah s ih sh ah n,hh aa r d l iy w er aw er p l ae n z m ey d p ah b l ih k b iy f ao r w iy w er m eh t b ay p aw er f ah l aa p ah z ih sh ah n,hh aa r d l iy w er aw er* p l ae n s m ey d p ah b l ih k b iy f ao r w iy w er b eh t b ay b aw er* f ah l aa p ah s ih sh ah n
762,ey k aa m p ah n ey sh ah n ah v k ah n ey d iy ah n k ae p ih ah l k w ih k l iy ao r g ah n ay s d ae n d p ah ih sh ah n d f ao r dh ah s ey m p r ih v ah l ah jh s,ey k aa m b ah n ey sh ah n ah v k ah n ey d iy ah n k ae p ih t ah l k w ih k l iy ao r g ah n ay z d ae n d p ah t ih sh ah n d f ao r dh ah s ey m p r ih v ih l ah jh ah z,ey k aa m p ah n ey sh ah n ah v k ah n ey d iy ah n k ae p ih t ah l k w ih k l iy ao r g ah n ay z d ae n d p ah t ih sh ah n d f ao r d ah s ey m p r eh v ih l ah ch s
763,ih w ao s m ay r ah b er d s f r ah m d ah n ao r th w ih ch iy f l iy ih n d uw s p iy p ah l uw b ay,ih t w ao z m ay r ih p ao r t s f r ah m dh ah n ao r th hh w ih ch ch iy f l iy ih n d uw s t p iy p ah l t uw b ay,eh t w ao s m ay r ih b ah r t s f r ah m d ah n ao r th hh w ih ch iy f l iy ih n d uw s t p* iy p ah l t uw b ay
764,ay w ah z ah b aw uw d uw d ih s w ih n k uw l jh ah jh m ah n p r iy v ey l d,ay w ah z ah b aw t t uw d uw dh ih s w ih n k uw l er jh ah jh m ah n t p r ih v ey l d,ay w ah s ah b aw t t uw d uw d ih s w ih n k uw l er jh ah jh m ah n t p r ih v ae l t
765,ih ah k er d ah m iy d ae d eh r w uh d hh ae f uw b iy ae n ah k aw n ih ng k,ih t ah k er d t uw m iy dh ae t dh eh r w uh d hh ae v t ih b iy ae n ah k aw n t ih ng,ih t ah k er d t uw m iy d ae t d eh r w uh d hh ae f t ih b iy ae n ah k aw n t ih ng k
766,uw m ay s er p r ay s hh iy b iy g ae n uw sh ow ae k ch uw ah l ih n th uw s iy ae z m ih n m ay f ey v er,t uw m ay s er p r ay z hh iy b iy g ae n t ih sh ow ae k ch ah w ah l ih n th uw z iy ae z ah m ih n m ay f ey v er,t uw m ay s er p r ay s hh iy b iy g ae n t ih sh ow ae k ch ah w ah l ih n th uw s iy eh s ah m ih n m ay f ey v er
767,r aa b er iy b r ay b er iy f r ow,r aa b er iy b r ay b er iy f r ao d,r aa b er iy p r ay p er iy f r ow d
768,d eh r f ao r s ih s w er ao r eh d iy m uw v ih ng k ih n uw dh ah n ao r k ah n r iy,dh eh r f ao r s ih z w er ao r eh d iy m uw v ih ng ih n t uw dh ah n ao r th k ah n t r iy,d eh r f ao r s ih s w er* ao r eh d iy m uw v ih ng g ih n t uw dh ah n ao r th k aa n t r iy
769,ay hh ae d f ey th ih n dh ae m,ay hh ae d f ey th ih n dh eh m,ay hh ae d f ey th ih n dh eh m
770,d eh r w er th r iy hh ah n d r ah d y aa r d s ah p aa r,dh ey w er th r iy hh ah n d r ih d y aa r d z ah p aa r t,d ey w er th r iy hh ah n d r ih d y aa r d s ah p aa r t
771,s ih n s dh eh n s ah m m ih s uw r s f ao r s hh ae z b ih n f ay ih ng k ah s ae eh v r iy s eh,s ih n s dh eh n s ah m m ih s t ih r iy ah s f ao r s hh ae z b ih n f ay t ih ng ah s ae t eh v r iy s t eh p,s ih n s d eh n s ah m m ih s t ih r iy ah s f ao r s hh ae s b ih n f ay t ih ng g ah s ae t eh v r iy s t eh p
772,sh iy er n d ih n ae d ah hh ao eh l,sh iy t er n d ih n ae t dh ah hh ow t eh l,sh iy t er n d ih n ae t dh ah hh ao t eh l
773,ay w ah z dh iy ow n l iy w ah n hh uw r iy m ey n d s ih ih ng k,ay w ah z dh iy ow n l iy w ah n hh uw r iy m ey n d s ih t ih ng,ay w ah s d iy ow n l iy w ah n hh uw r iy m ey n d s ih t ih ng k
774,w ih l hh ae f uw w ao ch aw r ch ae n s ih s,w ih l hh ae v t ah w ao ch aw er ch ae n s ih z,w ih l hh ae v t ah w ow* ch aw er ch ae n s ih s
775,dh ah sh ih p sh uh d b iy ae n w ih dh ih n ah w iy k ao r uw n d ey z,dh ah sh ih p sh uh d b iy ih n w ih dh ih n ah w iy k ao r t eh n d ey z,d ah sh ih p sh uh d b iy eh n w ih dh ih n ah w iy k ao r t eh n d ey s
776,ay s ah b ow s y uw w ah n d er w ay sh iy ih s k ah m ih ng k ah p hh iy r,ay s ah p ow z y uw w ah n d er w ay sh iy ih z k ah m ih ng ah p hh iy r,ay s ah b ow z y uw w ah n d er w ay sh iy ih s k ah m ih ng g ah p hh iy r
777,m iy n w ay l ay g ow aw uw b r iy dh ah s p eh l,m iy n w ay l ay l g ow aw t t uw b r iy dh ah s p eh l,m iy n w ay l ay l g ow aw t t uw b r iy dh ah s p eh l
778,hh aw k uh d hh iy ih k s ah p l ey n hh ih s p ah z eh sh ah n ah v dh ah s k eh ch,hh aw k uh d hh iy ih k s p l ey n hh ih z p ah z eh sh ah n ah v dh ah s k eh ch,hh aw k uh d hh iy ih k s ih p* l ey n hh iy s p ah z ih sh ah n ah v dh ah s k eh ch
779,hh iy m uw v d ah w ey ae s k w ay ah l iy ae z hh iy hh ae d s k ah m,hh iy m uw v d ah w ey ae z k w ay ah t l iy ae z hh iy hh ae d k ah m,hh iy m uw v d ah w ey ae s k w ay ah t l iy ae s hh iy hh ae t k ah m
780,d ah g er f ey s hh ih m hh er ay s sh ay n ih ng k w ih th s ah d ah n f ih r,dh iy g er l f ey s t hh ih m hh er ay z sh ay n ih ng w ih th s ah d ah n f ih r,d iy g er l f ey s t hh ih m hh er ay s sh ay n ih ng w ih th s ah d ah n f ih r
781,k l ow s b iy s ay d hh ih m k l iy n d dh ah w ay f ae ng k s ah v dh ah w uh l f d ah k,k l ow s b iy s ay d hh ih m g l iy m d dh ah w ay t f ae ng z ah v dh ah w uh l f d ao g,k l ow s b iy s ay d hh eh m g l iy n d d ah w ay t f ae ng s ah v dh ah w uh l f d ao k
782,hh iy l uh k ae dh iy hh ae ng k er ch iy f m ao r k l ow s l iy,hh iy l uh k t ae t dh iy hh ae ng k er ch iy f m ao r k l ow s l iy,hh iy l uh k t ae t d iy hh ae ng k er ch iy f m ao r k l ow s l iy
783,dh ah l ey s w ah z ah v ah d eh l ah k ah eh v er iy k ah l er f ey n l iy ih n ih d w ih dh y eh l ow,dh ah l ey s w ah z ah v ah d eh l ah k ah t ay v er iy k ah l er f ey n t l iy t ih n t ih d w ih dh y eh l ow,d ah l ey s w ah s ah v ah d eh l ah k ah t eh v er iy k ah l er f ey n t l iy t ih n t ih d w ih dh y ae l ow
784,ih w ah s ah k y uh r iy ah s k ow ih n s uw d ah n s,ih t w ah z ah k y uh r iy ah s k ow ih n s ih d ah n s,ih t w ah s ah k y uh r iy ah s k ow ih n s ih d ah n s
785,s ah d ah n l iy hh ih s f ih ng g er s k l ow k s ay l iy ow v er d iy hh ae ng k er ch iy f,s ah d ah n l iy hh ih z f ih ng g er z k l ow z d t ay t l iy ow v er dh iy hh ae ng k er ch ih f,s ah d ah n l iy hh ih s f ih ng g er s k l ow z d t ay t l iy ow v er dh iy hh ae ng k er ch ih f
786,d eh r w ah z n ah th ih ng k ao n dh ah r* aa k,dh eh r w ah z n ah th ih ng ao n dh ah r aa k,d eh r w ah z n ah th ih ng g ao n dh ah r aa k
787,ay k ey m f ao r ih n f er m ey sh ah n m ao r aw ah k y er s ah iy d ae n eh n iy th ih ng eh l s,ay k ey m f r er ih n f er m ey sh ah n m ao r aw t ah v k y uh r iy aa s ah t iy dh ae n eh n iy th ih ng eh l s,ay k ey m f r er ih n f er m ey sh ah n m ao r aw t ah v k y uh r iy ah s ah t iy d ae n eh n iy t ih ng eh l s
788,hh iy s ih m ae k y uw l ah ah p ih r ah n s w ah s g aa n,hh ih z ih m ae k y uw l ih t ah p ih r ah n s w ah z g ao n,hh ih s ih m ae k y uw l ih t ah p ih r ah n s w ah s g ao n
789,eh n iy w ey n ow w ah n s ow hh eh r l ay k d ae,eh n iy w ey n ow w ah n s ao hh er l ay k dh ae t,eh n iy w ey n ow w ah n s ao hh er* l ay k dh ae t
790,d ah m eh n s er r d ih n uw iy ch ah dh er s f ey s,dh ah m eh n s t eh r d ih n t uw iy ch ah dh er z f ey s,d ah m eh n s t ah r d ih n t uw iy ch ah dh er s f ey s
791,y eh s ih w ah z ah m ae n hh uw ae s k ah s r ey n jh er,y eh s ih t w ah z ah m ae n hh uw ae s t ah s t r ey n jh er,y eh s ih t w ah z ah m ae n hh uw ae s t ah s t r ey n jh er
792,d ah f ao r th ae n d f ih f d ey s p ae s w ih d aw eh n d ih v ah l ah m ah n s,dh ah f ao r th ae n d f ih th d ey z p ae s t w ih dh aw t eh n iy d ih v eh l ah p m ah n t s,d ah f ao r th ae n d f ih th d ey s p* ae s t ah w ih dh aw t eh n iy d ih v eh l ah p m ah n t s
793,d ey k l ow s d n aw ah n ih l hh ih z f ih ng g er s w er l ay k k ao r s ah v s iy l,dh ey k l ow z d n aw ah n t ih l hh ih z f ih ng g er z w er l ay k k ao r d z ah v s t iy l,d ey k l ow s t n aw ah n t ih l hh ih s f ih ng g er s w er l ay k k ao r d s ah v s t iy l
794,sh uh l iy ay w ih l ih k s ah k y uw z y uw sh iy k r ay d,sh uh r l iy ay w ah l ih k s k y uw z y uw sh iy k r ay d,sh uw r l iy ay w ah l ih k s ih k* y uw z y uw sh iy k r ay t
795,w ah w ah s dh iy aa b jh eh k ah v y uh r l ah l s eh n s ey sh ah n,hh w ah t w ah z dh iy aa b jh eh k t ah v y uh r l ih t ah l s eh n s ey sh ah n,hh w ah t w ah s d iy aa b jh eh k t ah v y uh r l ih t ah l s eh n s ey sh ah n
796,p r ah m ow er s ay s w er hh ae v iy w ih dh l ih l b ah f iy b ae g s ah n d ah dh eh m,dh ah p r ah m ow t er z ay z w er hh eh v iy w ih dh l ih t ah l p ah f iy b ae g z ah n d er dh eh m,dh ah p r ah m ow t er s ay s w er hh ae v iy w ih dh l ih t l p* ah f iy b ae g s ah n d er d eh m
797,d eh r hh ae s b ih n ah ch ey n jh sh iy ih n er ah p ih d hh ih m,dh eh r hh ae z b ih n ah ch ey n jh sh iy ih n t er ah p t ih d hh ih m,d eh r hh ae s b ih n ah ch ey n ch sh iy ih n t er ah p t ih d hh ih m
798,d ah g r ey ay s f ao l er d d ah f l ah sh d iy p ah n d,dh ah g r ey ay z f aa l t er d dh ah f l ah sh d iy p ah n d,d ah g r ey ay s f aa l t er d d ah f l ah sh d iy p ah n t
799,ih ih z d ah f ay er p aa r l iy sh iy s eh d,ih t ih z dh ah f ay er p aa r t l iy sh iy s eh d,ih t ih z d ah f ay er b aa r t l iy sh iy s eh d
800,d eh n ae n d ae s s ah p er hh iy r ay d uw f ey th ih m hh eh r,dh eh n ae n d ae t s ah p er hh iy t r ay d t ah f ae dh ah m hh er,dh eh n ae n d ae s ah p er hh iy t r ay d ah t uh f ey th ah m hh er
801,ih w ah z ah l aa r jh k ah n uw k,ih t w ah z ah l aa r jh k ah n uw,ih t w ah z ah l aa r jh k eh n uw
802,hh w ah ih f sh iy d ih d n aa k ah m uw dh ah r aa k,hh w ah t ih f sh iy d ih d n aa t k ah m t ah dh ah r aa k,w ah t ih f sh iy d ih d n aa t k ah m t ah dh ah r aa k
803,hh ih z f ey s w ah z s r iy m ih ng w ih dh b l ah,hh ih z f ey s w ah z s t r iy m ih ng w ih th b l ah d,hh ih s f ey s w ah s s t r iy m ih ng w ih th b l ah d
804,ah r ih k ah l ah v f r eh sh b l ah d r ae n ow v er hh ih s f ey,ah t r ih k ah l ah v f r eh sh b l ah d r ae n ow v er hh ih z f ey s,ah t r ih k ah l ah f f r eh sh p l ah d r ae n ao f er hh ih s f ey s
805,d eh th hh ae d k ah m w ih th eh r ah b ah l s ah d ah n n ah s,d eh th hh ae d k ah m w ih th t eh r ah b ah l s ah d ah n n ah s,d eh th hh ae t k ah m w ih t ah r ah b ah l s ah d ah n n ah s
806,hh iy m ey d sh uh r d ae d iy m ih g ah z iy n w aa z l ow d ih d ae n r ih z uw m d hh ih s b ae d ah l ih ng k,hh iy m ey d sh uh r dh ae t dh iy m ae g ah z iy n w aa z l ow d ih d ae n d r ih z uw m d hh ih z p ae d ah l ih ng,hh iy m ey sh uh r dh ae t dh iy m ah g ah z iy n w aa z l ow d ih d ae n r ih z y uw n d hh ih z p ae d ah l ih ng k
807,d ah n ay l ow w ah s r iy ch er s uw sh uw b ay,dh ah n ay t g l ow w ah z t r eh ch er ah s t uw sh uw t b ay,d ah n ay t l ow w ah s t r iy ch er ah s t uw sh uw t b ay
808,d ah s ih ng ih ng v oy s ah b r ao ch ae l iy,dh ah s ih ng ih ng v oy s ah p r ow ch t r ae p ah d l iy,dh ah s ih ng g ih ng v oy s ah p r ao ch t r ae p ah d l iy
809,hh ih z b l ah d g r uw hh aa w ih d r ey jh ae dh ah th ao,hh ih z b l ah d g r uw hh aa t w ih dh r ey jh ae t dh ah th ao t,hh ih z b l ah d g r uw hh aa t w ih dh r ey jh ae dh ah th ow t
810,hh iy w eh n d aw n ih n m ih d s r iy m s er ch ih ng g dh ah sh ae d ow ah v b ow th sh ao r s,hh iy w eh n t d aw n ih n m ih d s t r iy m s er ch ih ng dh ah sh ae d ow z ah v b ow th sh ao r z,hh iy w eh n d aw n ih n m ih d s t r iy m s er ch ih ng g dh ah sh ae d ao ah f b ao th sh ao r s
811,f ao r ah f uh l m ih n ah hh iy k r aw ch l ih s ah n d,f ao r ah f uh l m ih n ah t hh iy k r aw ch t ah n d l ih s ah n d,f ao r* ah f uh l m ih n ah t hh iy k r aw ch t l ih s ah n d
812,hh iy hh ae d p eh r l iy eh n er d ih s w eh n hh iy s ow dh ah g l ow ah v ah f ay r,hh iy hh ae d b eh r l iy eh n t er d dh ih s w ih n hh iy s ao dh ah g l ow ah v ah f ay r,hh iy hh ae d p er l iy eh n t ah dh ih s w ih n hh iy s ow dh ah k l ao ah f ah f ay r
813,ah b ih k ae n v ah s ah n w ah z dh ah f er s th ih ng k uw k ah m w ih dh ih n hh ih s v ih zh ah n,ah b ih g k ae n v ah s t eh n t w ah z dh ah f er s t th ih ng t ih k ah m w ih dh ih n hh ih z v ih zh ah n,ah b ih k ae n v ah s t eh n t w ah z dh ah f er s th ih ng t uh k ah m w ih dh ih n hh ih z v ih zh ah n
814,p er hh ae p s sh iy hh ae d ao r eh d iy m ih hh er f ey ah l ih ah l d iy p er ih n dh ah f ao r ih s,p er hh ae p s sh iy hh ae d ao r eh d iy m eh t hh er f ey t ah l ih t ah l d iy p er ih n dh ah f ao r ih s t,p er hh ae p s sh iy hh ae d ao r eh d iy m eh t hh er f ey t ah l ih ah l d iy p er ih n dh ah f ao r ih s t
815,dh eh n y uw k ae n er ey n jh y er r s eh l f k ah m f er ah b l iy ah m ah ng g dh iy s r ow b s ih n dh ah b ow,dh eh n y uw k ae n er ey n jh y er s eh l f k ah m f er t ah b l iy ah m ah ng dh iy z r ow b z ih n dh ah b ow,dh eh n y uw k ae n er ey n ch y er s eh l f k ah m f er t ah b l iy ah m ah ng g dh iy z r ow b z ih n dh ah b ow
816,sh ae l ay er y uw,sh ae l ay k eh r iy y uw,sh ae l ay k er iy y uw
817,ih m ae jh ah n ih ng jh oy p aa n ih d ih n hh ih s b r ey n,ey m ae d ah n ih ng jh oy p aw n d ih d ih n hh ih z b r ey n,iy m ae d ah n ih ng g ch oy p aa n t ih t ih n hh ih z b r ey n
818,y uw m ah s ah s l iy p hh iy er jh d,y uw m ah s t s l iy p hh iy er jh d,y uw m ah s t ah s l iy p hh iy er jh d
819,y uw y uh d n aa k iy p dh ah r uw f r ah m m iy,y uw y uw w uh d n aa t k iy p dh ah t r uw th f r ah m m iy,y uw y uw uh d n aa t k iy b dh ah t r uw th f r ah m m iy
820,hh iy w ih l f aa l ow ah s s uw n,hh iy w ih l f aa l ow ah s s uw n,hh iy w ih l f aa l ao ah s s uw n
821,b ah dh eh r k ey m n ow p r aa m ah s f r ah m dh ah b ow ah v dh ah k ah n uw,b ah t dh eh r k ey m n ow p r aa m ah s f r ah m dh ah b ow ah v dh iy k ah n uw,b ah dh eh r k ey m n ow p r aa m ah s f r ah m dh ah p ow ah f dh iy k eh n uw
822,sh iy w ah s s l iy b ih ng k ae n d er hh ih z p r er eh k sh ah n ae s s w iy l iy eh z ah ch ay l d,sh iy w ah z s l iy p ih ng ah n d er hh ih z p r ah t eh k sh ah n ae z s w iy t l iy eh z ah ch ay l d,sh ih w ah s s l iy b ih ng g eh n d er hh ih s p r ah t eh k sh eh n ae s s w iy t l iy eh z ah ch aa l d
823,ow n l iy ih ih s s ow w ah n d er f ah l s ow ao l m ow s ih m p aa s ah b ah l uw b ih l iy f,ow n l iy ih t ih z s ow w ah n d er f ah l s ow ao l m ow s t ih m p aa s ah b ah l t uw b ih l iy v,ao l iy ih t ih z s ow w ah n d ah f ah l s ow ao l m ah s ih m p aa s ah b ah l t uw b ih l iy f
824,d ah iy m ow sh ah n w ih ch hh iy hh ae s s ah p r eh s p er s f ao r th n aw ih n ey ch aa k ih ng s aa b,dh iy iy m ow sh ah n hh w ih ch sh iy hh ae d s ah p r eh s t b er s t f ao r th n aw ih n ey ch ow k ih ng s aa b,dh iy iy m ao sh ah n hh w ih ch sh iy hh ae s ah p r eh s t ah p er s f ao r th n aw ih n iy ch aa k ih ng s aa b
825,ih f y uw ow n l iy k uh d n ow hh aw ay th ae ng k y uw,ih f y uw ow n l iy k uh d n ow hh aw ay th ae ng k y uw,ih f y uw ao l iy k uh d n ow hh aw ay th ae ng k y uw
826,hh iy w ey d ih d ih n uw dh ah eh jh ah v dh ah w ao er ae n b ih g ae n s r aa b ih ng hh ih m s eh l f,hh iy w ey d ih d ih n t uw dh ah eh jh ah v dh ah w ao t er ae n d b iy g ae n s k r ah b ih ng hh ih m s eh l f,hh iy w ey d ih d ih n t uw dh ah eh ch ah v dh ah w ao t* er ae n b iy g ae n s k r ah b ih ng k hh ih m s eh l f
827,d uw y uw n ow d ae y uw aa r sh ey k ih ng m ay k aa n f ah d ah n s ih n y uw,d uw y uw n ow dh ae t y uw aa r sh ey k ih ng m ay k aa n f ah d ah n s ih n y uw,d iy y ah n ow dh ae ch y uw aa r sh ey k ih ng m ay k aa n f ah d ah n s ih n y uw
828,ih n s eh d hh iy jh oy n d hh er ae n d ey ey s l ay k uw hh ah ng g r iy ch ih l d r ah n,ih n s t eh d hh iy jh oy n d hh er ae n d dh ey ey t l ay k t uw hh ah ng g r iy ch ih l d r ah n,ih n s eh d hh iy ch oy n t hh er ae n dh ey ey t l ay k t uw hh ah ng g r iy ch ih l d r ah
829,hh iy w ah s w aa n d ih d ih n dh ah aa r m,hh iy w ah z w uw n d ih d ih n dh ah aa r m,hh iy w ah z w aa n d ih d ih n dh ah aa r m
830,ay s ah p ow s uw b ih k d eh f l ih ng k ow aa p ah m ah ng g d iy ih n d iy ah n s,ay s ah p ow z y uw p ih k t dh ae t l ih ng g ow ah p ah m ah ng dh iy ih n d iy ah n z,ay s ah p ao s y ah b ih k dh ae t l ih ng k ao ah p ah m ah ng g dh iy ih n d iy ah n s
831,hh iy hh ae d n ow ah k s ah k y uw s f er r d ah f iy l ih ng k w ih ch w er er aa m z ih n hh ih m,hh iy hh ae d n ow ih k s k y uw z f r er dh ah f iy l ih ng z w ih ch w er er aw z d ih n hh ih m,hh iy hh ae n ow ih k s ah k y uw z f er dh ah f iy l ih ng k w ih ch w er er aw s ih n hh ih m
832,w ah z ih dh ah r eh n d ah f ah l ah v d ow s hh uw w er s r ay v ih ng ah w er k hh ih z r uw ah n,w ah z ih t dh ah r aa n d ih v uw ah v dh ow z hh uw w er s t r ay v ih ng t uw w er k hh ih z r uw ah n,w ah z ih dh ah r eh n d ih f uw ao f dh uw s hh uw w er s t r ay v ih ng t uw w er k hh ih z r uw ah n
833,sh iy ae d ih d d ih jh eh n y uw w ah n s ih m p ah th iy ih n hh er f ey s ae n d v oy s,sh iy ae d ih d w ih dh jh eh n y uw w ay n s ih m p ah th iy ih n hh er f ey s ae n d v oy s,sh iy ae d ih d dh ih jh eh n y uw w ay s ih m p ah th iy ih n hh er f ey s ae n v oy s
834,m ay r ay f uh f iy l z l ay k dh ae ah v ah ch ay n iy z d iy b aa n ah n,m ay r ay t f uh t f iy l z l ay k dh ae t ah v ah ch ay n iy z d eh b y ah t aa n t,m ay r ay t f uh t f iy l s l ay k dh ae t ah f ah ch ay n iy z d ih b ah n t aa n t
835,d ey ey d ih n er ae d ah f ih f ae n d r eh s ih d f ao r uw aw er s,dh ey ey t d ih n er ae t dh ah f ih f th ae n d r eh s t ah d f ao r t uw aw er z,dh ey ey t ih n er ae dh ah f ih f th ae n r eh s t ah d f ao r t uw aw er s
836,uw y ih er z ah g ow ay g ey v ah p s ih v ah l ay z ey sh ah n f ao d ih s,t uw y er z ah g ow ay g ey v ah p s ih v ah l ih z ey sh ah n f ao r dh ih s,t uw y er z ah g ow ay g eh v ah p s ih v ah l ay z ey sh ah n f ao dh ih s
837,sh iy hh ae d d ay d f r ah m k ow l d ae n d s aa r v ey sh ah n,sh iy hh ae d d ay d f r ah m k ow l d ae n d s t aa r v ey sh ah n,sh iy hh ae d ay d ah f r ah m k ao l d ae n s t aa r f ey sh ah n
838,hh iy w ah z d ih er m ah n n aw uw m ih n ey n ah m ao r s er ah n hh ow l d ah p aa n hh ih m s eh l f,hh iy w ah z d ih t er m ah n d n aw t uw m ey n t ey n ah m ao r s er t ah n hh ow l d ah p aa n hh ih m s eh l f,hh iy w ah z d ih t er m ah n n aw t uw m eh n t ey n ah m ao r s er t ah n hh ao l d ah p aa n hh ih m s eh l f
839,iy ch d ey sh iy b iy k ey m ah m ao r v ay ah l p aa r ah v hh ih m,iy ch d ey sh iy b iy k ey m ah m ao r v ay t ah l p aa r t ah v hh ih m,iy ch d ey sh iy b iy k eh m ah m ao r v ay t ah l p aa r t ah f hh ih m
840,ih w ah s ah eh m ey sh ah n b ah hh iy r ih s ih s ih d ih,ih t w ah z ah t eh m t ey sh ah n b ah t hh iy r ih z ih s t ih d ih t,ih t w ah z ah t eh m t ey sh ah n b ah hh iy r ih z ih s t ih d ih t
841,d ih s w ah n hh ow p w ah z d ih s r oy d ae z k w ih k l iy ae z ih w ao s b ao n,dh ih s w ah n hh ow p w ah z d ih s t r oy d ae z k w ih k l iy ae z ih t w ao z b ao r n,d ih s w ah n hh ow p w ah z d ih s t r oy ae z k w uh k l iy ae z ih t w ao s b ao r n
842,hh er f ey s w ah z ah g ey n s hh ih s b r eh s,hh er f ey s w ah z ah g ey n s t hh ih z b r eh s t,hh er f ey s w ah z ah g eh n s t hh ih z b r eh s t
843,sh iy w ah z hh ih z n aw f er eh v er,sh iy w ah z hh ih z n aw f er eh v er,sh iy w ah z hh ih z n aw f ah r eh f er
844,p r aa v ah d ah n s hh ae z d ih l ih v er d hh ih m th r uw dh ah m ey l s r ah m,p r aa v ah d ah n s hh ae d d ih l ih v er d hh ih m th r uw dh ah m ey l s t r ah m,p r aa v ah d ah n s hh ae z d ih l ih f er d hh ih m th r* uw dh ah m ey l s t r aa m
845,hh iy ow b ey d d ah p r eh sh er ah v hh er hh ae n,hh iy ow b ey d dh ah p r eh sh er ah v hh er hh ae n d,hh iy uw p ey d dh ah p r eh sh er ah f hh er hh ae n d
846,ah b aw hh ih m eh v r iy w eh r w er d iy eh v ah d ah n s ah v l ah g zh er iy ae n d ah v ey ch,ah b aw t hh ih m eh v r iy w eh r w er dh iy eh v ah d ah n s ah z ah v l ah g zh er iy ae n d ah v ey jh,ah b aw t hh ih m eh v r iy w eh r w er dh iy eh v ah d ah n s ah f l ah k sh er iy ae n d ah f ey ch
847,d eh n hh iy s eh p b ae k w ih dh ah l ow k r ay ah v p l eh zh er,dh eh n hh iy s t eh p t b ae k w ih dh ah l ow k r ay ah v p l eh zh er,dh eh n hh iy s t ih p t b ae k w ih dh ah l ow k r ay ah f p l eh zh er
848,hh iy ow l d hh ih m s eh l f d ae ae z hh iy w aa sh hh ih m s eh l f ae n d g r uw m d hh ih z d ih sh ah v ah l d k l ow th s,hh iy t ow l d hh ih m s eh l f dh ae t ae z hh iy w aa sh t hh ih m s eh l f ae n d g r uw m d hh ih z d ih sh eh v ah l d k l ow z,hh iy t ao l d hh ih m s eh l f d ae t ae z hh iy w ao sh t hh ih m s eh l f ae n d g r* uw m d hh ih s d ih sh eh f ah l t k l ao t z
849,dh ey l uh k ae z dh ow hh iy hh ae d b iy n d r ah m ih ng k ah p iy ae n ow ao l hh ih s l ay f,dh ey l uh k ae z dh ow hh iy hh ae d b ih n d r ah m ih ng ah p iy ae n ow ao l hh ih z l ay f,d ey l uh k ae z dh ow hh iy hh ae t b iy n d r ah m ih ng k ih p iy ae n ow ao l hh ih s l ay f
850,b iy s ay d s hh iy w ah s p ey d w ah ng k iy s ah v ah b ae k ow p er hh eh,b iy s ay d z hh iy w ah z p ey d w ah n k ey s ah v t ah b ae k ow p er hh eh d,b iy s ay d s ah hh iy w ah s p ey d* w ah n k ey s ah v t ah b ae k ow p er hh eh t
851,d ey aa r k ah m ih ng g ah sh ao r hh uw eh v er dh ey aa r,dh ey aa r k ah m ih ng ah sh ao r hh uw eh v er dh ey aa r,d ey aa r k ah m ih ng g ih sh ao r hh uw eh v er dh ey aa r
852,f r ah m m ay er l iy ah s r iy k ah l eh k sh ah n m ay s l iy p w ah s ah p iy r iy ah d ah v eh r er,f r ah m m ay er l iy ah s t r eh k ah l eh k sh ah n m ay s l iy p w ah z ah p ih r iy ah d ah v t eh r er,f r ah m m ay ah l iy ah s t r iy k ah l eh k sh ah n m ay s l iy b w ah s ah p ih r iy ah t ah v t eh r
853,hh aw ow l d aa r y uw d ae d iy,hh aw ow l d aa r y uw d ae d iy,hh aw ow l d aa r y uw d ae d* iy
854,d ey d uw n aa n ow d ah l eh ng k th ah v ay m ah v ih n k y uw b ey sh ah n,dh ey d uw n aa t n ow dh ah l eh ng k th ah v t ay m ah v ih ng k y uw b ey sh ah n,d ey d uw n aa t* n ow d ah l eh ng k th ah v t ay m ah v ih ng k y uw b ey sh ah n
855,v ay l ah n l ay f ae n ae th l ih ih k s p ao r s hh ae d n eh v er ah b ih l d ih m iy,v ay l ah n t l ay f ae n d ae th l eh t ih k s p ao r t s hh ae d n eh v er ah p iy l d t ih m iy,v ay l ah n t l ay f ae n ae th l eh t k s p ao r t s hh ae d n eh v er ah b iy l t ih m iy
856,aa w iy w er v eh r iy k l ow s ah g eh dh er ih n d ae m ow m ah n,aa w iy w er v eh r iy k l ow s t ah g eh dh er ih n dh ae t m ow m ah n t,aa w iy w er f eh r iy k l ow s t ah g eh dh er ih n dh ae t m ow m ah n t
857,hh uw d ah d eh v ah l g ey v ih uw y uw uw b iy jh ah jh ae n jh uh r iy,hh uw dh ah d eh v ah l g ey v ih t t uw y uw t uw b iy jh ah jh ae n d jh uh r iy,hh uw d ah d eh f ah l g ey f ih t t uw y uw t uw b iy jh ah ch ae n d jh uh r iy
858,y uw aa r jh aa k ih ng m iy s er d iy ah dh er m ae n ih jh uw aa r ch ah k ah l ey,y uw r jh ow k ih ng m iy s er dh iy ah dh er m ae n ih jh d t ah aa r t ih k y ah l ey t,y uw r jh aa k ih ng m iy s er dh iy ah dh er m ae n ih sh t ah aa r t ih k ah l ey t
859,ae z ay s ey hh iy hh ae ae p dh ah m eh s ih jh v eh r iy r ae p ah d l iy,ae z ay s ey hh iy hh ae d t ae p t dh ah m eh s ih jh v eh r iy r ae p ah d l iy,ae z ay s ey hh iy hh ae t ae p dh ah m eh s ih jh ah v eh r iy r ae b ah d l iy
860,ao l s ow ch er ch ih s ae n d p r iy ch ih s ay hh ae d n eh v er n ow n,ao l s ow ch er ch ih z ae n d p r iy ch er z ay hh ae d n eh v er n ow n,ao l s ow ch er ch ih s ae n d p r iy ch ih z ay hh ae d n eh v er n ow n
861,hh iy ch ah k ah l d ae z hh iy p uh l d aw hh ih z p ay p ae n b ih g ae n f ih l ih ng g ih,hh iy ch ah k ah l d ae z hh iy p uh l d aw t hh ih z p ay p ae n d b iy g ae n f ih l ih ng ih t,hh iy ch ah k ah l t ae z hh iy p uh l t aw t hh ih z p ay b ae n d b iy g ae n f eh l ih ng g ih t
862,ow n l iy d ih ch ae n s s aw n d hh ae d l eh d hh ih m uw ah b z er v dh eh m,ow n l iy dh iy ch ae n s s aw n d hh ae d l eh d hh ih m t uw ah b z er v dh eh m,ow l iy dh iy ch ae n s s aw n d hh ae d l ih d hh ih m t uw ah b z er v d eh m
863,ih n ih d eh r w ah s s ah m th ih ng k d ae w ao s ao m ow r ae jh ah d iy,ih n ih t dh eh r w ah z s ah m th ih ng dh ae t w ao z ao l m ow s t t r ae jh ah d iy,ih n ih t dh eh r w ah z s ah m th ih ng g dh ae t w ao s ao l m ow s t t r ae ch ah d iy
864,hh iy l ih f ih d hh ih z ay s ae n d ah s r ey n jh k r ay b er s f r ah m hh ih s l ih p s,hh iy l ih f t ih d hh ih z ay z ae n d ah s t r ey n jh k r ay b er s t f r ah m hh ih z l ih p s,hh iy l ih f t ih d hh ih z ay s ae n d ah s r ey n jh k r ay b er s f r ah m hh ih z l ih p s
865,f ao r ah f uh l m ih n ah d ah uw m eh n s eh r d ih n uw iy ch ah dh er s f ey s,f ao r ah f uh l m ih n ah t dh ah t uw m eh n s t eh r d ih n t uw iy ch ah dh er z f ey s,f ao r* ah f uh l m ih n ah t dh ah t uw m eh n s t eh r d ih n t uw iy ch ah dh er z f ey s
866,b l ao w ah z uw z ih ng k s l ow l iy f r ah m dh iy w aa n ih d m ae n v ay b r eh s,b l ah d w ah z uw z ih ng s l ow l iy f r ah m dh iy w uw n d ih d m ae n z r ay t b r eh s t,b l ah t w ah z uw z ih ng k s l ow l iy f r ah m d iy w aa n t ih d m ae n f r ay t b r eh s t
867,ae f er ao l ih w ah s s ih m p l iy ih m s ey k ah n jh ah jh m ah n,ae f t er ao l ih t w ah z s ih m p l iy ey m ih s t ey k ih n jh ah jh m ah n t,ae f t er ao l ih t w ah z s ih m p l iy ey m ih s t ey k ih n jh ah ch m ah n t
868,ae n d hh iy w ah s f ih l d w ih d ah s r ey n jh ae n d f ao r b ih d ih ng f ih r,ae n d hh iy w ah z f ih l d w ih dh ah s t r ey n jh ae n d f ao r b ow d ih ng f ih r,ae n d hh iy w ah z f ah l d w ih dh ah s r ey n jh ae f ao r b ih d ih ng f ih r
869,sh iy ow b ey d sh r ih ng k ih ng k b ae k w ih th ah b ey b iy ih n hh er aa r m s,sh iy ow b ey d sh r ih ng k ih ng b ae k w ih dh dh ah b ey b iy ih n hh er aa r m z,sh iy ow b ey t sh ih ng k ih ng g b ae k w ih dh dh ah b ey p iy ih n hh er aa m z
870,w iy g aa f y uw v eh jh ah b ah l z ae n d f r uw s ae n d b iy k ey m f ih sh iy er s,w iy g aa t f y uw v eh jh t ah b ah l z ae n d f r uw t s ae n d b iy k ey m f ih sh iy t er z,w iy g aa t f y uw v eh jh t ah b ah l z ae n d f r uw t s ah ae n d b iy k ey m f ih sh iy t er s
871,ah l ow l r iy m ah n m ah s aa aa jh w ih th s ah m hh eh l p f r ah m dh ah d aa k er,ah l ih t ah l t r iy t m ah n t m ah s aa zh w ih th s ah m hh eh l p f r ah m dh ah d aa k t er,ah l ah l t r iy t m ah n t m ah s aa dh w ih s ah m hh eh l p f r ah m d ah d aa k t er
872,n aa ih l d ah w eh n iy ah th ah f m ey d ih d d eh eh f er p r ey k,n aa t t ih l dh ah t w eh n iy ah th ah v m ey d ih d dh ah r ih v er b r ey k,n aa t t ih l dh ah t w eh n iy ah th ah f m ey d ih d dh ah r* ih v er b r ey k
873,dh iy s k w ih k l ih ah l jh oy z ah v hh er s w er s ao s ih z ah v jh oy uw hh ih m,dh iy z k w ih k l ih t ah l jh oy z ah v hh er z w er s ao r s ah z ah v jh oy t ih hh ih m,dh iy s k w ih k l ih l jh oy s ah f hh er z w er s ao s ah z ah f jh oy t ih hh ih m
874,w uh d y uw b iy s ae ih s f ay d w ih d d ae w ah n hh ah n d r ih d p aa r ah v m iy,w uh d y uw b iy s ae t ah s f ay d w ih dh dh ae t hh w ah n hh ah n d r ah d th p aa r t ah v m iy,w uh d y uw b iy s ah t ah s f ay d w ih dh dh ae t hh w ah n hh ah n d r ah d th p aa r t ah v m iy
875,eh n iy ae v er jh y ah ng f eh l ow k ae n iy ch hh ih m s eh l f ih n ah w iy k,eh n iy ae v er jh y ah ng f eh l ow k ae n t iy ch hh ih m s eh l f ih n ah w iy k,eh n iy ae v er zh zh ah ng g f eh l ow k ae n t iy ch hh ih m s eh l f ih n ah w iy k
876,hh iy m ey d ih z ay uw ih s k ey p p ey n ao r uw ih n jh oy p l eh zh er,hh iy m ey d ih z ay er t ih ih s k ey p p ey n ao r t ih ih n jh oy p l eh zh er,hh iy m ey d ih z ay er t ih ih s k ey p p ey n ao r t ih ih n ch oy p l eh zh er
877,ih ih z ah v eh r iy eh n ah b ah l hh ay p aa th ah s ih s ae n d w ah l p iy r l uh k ih ng k ih n uw,ih t ih z ey v eh r iy t eh n ah b ah l hh ay p aa th ah s ah s ae n d w ah l b eh r l uh k ih ng ih n t uw,ih t ih z ae v eh r iy t eh n ah b ah l hh ay p aa th ah s ah s ae n d w ah l b iy r l uh hh ih ng ih n t uw
878,d eh r w er ao r ah n jh g r iy n g ow l d g r iy n ae n ah k aa b er g r iy n,dh eh r w er ao r ah n jh g r iy n g ow l d g r iy n ae n d ey k aa p er g r iy n,d eh r w er ao r ah n ch g r iy n g ah l d g* r iy n ae n d ey k aa b er g r iy n
879,d ah hh ih s r iy ah f aw r w ih s w er d p r eh r ih ng k r ey s ih z r ih ah n ih n ih,dh ah hh ih s t r iy ah v aw r w eh s t w er d f eh r iy ng r ey s ih z r ih t ah n ih n ih t,d ah hh ih s t r iy ah f aw r w ih s t w er d f eh r iy ng k r ey s ih z r* ih t ah n ih n ih t
880,hh iy z ah k ae n d ih d ih s r ay z ih ng f r ah m d ah sh er f k l aw s uw aw r k l ae s,hh iy ih z ey k ae n d ah d ey t r ay z ih ng f r ah m dh iy s er f k l ae s t uw aa r k l ae s,hh iy ih z ey k ae n d ah d ey t r ay z ih ng f r ah m d iy s er f k l aw s s uw aa r k l ae s
881,w iy aa r k uh k ih ng k ao n d ah k ow l s aa f ae n d ao n d ah oy l p er n er s,w iy aa r k uh k ih ng ao n dh ah k ow l s t ow v ae n d ao n dh ah oy l b er n er z,w iy aa r k uh* k ih ng g ow n dh ah k ow l s t ao f ae n d ow n d ah oy l p er* n er s
882,d ah s y uw w er d hh ae z jh ah s ih n d er d m iy ah r ih s p eh k f ah l b ih ah v ae d v ay s,dh ah s t uw er d hh ae z jh ah s t t eh n d er d m iy ey r ih s p eh k t f ah l b ih t ah v ae d v ay s,dh ah s t uw er t hh ae z jh ah s t t ih n d er d m iy ey r ih s p ih k t f ah l b eh t ah f eh d v ay s
883,d ey r ae n d iy k ae n uw ae n ae n d k l ay m d d iy hh ay er th b ae ng k,dh ey r ae n dh iy k ah n uw ih n ae n d k l ay m d dh iy hh ay er th b ae ng k,d ey r ae n dh iy k ae n uw eh n ae n d k l ay m d dh iy hh ay er b ae ng k
884,hh iy d ih d n aa n ow w ah w eh n ao n ih n dh ah m ay n s ah v hh ih z s uw p ih r iy ah s,hh iy d ih d n aa t n ow w ah t w eh n t ao n ih n dh ah m ay n d z ah v hh ih z s uw p ih r iy er z,hh iy d ih d n aa t n ow w ah t w eh n t ao n ih n dh ah m ay n d s ah f hh ih z s uw p ih r iy ah s
885,d ey s ao iy ch ah d er f ao r dh ah f er s ay m ih n b ao s ah n,dh ey s ao iy ch ah dh er f r er dh ah f er s t t ay m ih n b aa s t ah n,dh ey s ow iy ch ah d er f r er dh ah f er s t t ay m ih n p aa s t ah n
886,hh ih z uw w er sh uh d hh ae v f ey n p iy s ae n d r ih p ow s,hh ih z r iy w ao r d sh uh d hh ae v b ih n p iy s ae n d r iy p ow z,hh ih z t uw w ao r sh ih d hh ae b iy n p iy s ae n d r iy p ow s
887,b ay v er ch uw ah v d ae p aw er w iy sh ae l r iy m ey n ih n p aw er,b ay v er ch uw ah v dh ae t p aw er w iy sh ae l r ih m ey n ih n p aw er,b ay f er ch uw ah v dh ae t p aw er w iy sh ae r ih m ey n ih n p aw er
888,v eh r iy f y uw p iy p ah l n y uw ah v dh iy ih g z ih s ah n s ah v d ah s l ow,v eh r iy f y uw p iy p ah l n y uw ah v dh iy ih g z ih s t ah n s ah v dh ih s l ao,v eh r iy f y uw p iy p ah l n y uw ah v dh iy ih g z ih s t ah n s ah v dh ih s l ow
889,w ah ah n ih g s ay ih d hh w ih s p er ih ng k ae n d k ah n f er ih ng k uh k p l ey s,hh w ah t ae n ih k s ay t ih d hh w ih s p er ih ng ae n d k ah n f er ih ng t uh k p l ey s,hh w ah t ae n ih k s ay t ih d hh w ih s p r ih ng g ae n d k ow n f er ih ng t uh k p l ey s
890,d ah s hh iy ah n d dh ah ih n ih s ae n d r aa g ih n ah v s ay k aa l ah jh iy b ae k ao m m iy,dh ah s hh iy t er n d dh ah t eh n ah t s ae n d jh aa r g ah n ah v s ay k aa l ah jh iy b ae k ao n m iy,dh ah s hh iy t ah n dh ah t eh n ah t s ae n d jh aa r g ah n ah v s ay k aa l ah jh iy b ae k ao m iy
891,n eh v er s ow s r ey n jh ah p r aa f ah k ey m ah p uw jh ao r s l ah m,n eh v er s ow s t r ey n jh ah p r aa f ah t k ey m ah p t ih jh er uw s ah l ah m,n eh v er s ow s r ey n jh ah p r aa f ah t k ey m ah p t ih jh ow r s l ah m
892,w iy hh uw hh ae v ih n d uh r s ow m ah ch sh uh r l iy k ae n ih n d ao r ah l ih ah m ao r,w iy hh uw hh ae v ih n d uh r d s ow m ah ch sh uh r l iy k ae n ih n d uh r ah l ih t ah l m ao r,w iy hh uw hh ae v ih n d uh r s ow m ah ch ch uh l iy k ae n ih n d ow r ah l ih l m ao r
893,d ah s eh n ah v s r ey n jh v ih jh ah ey sh ah n p l uw ao f d ah r aa p ih k l ae n,dh ah s eh n t s ah v s t r ey n jh v eh jh ah t ey sh ah n b l uw ao f dh iy t r aa p ih k l ae n d,dh ah s eh n t ah v s r ey n ch v eh zh ah t ey sh ah n p l uw ao f dh iy t r aa b ih k l ae n t
894,d ah l ay f d eh r w ah s hh eh l f ah l ae n ae v ah l ah ih k b ah uw jh uw v ih n oy l,dh ah l ay f dh eh r w ah z hh eh l th f ah l ae n d ae th l eh t ih k b ah t t uw jh uw v ah n ay l,dh ah l ay v d eh r w ah s hh eh l th f ah l ae n ae th l ah t ih g b ah t t uw jh uw v ih n ay l
895,ih w uh d hh eh l p ah ay d m iy ah l ao ng k ah n ih l ay g aa s eh d iy ih m p l oy m ah n,ih t w uh d hh eh l p t ih t ay d m iy ah l ao ng ah n t ih l ay g aa t s t eh d iy ih m p l oy m ah n t,ih t w uh t hh eh l t ih t ay d m iy ah l ao ng g ah n t ih l ay g aa s t ih d iy ih m p l oy m ah n t
896,b ah d eh r w ah z ao l s ow ao k ah v hh w ih ch k r ae f ih n d ah v ih l ah jh,b ah t dh eh r w ah z ao l s ow t ao k ah v w ih ch k r ae f t ih n dh ah v ih l ih jh,b aa dh eh r w ah z ao l s ah t ow k ah v w ih ch k r ae f t ih n dh ah v eh l ih jh
897,aa l eh l y uw d iy l ay p r eh r iy ah n s eh d w ih dh ah b r ay ah n ih ng f ey s,ay l t eh l y uw dh iy l ay b r eh r iy ah n s eh d w ih dh ah b r ay t ah n ih ng f ey s,ay l t ih l y uw dh iy l ay b r eh r iy ah s eh d w ih dh ah b r ay t ah n ih ng f ih s
898,ae d ah b eh s d ey w er n eh s ah s eh r iy ae k s eh s er s,ae t dh ah b eh s t dh ey w er n eh s ah s eh r iy ae k s eh s er iy z,ae t dh ah b eh s t d ey w er n eh s ah s eh r iy ae k s eh s er ih z
899,f r* ah f uh l m ih n ah hh iy k r* aw ch ah n d l ih s ah n d,f er ah f uh l m ih n ah t hh iy k r aw ch t ah n d l ih s ah n d,f r ah f uh l m ih n ah t hh iy k r ao ch t ah n l ih z ah n d
