id,path,canonical,transcript
THA_Nu_6_S00042_201,audio_data/train/THA_Nu_6_S00042_201.wav,aː-0 m aː-4 ɗ aː-2 k ɔ-4 ɓ ɛ-4 l e-0 k ɔ-4 h aː-1 l aː-1 k w aː-1 k w i-4,aː-0 m aː-4 ɗ aː-2 k ɔ-4 ɓ ɛ-4 l e-0 k ɔ-4 h aː-1 l aː-1 k w aː-1 k w i-4
MK_7_NAM_S0005_6,audio_data/train/MK_7_NAM_S0005_6.wav,ɓ a-4 kz tʰ aː-0 ŋz ɓ ɛ-3 o-3 iz t͡ɕ i-4 nz v aː-1 ŋz t͡ɕ e-0 nz k ə-0 iz,ɓ a-4 kz tʰ aː-0 ŋz ɓ ɛ-3 o-3 iz t͡ɕ i-4 nz v aː-1 ŋz t͡ɕ e-0 nz k ə-0 iz
TPA_Nu_6_S0009_109,audio_data/train/TPA_Nu_6_S0009_109.wav,ɓ aː-0 k o-0 aː-0 iz k u-2 ŋmz ɗ ɛ-5 pz ɲ ɨ-0 t͡ɕ a-0 ŋz z a-1 mz,ɓ aː-0 k o-0 aː-0 iz k u-2 ŋmz ɗ ɛ-5 pz ɲ ɨ-0 t͡ɕ a-0 ŋz z a-1 mz
NHM_7_NU_S0006_63,audio_data/train/NHM_7_NU_S0006_63.wav,z ɔ-1 ŋmz k ɨ-3 uz l ɔ-0 ŋmz ɗ aː-2 n ɔ-0 ɗ ə-1 iz l aː-5 iz t͡ɕ aː-1 nz k w aː-0 ɓ əː-1 t͡ɕ aː-1 nz k w aː-0 k aː-3 m a-5 tz ɗ ɨə-1 ŋz,z ɔ-1 ŋmz k ɨ-3 uz l ɔ-0 ŋmz ɗ aː-2 n ɔ-0 ɗ ə-1 iz l aː-5 iz t͡ɕ aː-1 nz k w aː-0 ɓ əː-1 t͡ɕ aː-1 nz k w aː-0 k aː-3 m a-5 tz ɗ ɨə-1 ŋz
THA_Nu_6_S00042_109,audio_data/train/THA_Nu_6_S00042_109.wav,x i-0 ŋ i-0 n ɔ-4 iz ɗ e-4 nz s ɨ-0 t ɨ-3 t͡ɕ ɔ-4 s u-1 ɲ ɨ-0 tʰ e-4 n aː-1 uz,x i-0 ŋ i-0 n ɔ-4 iz ɗ e-4 nz s ɨ-0 t ɨ-3 t͡ɕ ɔ-4 s u-1 ɲ ɨ-0 tʰ e-4 n aː-1 uz
GQM_Nam_6_S0006_65,audio_data/train/GQM_Nam_6_S0006_65.wav,t əː-4 ɗ aː-2 ɲ i-1 nz tʰ ə-4 iz k aː-4 h ɛ-0 uz v aː-1 k aː-4 v aː-1 k uə-0,t əː-4 ɗ aː-2 ɲ i-1 nz tʰ ə-4 iz k aː-4 h ɛ-0 uz v aː-1 k aː-4 v aː-1 k uə-0
DNK_7_NU_S0048_103,audio_data/train/DNK_7_NU_S0048_103.wav,l aː-5 iz f aː-4 tz z aː-0 ɲ ɨ-2 ŋz t iə-4 ŋz v i-0 v u-0 v i-0 v u-4 tz t ɨ-1 t͡ɕ e-0 nz n e-1 nz t͡ɕ əː-1 iz s eaː-0 ŋ̟z tʰ a-4 mz,l aː-5 iz f aː-4 tz z aː-0 ɲ ɨ-2 ŋz t iə-4 ŋz v i-0 v u-0 v i-0 v u-4 tz t ɨ-1 t͡ɕ e-0 nz n e-1 nz t͡ɕ əː-1 iz s eaː-0 ŋ̟z tʰ a-4 mz
NDBA_7_NAM_S0010_146,audio_data/train/NDBA_7_NAM_S0010_146.wav,ŋ ɨə-1 iz tʰ i-1 l e-0 nz z ɨ-1 ŋz z ɨ-1 ŋz ɗ o-4 kpz tʰ u-4 kpz ɓ o-5 h aː-5 s a-0 nz tʰ u-4 l aː-5 ɓ a-4 tz t͡ɕ i-0 mz k w i-4,ŋ ɨə-1 iz tʰ i-1 l e-0 nz z ɨ-1 ŋz z ɨ-1 ŋz ɗ o-4 kpz tʰ u-4 kpz ɓ o-5 h aː-5 s a-0 nz tʰ u-4 l aː-5 ɓ a-4 tz t͡ɕ i-0 mz k w i-4
TTT_Nu_6_S00049_33,audio_data/train/TTT_Nu_6_S00049_33.wav,t i-1 mz t iə-4 ŋz k ɔ-4 v ə-1 nz ə-0 mz ɲ ɛ-4,t i-1 mz t iə-4 ŋz k ɔ-4 v ə-1 nz ə-0 mz ɲ ɛ-4
TPA_Nu_6_S0009_156,audio_data/train/TPA_Nu_6_S0009_156.wav,ɓ ə-0 iz z əː-1 t əː-4 ɗ ɔ-5 kpz l aː-5 iz ɲ ɛ-4,ɓ ə-0 iz z əː-1 t əː-4 ɗ ɔ-5 kpz l aː-5 iz ɲ ɛ-4
DGB_7_NAM_S0003_164,audio_data/train/DGB_7_NAM_S0003_164.wav,tʰ ə-1 nz n ɔ-1 iz z o-1 ŋmz s ɨ-4 kz x w ɛ-3 f i-0 tʰ ɨə-1 ŋz ɗ aː-2 z u-4 pz z ə-0 nz z iə-5 tz t͡ɕ ɨ-1 ɲ iə-1 uz iə-0 uz k w aː-4 iz,tʰ ə-1 nz n ɔ-1 iz z o-1 ŋmz s ɨ-4 kz x w ɛ-3 f i-0 tʰ ɨə-1 ŋz ɗ aː-2 z u-4 pz z ə-0 nz z iə-5 tz t͡ɕ ɨ-1 ɲ iə-1 uz iə-0 uz k w aː-4 iz
DNK_7_NU_S0048_171,audio_data/train/DNK_7_NU_S0048_171.wav,ɓ aː-1 iz tʰ əː-0 t aː-3 z aː-4 ŋz v ɛ-3 k uə-3 m o-2 iz l w aː-1 iz t͡ɕ i-0 mz ɗ e-4 nz ɓ əː-1 t͡ɕ ɛ-0 x aː-4 kz ɲ a-0 uz tʰ e-4 n aː-1 uz,ɓ aː-1 iz tʰ əː-0 t aː-3 z aː-4 ŋz v ɛ-3 k uə-3 m o-2 iz l w aː-1 iz t͡ɕ i-0 mz ɗ e-4 nz ɓ əː-1 t͡ɕ ɛ-0 x aː-4 kz ɲ a-0 uz tʰ e-4 n aː-1 uz
GQM_Nam_6_S0006_40,audio_data/train/GQM_Nam_6_S0006_40.wav,t͡ɕ w o-5 tz m ɛ-5 l aː-0 l əː-4 nz ɲ ɨ-0 tʰ e-4 n aː-1 uz,t͡ɕ w o-5 tz m ɛ-5 l aː-0 l əː-4 nz ɲ ɨ-0 tʰ e-4 n aː-1 uz
PC_7_NAM_S0004_96,audio_data/train/PC_7_NAM_S0004_96.wav,t əː-4 z ə-4 tz tʰ i-4 k̟z v e-1 k w e-0,t əː-4 z ə-4 tz tʰ i-4 k̟z v e-1 k w e-0
NMA_7_NU_S0002_105,audio_data/train/NMA_7_NU_S0002_105.wav,ɲ ɨ-2 ŋz k ɔ-0 nz v ə-5 tz n aː-1 uz ɲ ɔ-3 n aː-1 uz k u-2 ŋmz ɗ ɨə-5 kz tʰ aː-0 ɗ i-5 uz h a-0 iz k ɔ-2 ŋmz m aː-1 f aː-3 iz t ɨ-5 ɗ i-0 tʰ ɛ-0 uz m ɛ-5,ɲ ɨ-2 ŋz k ɔ-0 nz v ə-5 tz n aː-1 uz ɲ ɔ-3 n aː-1 uz k u-2 ŋmz ɗ ɨə-5 kz tʰ aː-0 z i-5 uz h a-0 iz k ɔ-2 ŋmz m aː-1 f aː-3 iz t ɨ-5 ɗ i-0 tʰ ɛ-0 uz m ɛ-5
THA_Nu_6_S0001_16,audio_data/train/THA_Nu_6_S0001_16.wav,ɗ i-0 s ɛ-0 mz ɗ eaː-4 ŋ̟z k aː-4,ɗ i-0 s ɛ-0 mz ɗ eaː-4 ŋ̟z k aː-4
PTT_7_NU_S0041_153,audio_data/train/PTT_7_NU_S0041_153.wav,ɓ əː-3 iz v i-1 m uə-1 h ɛ-1 n e-4 uz ɗ ɨə-5 kz ŋ i-3 h ɛ-1,ɓ əː-3 iz v i-1 m uə-1 h ɛ-1 n e-4 uz ɗ ɨə-5 kz ŋ i-3 h ɛ-1
MK_7_NU_S0007_4,audio_data/train/MK_7_NU_S0007_4.wav,m ɛ-5 t əː-4 l aː-1 mz ɓ o-4 t əː-4 n ə-4 uz ɗ o-1 a-0 nz k w ɛ-4 tz z ɔ-5 nz ɲ aː-1 k ɨə-3,m ɛ-5 t əː-4 l aː-1 mz ɓ o-4 t əː-4 n ə-4 uz ɗ o-1 a-0 nz k w ɛ-4 tz z ɔ-5 nz ɲ aː-1 k ɨə-3
TPA_Nu_6_S0009_138,audio_data/train/TPA_Nu_6_S0009_138.wav,tʰ ə-4 iz k o-0 u-4 tz ɗ aː-0 ŋz ɲ aː-1 uz ɓ o-5 tz s ɔ-4 kpz k ɔ-0 nz v o-5 iz v aː-1 ŋz ɗ ɨə-0 tʰ ɨ-0 t͡ɕ ɔ-0 k o-0 u-4 tz,tʰ ə-4 iz k o-0 u-4 tz ɗ aː-0 ŋz ɲ aː-1 uz ɓ o-5 tz s ɔ-4 kpz k ɔ-0 nz v o-5 iz v aː-1 ŋz ɗ ɨə-0 tʰ ɨ-0 t͡ɕ ɔ-0 k o-0 u-4 tz
LDMT_Nam_6_S00047_7,audio_data/train/LDMT_Nam_6_S00047_7.wav,ɗ e-0 mz k w aː-0 ɛ-0 mz n a-1 mz m əː-0 z ɛ-4 pz t͡ɕ i-4 pz t͡ɕ i-4 pz k uə-3 ɛ-0 mz ɓ i-5 t͡ɕ ɔ-4 l u-0 tʰ aː-0 ɗ i-0,ɗ e-0 mz k w aː-0 ɛ-0 mz n a-1 mz m əː-0 z ɛ-4 pz t͡ɕ i-4 pz t͡ɕ i-4 pz k uə-3 ɛ-0 mz ɓ i-5 t͡ɕ ɔ-4 l u-0 tʰ aː-0 ɗ i-0
NTM_Nam_6_S00010_33,audio_data/train/NTM_Nam_6_S00010_33.wav,k aː-1 iz k aː-4 iz ɗ ɔ-3 ɗ ə-2 mz k aː-4 iz ɗ ɔ-3 a-2 mz ɛ-0 mz,k aː-1 iz k aː-4 iz ɗ ɔ-3 ɗ ə-2 mz k aː-4 iz ɗ ɔ-3 a-2 mz ɛ-0 mz
THA_7_NU_S0043_44,audio_data/train/THA_7_NU_S0043_44.wav,ŋ w iə-2 nz ŋ ɔ-5 kpz k i-4 l aː-1 t ə-4 mz ɣ ɨə-0 ŋz s aː-4 ŋz v e-1 ɓ i-4 t͡ɕ i-4 k w ə-5 tz x ɔ-4,ŋ w iə-2 nz ŋ ɔ-5 kpz k i-4 l aː-1 t ə-4 mz ɣ ɨə-0 ŋz s aː-4 ŋz v e-1 ɓ i-4 t͡ɕ i-4 k w ə-5 tz x ɔ-4
PTL_7_NU_S0008_176,audio_data/train/PTL_7_NU_S0008_176.wav,k aː-4 s ə-4 uz m ɛ-5 tʰ aː-0 t ɨ-1 ŋz ɗ ɨə-4 k ɔ-0 nz t͡ɕ ɔ-0 ŋmz m iə-5 ŋz ɗ e-4 nz n əː-0 iz n ɔ-4 m w o-4 nz m aː-1 x o-0 ŋmz l aː-1 mz ɗ a-0 uz k ɔ-0 nz,k aː-4 s ə-4 uz m ɛ-5 tʰ aː-0 t ɨ-1 ŋz ɗ ɨə-4 k ɔ-0 nz t͡ɕ ɔ-0 ŋmz m iə-5 ŋz ɗ e-4 nz n əː-0 iz n ɔ-4 m w o-4 nz m aː-1 x o-0 ŋmz l aː-1 mz ɗ a-0 uz k ɔ-0 nz
DNK_7_NU_S0048_2,audio_data/train/DNK_7_NU_S0048_2.wav,t əː-4 ɗ ɔ-5 kpz t͡ɕ ɨə-4 kz,t əː-4 ɗ ɔ-5 kpz t͡ɕ ɨə-4 kz
PC_7_NAM_S0004_85,audio_data/train/PC_7_NAM_S0004_85.wav,ɓ w o-3 iz ɲ ɨ-2 ŋz ɓ w o-3 iz t o-4 iz ŋ a-1 iz ŋ i-3 n ɔ-4 f u-0 nz l ɨə-3 z ə-4 tz ɗ ɛ-5 pz ɗ ə-4 iz,ɓ w o-3 iz ɲ ɨ-2 ŋz ɓ w o-3 iz t o-4 iz ŋ a-1 iz ŋ i-3 n ɔ-4 f u-0 nz l ɨə-3 z ə-4 tz ɗ ɛ-5 pz ɗ ə-4 iz
PTL_7_NU_S0008_37,audio_data/train/PTL_7_NU_S0008_37.wav,ɓ aː-5 nz tʰ ə-4 iz k ɔ-0 nz ɣ i-1 ɗ ə-1 uz t iə-0 nz,ɓ aː-5 nz tʰ ə-4 iz k ɔ-0 nz ɣ i-1 ɗ ə-1 uz t iə-0 nz
TTD_7_NAM_S0001_150,audio_data/train/TTD_7_NAM_S0001_150.wav,z o-1 iz ɓ ə-0 iz z əː-1 t o-0 iz h ɔ-3 iz k ə-5 uz ɲ əː-4 t͡ɕ ɔ-0 ŋmz ɓ aː-1 iz tʰ əː-0,z o-1 iz ɓ ə-0 iz z əː-1 t o-0 iz h ɔ-3 iz k ə-5 uz ɲ əː-4 t͡ɕ ɔ-0 ŋmz ɓ aː-1 iz tʰ əː-0
TPA_Nu_6_S0009_130,audio_data/train/TPA_Nu_6_S0009_130.wav,t͡ɕ i-5 h aː-0 iz əː-0 iz m ɛ-5 t͡ɕ i-5 ɗ aː-0 ŋz o-4 mz ɗ ə-4 iz t͡ɕ i-5 h a-2 iz v e-1 tʰ a-0 mz m ɛ-5 ɗ i-0 ŋ a-0 iz ɗ i-0,t͡ɕ i-5 h aː-0 iz əː-0 iz m ɛ-5 t͡ɕ i-5 ɗ aː-0 ŋz o-4 mz ɗ ə-4 iz t͡ɕ i-5 h a-2 iz v e-1 tʰ a-0 mz m ɛ-5 ɗ i-0 ŋ a-0 iz ɗ i-0
NMA_7_NU_S0002_153,audio_data/train/NMA_7_NU_S0002_153.wav,ɗ ə-0 iz ɗ ɔ-1 k ə-5 pz ɓ e-4 nz,ɗ ə-0 iz ɗ ɔ-1 k ə-5 pz ɓ e-4 nz
CNBA_Nu_6_S0003_97,audio_data/train/CNBA_Nu_6_S0003_97.wav,t əː-4 ɗ o-4 ŋ w iə-0 nz x aː-0 ŋz n aː-1 ŋz t iə-0 nz k aː-4 k ɔ-4 ɲ ɨ-2 ŋz ɣ i-1 h i-1 ŋ̟z z aː-5 ŋz ɣ i-1,t əː-4 ɗ o-4 ŋ w iə-0 nz x aː-0 ŋz l aː-1 ŋz t iə-0 nz k aː-4 k ɔ-4 ɲ ɨ-2 ŋz ɣ i-1 h i-1 ŋ̟z z aː-5 ŋz ɣ i-1
DNK_7_NU_S0048_240,audio_data/train/DNK_7_NU_S0048_240.wav,k aː-4 kz ɓ aː-5 nz ɗ aː-4 pz l aː-5 iz tʰ e-4 n aː-1 uz,k aː-4 kz ɓ aː-5 nz ɗ aː-4 pz l aː-5 iz tʰ e-4 n aː-1 uz
TTT_Nu_6_S00049_14,audio_data/train/TTT_Nu_6_S00049_14.wav,t əː-4 ɗ o-4 ɓ aː-5 nz,t əː-4 ɗ o-4 ɓ aː-5 nz
NMA_7_NU_S0002_140,audio_data/train/NMA_7_NU_S0002_140.wav,k ɔ-4 k ɔ-1 ɓ a-0 iz ŋ ɨə-5 kz z ɔ-4,k ɔ-4 k ɔ-1 ɓ a-0 iz ŋ ɨə-5 kz z ɔ-4
PTL_7_NU_S0008_174,audio_data/train/PTL_7_NU_S0008_174.wav,ɲ ɨ-0 ŋz t͡ɕ u-4 ŋmz ŋ w aː-5 mz z ə-4 tz x ɛ-4 uz ɗ e-3 x o-0 ŋmz l aː-1 mz ɗ a-0 uz k ɔ-0 nz z əː-0 iz k ɔ-0 nz,ɲ ɨ-0 ŋz t͡ɕ u-4 ŋmz ŋ w aː-5 mz z ə-4 tz x ɛ-4 uz ɗ e-3 x o-0 ŋmz l aː-1 mz ɗ a-0 uz k ɔ-0 nz z əː-0 iz k ɔ-0 nz
NMA_7_NU_S0002_209,audio_data/train/NMA_7_NU_S0002_209.wav,ɗ ɔ-5 kpz k ə-0 uz tʰ əː-0 s a-0 uz v aː-1 t͡ɕ ɔ-0 ɓ iə-4 tz k aː-4 kz h u-1 ŋmz v ɨə-0 ŋz l aː-1 aː-0 iz,ɗ ɔ-5 kpz k ə-0 uz tʰ əː-0 s a-0 uz v aː-1 t͡ɕ ɔ-0 ɓ iə-4 tz k aː-4 kz h u-1 ŋmz v ɨə-0 ŋz l aː-1 aː-0 iz
NTN_7_NU_S0042_16,audio_data/train/NTN_7_NU_S0042_16.wav,tʰ aː-3 uz ɲ i-0 əː-0 iz t͡ɕ ɨə-1 ŋz k uə-3 t͡ɕ u-4 ŋmz m i-1 ŋ̟z m aː-0 ŋz t e-0 nz m o-5 tz ŋ ɨə-1 iz eaː-0 ŋ̟z h u-1 ŋmz l iə-5 tz s i-2 ɗ ə-4 iz,tʰ aː-3 uz ɲ i-0 əː-0 iz t͡ɕ ɨə-1 ŋz k uə-3 t͡ɕ u-4 ŋmz m i-1 ŋ̟z m aː-0 ŋz t e-0 nz m o-5 tz ŋ ɨə-1 iz eaː-0 ŋ̟z h u-1 ŋmz l iə-5 tz s i-2 ɗ ə-4 iz
PTT_7_NU_S0041_44,audio_data/train/PTT_7_NU_S0041_44.wav,ɗ o-0 ŋmz k ə-1 mz t a-0 iz s w ə-0 nz ɓ aː-3 uz,ɗ o-0 ŋmz k ə-1 mz t a-0 iz s w ə-0 nz ɓ aː-3 uz
DNK_7_NU_S0048_273,audio_data/train/DNK_7_NU_S0048_273.wav,s aː-4 ŋz h o-0 mz s a-0 uz tʰ ə-4 iz s əː-0 nz k aː-0 ɗ aː-2 t͡ɕ e-4 tz,s aː-4 ŋz h o-0 mz s a-0 uz tʰ ə-4 iz s əː-0 nz k aː-0 ɗ aː-2 t͡ɕ e-4 tz
DNK_7_NU_S0048_313,audio_data/train/DNK_7_NU_S0048_313.wav,t əː-4 k u-2 ŋmz m w o-4 nz n ɔ-4 iz,t əː-4 k u-2 ŋmz m w o-4 nz n ɔ-4 iz
GQM_Nam_6_S0006_62,audio_data/train/GQM_Nam_6_S0006_62.wav,k ɔ-4 ɓ aː-1 t əː-4 o-0 ŋmz t əː-4 k ɔ-4 k aː-3 ɓ o-4 m ɛ-5 t əː-4,k ɔ-4 ɓ aː-1 t əː-4 o-0 ŋmz t əː-4 k ɔ-4 k aː-3 ɓ o-4 m ɛ-5 t əː-4
MK_7_NU_S0007_2,audio_data/train/MK_7_NU_S0007_2.wav,z aː-0 ɗ i-1 ŋ̟z k uə-3 t əː-4 k ɔ-4 ɓ o-4 nz ŋ ɨə-1 iz,z aː-0 ɗ i-1 ŋ̟z k uə-3 t əː-4 k ɔ-4 ɓ o-4 nz ŋ ɨə-1 iz
THA_7_NU_S0043_2,audio_data/train/THA_7_NU_S0043_2.wav,t͡ɕ u-4 ŋmz t o-0 iz z ə-4 tz ŋ aː-5 kz ɲ iə-0 nz,t͡ɕ u-4 ŋmz t o-0 iz z ə-4 tz ŋ aː-5 kz ɲ iə-0 nz
NMA_7_NU_S0002_274,audio_data/train/NMA_7_NU_S0002_274.wav,k w o-5 kpz tʰ i-0 ɗ ɨə-5 kz t o-3 t͡ɕ ɨ-4 kz t ɨ-1 n a-0 mz h aː-0 iz h aː-0 iz ŋ i-1 nz l i-0 ŋ̟z t aː-4 mz m o-2 iz n a-0 mz m o-5 tz l ə-1 nz,k w o-5 kpz tʰ i-0 ɗ ɨə-5 kz t o-3 t͡ɕ ɨ-4 kz t ɨ-1 l a-0 mz h aː-0 iz h aː-0 iz ŋ i-1 nz l i-0 ŋ̟z t aː-4 mz m o-2 iz l a-0 mz m o-5 tz l ə-1 nz
PC_7_NAM_S0004_26,audio_data/train/PC_7_NAM_S0004_26.wav,ɓ aː-1 iz tʰ əː-0 t aː-3 z aː-4 ŋz v ɛ-3 k uə-3 m o-2 iz l w aː-1 iz t͡ɕ i-0 mz ɗ e-4 nz ɓ əː-1 t͡ɕ ɛ-0 x aː-4 kz ɲ a-0 uz ɲ ɨ-0 tʰ e-4 n aː-1 uz,ɓ aː-1 iz tʰ əː-0 t aː-3 z aː-4 ŋz v ɛ-3 k uə-3 m o-2 iz l w aː-1 iz t͡ɕ i-0 mz ɗ e-4 nz ɓ əː-1 t͡ɕ ɛ-0 x aː-4 kz ɲ a-0 uz ɲ ɨ-0 tʰ e-4 n aː-1 uz
PTT_7_NU_S0041_39,audio_data/train/PTT_7_NU_S0041_39.wav,n aː-1 ŋz t iə-0 nz h aː-5 t ɨə-5 ŋz t͡ɕ ɨ-0 ŋz t͡ɕ ɔ-0 m uə-1 h aː-5,n aː-1 ŋz t iə-0 nz h aː-5 t ɨə-5 ŋz t͡ɕ ɨ-0 ŋz t͡ɕ ɔ-0 m uə-1 h aː-5
PTT_7_NU_S0041_75,audio_data/train/PTT_7_NU_S0041_75.wav,k ɔ-1 nz m uə-1 ɗ o-0 ŋmz ɗ aː-0 ŋz iə-0 uz l aː-1 ɓ əː-3 iz v i-1 m uə-1 ɗ aː-0 ŋz ə-4 pz k uə-3 m ə-1 mz s o-4 ŋmz ɗ e-3 ɗ e-3 s w ə-0 nz v e-1 k ə-0 iz k o-4 iz s ɛ-2 ɗ ə-0 mz t͡ɕ o-1 iz n a-3 iz l o-5 kpz,k ɔ-1 nz m uə-1 ɗ o-0 ŋmz ɗ aː-0 ŋz iə-0 uz l aː-1 ɓ əː-3 iz v i-1 m uə-1 ɗ aː-0 ŋz ə-4 pz k uə-3 m ə-1 mz s o-4 ŋmz ɗ e-3 ɗ e-3 s w ə-0 nz v e-1 k ə-0 iz k o-4 iz s ɛ-2 ɗ ə-0 mz t͡ɕ o-1 iz n a-3 iz l o-5 kpz
TPA_Nu_6_S0009_55,audio_data/train/TPA_Nu_6_S0009_55.wav,tʰ a-0 iz tʰ ɛ-0 uz t əː-4 k aː-4 kz i-0 ɗ u-4 ŋmz v əː-4 iz n o-5 iz z u-0 ŋmz t͡ɕ w iə-5 nz l aː-1,tʰ a-0 iz tʰ ɛ-0 uz t əː-4 k aː-4 kz i-0 ɗ u-4 ŋmz v əː-4 iz n o-5 iz z u-0 ŋmz t͡ɕ w iə-5 nz l aː-1
TPA_Nu_6_S0009_81,audio_data/train/TPA_Nu_6_S0009_81.wav,ŋ ɛ-0 t͡ɕ i-5 k aː-3 n ɔ-4 iz s ɔ-0 ŋmz s ɔ-4 kpz k ɔ-0 nz z ə-5 nz z ɨ-2 m a-4 ŋz t͡ɕ i-5 k aː-3,ŋ ɛ-0 t͡ɕ i-5 k aː-3 n ɔ-4 iz s ɔ-0 ŋmz s ɔ-4 kpz k ɔ-0 nz z ə-5 nz z ɨ-2 m a-4 ŋz t͡ɕ i-5 k aː-3
NNM_Nu_6_S00045_24,audio_data/train/NNM_Nu_6_S00045_24.wav,s e-0 k ɔ-4 m aː-4 ɓ ɛ-4 l e-0 t͡ɕ aː-3 s əː-5 n ɨə-2,s e-0 k ɔ-4 m aː-4 ɓ ɛ-4 l e-0 t͡ɕ aː-3 s əː-5 n ɨə-2
TPA_Nu_6_S0009_119,audio_data/train/TPA_Nu_6_S0009_119.wav,t͡ɕ i-5 k aː-3 əː-0 iz t͡ɕ i-5 v e-1 ɲ aː-1 ɗ i-0 m ɛ-5 t͡ɕ i-5 ɗ aː-0 ŋz o-4 mz ɗ ə-4 iz,t͡ɕ i-5 k aː-3 əː-0 iz t͡ɕ i-5 v e-1 ɲ aː-1 ɗ i-0 m ɛ-5 t͡ɕ i-5 ɗ aː-0 ŋz o-4 mz ɗ ə-4 iz
LDMT_Nam_6_S00047_47,audio_data/train/LDMT_Nam_6_S00047_47.wav,k ɔ-1 v ɨə-1 ŋ u-3,k ɔ-1 v ɨə-1 ŋ u-3
PTL_7_NU_S0008_72,audio_data/train/PTL_7_NU_S0008_72.wav,t͡ɕ u-4 ŋmz z u-1 ŋmz z a-0 ŋz ŋ w aː-5 mz t͡ɕ a-5 tz z aː-0 k o-3 k uə-3 k ɔ-0 nz z ɨ-2 k ɔ-0 nz l u-3 ŋmz l a-3 ŋz t͡ɕ e-0 nz s w o-4 tz ɗ ɨə-1 ŋz ɗ i-0,t͡ɕ u-4 ŋmz z u-1 ŋmz z a-0 ŋz ŋ w aː-5 mz t͡ɕ a-5 tz z aː-0 k o-3 k uə-3 k ɔ-0 nz z ɨ-2 k ɔ-0 nz l u-3 ŋmz l a-3 ŋz t͡ɕ e-0 nz s w o-4 tz ɗ ɨə-1 ŋz ɗ i-0
GQM_Nam_6_S0006_20,audio_data/train/GQM_Nam_6_S0006_20.wav,k ɔ-0 nz m aː-1 ɗ e-4 nz ɣ ə-1 nz n ɔ-4 s ɛ-2 a-0 nz tʰ i-5 tz ɗ ɔ-4,k ɔ-0 nz m aː-1 ɗ e-4 nz ɣ ə-1 nz n ɔ-4 s ɛ-2 a-0 nz tʰ i-5 tz ɗ ɔ-4
CNBA_Nu_6_S0003_75,audio_data/train/CNBA_Nu_6_S0003_75.wav,t əː-4 ɗ aː-2 ɲ i-1 nz tʰ ə-4 iz k aː-4 h ɛ-0 uz v aː-1 k uə-0,t əː-4 ɗ aː-2 ɲ i-1 nz tʰ ə-4 iz k aː-4 h ɛ-0 uz v aː-1 k uə-0
NTM_Nam_6_S00010_44,audio_data/train/NTM_Nam_6_S00010_44.wav,ɲ aː-1 ɓ aː-5 nz k ɔ-4 ɲ ɨ-2 ŋz k ɔ-0 nz v ə-5 tz ɣ i-1,ɲ aː-1 ɓ aː-5 nz k ɔ-4 ɲ ɨ-2 ŋz k ɔ-0 nz v ə-5 tz ɣ i-1
PTL_7_NU_S0008_178,audio_data/train/PTL_7_NU_S0008_178.wav,ɣ ə-4 uz t w i-4 k ɔ-0 nz t͡ɕ e-0 nz s a-4 uz tʰ aː-4 ŋz t w o-3 iz f aː-3 iz t ɨ-5 ɓ aː-4 mz t͡ɕ a-4 kz v aː-1 uz l ɨ-0 ŋz m ɛ-5 x i-0 m ɛ-5 z i-0 t͡ɕ w iə-3 nz,ɣ ə-4 uz t w i-4 k ɔ-0 nz t͡ɕ e-0 nz s a-4 uz tʰ aː-4 ŋz t w o-3 iz f aː-3 iz t ɨ-5 ɓ aː-4 mz t͡ɕ a-4 kz v aː-1 uz l ɨ-0 ŋz m ɛ-5 x i-0 m ɛ-5 z i-0 t͡ɕ w iə-3 nz
CNBA_Nu_6_S0003_62,audio_data/train/CNBA_Nu_6_S0003_62.wav,ɓ iə-3 nz ɗ ɛ-5 pz k w aː-4,ɓ iə-3 nz ɗ ɛ-5 pz k w aː-4
NMA_7_NU_S0002_221,audio_data/train/NMA_7_NU_S0002_221.wav,k ɛ-3 m iə-1 nz ɓ iə-3 nz ŋ ɨə-1 iz m iə-1 nz n w i-4 x i-0 k ɔ-4 v iə-5 kz tʰ i-1 z u-4 pz ɗ əː-2 l ə-2 nz ɲ a-0 uz,k ɛ-3 m iə-1 nz ɓ iə-3 nz ŋ ɨə-1 iz m iə-1 nz l w i-4 x i-0 k ɔ-4 v iə-5 kz tʰ i-1 z u-4 pz ɗ əː-2 l ə-2 nz ɲ a-0 uz
TTD_7_NAM_S0001_15,audio_data/train/TTD_7_NAM_S0001_15.wav,t ɨ-1 t ɨ-1 m a-4 tz m a-4 tz ɗ ɛ-0 nz m aː-4 tz z i-5 uz v aː-1 ŋz,t ɨ-1 t ɨ-1 m a-4 tz m a-4 tz ɗ ɛ-0 nz m aː-4 tz z i-5 uz v aː-1 ŋz
NHM_7_NU_S0006_60,audio_data/train/NHM_7_NU_S0006_60.wav,m ɨə-0 z ə-1 mz ɗ e-1 m ɨə-0 s ɨə-4 tz m ɨə-4 tz ŋ a-1 iz n a-1 iz k w aː-0 ŋ a-1 iz x aː-4 kz,m ɨə-0 z ə-1 mz ɗ e-1 m ɨə-0 s ɨə-4 tz m ɨə-4 tz ŋ a-1 iz n a-1 iz k w aː-0 ŋ a-1 iz x aː-4 kz
LXT_Nam_6_S0008_42,audio_data/train/LXT_Nam_6_S0008_42.wav,ɓ aː-4 kz t͡ɕ ɔ-4 t ɨ-4 kz m i-1 ŋ̟z t əː-5 pz t͡ɕ ɔ-0 m o-5 tz k aː-4 iz,ɓ aː-4 kz t͡ɕ ɔ-4 t ɨ-4 kz m i-1 ŋ̟z t əː-5 pz t͡ɕ ɔ-0 m o-5 tz k aː-4 iz
VTA_Nam_6_S0002_13,audio_data/train/VTA_Nam_6_S0002_13.wav,tʰ ɔ-3 ɓ ɛ-2 nz l ɛ-2 nz,tʰ ɔ-3 ɓ ɛ-2 nz l ɛ-2 nz
HYT_Nu_6_S0005_60,audio_data/train/HYT_Nu_6_S0005_60.wav,t͡ɕ aː-0 ŋz əː-0 iz k ə-5 uz ɗ aː-2 ɗ ɨə-5 kz ɗ i-0 ɓ iə-3 nz t͡ɕ ɨə-0,t͡ɕ aː-0 ŋz əː-0 iz k ə-5 uz ɗ aː-2 ɗ ɨə-5 kz ɗ i-0 ɓ iə-3 nz t͡ɕ ɨə-0
PTT_7_NU_S0041_107,audio_data/train/PTT_7_NU_S0041_107.wav,ɲ aː-0 iz m aː-2 iz ɲ aː-0 iz h w aː-1 iz,ɲ aː-0 iz m aː-2 iz ɲ aː-0 iz h w aː-1 iz
NTN_7_NU_S0042_42,audio_data/train/NTN_7_NU_S0042_42.wav,v aː-1 k aː-3 k o-0 h iə-5 uz t͡ɕ ɨə-3 ŋz k u-2 ŋmz s w o-4 ŋmz t ə-5 nz n əː-0 iz ɗ ɔ-4 nz ɓ ɔ-5 nz m i-1 ŋ̟z,v aː-1 k aː-3 k o-0 h iə-5 uz t͡ɕ ɨə-3 ŋz k u-2 ŋmz s w o-4 ŋmz t ə-5 nz n əː-0 iz ɗ ɔ-4 nz ɓ ɔ-5 nz m i-1 ŋ̟z
NMA_7_NU_S0002_241,audio_data/train/NMA_7_NU_S0002_241.wav,t͡ɕ ə-1 nz k w o-4 kpz t w aː-3 nz v o-0 k u-1 ŋmz k a-0 mz z ə-5 nz,t͡ɕ ə-1 nz k w o-4 kpz t w aː-3 nz v o-0 k u-1 ŋmz k a-0 mz z ə-5 nz
CNBA_Nu_6_S0003_130,audio_data/train/CNBA_Nu_6_S0003_130.wav,s a-0 uz ɗ ɔ-4 n ɔ-4 ɣ a-5 pz ɲ ɨ-2 ŋz k ɔ-0 nz ɣ i-1,s a-0 uz ɗ ɔ-4 l ɔ-4 ɣ a-5 pz ɲ ɨ-2 ŋz k ɔ-0 nz ɣ i-1
PTT_7_NU_S0041_151,audio_data/train/PTT_7_NU_S0041_151.wav,t əː-4 k u-2 ŋmz tʰ i-4 k̟z m uə-1 h ɛ-1,t əː-4 k u-2 ŋmz tʰ i-4 k̟z m uə-1 h ɛ-1
LXT_Nam_6_S0008_70,audio_data/train/LXT_Nam_6_S0008_70.wav,s ɔ-4 iz v aː-1 z e-0,s ɔ-4 iz v aː-1 z e-0
NHM_7_NU_S0006_174,audio_data/train/NHM_7_NU_S0006_174.wav,ɓ e-5 h aː-5 ɗ aː-4 ŋz k i-4 ŋ̟z t͡ɕ u-3 ɲ ə-0 nz s i-0 nz ɣ ɨ-3 iz t əː-4 iz ŋ aː-1 iz t͡ɕ aː-1 uz m ɨ-1 ŋz m ɔ-4 nz k w aː-1 ɓ iə-4 uz,ɓ e-5 h aː-5 ɗ aː-4 ŋz k i-4 ŋ̟z t͡ɕ u-3 ɲ ə-0 nz s i-0 nz ɣ ɨ-3 iz t əː-4 iz ŋ aː-1 iz t͡ɕ aː-1 uz m ɨ-1 ŋz m ɔ-4 nz k w aː-1 ɓ iə-4 uz
TTD_7_NAM_S0001_70,audio_data/train/TTD_7_NAM_S0001_70.wav,m o-2 iz n a-0 mz ɓ o-1 k ə-0 uz ɗ ɛ-3 ɲ iə-1 uz l ɨə-4 m o-2 iz l ɨə-4 h aː-0 iz t͡ɕ ɨ-4 ŋz,m o-2 iz l a-0 mz ɓ o-1 k ə-0 uz ɗ ɛ-3 ɲ iə-1 uz l ɨə-4 m o-2 iz l ɨə-4 h aː-0 iz t͡ɕ ɨ-4 ŋz
LXT_Nam_6_S0008_10,audio_data/train/LXT_Nam_6_S0008_10.wav,t͡ɕ u-4 z aː-0 l e-5 ŋ̟z t͡ɕ ɔ-0 ɣ aː-1 m aː-4 iz m əː-0,t͡ɕ u-4 z aː-0 l e-5 ŋ̟z t͡ɕ ɔ-0 ɣ aː-1 m aː-4 iz m əː-0
GQM_Nam_6_S0006_93,audio_data/train/GQM_Nam_6_S0006_93.wav,n aː-1 ŋz t iə-0 nz k aː-4 l aː-1 mz ɣ i-1 ɗ e-3 z ə-0 nz ɗ i-0 ɓ iə-3 nz h e-4 tz ɓ w o-1 nz,n aː-1 ŋz t iə-0 nz k aː-4 l aː-1 mz ɣ i-1 ɗ e-3 z ə-2 nz ɗ i-0 ɓ iə-3 nz h e-4 tz ɓ w o-1 nz
THA_7_NU_S0043_56,audio_data/train/THA_7_NU_S0043_56.wav,s ɨ-5 l w iə-5 nz t ə-5 pz k iə-0 nz t͡ɕ i-1 k uə-3 tʰ ə-1 iz ŋ w iə-2 nz ŋ ɔ-5 kpz k i-4 ɗ e-3 ɗ aː-5 tz ɗ ɨə-5 kz ɗ iə-1 uz m i-1 ŋ̟z m ɔ-0 ŋmz ɨə-4 kz,s ɨ-5 l w iə-5 nz t ə-5 pz k iə-0 nz t͡ɕ i-1 k uə-3 tʰ ə-1 iz ŋ w iə-2 nz ŋ ɔ-5 kpz k i-4 ɗ e-3 ɗ aː-5 tz ɗ ɨə-5 kz ɗ iə-1 uz m i-1 ŋ̟z m ɔ-0 ŋmz ɨə-4 kz
NMA_7_NU_S0002_233,audio_data/train/NMA_7_NU_S0002_233.wav,v i-5 v uə-0 ɗ ə-1 uz t iə-0 nz l ə-5 pz z aː-0 n ɨə-4 kz t aː-0 l aː-1 aː-0 iz,v i-5 v uə-0 ɗ ə-1 uz t iə-0 nz l ə-5 pz z aː-0 n ɨə-4 kz t aː-0 l aː-1 aː-0 iz
NMA_7_NU_S0002_53,audio_data/train/NMA_7_NU_S0002_53.wav,z ɨ-1 ŋz l aː-1 k ə-0 iz s u-4 mz s i-4 tz,z ɨ-1 ŋz l aː-1 k ə-0 iz s u-4 mz s i-4 tz
DNK_7_NU_S0048_296,audio_data/train/DNK_7_NU_S0048_296.wav,ɓ e-0 ɗ o-4 iz v əː-4 iz h w aː-4,ɓ e-0 ɗ o-4 iz v əː-4 iz h w aː-4
NHM_7_NU_S0006_111,audio_data/train/NHM_7_NU_S0006_111.wav,n a-0 mz ə-4 iz l uə-4 t o-4 tz k w aː-4 ɓ o-0 ŋmz n aː-1 uz k u-2 ŋmz k u-2 ŋmz ɓ o-0 ŋmz n aː-1 uz ɓ o-0 ŋmz n ə-4 iz k u-2 ŋmz m ə-3 iz ɗ e-1 uz n a-5 ŋz t͡ɕ i-2 uz,n a-0 mz ə-4 iz l uə-4 t o-4 tz k w aː-4 ɓ o-0 ŋmz n aː-1 uz k u-2 ŋmz k u-2 ŋmz ɓ o-0 ŋmz n aː-1 uz ɓ o-0 ŋmz n ə-4 iz k u-2 ŋmz m ə-3 iz ɗ e-1 uz n a-5 ŋz t͡ɕ i-2 uz
THA_Nu_6_S00042_117,audio_data/train/THA_Nu_6_S00042_117.wav,t əː-4 ɗ ɨə-5 kz s ɛ-0 mz t͡ɕ e-0 nz t i-0 v i-0 z o-1 iz,t əː-4 ɗ ɨə-5 kz s ɛ-0 mz t͡ɕ e-0 nz t i-0 v i-0 z o-1 iz
DNK_7_NU_S0048_187,audio_data/train/DNK_7_NU_S0048_187.wav,tʰ i-1 z aː-0 s əː-0 nz k aː-0 ɗ aː-2 ɓ i-5 ɲ o-4 tz t͡ɕ ɔ-0 ŋmz l o-1 ŋmz,tʰ i-1 z aː-0 s əː-0 nz k aː-0 ɗ aː-2 ɓ i-5 ɲ o-4 tz t͡ɕ ɔ-0 ŋmz l o-1 ŋmz
DNK_7_NU_S0048_76,audio_data/train/DNK_7_NU_S0048_76.wav,v i-0 v u-0 v i-0 v u-4 tz t ɨ-1 t͡ɕ e-0 nz t͡ɕ əː-1 iz s eaː-0 ŋ̟z tʰ a-3 mz,v i-0 v u-0 v i-0 v u-4 tz t ɨ-1 t͡ɕ e-0 nz t͡ɕ əː-1 iz s eaː-0 ŋ̟z tʰ aː-3 mz
TPA_Nu_6_S0009_168,audio_data/train/TPA_Nu_6_S0009_168.wav,t͡ɕ u-4 ŋmz t o-0 iz h ɨə-4 v iə-4 tz tʰ ɨ-0 t͡ɕ ɔ-0 tʰ ə-1 iz ɗ e-3 tʰ ə-1 iz x o-0 ŋmz tʰ ə-4 iz tʰ iə-4 uz t͡ɕ u-4 ŋmz t o-0 iz t͡ɕ ɔ-0 ŋmz m ə-4 iz tʰ aː-4 ŋz h ɛ-1,t͡ɕ u-4 ŋmz t o-0 iz h ɨə-4 v iə-4 tz tʰ ɨ-0 t͡ɕ ɔ-0 tʰ ə-1 iz ɗ e-3 tʰ ə-1 iz x o-0 ŋmz tʰ ə-4 iz tʰ iə-4 uz t͡ɕ u-4 ŋmz t o-0 iz t͡ɕ ɔ-0 ŋmz m ə-4 iz tʰ aː-4 ŋz h ɛ-1
NMA_7_NU_S0002_12,audio_data/train/NMA_7_NU_S0002_12.wav,t͡ɕ iə-1 uz k aː-0 uz k uə-3 h ɨə-0 uz k aː-0 uz k o-3 ɣ i-1 tʰ w ə-5 nz t iə-5 nz v aː-1 k ɔ-4 ɣ i-1 ɓ ə-4 tz t iə-5 nz,t͡ɕ iə-1 uz k aː-0 uz k uə-3 h ɨə-0 uz k aː-0 uz k o-3 ɣ i-1 tʰ w ə-5 nz t iə-5 nz v aː-1 k ɔ-4 ɣ i-1 ɓ ə-4 tz t iə-5 nz
CNBA_Nu_6_S0003_173,audio_data/train/CNBA_Nu_6_S0003_173.wav,ɓ aː-0 k aː-4 m ə-5 pz t͡ɕ a-3 ŋz t i-1 mz z aː-0 k aː-4 m a-0 ŋz,ɓ aː-0 k aː-4 m ə-5 pz t͡ɕ a-3 ŋz t i-1 mz z aː-0 k aː-4 m a-0 ŋz
NTM_Nam_6_S00010_21,audio_data/train/NTM_Nam_6_S00010_21.wav,t əː-4 ɓ iə-4 tz k ə-5 uz k u-2 ŋmz ɗ ɔ-5 kpz h a-0 iz l a-4 mz ɲ ɛ-4,t əː-4 ɓ iə-4 tz k ə-5 uz k u-2 ŋmz ɗ ɔ-5 kpz h a-0 iz l a-4 mz ɲ ɛ-4
PC_7_NAM_S0004_3,audio_data/train/PC_7_NAM_S0004_3.wav,m o-5 tz ɗ aː-1 nz k ɔ-1 ɓ eaː-5 k̟z,m o-5 tz ɗ aː-1 nz k ɔ-1 ɓ eaː-5 k̟z
GQM_Nam_6_S0006_60,audio_data/train/GQM_Nam_6_S0006_60.wav,t əː-4 t͡ɕ ɨə-0 k ə-5 uz aː-0,t əː-4 t͡ɕ ɨə-0 k ə-5 uz aː-0
PTL_7_NU_S0008_9,audio_data/train/PTL_7_NU_S0008_9.wav,ɣ ə-4 uz t w i-4 k ɔ-0 nz t͡ɕ e-0 nz s a-4 uz tʰ aː-4 ŋz t w o-3 iz f aː-3 iz t ɨ-5 ɓ aː-4 mz t͡ɕ a-4 kz v aː-1 uz l ɨ-0 ŋz m ɛ-5 x i-0 m ɛ-5 z i-0 t͡ɕ w iə-3 nz tʰ w a-0 nz tʰ w a-4 tz t͡ɕ e-0 nz k eaː-1 ŋ̟z k eaː-1 ŋ̟z k ə-0 iz,ɣ ə-4 uz t w i-4 k ɔ-0 nz t͡ɕ e-0 nz s a-4 uz tʰ aː-4 ŋz t w o-3 iz f aː-3 iz t ɨ-5 ɓ aː-4 mz t͡ɕ a-4 kz v aː-1 uz l ɨ-0 ŋz m ɛ-5 x i-0 m ɛ-5 z i-0 t͡ɕ w iə-3 nz tʰ w a-0 nz tʰ w a-4 tz t͡ɕ e-0 nz k eaː-1 ŋ̟z k eaː-1 ŋ̟z k ə-0 iz
PC_7_NAM_S0004_82,audio_data/train/PC_7_NAM_S0004_82.wav,v i-1 əː-0 ɗ ə-4 iz k ɔ-4 z ə-4 tz ɲ iə-1 uz k eaː-3 ŋ̟z ɗ ɛ-5 pz,v i-1 əː-0 ɗ ə-4 iz k ɔ-4 z ə-4 tz ɲ iə-1 uz k eaː-3 ŋ̟z ɗ ɛ-5 pz
THA_Nu_6_S00042_52,audio_data/train/THA_Nu_6_S00042_52.wav,h o-3 l aː-0 tʰ ɔ-3 f aː-4 ɲ aː-1 t aː-0 aː-0,h o-3 l aː-0 tʰ ɔ-3 f aː-4 ɲ aː-1 t aː-0 aː-0
NHM_7_NU_S0006_126,audio_data/train/NHM_7_NU_S0006_126.wav,k aː-3 ɗ e-0 mz ə-4 iz z aː-0 ɗ i-1 ŋ̟z l aː-0 ŋz l iə-0 uz k w ə-0 iz k w ə-1 nz s u-0 ŋmz k w eaː-0 ŋ̟z ɓ e-4 pz l ɨə-3 t͡ɕ ɔ-0 ɗ e-4 nz x i-0 ɓ eaː-4 ŋ̟z t͡ɕ i-4 nz,k aː-3 ɗ e-0 mz ə-4 iz z aː-0 ɗ i-1 ŋ̟z l aː-0 ŋz l iə-0 uz k w ə-0 iz k w ə-1 nz s u-0 ŋmz k w eaː-0 ŋ̟z ɓ e-4 pz l ɨə-3 t͡ɕ ɔ-0 ɗ e-4 nz x i-0 ɓ eaː-4 ŋ̟z t͡ɕ i-4 nz
DNK_7_NU_S0048_81,audio_data/train/DNK_7_NU_S0048_81.wav,k o-4 z ɨə-4 nz k a-5 pz m ɔ-3 tʰ eaː-0 ŋ̟z m eaː-3 ŋ̟z,k o-4 z ɨə-4 nz k a-5 pz m ɔ-3 tʰ eaː-0 ŋ̟z tʰ aː-3 mz
PTL_7_NU_S0008_85,audio_data/train/PTL_7_NU_S0008_85.wav,h a-0 iz v ə-2 iz v ɛ-0 v ə-3 iz n ɔ-4 ɓ əː-0 iz z ə-4 tz t aː-1 iz,h a-0 iz v ə-2 iz v ɛ-0 v ə-3 iz n ɔ-4 ɓ əː-0 iz z ə-4 tz t aː-1 iz
THA_Nu_6_S00042_9,audio_data/train/THA_Nu_6_S00042_9.wav,h a-0 iz t əː-4 ɗ o-4 k ə-5 uz,h a-0 iz t əː-4 ɗ o-4 k ə-5 uz
NHM_7_NU_S0006_66,audio_data/train/NHM_7_NU_S0006_66.wav,ŋ o-1 iz t͡ɕ ɔ-0 ŋmz ɲ aː-1 t aː-0 tʰ ə-4 iz k aː-3 ɲ ɨ-2 ŋz ɗ aː-1 nz k aː-4 z ɔ-1 ŋmz z ɔ-1 ŋmz t ɨ-1 ŋz ɗ aː-1 nz t ɨ-1 ŋz ɗ aː-1 nz s w o-0 iz tʰ ɛ-0 uz n ɨə-4 kz v aː-1 uz t ə-5 nz ɗ o-1 ŋmz s ə-0 uz,ŋ o-1 iz t͡ɕ ɔ-0 ŋmz ɲ aː-1 t aː-0 tʰ ə-4 iz k aː-3 ɲ ɨ-2 ŋz ɗ aː-1 nz k aː-4 z ɔ-1 ŋmz z ɔ-1 ŋmz t ɨ-1 ŋz ɗ aː-1 nz t ɨ-1 ŋz ɗ aː-1 nz s w o-0 iz tʰ ɛ-0 uz n ɨə-4 kz v aː-1 uz t ə-5 nz ɗ o-1 ŋmz s ə-0 uz
NTN_7_NU_S0042_8,audio_data/train/NTN_7_NU_S0042_8.wav,k w o-4 iz h eaː-1 ŋ̟z l aː-0 ŋz m o-2 iz t ə-1 ŋz ɗ e-1 uz k ɔ-4 x u-0 v e-5 s i-0 ŋ̟z z o-5 ŋmz z aː-2 iz v aː-1 s eaː-5 k̟z s ɛ-2,k w o-4 iz h eaː-1 ŋ̟z l aː-0 ŋz m o-2 iz t ə-1 ŋz ɗ e-1 uz k ɔ-4 x u-0 v e-5 s i-0 ŋ̟z z o-5 ŋmz z aː-2 iz v aː-1 s eaː-5 k̟z s ɛ-2
NHM_7_NU_S0006_78,audio_data/train/NHM_7_NU_S0006_78.wav,əː-0 m o-5 tz t i-3 ŋ̟z əː-0 m iə-1 nz n aː-0 mz,əː-0 m o-5 tz t i-3 ŋ̟z əː-0 m iə-1 nz n aː-0 mz
HYT_Nu_6_S0005_1,audio_data/train/HYT_Nu_6_S0005_1.wav,s a-0 uz ɗ ə-0 iz t əː-4 s ɛ-2 ɗ ɔ-5 kpz ɓ aː-1 iz t͡ɕ w o-5 tz u-4 tz,s a-0 uz ɗ ə-0 iz t əː-4 s ɛ-2 ɗ ɔ-5 kpz ɓ aː-1 iz t͡ɕ w o-5 tz u-4 tz
PTT_7_NU_S0041_85,audio_data/train/PTT_7_NU_S0041_85.wav,ɲ aː-0 iz m aː-2 iz ɲ aː-0 iz h w aː-1 iz,ɲ aː-0 iz m aː-2 iz ɲ aː-0 iz h w aː-1 iz
LDMT_Nam_6_S00047_34,audio_data/train/LDMT_Nam_6_S00047_34.wav,s ɛ-3 k e-3 t o-3 k uə-3 n ɔ-4 ɲ ɔ-3 ɲ ɨ-0 h o-5 pz z iə-0 mz m aː-1 ɗ ɛ-5 pz,s ɛ-3 k e-3 t o-3 k uə-3 n ɔ-4 ɲ ɔ-3 ɲ ɨ-0 h o-5 pz z iə-0 mz m aː-1 ɗ ɛ-5 pz
PTT_7_NU_S0041_68,audio_data/train/PTT_7_NU_S0041_68.wav,s e-0 v i-1 s aː-0 uz m uə-1 tʰ u-0 ɗ aː-4 ŋz iə-0 uz,s e-0 v i-1 s aː-0 uz m uə-1 tʰ u-0 ɗ aː-4 ŋz iə-0 uz
CNBA_Nu_6_S0003_144,audio_data/train/CNBA_Nu_6_S0003_144.wav,t ɨ-5 ɲ iə-0 nz m ə-4 tz h u-4 tz k aː-4 m a-0 ŋz k aː-4 m ə-5 pz ŋ əː-4 z aː-0,t ɨ-5 ɲ iə-0 nz m ə-4 tz h u-4 tz k aː-4 m a-0 ŋz k aː-4 m ə-5 pz ŋ əː-4 z aː-0
DNK_7_NU_S0048_31,audio_data/train/DNK_7_NU_S0048_31.wav,h o-0 mz n a-0 iz v e-1 m əː-3 h o-5 iz,h o-0 mz n a-0 iz v e-1 m əː-3 h o-5 iz
DNK_7_NU_S0048_36,audio_data/train/DNK_7_NU_S0048_36.wav,k ə-0 iz k aː-0 mz v aː-1 ŋz tʰ e-0 mz t͡ɕ aː-4 iz,k ə-0 iz k aː-0 mz v aː-1 ŋz tʰ e-0 mz t͡ɕ aː-4 iz
NNM_Nu_6_S00045_74,audio_data/train/NNM_Nu_6_S00045_74.wav,ɓ əː-3 iz v i-1 ɓ aː-0 t͡ɕ u-4 l əː-5 nz h a-0 iz ɓ i-5 s ɔ-4 iz z ə-5 pz z i-1 ŋ̟z,ɓ əː-3 iz v i-1 ɓ aː-0 t͡ɕ u-4 l əː-5 nz h a-0 iz ɓ i-5 s ɔ-4 iz z ə-5 pz z i-1 ŋ̟z
NNM_Nu_6_S00045_109,audio_data/train/NNM_Nu_6_S00045_109.wav,k aː-4 s ə-4 uz ŋ u-0 ŋ o-4 kpz l ə-5 pz t ɨ-4 kz h aː-4 m iə-5 ŋz t ɔ-0,k aː-4 s ə-4 uz ŋ u-0 ŋ o-4 kpz l ə-5 pz t ɨ-4 kz h aː-4 m iə-5 ŋz t ɔ-0
TTD_7_NAM_S0001_84,audio_data/train/TTD_7_NAM_S0001_84.wav,z o-1 iz ɓ ə-0 iz z əː-1 ɓ aː-4 kz h aː-1 ŋz s ɔ-4 mz x ɛ-0 nz ɛ-0 mz x ɛ-4 uz t͡ɕ a-0 mz ɗ aː-1 nz ɣ aː-1 m əː-4 iz n əː-3 tʰ i-1 k ə-5 uz s ɛ-2 n ɔ-4 iz ɲ ɨ-0 n aː-1 uz v aː-1 k aː-3 mz əː-0 nz ɲ ɨ-0 n aː-1 uz,z o-1 iz ɓ ə-0 iz z əː-1 ɓ aː-4 kz h aː-1 ŋz s ɔ-4 mz x ɛ-0 nz ɛ-0 mz x ɛ-4 uz t͡ɕ a-0 mz ɗ aː-1 nz ɣ aː-1 m əː-4 iz n əː-3 tʰ i-1 k ə-5 uz s ɛ-2 n ɔ-4 iz ɲ ɨ-0 n aː-1 uz v aː-1 k aː-3 mz əː-0 nz ɲ ɨ-0 n aː-1 uz
GQM_Nam_6_S0006_22,audio_data/train/GQM_Nam_6_S0006_22.wav,v i-1 t͡ɕ w o-5 tz u-4 tz tʰ ə-4 iz m o-5 tz k ɔ-0 nz k w aː-4 iz v ə-5 tz,v i-1 t͡ɕ w o-5 tz u-4 tz tʰ ə-4 iz m o-5 tz k ɔ-0 nz k w aː-4 iz v ə-5 tz
NTM_Nam_6_S00010_43,audio_data/train/NTM_Nam_6_S00010_43.wav,n o-1 iz h u-2 t͡ɕ aː-1 iz z ɔ-3 z aː-4 ɣ aː-4 uz l ɨə-5 kz l iə-1 mz,n o-1 iz h u-2 t͡ɕ aː-1 iz z ɔ-3 z aː-4 ɣ aː-4 uz l ɨə-5 kz l iə-1 mz
VTA_Nam_6_S0002_1,audio_data/train/VTA_Nam_6_S0002_1.wav,x aː-0 ŋz əː-0 iz ɓ ə-0 iz z əː-1 t əː-4 ɓ aː-3 uz ɗ ɔ-5 kpz ɓ aː-1 iz tʰ ɔ-3 t͡ɕ a-4 ŋz v aː-1 k w aː-5 x w aː-0 ŋz t͡ɕ ɔ-0 k ə-5 uz ŋ ɛ-0 ɲ ɛ-4,x aː-0 ŋz əː-0 iz ɓ ə-0 iz z əː-1 t əː-4 ɓ aː-3 uz ɗ ɔ-5 kpz ɓ aː-1 iz tʰ ɔ-3 t͡ɕ a-4 ŋz v aː-1 k w aː-5 x w aː-0 ŋz t͡ɕ ɔ-0 k ə-5 uz ŋ ɛ-0 ɲ ɛ-4
NHM_7_NU_S0006_85,audio_data/train/NHM_7_NU_S0006_85.wav,ɓ ə-0 iz z əː-1 ɓ aː-5 nz h ɔ-3 iz l aː-5 iz m i-1 ŋ̟z ɗ i-0,ɓ ə-0 iz z əː-1 ɓ aː-5 nz h ɔ-3 iz l aː-5 iz m i-1 ŋ̟z ɗ i-0
PTL_7_NU_S0008_55,audio_data/train/PTL_7_NU_S0008_55.wav,t i-1 ŋ̟z k aː-3 mz k uə-3 ɛ-0 mz v əː-4 iz k ɔ-0 nz v ə-5 tz,t i-1 ŋ̟z k aː-3 mz k uə-3 ɛ-0 mz v əː-4 iz k ɔ-0 nz v ə-5 tz
HYT_Nu_6_S0005_65,audio_data/train/HYT_Nu_6_S0005_65.wav,t əː-4 ɗ aː-2 ɲ i-1 nz tʰ ə-4 iz k ɔ-0 nz k aː-4 k aː-4 h ɛ-0 uz v aː-1 k aː-4 v aː-1 k uə-0,t əː-4 ɗ aː-2 ɲ i-1 nz tʰ ə-4 iz k ɔ-0 nz k aː-4 k aː-4 h ɛ-0 uz v aː-1 k aː-4 v aː-1 k uə-0
NMA_7_NU_S0002_40,audio_data/train/NMA_7_NU_S0002_40.wav,l ɔ-1 ŋmz s w o-4 iz ɲ iə-1 uz ɗ aː-4 s a-4 kz,l ɔ-1 ŋmz s w o-4 iz ɲ iə-1 uz ɗ aː-4 s a-4 tz
NNM_Nu_6_S00045_40,audio_data/train/NNM_Nu_6_S00045_40.wav,s o-4 ŋmz t͡ɕ e-0 nz m o-5 tz ɓ aː-2 iz ɗ ə-4 tz t͡ɕ o-4 ŋmz,s o-4 ŋmz t͡ɕ e-0 nz m o-5 tz ɓ aː-2 iz ɗ ə-4 tz t͡ɕ o-4 ŋmz
PC_7_NAM_S0004_49,audio_data/train/PC_7_NAM_S0004_49.wav,v i-1 s aː-0 uz ɓ aː-5 nz l aː-5 iz tʰ i-4 k̟z k ɔ-0 nz t͡ɕ ɔ-4,v i-1 s aː-0 uz ɓ aː-5 nz l aː-5 iz tʰ i-4 k̟z k ɔ-0 nz t͡ɕ ɔ-4
NT_7_NAM_S0009_39,audio_data/train/NT_7_NAM_S0009_39.wav,v i-1 v i-1 tʰ ə-1 nz z ɔ-4 x o-0 ŋmz tʰ e-3 v i-1 o-0 ŋmz m eaː-5 ŋ̟z ɗ aː-2 l aː-1 mz m o-5 tz ŋ o-0 iz ɲ aː-1 z ə-4 tz v ɨ-2 ŋz t͡ɕ aː-2 iz,v i-1 v i-1 tʰ ə-1 nz z ɔ-4 x o-0 ŋmz tʰ e-3 v i-1 o-0 ŋmz m eaː-5 ŋ̟z ɗ aː-2 l aː-1 mz m o-5 tz ŋ o-0 iz ɲ aː-1 z ə-4 tz v ɨ-2 ŋz t͡ɕ aː-2 iz
PTL_7_NU_S0008_149,audio_data/train/PTL_7_NU_S0008_149.wav,h aː-0 iz v ə-0 iz v ɛ-0 v ə-3 iz n ɔ-4 ɓ əː-0 iz z ə-4 tz t aː-1 iz,h aː-0 iz v ə-0 iz v ɛ-0 v ə-3 iz l ɔ-4 ɓ əː-0 iz z ə-4 tz t aː-1 iz
CNBA_Nu_6_S0003_158,audio_data/train/CNBA_Nu_6_S0003_158.wav,t əː-4 ɗ o-4 k ə-5 uz k aː-4 m a-0 ŋz ɓ ɔ-3 t͡ɕ a-5 iz k aː-4 m ə-5 pz ɓ a-1 ŋz k eaː-4 k̟z n aː-1 uz,t əː-4 ɗ o-4 k ə-5 uz k aː-4 m a-0 ŋz ɓ ɔ-3 t͡ɕ a-5 iz k aː-4 m ə-5 pz ɓ a-1 ŋz k eaː-4 k̟z n aː-1 uz
NDBA_7_NAM_S0010_19,audio_data/train/NDBA_7_NAM_S0010_19.wav,ɗ iə-1 uz ɣ i-1 z u-4 pz v ɔ-0 iz f aː-4 tz h iə-5 nz z aː-0 i-4 k̟z l əː-5 iz k uə-3 t͡ɕ iə-4 kz m w i-2 z aː-1 iz,ɗ iə-1 uz ɣ i-1 z u-4 pz v ɔ-0 iz f aː-4 tz h iə-5 nz z aː-0 i-4 k̟z l əː-5 iz k uə-3 t͡ɕ iə-4 kz m w i-2 z aː-1 iz
GQM_Nam_6_S0006_6,audio_data/train/GQM_Nam_6_S0006_6.wav,m u-2 n ɔ-4 ɗ ɔ-3 m ɔ-3 ɲ ɔ-5 nz m a-4 tz tʰ o-0 l o-4,m u-2 n ɔ-4 ɗ ɔ-3 m ɔ-3 ɲ ɔ-5 nz m a-4 tz tʰ o-0 l o-4
NDBA_7_NAM_S0010_154,audio_data/train/NDBA_7_NAM_S0010_154.wav,n a-0 mz m ə-4 iz l uə-4 t o-4 tz k w aː-4,n a-0 mz m ə-4 iz l uə-4 t o-4 tz k w aː-4
PTL_7_NU_S0008_52,audio_data/train/PTL_7_NU_S0008_52.wav,ɗ ɔ-4 l aː-1 k ɔ-0 nz x i-3,ɗ ɔ-4 l aː-1 k ɔ-0 nz x i-3
NTN_7_NU_S0042_87,audio_data/train/NTN_7_NU_S0042_87.wav,k o-0 z a-5 iz ɛ-0 mz t ə-5 pz v iə-4 tz,k o-0 z a-5 iz ɛ-0 mz t ə-5 pz v iə-4 tz
PTL_7_NU_S0008_77,audio_data/train/PTL_7_NU_S0008_77.wav,ɣ ə-4 uz t w i-4 k ɔ-0 nz t͡ɕ e-0 nz s a-4 uz tʰ aː-4 ŋz t w o-3 iz f əː-3 f aː-3 iz t ɨ-5 ɓ aː-4 mz t͡ɕ a-4 kz v aː-1 uz l ɨ-0 ŋz m ɛ-5 x i-0 m ɛ-5 z i-0 t͡ɕ w iə-3 nz tʰ w a-0 nz tʰ w a-4 tz t͡ɕ e-0 nz k eaː-1 ŋ̟z k ə-0 iz,ɣ ə-4 uz t w i-4 k ɔ-0 nz t͡ɕ e-0 nz s a-4 uz tʰ aː-4 ŋz t w o-3 iz f əː-3 f aː-3 iz t ɨ-5 ɓ aː-4 mz t͡ɕ a-4 kz v aː-1 uz l ɨ-0 ŋz m ɛ-5 x i-0 m ɛ-5 z i-0 t͡ɕ w iə-3 nz tʰ w a-0 nz tʰ w a-4 tz t͡ɕ e-0 nz k eaː-1 ŋ̟z k ə-0 iz
NNM_Nu_6_S00045_111,audio_data/train/NNM_Nu_6_S00045_111.wav,ŋ a-0 iz l u-4 kpz ɗ ɔ-4 l ə-5 pz t ɨ-4 kz,ŋ a-0 iz l u-4 kpz ɗ ɔ-4 l ə-5 pz t ɨ-4 kz
CNBA_Nu_6_S0003_151,audio_data/train/CNBA_Nu_6_S0003_151.wav,k aː-4 m ə-5 pz aː-4 pz s aː-4 tz k aː-4 m a-0 ŋz,k aː-4 m ə-5 pz aː-4 pz s aː-4 tz k aː-4 m a-0 ŋz
LDMT_Nam_6_S00047_8,audio_data/train/LDMT_Nam_6_S00047_8.wav,ɛ-0 mz ɲ əː-1 t͡ɕ i-5 t i-1 mz tʰ e-4 t͡ɕ i-5 ɗ aː-2 t i-1 mz z aː-0 z ɛ-4 pz t͡ɕ ɔ-0 ɛ-0 mz t͡ɕ ɨə-0,ɛ-0 mz ɲ əː-1 t͡ɕ i-5 t i-1 mz tʰ e-4 t͡ɕ i-5 ɗ aː-2 t i-1 mz z aː-0 z ɛ-4 pz t͡ɕ ɔ-0 ɛ-0 mz t͡ɕ ɨə-0
VTA_Nam_6_S0002_16,audio_data/train/VTA_Nam_6_S0002_16.wav,tʰ ɔ-3 t͡ɕ a-4 ŋz v aː-1 k w aː-5 x w aː-0 ŋz,tʰ ɔ-3 t͡ɕ a-4 ŋz v aː-1 k w aː-5 x w aː-0 ŋz
THA_7_NU_S0043_103,audio_data/train/THA_7_NU_S0043_103.wav,ɲ iə-1 uz i-0 k iə-4 nz ɗ ɨə-5 kz ɗ ɨə-0 z aː-0 k aː-4 kz ɓ aː-5 nz k ɔ-4 tʰ ɨə-0 ŋz t o-0 iz x o-0 ŋmz t o-0 iz s ɛ-2 x o-0 ŋmz n əː-3 h w aː-0 ɗ ɨə-5 kz n ɨə-2,ɲ iə-1 uz i-0 k iə-4 nz ɗ ɨə-5 kz ɗ ɨə-0 z aː-0 k aː-4 kz ɓ aː-5 nz k ɔ-4 tʰ ɨə-0 ŋz t o-0 iz x o-0 ŋmz t o-0 iz s ɛ-2 x o-0 ŋmz n əː-3 h w aː-0 ɗ ɨə-5 kz n ɨə-2
NDBA_7_NAM_S0010_24,audio_data/train/NDBA_7_NAM_S0010_24.wav,x o-0 ŋmz l ə-0 uz s a-0 uz ɲ ɨ-2 ŋz t͡ɕ o-2 ɗ ə-4 tz m ɔ-5 kpz l e-0 nz ɲ iə-1 uz m ə-1 mz k ə-0 iz s eaː-0 ŋ̟z t o-4 tz,x o-0 ŋmz l ə-0 uz s a-0 uz ɲ ɨ-2 ŋz t͡ɕ o-2 ɗ ə-4 tz m ɔ-5 kpz l e-0 nz ɲ iə-1 uz m ə-1 mz k ə-0 iz s eaː-0 ŋ̟z t o-4 tz
PTL_7_NU_S0008_68,audio_data/train/PTL_7_NU_S0008_68.wav,x u-3 ŋmz l ɔ-0 ŋmz m o-5 ŋmz tʰ e-4 t iə-1 nz s ɨ-3,x u-3 ŋmz l ɔ-0 ŋmz m o-5 ŋmz tʰ e-4 l iə-1 nz s ɨ-3
PTT_7_NU_S0041_73,audio_data/train/PTT_7_NU_S0041_73.wav,m uə-1 tʰ u-0 ɗ aː-4 iə-0 uz l aː-1 v i-1 tʰ u-0 l aː-1 mz t͡ɕ ɔ-0 t͡ɕ əː-1 iz s eaː-0 ŋ̟z k aː-0 uz,m uə-1 tʰ u-0 ɗ aː-4 iə-0 uz l aː-1 v i-5 tʰ u-0 l aː-1 mz t͡ɕ ɔ-0 t͡ɕ əː-1 iz s eaː-0 ŋ̟z k aː-0 uz
THA_7_NU_S0043_62,audio_data/train/THA_7_NU_S0043_62.wav,m o-2 iz t w ə-1 nz tʰ ə-1 iz s ɛ-2 t a-5 ŋz m o-5 tz k ə-0 iz t͡ɕ ɔ-0 ɛ-0 mz n aː-1 uz l aː-1 k e-4 tz k w aː-3 h ɔ-5 kpz t ə-5 pz k aː-0 uz ɲ ə-4 tz t͡ɕ ɔ-0 ŋmz t w ə-1 nz,m o-2 iz t w ə-1 nz tʰ ə-1 iz s ɛ-2 t a-5 ŋz m o-5 tz k ə-0 iz t͡ɕ ɔ-0 ɛ-0 mz n aː-1 uz l aː-1 k e-4 tz k w aː-3 h ɔ-5 kpz t ə-5 pz k aː-0 uz ɲ ə-4 tz t͡ɕ ɔ-0 ŋmz t w ə-1 nz
MK_7_NU_S0007_58,audio_data/train/MK_7_NU_S0007_58.wav,m o-2 iz ɓ o-0 ŋmz k u-4 kpz s i-0 ŋ̟z s a-4 nz z i-5 uz z aː-1 ŋz l u-0 ŋmz l i-0 ŋ̟z ɲ ɨ-0 ɲ ɨ-2 ŋz t iə-0 n a-4 ŋz ɲ ɔ-3,m o-2 iz ɓ o-0 ŋmz k u-4 kpz s i-0 ŋ̟z s a-4 nz z i-5 uz z aː-1 ŋz l u-0 ŋmz l i-0 ŋ̟z ɲ ɨ-0 ɲ ɨ-2 ŋz t iə-0 n a-4 ŋz ɲ ɔ-3
NDBA_7_NAM_S0010_89,audio_data/train/NDBA_7_NAM_S0010_89.wav,k ə-5 uz t͡ɕ u-3 h a-2 iz k əː-3 iz k w ə-1 nz aː-4 uz z aː-0 ɲ a-3 iz ŋ a-0 iz s w o-4 ŋmz h o-1 ɗ i-0,k ə-5 uz t͡ɕ u-3 h a-2 iz k əː-3 iz k w ə-1 nz aː-4 uz z aː-0 ɲ a-3 iz ŋ a-0 iz s w o-4 ŋmz h o-1 ɗ i-0
PTL_7_NU_S0008_120,audio_data/train/PTL_7_NU_S0008_120.wav,t əː-4 tʰ i-1 m aː-0 ŋz k ɔ-0 nz ŋ ɨə-1 iz m w o-0 ŋmz tʰ u-4 t͡ɕ ɔ-0 k ə-5 uz n ɛ-1,t əː-4 tʰ i-1 m aː-0 ŋz k ɔ-0 nz ŋ ɨə-1 iz m w o-0 ŋmz tʰ u-4 t͡ɕ ɔ-0 k ə-5 uz n ɛ-1
PTT_7_NU_S0041_119,audio_data/train/PTT_7_NU_S0041_119.wav,t a-0 iz z aː-1 l aː-0 uz s aː-0 uz,t a-0 iz z aː-1 l aː-0 uz s aː-0 uz
HYT_Nu_6_S0005_8,audio_data/train/HYT_Nu_6_S0005_8.wav,n ɔ-4 k w aː-4 tz z ɔ-2 t ɔ-0,n ɔ-4 k w aː-4 tz z ɔ-2 t ɔ-0
TPA_Nu_6_S0009_79,audio_data/train/TPA_Nu_6_S0009_79.wav,t͡ɕ i-5 tʰ ɨə-0 ŋz m ɛ-5 t͡ɕ i-5 k w aː-4,t͡ɕ i-5 tʰ ɨə-0 ŋz m ɛ-5 t͡ɕ i-5 k w aː-4
PC_7_NAM_S0004_123,audio_data/train/PC_7_NAM_S0004_123.wav,n ɔ-4 k ɔ-4 m o-5 tz ɓ o-5 l o-0 ŋmz m a-1 uz t͡ɕ a-4 ŋz v aː-1 ɲ ɨ-2 ŋz s ɔ-5 kpz v aː-1 ŋz,n ɔ-4 k ɔ-4 m o-5 tz ɓ o-5 l o-0 ŋmz m a-1 uz t͡ɕ a-4 ŋz v aː-1 ɲ ɨ-2 ŋz s ɔ-5 kpz v aː-1 ŋz
NMA_7_NU_S0002_240,audio_data/train/NMA_7_NU_S0002_240.wav,z a-5 kz ŋ w iə-0 nz t͡ɕ ɔ-0 s ɨ-4 tʰ ə-1 nz s aː-0 ŋz z aː-3 v əː-1 m ɨə-5 nz ɗ ɨə-1 ŋz ɗ e-3 s ə-0 mz t͡ɕ iə-4 mz n ɨə-4 kz t aː-0,z a-5 kz ŋ w iə-0 nz t͡ɕ ɔ-0 s ɨ-4 tʰ ə-1 nz s aː-0 ŋz z aː-3 v əː-1 m ɨə-5 nz ɗ ɨə-1 ŋz ɗ e-3 s ə-0 mz t͡ɕ iə-4 mz n ɨə-4 kz t aː-0
PC_7_NAM_S0004_133,audio_data/train/PC_7_NAM_S0004_133.wav,k ɔ-1 nz t͡ɕ ɔ-0 ŋmz k aː-4 kz ɗ o-1 z u-1 ŋmz h ɔ-5 kpz t ə-5 pz tʰ i-1 k ə-5 uz tʰ i-4 k̟z ɲ ə-4 tz l aː-1 ɗ o-1 z u-1 ŋmz n aː-1 uz,k ɔ-1 nz t͡ɕ ɔ-0 ŋmz k aː-4 kz ɗ o-1 z u-1 ŋmz h ɔ-5 kpz t ə-5 pz tʰ i-1 k ə-5 uz tʰ i-4 k̟z ɲ ə-4 tz l aː-1 ɗ o-1 z u-1 ŋmz n aː-1 uz
NMA_7_NU_S0002_81,audio_data/train/NMA_7_NU_S0002_81.wav,v ɔ-0 iz v ə-5 nz t aː-3 iz ɣ ə-4 uz s u-0 ŋmz f ɔ-0 ŋmz,v ɔ-0 iz v ə-5 nz t aː-3 iz ɣ ə-4 uz s u-0 ŋmz f ɔ-0 ŋmz
LXT_Nam_6_S0008_116,audio_data/train/LXT_Nam_6_S0008_116.wav,tʰ ɛ-0 uz t əː-4 v i-1 ɔ-0 ŋmz ŋ ɛ-0 l əː-1 iz m ɛ-5 l aː-1 mz s ɔ-0 ŋmz v e-1 m əː-4 iz ɗ i-0 t͡ɕ əː-0 iz,tʰ ɛ-0 uz t əː-4 v i-1 ɔ-0 ŋmz ŋ ɛ-0 l əː-1 iz m ɛ-5 l aː-1 mz s ɔ-0 ŋmz v e-1 m əː-4 iz ɗ i-0 t͡ɕ əː-0 iz
NHM_7_NU_S0006_44,audio_data/train/NHM_7_NU_S0006_44.wav,v i-1 ɗ aː-2 s o-0 ɗ o-3 ɓ aː-0 l ə-1 nz ŋ o-0 iz ɲ aː-1 k uə-3 o-0 ŋmz m eaː-5 ŋ̟z x iə-4 nz v aː-1 ɲ ɨ-2 ŋz ŋ ɨə-1 iz z ə-0 nz x aː-4 kz x iə-4 nz h ɔ-5 x ɔ-4 əː-0,v i-1 ɗ aː-2 s o-0 ɗ o-3 ɓ aː-0 l ə-1 nz ŋ o-0 iz ɲ aː-1 k uə-3 o-0 ŋmz m eaː-5 ŋ̟z x iə-4 nz v aː-1 ɲ ɨ-2 ŋz ŋ ɨə-1 iz z ə-0 nz x aː-4 kz x iə-4 nz h ɔ-5 x ɔ-4 əː-0
LXT_Nam_6_S0008_4,audio_data/train/LXT_Nam_6_S0008_4.wav,ɗ ɨə-5 kz,ɗ ɨə-5 kz
NDBA_7_NAM_S0010_106,audio_data/train/NDBA_7_NAM_S0010_106.wav,t ə-4 tz k aː-3 l aː-1 k uə-3 ɓ aː-1 t ɨə-4 kz,t ə-4 tz k aː-3 l aː-1 k uə-3 ɓ aː-1 t ɨə-4 kz
NMA_7_NU_S0002_158,audio_data/train/NMA_7_NU_S0002_158.wav,t͡ɕ iə-1 uz h ɛ-1 h o-0 mz n aː-0 uz,t͡ɕ iə-1 uz h ɛ-1 h o-0 mz n aː-0 uz
NDBA_7_NAM_S0010_92,audio_data/train/NDBA_7_NAM_S0010_92.wav,k ɨ-4 uz v əː-4 iz k ɨ-4 uz v əː-4 iz ɓ ɔ-5 nz t͡ɕ o-5 mz ɗ aː-2 k ɨə-4 pz l ə-4 iz k w ə-1 nz aː-4 uz k uə-3 t͡ɕ u-3 ɲ ə-0 nz t o-0 iz x i-0 ɗ aː-0 ŋz t a-4 mz,k ɨ-4 uz v əː-4 iz k i-4 uz v o-4 iz ɓ ɔ-5 nz t͡ɕ o-5 mz ɗ aː-2 k ɨə-4 pz l ə-4 iz k w ə-1 nz aː-4 uz k uə-3 t͡ɕ u-3 ɲ ə-0 nz t o-0 iz x i-0 ɗ aː-0 ŋz t a-4 mz
PC_7_NAM_S0004_88,audio_data/train/PC_7_NAM_S0004_88.wav,k w e-0 ɓ aː-5 nz k ɔ-4 ɗ a-5 kz s aː-3 nz ɣ i-1,k w e-0 ɓ aː-5 nz k ɔ-4 ɗ a-5 kz s aː-3 nz ɣ i-1
TPA_Nu_6_S0009_62,audio_data/train/TPA_Nu_6_S0009_62.wav,ɗ e-3 t əː-4 k e-3 ɲ ɛ-4,ɗ e-3 t əː-4 k e-3 ɲ ɛ-4
THA_Nu_6_S00042_110,audio_data/train/THA_Nu_6_S00042_110.wav,t͡ɕ ɔ-4 s u-1 t͡ɕ ɔ-4 s u-1 s əː-5 k w aː-4,t͡ɕ ɔ-4 s u-1 t͡ɕ ɔ-4 s u-1 s əː-5 k w aː-4
DNK_7_NU_S0048_88,audio_data/train/DNK_7_NU_S0048_88.wav,t i-1 mz ɲ ɨ-2 ŋz t ɨ-1 ŋ ɨ-2 t aː-3 v ɛ-3 ɗ ɛ-5 pz k uə-3 m a-5 tz h o-1 i-0 z əː-0 p aː-0 uz,t i-1 mz ɲ ɨ-2 ŋz t ɨ-1 ŋ ɨ-2 t aː-3 v ɛ-3 ɗ ɛ-5 pz k uə-3 m a-5 tz h o-1 i-0 z əː-0 p aː-0 uz
THA_Nu_6_S00042_231,audio_data/train/THA_Nu_6_S00042_231.wav,ɗ u-4 ŋmz z o-1 iz k ə-5 uz z ɔ-3 iz k w aː-4,ɗ u-4 ŋmz z o-1 iz k ə-5 uz z ɔ-3 iz k w aː-4
TTT_Nu_6_S00049_6,audio_data/train/TTT_Nu_6_S00049_6.wav,t i-0 v i-0 k ɔ-4 k aː-4 m ə-5 pz,t i-0 v i-0 k ɔ-4 k aː-4 m ə-5 pz
NMA_7_NU_S0002_264,audio_data/train/NMA_7_NU_S0002_264.wav,k w o-4 kpz t w aː-3 nz k ɔ-1 nz t͡ɕ ɛ-3 m aː-1 ɗ aː-2 ɓ iə-4 tz l ɔ-0 v iə-5 kz n ɨə-4 kz t aː-0 t aː-0 k ɔ-4 l əː-1 iz x ɛ-0 nz,k w o-4 kpz t w aː-3 nz k ɔ-1 nz t͡ɕ ɛ-3 m aː-1 ɗ aː-2 ɓ iə-4 tz l ɔ-0 v iə-5 kz n ɨə-4 kz t aː-0 t aː-0 k ɔ-4 l əː-1 iz x ɛ-0 nz
TTD_7_NAM_S0001_181,audio_data/train/TTD_7_NAM_S0001_181.wav,t͡ɕ ə-0 uz z aː-0 ŋ w aː-1 iz z w o-5 ŋmz t͡ɕ ə-0 uz k a-1 iz v əː-4 iz t aː-0,t͡ɕ ə-0 uz z aː-0 ŋ w aː-1 iz z w o-5 ŋmz t͡ɕ ə-0 uz k a-1 iz v əː-4 iz t aː-0
HYT_Nu_6_S0005_22,audio_data/train/HYT_Nu_6_S0005_22.wav,t əː-4 ɗ o-4 ɓ aː-5 nz t aː-5 iz s aː-0 uz t͡ɕ w o-5 tz u-4 tz l aː-5 iz ɓ w o-1 nz,t əː-4 ɗ o-4 ɓ aː-5 nz t aː-5 iz s aː-0 uz t͡ɕ w o-5 tz u-4 tz l aː-5 iz ɓ w o-1 nz
NTM_Nam_6_S00010_45,audio_data/train/NTM_Nam_6_S00010_45.wav,t͡ɕ i-0 mz x ɨə-4 uz t͡ɕ aː-0 iz t͡ɕ ə-0 uz,t͡ɕ i-0 mz x i-4 uz t͡ɕ aː-0 iz t͡ɕ ə-0 uz
PC_7_NAM_S0004_100,audio_data/train/PC_7_NAM_S0004_100.wav,v e-1 k w e-0 t əː-4 ɗ ɨə-5 kz t͡ɕ əː-0 iz v əː-4 iz k aː-4 kz ɓ aː-5 nz əː-0 k w e-0 ɗ ɨə-5 kz ɗ i-0 tʰ aː-3 z iə-1 uz əː-0 k eaː-4 ŋ̟z ɗ o-1 ŋmz l uə-4,v e-1 k w e-0 t əː-4 ɗ ɨə-5 kz t͡ɕ əː-0 iz v əː-4 iz k aː-4 kz ɓ aː-5 nz əː-0 k w e-0 ɗ ɨə-5 kz ɗ i-0 tʰ aː-3 z iə-1 uz əː-0 k eaː-4 ŋ̟z ɗ o-1 ŋmz l uə-4
NT_7_NAM_S0009_16,audio_data/train/NT_7_NAM_S0009_16.wav,o-0 ŋmz m eaː-5 ŋ̟z aː-0 nz w i-3 v aː-1 m əː-1 iz tʰ ə-1 nz tʰ i-3 ŋ̟z tʰ w aː-3 ŋz t əː-4 iz t͡ɕ əː-0 iz,o-0 ŋmz m eaː-5 ŋ̟z aː-0 nz w i-3 v aː-1 m əː-1 iz tʰ ə-1 nz tʰ i-3 ŋ̟z tʰ w aː-3 ŋz t əː-4 iz t͡ɕ əː-0 iz
NDBA_7_NAM_S0010_84,audio_data/train/NDBA_7_NAM_S0010_84.wav,ɲ aː-1 v uə-0 ɲ ə-5 nz k w aː-1 z o-1 iz k aː-3 mz əː-0 nz t͡ɕ u-3 ɲ ə-0 nz k uə-3 m ɛ-1 uz m o-5 tz k eaː-4 k̟z t͡ɕ ə-0 nz tʰ eaː-1 ŋ̟z,ɲ aː-1 v uə-0 ɲ ə-5 nz k w aː-1 z o-1 iz k aː-3 mz əː-0 nz t͡ɕ u-3 ɲ ə-0 nz k uə-3 m ɛ-1 uz m o-5 tz k eaː-4 k̟z t͡ɕ ə-0 nz tʰ eaː-1 ŋ̟z
PC_7_NAM_S0004_113,audio_data/train/PC_7_NAM_S0004_113.wav,v ə-5 iz ɓ aː-5 nz k ɔ-1 nz ɓ iə-4 tz tʰ e-0 mz ɲ ɨ-2 ŋz l w aː-1 iz h w aː-0 x aː-4 kz n aː-1 uz x o-0 ŋmz,v ə-5 iz ɓ aː-5 nz k ɔ-1 nz ɓ iə-4 tz tʰ e-0 mz ɲ ɨ-2 ŋz l w aː-1 iz h w aː-0 x aː-4 kz n aː-1 uz x o-0 ŋmz
PTL_7_NU_S0008_48,audio_data/train/PTL_7_NU_S0008_48.wav,ɗ a-5 kz ɗ iə-3 mz k uə-3 ɗ o-1 t͡ɕ əː-0 iz,ɗ a-5 kz ɗ iə-3 mz k uə-3 ɗ o-1 t͡ɕ əː-0 iz
NT_7_NAM_S0009_24,audio_data/train/NT_7_NAM_S0009_24.wav,t əː-4 h ɔ-3 iz k ə-5 uz t͡ɕ w iə-5 nz k ɔ-4 ɲ ɨ-2 ŋz ɲ ə-0 nz v ə-5 tz n aː-1 uz,t əː-4 h ɔ-3 iz k ə-5 uz t͡ɕ w iə-5 nz k ɔ-4 ɲ ɨ-2 ŋz ɲ ə-0 nz v ə-5 tz n aː-1 uz
PTT_7_NU_S0041_61,audio_data/train/PTT_7_NU_S0041_61.wav,h aː-5 t͡ɕ ɔ-0 t͡ɕ aː-4 iz ŋ ɔ-5 nz h w aː-0 tʰ əː-0 mz,h aː-5 t͡ɕ ɔ-0 t͡ɕ aː-4 iz ŋ ɔ-5 nz h w aː-0 tʰ əː-0 mz
NMA_7_NU_S0002_145,audio_data/train/NMA_7_NU_S0002_145.wav,v e-1 v ɛ-2 v e-1 l aː-1 ŋz t aː-0,v e-1 v ɛ-2 v e-1 l aː-1 ŋz t aː-0
TPA_Nu_6_S0009_89,audio_data/train/TPA_Nu_6_S0009_89.wav,t͡ɕ i-5 m w o-4 nz v e-1 tʰ a-0 mz m ɛ-5 ɲ ɨ-0 ŋz t͡ɕ i-5 f aː-3 iz s ɛ-0 t͡ɕ ɔ-0 s ɔ-0 ŋmz ɗ o-4 ŋmz t͡ɕ i-3 n a-1 iz ɗ aː-2,t͡ɕ i-5 m w o-4 nz v e-1 tʰ a-0 mz m ɛ-5 ɲ ɨ-0 ŋz t͡ɕ i-5 f aː-3 iz s ɛ-0 t͡ɕ ɔ-0 s ɔ-0 ŋmz ɗ o-4 ŋmz t͡ɕ i-3 n a-1 iz ɗ aː-2
PC_7_NAM_S0004_42,audio_data/train/PC_7_NAM_S0004_42.wav,v i-1 t͡ɕ i-0 mz k o-0 ŋmz k ɔ-4 m a-1 uz ɓ u-5 ŋmz k eaː-4 ŋ̟z z ə-4 tz ɗ ɛ-5 pz,v i-1 t͡ɕ i-0 mz k o-0 ŋmz k ɔ-4 m a-1 uz ɓ u-5 ŋmz k eaː-4 ŋ̟z z ə-4 tz ɗ ɛ-5 pz
NHM_7_NU_S0006_119,audio_data/train/NHM_7_NU_S0006_119.wav,h ɔ-5 l ə-4 iz ɣ aː-5 uz n e-4 pz v ɔ-0 k i-2 ɗ o-1 tʰ ə-5 tz z ɛ-3 uz t͡ɕ ɔ-0 v aː-1 uz tʰ ə-5 tz m i-5 nz z o-1 iz n a-5 nz tʰ eaː-1 ŋ̟z m o-5 tz tʰ ɨ-4 ɓ eaː-4 ŋ̟z h i-1 ŋ̟z t͡ɕ ɔ-1 nz m i-5 nz m aː-1 ŋz v aː-1 t͡ɕ ɔ-0 ŋmz t͡ɕ ɛ-3 uz ɲ ɨ-0 ɓ ə-1 uz t͡ɕ əː-1 iz,h ɔ-5 l ə-4 iz ɣ aː-5 uz n e-4 pz v ɔ-0 k i-2 ɗ o-1 tʰ ə-5 tz z ɛ-3 uz t͡ɕ ɔ-0 v aː-1 uz tʰ ə-5 tz m i-5 nz z o-1 iz n a-5 nz tʰ eaː-1 ŋ̟z m o-5 tz tʰ ɨ-4 ɓ eaː-4 ŋ̟z h i-1 ŋ̟z t͡ɕ ɔ-1 nz m i-5 nz m aː-1 ŋz v aː-1 t͡ɕ ɔ-0 ŋmz t͡ɕ ɛ-3 uz ɲ ɨ-0 ɓ ə-1 uz t͡ɕ əː-1 iz
TTT_Nu_6_S00049_71,audio_data/train/TTT_Nu_6_S00049_71.wav,v aː-1 ɲ aː-1 ɗ aː-2 ɓ i-5 v əː-2,v aː-1 ɲ aː-1 ɗ aː-2 ɓ i-5 v əː-2
MK_7_NU_S0007_49,audio_data/train/MK_7_NU_S0007_49.wav,m uə-1 s w ə-0 nz l eaː-5 ŋ̟z z aː-3,m uə-1 s w ə-0 nz l eaː-5 ŋ̟z z aː-3
NMA_7_NU_S0002_137,audio_data/train/NMA_7_NU_S0002_137.wav,ɗ a-1 mz t͡ɕ ɔ-0 ŋmz t iə-4 ŋz h ɔ-1,ɗ a-1 mz t͡ɕ ɔ-0 ŋmz t iə-4 ŋz h ɔ-1
NNM_Nu_6_S00045_22,audio_data/train/NNM_Nu_6_S00045_22.wav,ə-0 iz ɓ ɛ-4 l e-0 t͡ɕ aː-3 m e-0 t i-0 v i-0,ə-0 iz ɓ ɛ-4 l e-0 t͡ɕ aː-3 m e-0 t i-0 v i-0
HYT_Nu_6_S0005_99,audio_data/train/HYT_Nu_6_S0005_99.wav,ə-0 iz n aː-1 ŋz t iə-0 nz k aː-4 ɓ e-0 z ə-0 nz ɗ i-0 ɗ iə-3 mz,ə-0 iz n aː-1 ŋz t iə-0 nz k aː-4 ɓ e-0 z ə-0 nz ɗ i-0 ɗ iə-3 mz
NNM_Nu_6_S00045_65,audio_data/train/NNM_Nu_6_S00045_65.wav,ɲ ɨ-0 ŋz l əː-5 nz u-4 tz t i-0 ŋ̟z x o-0 nz,ɲ ɨ-0 ŋz l əː-5 nz u-4 tz t i-0 ŋ̟z x o-0 nz
PTT_7_NU_S0041_62,audio_data/train/PTT_7_NU_S0041_62.wav,tʰ u-0 l aː-1 mz t͡ɕ ɔ-0 t͡ɕ əː-1 iz s eaː-0 ŋ̟z k aː-0 uz t͡ɕ ɔ-0 h ɔ-5 kpz s i-0 ŋ̟z ɲ əː-4 ŋ a-1 iz t ɨ-5 uz t͡ɕ ɨə-1 ŋz,tʰ u-0 l aː-1 mz t͡ɕ ɔ-0 t͡ɕ əː-1 iz s eaː-0 ŋ̟z k aː-0 uz t͡ɕ ɔ-0 h ɔ-5 kpz s i-0 ŋ̟z ɲ əː-4 ŋ a-5 iz t ɨ-5 uz t͡ɕ ɨə-1 ŋz
THA_7_NU_S0043_135,audio_data/train/THA_7_NU_S0043_135.wav,ɛ-4 nz ɓ a-0 iz t͡ɕ aː-0 uz k eaː-4 ŋ̟z v ə-2 iz,ɛ-4 nz ɓ a-0 iz t͡ɕ aː-0 uz k eaː-4 ŋ̟z v ə-2 iz
TTD_7_NAM_S0001_86,audio_data/train/TTD_7_NAM_S0001_86.wav,t͡ɕ a-4 uz ɓ ə-0 iz z əː-1 t əː-4 ɣ əː-5 iz i-0 t͡ɕ ɔ-0 k ə-5 uz ɲ əː-4 l aː-1,t͡ɕ a-4 uz ɓ ə-0 iz z əː-1 t əː-4 ɣ əː-5 iz i-0 t͡ɕ ɔ-0 k ə-5 uz ɲ əː-4 l aː-1
CNBA_Nu_6_S0003_150,audio_data/train/CNBA_Nu_6_S0003_150.wav,k aː-4 m a-0 ŋz l aː-5 kz m ɛ-5,k aː-4 m a-0 ŋz l aː-5 kz m ɛ-5
TTD_7_NAM_S0001_147,audio_data/train/TTD_7_NAM_S0001_147.wav,k uə-3 t͡ɕ ə-0 uz ɗ ə-4 iz tʰ aː-0 h o-1,k uə-3 t͡ɕ ə-0 uz ɗ ə-4 iz tʰ aː-0 h o-1
PC_7_NAM_S0004_72,audio_data/train/PC_7_NAM_S0004_72.wav,v i-1 s aː-0 uz ɓ aː-5 nz l aː-5 iz tʰ i-4 k̟z m o-0 nz t iə-4 ŋz eaː-0 ŋ̟z,v i-1 s aː-0 uz ɓ aː-5 nz l aː-5 iz tʰ i-4 k̟z m o-0 nz t iə-4 ŋz eaː-0 ŋ̟z
NT_7_NAM_S0009_20,audio_data/train/NT_7_NAM_S0009_20.wav,ɗ o-1 ŋmz ɓ a-1 ŋz v u-1 ŋmz ɗ ə-4 tz z o-5 ŋmz ɓ a-1 ŋz f a-3 ŋz,ɗ o-1 ŋmz ɓ a-1 ŋz v u-1 ŋmz ɗ ə-4 tz z o-5 ŋmz ɓ a-1 ŋz f a-3 ŋz
DNK_7_NU_S0048_94,audio_data/train/DNK_7_NU_S0048_94.wav,t͡ɕ i-0 əː-0 iz z ɨə-5 tʰ ɛ-0 uz ɓ aː-1 iz ɗ ɔ-5 kpz h a-2 iz t aː-3 l aː-5 iz h i-1 ŋ̟z eaː-3 ŋ̟z k uə-3 m o-5 tz l w aː-1 iz t͡ɕ i-0 mz m aː-1 k ə-5 uz tʰ i-4 k̟z,t͡ɕ i-0 əː-0 iz z ɨə-5 tʰ ɛ-0 uz ɓ aː-1 iz ɗ ɔ-5 kpz h a-2 iz t aː-3 l aː-5 iz h i-1 ŋ̟z eaː-3 ŋ̟z k uə-3 m o-5 tz l w aː-1 iz t͡ɕ i-0 mz m aː-1 k ə-5 uz tʰ i-4 k̟z
GQM_Nam_6_S0006_44,audio_data/train/GQM_Nam_6_S0006_44.wav,t əː-4 ɗ o-4 k ə-5 uz ɗ ɔ-4 l aː-1 k ɔ-0 nz ɣ i-1,t əː-4 ɗ o-4 k ə-5 uz ɗ ɔ-4 l aː-1 k ɔ-0 nz ɣ i-1
DNK_7_NU_S0048_302,audio_data/train/DNK_7_NU_S0048_302.wav,h eaː-1 ŋ̟z ɗ o-5 ŋmz k uə-3 k aː-4 kz k ə-5 uz ɓ ɛ-4 ɣ ə-0 iz z aː-0 t͡ɕ w iə-5 nz ɗ a-0 uz l ɔ-1 ŋmz,h eaː-1 ŋ̟z ɗ o-5 ŋmz k uə-3 k aː-4 kz k ə-5 uz ɓ ɛ-4 ɣ ə-0 iz z aː-0 t͡ɕ w iə-5 nz ɗ a-0 uz l ɔ-1 ŋmz
PTL_7_NU_S0008_49,audio_data/train/PTL_7_NU_S0008_49.wav,n ɔ-4 k ɔ-4 k eaː-4 ŋ̟z m w i-2 ɲ ɔ-3 ɗ o-0 iz t aː-0 iz m e-1 mz tʰ ə-0 nz n ɔ-4 k u-2 ŋmz m e-1 mz,n ɔ-4 k ɔ-4 k eaː-4 ŋ̟z m w i-2 ɲ ɔ-3 ɗ o-0 iz t aː-0 iz m e-1 mz tʰ ə-0 nz n ɔ-4 k u-2 ŋmz m e-1 mz
THA_7_NU_S0043_95,audio_data/train/THA_7_NU_S0043_95.wav,k ə-5 uz ɓ ɛ-4 h w i-0 ɓ w o-1 nz ɓ aː-1 ɛ-0 mz s i-0 nz l o-2 iz tʰ ə-1 iz,k ə-5 uz ɓ ɛ-4 h w i-0 ɓ w o-1 nz ɓ aː-1 ɛ-0 mz s i-0 nz l o-2 iz tʰ ə-1 iz
HYT_Nu_6_S0005_82,audio_data/train/HYT_Nu_6_S0005_82.wav,n ɨə-3 tʰ ə-0 nz t͡ɕ e-0 nz k uə-3 n aː-1 ŋz ɲ ɨ-0 m o-5 tz k o-0 ɓ ɛ-4,n ɨə-3 tʰ ə-0 nz t͡ɕ e-0 nz k uə-3 n aː-1 ŋz ɲ ɨ-0 m o-5 tz k o-0 ɓ ɛ-4
PTL_7_NU_S0008_66,audio_data/train/PTL_7_NU_S0008_66.wav,s ɨ-4 s əː-3 m w o-0 ŋmz tʰ u-4,s ɨ-4 s ɨ-3 m w o-0 ŋmz tʰ u-4
THA_7_NU_S0043_139,audio_data/train/THA_7_NU_S0043_139.wav,s a-0 uz x i-0 ɗ ɔ-5 kpz s ɔ-0 ŋmz ɓ aː-1 iz ɗ ɔ-5 kpz,s a-0 uz x i-0 ɗ ɔ-5 kpz s ɔ-0 ŋmz ɓ aː-1 iz ɗ ɔ-5 kpz
TTD_7_NAM_S0001_158,audio_data/train/TTD_7_NAM_S0001_158.wav,m o-5 tz l aː-1 k ɔ-0 nz t͡ɕ ə-0 uz ɗ ɛ-0 nz l o-0 ŋmz m ɨə-5 tz,m o-5 tz l aː-1 k ɔ-0 nz t͡ɕ ə-0 uz ɗ ɛ-0 nz l o-0 ŋmz m ɨə-5 tz
PTL_7_NU_S0008_33,audio_data/train/PTL_7_NU_S0008_33.wav,ɓ aː-5 nz ɓ aː-5 nz z u-3 ɛ-0 mz h aː-4 iz h w aː-0 t͡ɕ ɔ-0 ŋmz k o-0 ŋmz v iə-0 nz v iə-0 nz,ɓ aː-5 nz ɓ aː-5 nz z u-3 ɛ-0 mz h aː-4 iz h w aː-0 t͡ɕ ɔ-0 ŋmz k o-0 ŋmz v iə-0 nz v iə-0 nz
GQM_Nam_6_S0006_74,audio_data/train/GQM_Nam_6_S0006_74.wav,n aː-1 ŋz t iə-0 nz k aː-4 k ɔ-4 t ə-4 tz k aː-3 k aː-4 kz k aː-4 kz t͡ɕ u-4 n aː-1 ŋz m w o-4 nz,n aː-1 ŋz t iə-0 nz k aː-4 k ɔ-4 t ə-4 tz k aː-3 k aː-4 kz k aː-4 kz t͡ɕ u-4 n aː-1 ŋz m w o-4 nz
HYT_Nu_6_S0005_71,audio_data/train/HYT_Nu_6_S0005_71.wav,n ɨə-3 tʰ ə-0 nz t͡ɕ e-0 nz k uə-3 n aː-1 ŋz ɲ ɨ-0 m o-5 tz k o-0 ɓ ɛ-4,n ɨə-3 tʰ ə-0 nz t͡ɕ e-0 nz k uə-3 n aː-1 ŋz ɲ ɨ-0 m o-5 tz k o-0 ɓ ɛ-4
TTT_Nu_6_S00049_12,audio_data/train/TTT_Nu_6_S00049_12.wav,ɓ aː-5 nz tʰ ə-4 iz t əː-4 ɗ ɔ-5 kpz k ɔ-4 h a-0 iz x o-0 ŋmz,ɓ aː-5 nz tʰ ə-4 iz t əː-4 ɗ ɔ-5 kpz k ɔ-4 h a-0 iz x o-0 ŋmz
PTT_7_NU_S0041_64,audio_data/train/PTT_7_NU_S0041_64.wav,k aː-4 kz t͡ɕ a-4 uz ɗ e-1 uz k ɔ-4 i-4 k̟z ɗ e-1 uz ɗ aː-4 ŋz iə-0 uz,k aː-4 kz t͡ɕ a-4 uz ɗ e-1 uz k ɔ-4 i-4 k̟z ɗ e-1 uz ɗ aː-4 ŋz iə-0 uz
HYT_Nu_6_S0005_61,audio_data/train/HYT_Nu_6_S0005_61.wav,t əː-4 t͡ɕ ɨə-0 k ə-5 uz aː-0,t əː-4 t͡ɕ ɨə-0 k ə-5 uz aː-0
THA_Nu_6_S00042_133,audio_data/train/THA_Nu_6_S00042_133.wav,aː-0 iz ɗ aː-2 t͡ɕ iə-4 nz tʰ a-4 ŋz v ə-5 iz,aː-0 iz ɗ aː-2 t͡ɕ iə-4 nz tʰ a-4 ŋz v ə-5 iz
PC_7_NAM_S0004_50,audio_data/train/PC_7_NAM_S0004_50.wav,t əː-4 tʰ i-4 k̟z k ɔ-0 nz t͡ɕ ɔ-4 ɓ əː-3 iz n ɔ-4 z u-4 pz z u-4 pz k eaː-0 ŋ̟z k eaː-0 ŋ̟z k eaː-0 ŋ̟z ɲ aː-1 ɗ e-3 ɗ əː-2 t͡ɕ o-5 mz v aː-1 uz,t əː-4 tʰ i-4 k̟z k ɔ-0 nz t͡ɕ ɔ-4 ɓ əː-3 iz n ɔ-4 z u-4 pz z u-4 pz k eaː-0 ŋ̟z k eaː-0 ŋ̟z k eaː-0 ŋ̟z ɲ aː-1 ɗ e-3 ɗ əː-2 t͡ɕ o-5 mz v aː-1 uz
DNK_7_NU_S0048_120,audio_data/train/DNK_7_NU_S0048_120.wav,v i-1 v ə-5 iz x i-0 k ə-1 nz ŋ i-3 n ɔ-4 k ɔ-0 m o-5 tz t͡ɕ ə-0 nz l e-0 nz aː-4 pz s aː-4 tz ɓ u-5 ŋmz,v i-1 v ə-5 iz x i-0 k ə-1 nz ŋ i-3 n ɔ-4 k ɔ-0 m o-5 tz t͡ɕ ə-0 nz l e-0 nz aː-4 pz s aː-4 tz ɓ u-5 ŋmz
NMA_7_NU_S0002_123,audio_data/train/NMA_7_NU_S0002_123.wav,k ə-0 uz v a-0 nz n aː-1 uz t͡ɕ ɔ-0 ɓ iə-4 tz k ə-0 iz ɗ aː-0 ɗ aː-2 s o-4 ŋmz z ə-4 tz l ə-0 uz,k ə-0 uz v a-0 nz n aː-1 uz t͡ɕ ɔ-0 ɓ iə-4 tz k ə-0 iz ɗ aː-0 ɗ aː-2 s o-4 ŋmz z ə-4 tz l ə-0 uz
PC_7_NAM_S0004_14,audio_data/train/PC_7_NAM_S0004_14.wav,t͡ɕ u-4 v u-5 tz ɓ a-0 iz l e-0 nz,t͡ɕ u-4 v u-5 tz ɓ a-0 iz l e-0 nz
VTA_Nam_6_S0002_14,audio_data/train/VTA_Nam_6_S0002_14.wav,h o-0 mz t͡ɕ ɨə-4 kz ɛ-0 mz x w aː-4 kz l aː-4 kz t͡ɕ i-5 ɓ ɔ-3 k w aː-0 ɲ ɛ-4,h o-0 mz t͡ɕ ɨə-4 kz ɛ-0 mz x w aː-4 kz l w aː-4 kz t͡ɕ i-5 ɓ ɔ-3 k w aː-0 ɲ ɛ-4
NMA_7_NU_S0002_143,audio_data/train/NMA_7_NU_S0002_143.wav,ɓ ɨ-4 kz t͡ɕ eaː-0 ŋ̟z m ɛ-5 m uə-0,ɓ ɨ-4 kz t͡ɕ eaː-0 ŋ̟z m ɛ-5 m uə-0
NDBA_7_NAM_S0010_119,audio_data/train/NDBA_7_NAM_S0010_119.wav,z ɨ-4 tz l əː-1 iz l aː-2 uz ɓ iə-4 nz tʰ eaː-1 ŋ̟z m o-5 tz k ɔ-0 nz t͡ɕ w o-5 tz ɲ a-4 tz,z ɨ-4 tz l əː-1 iz l aː-2 uz ɓ iə-4 nz tʰ eaː-1 ŋ̟z m o-5 tz k ɔ-0 nz t͡ɕ w o-5 tz ɲ a-4 tz
THA_Nu_6_S00042_25,audio_data/train/THA_Nu_6_S00042_25.wav,z o-1 iz ɓ i-5 t͡ɕ i-1 mz s w o-4 ŋmz,z o-1 iz ɓ i-5 t͡ɕ i-1 mz s w o-4 ŋmz
PTT_7_NU_S0041_134,audio_data/train/PTT_7_NU_S0041_134.wav,t əː-4 h ɔ-3 iz k ə-5 uz z ɨə-2 ɓ w o-3 iz t͡ɕ ɨə-0 h ɛ-1,t əː-4 h ɔ-3 iz k ə-5 uz z ɨə-2 ɓ w o-3 iz t͡ɕ ɨə-0 h ɛ-1
PC_7_NAM_S0004_9,audio_data/train/PC_7_NAM_S0004_9.wav,ɗ ɨ-4 ŋz ɲ i-1 nz m e-0 ŋ̟z m o-0 ŋmz,ɗ ɨ-4 ŋz ɲ i-1 nz m e-0 ŋ̟z m o-0 ŋmz
NMA_7_NU_S0002_191,audio_data/train/NMA_7_NU_S0002_191.wav,l u-2 k ɔ-0 nz t͡ɕ iə-0 mz t͡ɕ iə-4 pz tʰ ɛ-0 uz l iə-1 nz ɗ a-1 ŋz s a-0 uz,l u-2 k ɔ-0 nz t͡ɕ iə-0 mz t͡ɕ iə-4 pz tʰ ɛ-0 uz l iə-0 nz ɗ a-1 ŋz s a-0 uz
MK_7_NU_S0007_122,audio_data/train/MK_7_NU_S0007_122.wav,ŋ a-1 iz s ɨə-0 l w aː-1 iz ŋ ɨə-1 iz,ŋ a-1 iz s ɨə-0 l w aː-1 iz ŋ ɨə-1 iz
LXT_Nam_6_S0008_131,audio_data/train/LXT_Nam_6_S0008_131.wav,ɗ ɨə-5 kz,ɗ ɨə-5 kz
GQM_Nam_6_S0006_98,audio_data/train/GQM_Nam_6_S0006_98.wav,i-0 ə-0 iz n aː-1 ŋz t iə-0 nz k aː-4,i-0 ə-0 iz n aː-1 ŋz t iə-0 nz k aː-4
CNBA_Nu_6_S0003_24,audio_data/train/CNBA_Nu_6_S0003_24.wav,h a-2 iz m əː-3 k ɨə-3 z aː-0,h a-2 iz m əː-3 k ɨə-3 z aː-0
NDBA_7_NAM_S0010_103,audio_data/train/NDBA_7_NAM_S0010_103.wav,tʰ e-4 n aː-1 uz ɲ aː-1 v uə-0 k u-2 ŋmz t͡ɕ ɔ-5 ŋmz t ɨə-3 ŋz tʰ ɨə-3 ŋz,tʰ e-4 n aː-1 uz ɲ aː-1 v uə-0 k u-2 ŋmz t͡ɕ ɔ-5 nz t ɨə-3 ŋz tʰ ɨə-3 ŋz
NMA_7_NU_S0002_106,audio_data/train/NMA_7_NU_S0002_106.wav,k ɔ-0 nz h ɨə-0 uz k ɔ-0 nz v ɔ-0 iz k ɔ-0 nz t e-0 z aː-4 kz k ɔ-0 nz,k ɔ-0 nz h ɨə-0 uz k ɔ-0 nz v ɔ-0 iz k ɔ-0 nz t e-0 z aː-4 kz k ɔ-0 nz
THA_Nu_6_S00042_192,audio_data/train/THA_Nu_6_S00042_192.wav,ɓ aː-1 k ɔ-4 ɲ ɔ-0 ɓ aː-0 k ɔ-4 t͡ɕ aː-1 h aː-1 k ɔ-4 m iə-4 ɓ ɛ-4 l e-0 k ɔ-4 s ɨə-2,ɓ aː-1 k ɔ-4 ɲ ɔ-0 ɓ aː-0 k ɔ-4 t͡ɕ aː-1 h aː-1 k ɔ-4 m iə-4 ɓ ɛ-4 l e-0 k ɔ-4 s ɨə-4
DNK_7_NU_S0048_137,audio_data/train/DNK_7_NU_S0048_137.wav,t͡ɕ i-0 mz ɣ i-1 k ɔ-4 ɓ o-5 l o-0 ŋmz l w o-0 nz z ɨ-5 kz z əː-2 s a-4 kz m a-1 uz m aː-1 z ə-4 tz ɗ ɛ-5 pz,t͡ɕ i-0 mz ɣ i-1 k ɔ-4 ɓ o-5 l o-0 ŋmz l w o-0 nz z ɨ-5 kz z əː-2 s a-4 kz m a-1 uz m aː-1 z ə-4 tz ɗ ɛ-5 pz
NHM_7_NU_S0006_129,audio_data/train/NHM_7_NU_S0006_129.wav,ɗ u-4 ŋmz ŋ a-1 iz h o-5 iz l əː-4 nz k aː-4 kz h w aː-1 ŋz t ɨ-3 m aː-0 ŋz k uə-3 ŋ ɔ-0 nz v ə-5 tz l aː-5 k aː-4 kz n əː-0 iz v e-1 ɗ o-0 ŋmz ɗ u-3,ɗ u-4 ŋmz ŋ a-1 iz h o-5 iz l əː-4 nz k aː-4 kz h w aː-1 ŋz t ɨ-3 m aː-0 ŋz k uə-3 ŋ ɔ-0 nz v ə-5 tz l aː-5 k aː-4 kz n əː-0 iz v e-1 ɗ o-0 ŋmz ɗ u-3
PTL_7_NU_S0008_95,audio_data/train/PTL_7_NU_S0008_95.wav,m aː-0 ŋz ɗ e-4 nz l əː-4 pz ɗ o-1 v ə-5 tz ɗ o-1 t͡ɕ əː-0 iz h i-1 ŋ̟z m o-5 tz l w aː-1 iz v ə-5 tz h w a-5 kz t͡ɕ eaː-0 ŋ̟z eaː-3 ŋ̟z l w aː-1 iz v ə-5 tz m aː-1 k ə-5 uz iə-0 uz tʰ i-4 k̟z ɲ ɛ-4,m aː-0 ŋz ɗ e-4 nz l əː-4 pz ɗ o-1 v ə-5 tz ɗ o-1 t͡ɕ əː-0 iz h i-1 ŋ̟z m o-5 tz l w aː-1 iz v ə-5 tz h w a-5 kz t͡ɕ eaː-0 ŋ̟z eaː-3 ŋ̟z l w aː-1 iz v ə-5 tz m aː-1 k ə-5 uz iə-0 uz tʰ i-4 k̟z ɲ ɛ-4
THA_7_NU_S0043_133,audio_data/train/THA_7_NU_S0043_133.wav,m ə-1 mz n ɔ-0 nz v ɨə-1 nz ɗ ɨ-4 ŋz z ə-5 iz,m ə-1 mz n ɔ-0 nz v ɨə-1 nz ɗ ɨ-4 ŋz z ə-5 iz
NMA_7_NU_S0002_202,audio_data/train/NMA_7_NU_S0002_202.wav,t͡ɕ ɔ-5 nz i-0 ɗ u-4 ŋmz,t͡ɕ ɔ-5 nz i-0 ɗ u-4 ŋmz
THA_7_NU_S0043_131,audio_data/train/THA_7_NU_S0043_131.wav,h w aː-0 x w ɛ-0 s a-4 kz n əː-0 iz n əː-0 iz,h w aː-0 x w ɛ-0 s a-4 kz n əː-0 iz n əː-0 iz
NDBA_7_NAM_S0010_126,audio_data/train/NDBA_7_NAM_S0010_126.wav,ɓ ɨə-2 t o-4 iz ɗ ɨə-5 kz t͡ɕ w ə-3 nz ɓ i-5 tʰ i-5 ŋ̟z s w aː-5 nz t͡ɕ ɔ-0 m ɔ-5 iz ŋ ɨə-1 iz,ɓ ɨə-2 t o-4 iz ɗ ɨə-5 kz t͡ɕ w ə-3 nz ɓ i-5 tʰ i-5 ŋ̟z s w aː-5 nz t͡ɕ ɔ-0 m ɔ-5 iz ŋ ɨə-1 iz
NT_7_NAM_S0009_10,audio_data/train/NT_7_NAM_S0009_10.wav,ŋ o-0 iz ɲ aː-1 ɗ aː-2 l aː-1 mz s ɔ-0 ŋmz,ŋ o-0 iz ɲ aː-1 ɗ aː-2 l aː-1 mz s ɔ-0 ŋmz
NTN_7_NU_S0042_60,audio_data/train/NTN_7_NU_S0042_60.wav,iə-0 uz tʰ ɨə-0 ŋz ɛ-0 mz ŋ a-4 mz m aː-2 iz,iə-0 uz tʰ ɨə-0 ŋz ɛ-0 mz ŋ a-4 mz m aː-2 iz
NTN_7_NU_S0042_64,audio_data/train/NTN_7_NU_S0042_64.wav,s aː-4 ŋz n aː-1 uz ɛ-0 mz ɗ e-4 nz l əː-4 pz,s aː-4 ŋz n aː-1 uz ɛ-0 mz ɗ e-4 nz l əː-4 pz
NHM_7_NU_S0006_41,audio_data/train/NHM_7_NU_S0006_41.wav,v i-1 s aː-0 uz tʰ ə-1 nz z ɔ-4 f aː-3 iz t͡ɕ i-5 uz tʰ uə-0 o-0 ŋmz m eaː-5 ŋ̟z,v i-1 s aː-0 uz tʰ ə-1 nz z ɔ-4 f aː-3 iz t͡ɕ i-5 uz tʰ uə-0 o-0 ŋmz m eaː-5 ŋ̟z
GQM_Nam_6_S0006_45,audio_data/train/GQM_Nam_6_S0006_45.wav,ɗ ɔ-4 l aː-1 k ɔ-0 nz m ɛ-1 uz,ɗ ɔ-4 l aː-1 k ɔ-0 nz m ɛ-1 uz
PTL_7_NU_S0008_121,audio_data/train/PTL_7_NU_S0008_121.wav,t͡ɕ w iə-3 nz s aː-0 ŋz ɓ aː-1 iz x aː-4 kz ɲ ɛ-4,t͡ɕ w iə-3 nz s aː-0 ŋz ɓ aː-1 iz x aː-4 kz ɲ ɛ-4
THA_Nu_6_S00042_61,audio_data/train/THA_Nu_6_S00042_61.wav,ɗ u-4 ŋmz z o-1 iz k ə-5 uz z ɔ-3 iz k w aː-4,ɗ u-4 ŋmz z o-1 iz k ə-5 uz z ɔ-3 iz k w aː-4
NMA_7_NU_S0002_141,audio_data/train/NMA_7_NU_S0002_141.wav,t͡ɕ ɔ-0 ŋmz v ɛ-0 uz t͡ɕ əː-1 iz k aː-0 uz,t͡ɕ ɔ-0 ŋmz v ɛ-0 uz t͡ɕ əː-1 iz k aː-0 uz
LXT_Nam_6_S0008_12,audio_data/train/LXT_Nam_6_S0008_12.wav,t iə-4 pz ɗ ɔ-4 l aː-5 iz k w a-0 iz s aː-0 ŋz ɣ aː-1 m aː-4 iz v aː-1 ŋz,t iə-4 pz ɗ ɔ-4 l aː-5 iz k w a-0 iz s aː-0 ŋz ɣ aː-1 m aː-4 iz v aː-1 ŋz
PC_7_NAM_S0004_17,audio_data/train/PC_7_NAM_S0004_17.wav,k aː-3 t w aː-4 nz t͡ɕ i-0 mz k u-0,k aː-3 t w aː-4 nz t͡ɕ i-0 mz k u-0
TPA_Nu_6_S0009_146,audio_data/train/TPA_Nu_6_S0009_146.wav,k aː-3 l əː-4 pz t i-4 uz t i-4 tz t͡ɕ w ə-3 nz ɓ i-5 t͡ɕ ɔ-0 ɓ w o-3 iz h ɔ-5 kpz k w o-4 iz n a-0 mz,k aː-3 l əː-4 pz t i-4 uz t i-4 tz t͡ɕ w ə-3 nz ɓ i-5 t͡ɕ ɔ-0 ɓ w o-3 iz h ɔ-5 kpz k w o-4 iz n a-0 mz
NDBA_7_NAM_S0010_2,audio_data/train/NDBA_7_NAM_S0010_2.wav,t͡ɕ ɔ-0 ŋmz x u-0 z ɨ-1 ŋz n ɔ-5 k aː-4 kz k ɔ-0 nz v ə-5 tz ɗ e-1 uz ɓ ə-5 nz z o-5 nz,t͡ɕ ɔ-0 ŋmz x u-0 z ɨ-1 ŋz n ɔ-5 k aː-4 kz k ɔ-0 nz v ə-5 tz ɗ e-1 uz ɓ ə-5 nz z o-5 nz
LXT_Nam_6_S0008_29,audio_data/train/LXT_Nam_6_S0008_29.wav,s e-0 ɣ aː-1 t͡ɕ o-4 ŋmz s aː-0 iz x iə-4 nz z a-5 iz z o-2 t ə-4 tz k aː-3,s e-0 ɣ aː-1 t͡ɕ o-4 ŋmz s aː-0 iz x iə-4 nz z a-5 iz z o-2 t ə-4 tz k aː-3
DNK_7_NU_S0048_147,audio_data/train/DNK_7_NU_S0048_147.wav,n əː-3 ɗ ə-1 iz h w aː-0 t͡ɕ a-4 ŋz,n əː-3 ɗ ə-1 iz h w aː-0 t͡ɕ a-4 ŋz
DNK_7_NU_S0048_101,audio_data/train/DNK_7_NU_S0048_101.wav,ɓ ɔ-4 ŋmz t͡ɕ ɛ-0 z əː-5 pz m a-5 tz ɗ ə-4 tz,ɓ ɔ-4 ŋmz t͡ɕ ɛ-0 z əː-5 pz m a-5 tz ɗ ə-4 tz
MK_7_NU_S0007_17,audio_data/train/MK_7_NU_S0007_17.wav,ɨə-4 kz m əː-0 k uə-3 k ə-5 uz l aː-1 ɣ i-1,ɨə-4 kz m əː-0 k uə-3 k ə-5 uz l aː-1 ɣ i-1
NTN_7_NU_S0042_29,audio_data/train/NTN_7_NU_S0042_29.wav,h a-1 ŋz ŋ a-1 iz m i-1 ŋ̟z ɗ ɨə-5 kz ɗ e-4 nz l əː-4 pz h ɔ-5 kpz t ə-5 pz,h a-1 ŋz ŋ a-1 iz m i-1 ŋ̟z ɗ ɨə-5 kz ɗ e-4 nz l əː-4 pz h ɔ-5 kpz t ə-5 pz
VTA_Nam_6_S0002_5,audio_data/train/VTA_Nam_6_S0002_5.wav,t əː-4 ɓ iə-4 tz ɓ a-0 iz,t əː-4 ɓ iə-4 tz ɓ a-0 iz
TTD_7_NAM_S0001_25,audio_data/train/TTD_7_NAM_S0001_25.wav,l o-0 ŋmz v aː-1 ŋz m aː-4 tz z i-5 uz,l o-0 ŋmz v aː-1 ŋz m aː-4 tz z i-5 uz
DNK_7_NU_S0048_52,audio_data/train/DNK_7_NU_S0048_52.wav,t əː-4 t͡ɕ ɔ-5 nz i-0 ə-0 iz,t əː-4 t͡ɕ ɔ-5 nz i-0 ə-0 iz
NTN_7_NU_S0042_70,audio_data/train/NTN_7_NU_S0042_70.wav,n a-4 ŋz ɣ ɛ-4 v aː-1 uz k ɨə-3 l əː-4 pz,n a-4 ŋz ɣ ɛ-4 v aː-1 uz k ɨə-3 l əː-4 pz
NNM_Nu_6_S00045_110,audio_data/train/NNM_Nu_6_S00045_110.wav,k e-0 uz l əː-4 nz h aː-0 h aː-0,k e-0 uz l əː-4 nz h aː-0 h aː-0
DNK_7_NU_S0048_96,audio_data/train/DNK_7_NU_S0048_96.wav,ɲ ɨ-2 ŋz k ɔ-0 nz t͡ɕ i-0 mz k əː-0 p u-4 kpz m aː-1 m i-1 ŋ̟z ɗ ɔ-3 t͡ɕ ɔ-4 tz,ɲ ɨ-2 ŋz k ɔ-0 nz t͡ɕ i-0 mz k əː-0 p u-4 kpz m aː-1 m i-1 ŋ̟z ɗ ɔ-3 t͡ɕ ɔ-4 tz
MK_7_NAM_S0005_108,audio_data/train/MK_7_NAM_S0005_108.wav,ə-0 uz k əː-0 ɣ a-5 pz l aː-5 kz l ɔ-0 ŋmz k w ə-0 nz z o-1 iz n e-0 nz v əː-5 n e-0 nz t͡ɕ o-1 ŋmz,ə-0 uz k əː-0 ɣ a-5 pz l aː-5 kz l ɔ-0 ŋmz k w ə-0 nz z o-1 iz n e-0 nz v əː-5 n e-0 nz t͡ɕ o-1 ŋmz
NNM_Nu_6_S00045_36,audio_data/train/NNM_Nu_6_S00045_36.wav,ɗ ə-1 mz l uə-4 ɗ ə-1 mz k aː-4 ɗ ə-5 pz l uə-4 t ə-4 mz t ə-4 pz n ə-5 pz,ɗ ə-1 mz l uə-4 ɗ ə-1 mz k aː-4 ɗ ə-5 pz l uə-4 t ə-4 mz t ə-4 pz n ə-5 pz
NHM_7_NU_S0006_92,audio_data/train/NHM_7_NU_S0006_92.wav,z əː-1 ɓ ɔ-5 nz m i-1 ŋ̟z k u-1 ŋmz ɗ ɔ-5 kpz m o-5 tz k ə-0 uz t͡ɕ w iə-5 nz ɗ ɔ-4 t͡ɕ i-4 ŋ̟z l aː-1 s ɨ-5 t i-4 k̟z ɓ eaː-4 ŋ̟z t͡ɕ ɨ-0 ŋz ɓ eaː-4 ŋ̟z z a-1 iz ɲ ɛ-4 ɓ aː-5 nz,z əː-1 ɓ ɔ-5 nz m i-1 ŋ̟z k u-1 ŋmz ɗ ɔ-5 kpz m o-5 tz k ə-0 uz t͡ɕ w iə-5 nz ɗ ɔ-4 t͡ɕ i-4 ŋ̟z l aː-1 s ɨ-5 t i-4 k̟z ɓ eaː-4 ŋ̟z t͡ɕ ɨ-0 ŋz ɓ eaː-4 ŋ̟z z a-1 iz ɲ ɛ-4 ɓ aː-5 nz
NMA_7_NU_S0002_74,audio_data/train/NMA_7_NU_S0002_74.wav,ɨə-4 kz m əː-0 k uə-3 k ə-5 uz l aː-1 ɣ i-1,ɨə-4 kz m əː-0 k uə-3 k ə-5 uz l aː-1 ɣ i-1
NTM_Nam_6_S00010_38,audio_data/train/NTM_Nam_6_S00010_38.wav,k ɔ-0 nz t͡ɕ ə-0 uz k a-1 iz t͡ɕ iə-0 mz,k ɔ-0 nz t͡ɕ ə-0 uz k a-1 iz t͡ɕ iə-0 mz
DNK_7_NU_S0048_189,audio_data/train/DNK_7_NU_S0048_189.wav,ɓ ɔ-3 v aː-1 uz l o-1 ŋmz s əː-0 nz k aː-0,ɓ ɔ-3 v aː-1 uz l o-1 ŋmz s əː-0 nz k aː-0
TTD_7_NAM_S0001_119,audio_data/train/TTD_7_NAM_S0001_119.wav,m ɛ-1 uz ɓ o-0 ŋmz ɲ aː-1 t əː-4 k ɔ-4 ɓ o-5 l ə-0 uz m a-1 uz v aː-1 ŋz s ɛ-0 mz l ə-2 nz m a-1 uz t͡ɕ a-4 ŋz ɲ ɨ-0 ŋz m a-1 uz v aː-1 ŋz l aː-5 iz ɲ iə-1 uz h əː-0 nz m a-1 uz t͡ɕ a-4 ŋz,m ɛ-1 uz ɓ o-0 ŋmz ɲ aː-1 t əː-4 k ɔ-4 ɓ o-5 l ə-0 uz m a-1 uz v aː-1 ŋz s ɛ-0 mz l ə-2 nz m a-1 uz t͡ɕ a-4 ŋz ɲ ɨ-0 ŋz m a-1 uz v aː-1 ŋz l aː-5 iz ɲ iə-1 uz h əː-0 nz m a-1 uz t͡ɕ a-4 ŋz
DNK_7_NU_S0048_78,audio_data/train/DNK_7_NU_S0048_78.wav,ɓ ə-1 uz ɓ ə-1 iz tʰ iə-0 nz ŋ aː-0 t͡ɕ a-4 ŋz m w o-4 tz ɗ aː-0 ŋz ɓ əː-0 iz l o-5 iz,ɓ ə-1 uz ɓ ə-1 iz tʰ iə-0 nz ŋ aː-0 t͡ɕ a-4 ŋz m w o-4 tz ɗ aː-0 ŋz ɓ əː-0 iz l o-5 iz
NDBA_7_NAM_S0010_153,audio_data/train/NDBA_7_NAM_S0010_153.wav,ɗ e-4 nz t͡ɕ iə-1 uz ɣ a-5 tz s ɔ-0 ŋmz tʰ ɨə-3 z w o-5 ŋmz m ɔ-5 iz ŋ ɨə-1 iz v w i-0 v ɛ-3 ɗ eaː-4 ŋ̟z l uə-4 v e-1,ɗ e-4 nz t͡ɕ iə-1 uz ɣ a-5 tz s ɔ-0 ŋmz tʰ ɨə-3 z w o-5 ŋmz m ɔ-5 iz ŋ ɨə-1 iz v w i-0 v ɛ-3 ɗ eaː-4 ŋ̟z l uə-4 v e-1
NMA_7_NU_S0002_77,audio_data/train/NMA_7_NU_S0002_77.wav,s ɨ-0 t ɨ-3 ɓ aː-1 nz t͡ɕ w iə-5 nz s w ə-4 tz k w ə-0 nz,s ɨ-0 t ɨ-3 ɓ aː-1 nz t͡ɕ w iə-5 nz s w ə-4 tz k w ə-0 nz
NDBA_7_NAM_S0010_104,audio_data/train/NDBA_7_NAM_S0010_104.wav,l aː-4 tz s a-0 uz s ɛ-0 ŋ ɨə-5 k uə-3 v uə-0 t əː-4 iz v aː-1 ŋ aː-1 iz k u-2 ŋmz h ɔ-3 iz k aː-4 kz ɓ aː-4 kz n o-0 ŋmz z ə-0 nz,l aː-4 tz s a-0 uz s ɛ-0 ŋ ɨə-5 k uə-3 v uə-0 t əː-4 iz v aː-1 ŋ aː-1 iz k u-2 ŋmz h ɔ-3 iz k aː-4 kz ɓ aː-4 kz n o-0 ŋmz z ə-0 nz
LXT_Nam_6_S0008_120,audio_data/train/LXT_Nam_6_S0008_120.wav,t əː-4 tʰ ə-4 iz ɓ aː-1 iz n a-1 iz h a-0 iz ɗ ɔ-4,t əː-4 tʰ ə-4 iz ɓ aː-1 iz n a-1 iz h a-0 iz ɗ ɔ-4
NDBA_7_NAM_S0010_6,audio_data/train/NDBA_7_NAM_S0010_6.wav,t͡ɕ i-3 k ɔ-4 v ɔ-0 iz k ɔ-0 nz l aː-1 t͡ɕ a-3 ŋz ɓ iə-4 tz l aː-1 mz ɣ i-1,t͡ɕ i-3 k ɔ-4 v ɔ-0 iz k ɔ-0 nz l aː-1 t͡ɕ a-3 ŋz ɓ iə-4 tz l aː-1 mz ɣ i-1
PC_7_NAM_S0004_11,audio_data/train/PC_7_NAM_S0004_11.wav,t əː-4 ɗ aː-2 ɗ ɔ-5 kpz s ɔ-0 ŋmz ɗ w aː-5 nz m o-5 tz t əː-4 m əː-1 iz k ə-5 uz ɗ ɔ-5 kpz ɗ w aː-5 nz h aː-0 iz k uə-3 ɓ aː-1 iz ɓ əː-1 t͡ɕ ɛ-0 ɗ ɔ-4 nz x eaː-4 k̟z,t əː-4 ɗ aː-2 ɗ ɔ-5 kpz s ɔ-0 ŋmz ɗ w aː-5 nz m o-5 tz t əː-4 m əː-1 iz k ə-5 uz ɗ ɔ-5 kpz ɗ w aː-5 nz h aː-0 iz k uə-3 ɓ aː-1 iz ɓ əː-1 t͡ɕ ɛ-0 ɗ ɔ-4 nz x eaː-4 k̟z
THA_7_NU_S0043_50,audio_data/train/THA_7_NU_S0043_50.wav,s a-0 uz x i-0 ɗ ɔ-5 kpz s ɔ-0 ŋmz k ə-0 uz t͡ɕ w iə-5 nz k ə-5 uz k ɔ-4 s w i-0 ŋ i-2 v aː-1 k aː-3 mz s u-4 kpz ɲ ɨ-0 tʰ e-4 n aː-1 uz,s a-0 uz x i-0 ɗ ɔ-5 kpz s ɔ-0 ŋmz k ə-0 uz t͡ɕ w iə-5 nz k ə-5 uz k ɔ-4 s w i-0 ŋ i-2 v aː-1 k aː-3 mz s u-4 kpz ɲ ɨ-0 tʰ e-4 n aː-1 uz
THA_Nu_6_S00042_81,audio_data/train/THA_Nu_6_S00042_81.wav,t͡ɕ i-5 t͡ɕ aː-1 t͡ɕ ɔ-0 ɓ ɛ-4 t͡ɕ i-0 ɗ i-0 ɗ ə-0 uz,t͡ɕ i-5 t͡ɕ aː-1 t͡ɕ ɔ-0 ɓ ɛ-4 t͡ɕ i-0 ɗ i-0 ɗ ə-0 uz
NHM_7_NU_S0006_49,audio_data/train/NHM_7_NU_S0006_49.wav,x i-0 o-0 ŋmz k e-4 tz ɓ aː-5 nz,x i-0 o-0 ŋmz k e-4 tz ɓ aː-5 nz
NHM_7_NU_S0006_117,audio_data/train/NHM_7_NU_S0006_117.wav,ɓ eaː-4 ŋ̟z tʰ əː-0 mz ŋ ɔ-0 nz l aː-5 iz ŋ u-5 i-0 t o-4 tz ɲ ə-4 tz ɗ i-5 ŋ̟z ɗ ɨə-5 kz m ɔ-5 iz ŋ ɨə-1 iz k w i-4 t͡ɕ ɔ-5 ŋmz v uə-0 t͡ɕ aː-0 h a-3 nz s ɛ-2 v w i-0 m ɨ-1 ŋz,ɓ eaː-4 ŋ̟z tʰ əː-0 mz ŋ ɔ-0 nz l aː-5 iz ŋ u-5 i-0 t o-4 tz ɲ ə-4 tz ɗ i-5 ŋ̟z ɗ ɨə-5 kz m ɔ-5 iz ŋ ɨə-1 iz k w i-4 t͡ɕ ɔ-5 ŋmz v uə-0 t͡ɕ aː-0 h a-3 nz s ɛ-2 v w i-0 m ɨ-1 ŋz
GQM_Nam_6_S0006_19,audio_data/train/GQM_Nam_6_S0006_19.wav,ɗ ɔ-4 l aː-1 k ɛ-3 tʰ u-1 k uə-3 ɲ aː-1 t͡ɕ w o-5 tz,ɗ ɔ-4 l aː-1 k ɛ-3 tʰ u-4 k uə-3 ɲ aː-1 t͡ɕ w o-5 tz
LDMT_Nam_6_S00047_49,audio_data/train/LDMT_Nam_6_S00047_49.wav,t͡ɕ iə-4 pz t͡ɕ e-4 pz k w aː-1 k w aː-1,t͡ɕ iə-4 pz t͡ɕ e-4 pz k w aː-1 k w aː-1
NTM_Nam_6_S00010_2,audio_data/train/NTM_Nam_6_S00010_2.wav,t əː-4 k ɔ-4,t əː-4 k ɔ-4
CNBA_Nu_6_S0003_35,audio_data/train/CNBA_Nu_6_S0003_35.wav,k o-0 ŋmz t͡ɕ uə-4 t ɨ-4 kz z ə-5 nz l ə-4 iz m o-5 tz k aː-4 iz ɣ o-4 iz t ɔ-0 n ɛ-4 mz tʰ a-3 ŋz v aː-1 uz n ɔ-4,k o-0 ŋmz t͡ɕ uə-4 t ɨ-4 kz z ə-5 nz l ə-4 iz m o-5 tz k aː-4 iz ɣ o-4 iz t ɔ-0 n ɛ-4 mz tʰ a-3 ŋz v aː-1 uz n ɔ-4
NDBA_7_NAM_S0010_190,audio_data/train/NDBA_7_NAM_S0010_190.wav,ɗ ɨə-1 ŋz z ɨ-1 ŋz l a-4 mz l w aː-5 iz ɣ aː-0 iz,ɗ ɨə-1 ŋz z ɨ-1 ŋz l a-4 mz l w aː-5 iz ɣ aː-0 iz
TTT_Nu_6_S00049_19,audio_data/train/TTT_Nu_6_S00049_19.wav,m ɛ-5 ɗ aː-2 aː-0 nz w i-3 ɓ ɛ-4 ɲ ɨ-0 tʰ e-4 n aː-1 uz,m ɛ-5 ɗ aː-2 aː-0 nz w i-3 ɓ ɛ-4 ɲ ɨ-0 tʰ e-4 n aː-1 uz
PTT_7_NU_S0041_148,audio_data/train/PTT_7_NU_S0041_148.wav,v i-1 t͡ɕ ɨə-0 v i-1 t͡ɕ ɨə-0 h ɛ-1 z ə-4 tz iə-0 nz t i-2 ŋ̟z,v i-1 t͡ɕ ɨə-0 v i-1 t͡ɕ ɨə-0 h ɛ-1 z ə-4 tz iə-0 nz t i-2 ŋ̟z
TTD_7_NAM_S0001_102,audio_data/train/TTD_7_NAM_S0001_102.wav,tʰ e-4 tʰ e-4 ɲ aː-1 k ə-5 uz n w o-0 iz k ɔ-0 nz v ə-5 tz l aː-1 mz n aː-1 uz m aː-1 v aː-1 k ə-5 uz iə-0 uz k ɔ-0 nz v ə-5 tz ɗ ə-4 iz ɲ ɨ-0 tʰ e-4 n aː-1 uz,tʰ e-4 tʰ e-4 ɲ aː-1 k ə-5 uz l w o-0 iz k ɔ-0 nz v ə-5 tz l aː-1 mz n aː-1 uz m aː-1 v aː-1 k ə-5 uz iə-0 uz k ɔ-0 nz v ə-5 tz ɗ ə-4 iz ɲ ɨ-0 tʰ e-4 l aː-1 uz
NHM_7_NU_S0006_76,audio_data/train/NHM_7_NU_S0006_76.wav,l aː-1 ɗ u-0 ŋmz ɗ ɨə-0 z ɔ-0 x o-0 ŋmz k ɔ-4 ɗ iə-3 mz t ɨə-5 t͡ɕ a-4 kz t͡ɕ a-4 nz,l aː-1 ɗ u-0 ŋmz ɗ ɨə-0 z ɔ-0 x o-0 ŋmz k ɔ-4 ɗ iə-3 mz t ɨə-5 t͡ɕ a-4 kz t͡ɕ a-4 nz
NMA_7_NU_S0002_91,audio_data/train/NMA_7_NU_S0002_91.wav,t͡ɕ u-4 ŋmz z u-1 ŋmz z a-0 ŋz ŋ w aː-5 mz t͡ɕ a-5 tz z aː-0 k o-3 k uə-3 k ɔ-0 nz z o-1 iz z ɨ-2 l u-3 ŋmz l a-3 ŋz t͡ɕ e-0 nz s w o-4 tz ɗ ɨə-1 ŋz ɗ i-0,t͡ɕ u-4 ŋmz z u-1 ŋmz z a-0 ŋz ŋ w aː-5 mz t͡ɕ a-5 tz z aː-0 k o-3 k uə-3 k ɔ-0 nz z o-1 iz z ɨ-2 l u-3 ŋmz l a-3 ŋz t͡ɕ e-0 nz s w o-4 tz ɗ ɨə-1 ŋz ɗ i-0
CNBA_Nu_6_S0003_59,audio_data/train/CNBA_Nu_6_S0003_59.wav,ɗ e-3 t əː-4 ɗ ɔ-5 kpz l aː-5 iz t͡ɕ ɔ-0 k ə-5 uz ŋ ɛ-0 ɲ ɛ-4,ɗ e-3 t əː-4 ɗ ɔ-5 kpz l aː-5 iz t͡ɕ ɔ-0 k ə-5 uz ŋ ɛ-0 ɲ ɛ-4
PTT_7_NU_S0041_98,audio_data/train/PTT_7_NU_S0041_98.wav,ɗ e-4 nz l ɨə-5 tz t əː-4 ɗ ɔ-5 kpz ɲ ɛ-4,ɗ e-4 nz l ɨə-5 tz t əː-4 ɗ ɔ-5 kpz ɲ ɛ-4
MK_7_NAM_S0005_22,audio_data/train/MK_7_NAM_S0005_22.wav,m o-2 iz n a-0 mz k ɔ-4 t o-3 t͡ɕ ɨ-4 kz l e-2 h o-5 iz,m o-2 iz n a-0 mz k ɔ-4 t o-3 t͡ɕ ɨ-4 kz l e-2 h o-5 iz
NTM_Nam_6_S00010_25,audio_data/train/NTM_Nam_6_S00010_25.wav,s w o-4 ŋmz t͡ɕ əː-0 iz ɲ aː-1 t o-0 iz,s w o-4 ŋmz t͡ɕ əː-0 iz ɲ aː-1 t o-0 iz
VTA_Nam_6_S0002_22,audio_data/train/VTA_Nam_6_S0002_22.wav,tʰ ɔ-3 tʰ ə-4 iz v ə-5 iz ɓ ɛ-1 nz ɲ a-3 iz l e-0 nz m o-0 ɗ ə-4 tz t͡ɕ ɨə-4 kz m a-5 tz t͡ɕ ɔ-4,tʰ ɔ-3 tʰ ə-4 iz v ə-5 iz ɓ ɛ-1 nz ɲ a-3 iz l e-0 nz m o-0 ɗ ə-4 tz t͡ɕ ɨə-4 kz m a-5 tz t͡ɕ ɔ-4
PTT_7_NU_S0041_28,audio_data/train/PTT_7_NU_S0041_28.wav,ɓ ə-0 iz z əː-1 t əː-4 ɓ ə-0 iz z əː-1 t əː-4 h ɔ-3 iz k ə-5 uz m o-5 tz k ə-0 uz k ɛ-4 pz,ɓ ə-0 iz z əː-1 t əː-4 ɓ ə-0 iz z əː-1 t əː-4 h ɔ-3 iz k ə-5 uz m o-5 tz k ə-0 uz k ɛ-4 pz
NTN_7_NU_S0042_28,audio_data/train/NTN_7_NU_S0042_28.wav,ɣ ɔ-4 kpz v ɨə-1 nz t͡ɕ ɨə-1 ŋz v əː-4 iz ɲ ɨ-2 ŋz k ə-0 iz h w aː-0 z ə-4 tz ɗ ɛ-5 pz,ɣ ɔ-4 kpz v ɨə-1 nz t͡ɕ ɨə-1 ŋz v əː-4 iz ɲ ɨ-2 ŋz k ə-0 iz h w aː-0 z ə-4 tz ɗ ɛ-5 pz
NTM_Nam_6_S00010_3,audio_data/train/NTM_Nam_6_S00010_3.wav,tʰ e-4 tʰ e-4 k ə-5 uz ɗ ɔ-5 kpz t͡ɕ ɔ-0 t əː-4 ŋ ɛ-0 ɗ i-0,tʰ e-4 tʰ e-4 k ə-5 uz ɗ ɔ-5 kpz t͡ɕ ɔ-0 t əː-4 ŋ ɛ-0 ɗ i-0
DNK_7_NU_S0048_30,audio_data/train/DNK_7_NU_S0048_30.wav,t͡ɕ i-0 mz ɛ-4 nz ɓ ə-5 nz ɗ i-0 ɗ ə-0 uz,t͡ɕ i-0 mz ɛ-4 nz ɓ ə-5 nz ɗ i-0 ɗ ə-0 uz
THA_Nu_6_S00042_169,audio_data/train/THA_Nu_6_S00042_169.wav,z e-0 m ɛ-5 z a-5 nz k aː-4 kz k ɔ-0 nz ɗ iə-1 uz ɣ i-1,z e-0 m ɛ-5 z a-5 nz k aː-4 kz k ɔ-0 nz ɗ iə-1 uz ɣ i-1
NMA_7_NU_S0002_116,audio_data/train/NMA_7_NU_S0002_116.wav,l uə-4 v aː-1 ŋz ɣ əː-5 nz s ɔ-4 ŋmz,l uə-4 v aː-1 ŋz ɣ əː-5 nz s ɔ-4 ŋmz
PC_7_NAM_S0004_8,audio_data/train/PC_7_NAM_S0004_8.wav,k ɔ-4 ɓ aː-4 kz ɓ o-1 n o-0 ŋmz,k ɔ-4 ɓ aː-4 kz ɓ o-1 n o-0 ŋmz
NDBA_7_NAM_S0010_52,audio_data/train/NDBA_7_NAM_S0010_52.wav,t əː-4 tʰ i-4 k̟z k ɔ-0 nz t͡ɕ ɔ-4 ɲ ə-4 tz v i-1 t͡ɕ ɔ-4 h a-0 iz t͡ɕ o-0 ŋmz ɲ aː-1 z u-4 pz m ɔ-5 iz ŋ ɨə-1 iz ɓ iə-4 tz ŋ ɨə-1 iz l aː-5 ɓ iə-4 tz ŋ ɨə-1 iz k w ɛ-0 nz ɗ e-3 t͡ɕ o-0 ŋmz ɲ aː-1,t əː-4 tʰ i-4 k̟z k ɔ-0 nz t͡ɕ ɔ-4 ɲ ə-4 tz v i-1 t͡ɕ ɔ-4 h a-0 iz t͡ɕ o-0 ŋmz ɲ aː-1 z u-4 pz m ɔ-5 iz ŋ ɨə-1 iz ɓ iə-4 tz ŋ ɨə-1 iz l aː-5 ɓ iə-4 tz ŋ ɨə-1 iz k w ɛ-0 nz ɗ e-3 t͡ɕ o-0 ŋmz ɲ aː-1
MK_7_NU_S0007_77,audio_data/train/MK_7_NU_S0007_77.wav,t͡ɕ əː-1 iz ɲ ɛ-4,t͡ɕ əː-1 iz ɲ ɛ-4
TTT_Nu_6_S00049_5,audio_data/train/TTT_Nu_6_S00049_5.wav,ɓ ɛ-4 t͡ɕ i-3 k ɔ-1 k ɔ-1,ɓ ɛ-4 t͡ɕ i-3 k ɔ-1 k ɔ-1
LXT_Nam_6_S0008_83,audio_data/train/LXT_Nam_6_S0008_83.wav,z e-0 k ɔ-0 nz ɓ ɛ-1 nz l ə-4 iz h e-4 tz s ɨ-4 kz ŋ ɛ-0 h e-4 tz s ɨ-4 kz h ɛ-4 tz ɓ ɛ-0 ɓ ɛ-0,z e-0 k ɔ-0 nz ɓ ɛ-1 nz l ə-4 iz h e-4 tz s ɨ-4 kz ŋ ɛ-0 h e-4 tz s ɨ-4 kz h ɛ-4 tz ɓ ɛ-0 ɓ ɛ-0
NDBA_7_NAM_S0010_74,audio_data/train/NDBA_7_NAM_S0010_74.wav,t͡ɕ a-5 iz v aː-1 uz z ɨ-1 ŋz ɗ ɨə-5 kz m o-5 tz l u-4 kpz m ɛ-1 uz ɗ aː-2 t ɔ-4 mz ɗ ɨə-5 kz m o-5 tz t͡ɕ u-4 tʰ ɔ-3 k ɔ-0 nz m ɛ-1 uz h i-4 h ɨ-3 ŋz ɗ ɛ-0 mz ŋ a-0 iz t͡ɕ iə-4 nz l əː-5 iz f ə-3 mz k uə-3 m i-1 ŋ̟z v aː-1 uz k u-0 ŋmz,t͡ɕ a-5 iz v aː-1 uz z ɨ-1 ŋz ɗ ɨə-5 kz m o-5 tz l u-4 kpz m ɛ-1 uz ɗ aː-2 t ɔ-4 mz ɗ ɨə-5 kz m o-5 tz t͡ɕ u-4 tʰ ɔ-3 k ɔ-0 nz m ɛ-1 uz h i-4 h ɨ-3 ŋz ɗ ɛ-0 mz ŋ a-0 iz t͡ɕ iə-4 nz l əː-5 iz f ə-3 mz k uə-3 m i-1 ŋ̟z v aː-1 uz k u-0 ŋmz
MK_7_NU_S0007_10,audio_data/train/MK_7_NU_S0007_10.wav,eaː-0 ŋ̟z h ɔ-5 kpz ɓ aː-1 iz,eaː-0 ŋ̟z h ɔ-5 kpz ɓ aː-1 iz
THA_Nu_6_S00042_60,audio_data/train/THA_Nu_6_S00042_60.wav,ɓ i-5 h o-3 l aː-0,ɓ i-5 h o-3 l aː-0
PC_7_NAM_S0004_71,audio_data/train/PC_7_NAM_S0004_71.wav,t͡ɕ ɔ-0 ŋmz k aː-4 kz m o-0 nz t əː-4 tʰ i-4 k̟z ɲ ə-4 tz l aː-1 m o-0 nz t iə-4 ŋz eaː-0 ŋ̟z,t͡ɕ ɔ-0 ŋmz k aː-4 kz m o-0 nz t əː-4 tʰ i-4 k̟z ɲ ə-4 tz l aː-1 m o-0 nz t iə-4 ŋz eaː-0 ŋ̟z
GQM_Nam_6_S0006_69,audio_data/train/GQM_Nam_6_S0006_69.wav,n aː-1 ŋz t iə-0 nz k aː-4,n aː-1 ŋz t iə-0 nz k aː-4
NDBA_7_NAM_S0010_51,audio_data/train/NDBA_7_NAM_S0010_51.wav,k ə-5 uz tʰ i-4 k̟z k ɔ-0 nz ɣ i-1 ɲ ə-4 tz,k ə-5 uz tʰ i-4 k̟z k ɔ-0 nz ɣ i-1 ɲ ə-4 tz
NHM_7_NU_S0006_93,audio_data/train/NHM_7_NU_S0006_93.wav,ɓ ə-0 iz z əː-1 ɓ aː-5 nz ɗ ɔ-5 kpz t͡ɕ ɨə-4 kz ɗ i-0 m i-1 ŋ̟z ɗ ɔ-5 kpz t͡ɕ w iə-5 nz x aː-4 kz n ɨə-2,ɓ ə-0 iz z əː-1 ɓ aː-5 nz ɗ ɔ-5 kpz t͡ɕ ɨə-4 kz ɗ i-0 m i-1 ŋ̟z ɗ ɔ-5 kpz t͡ɕ w iə-5 nz x aː-4 kz n ɨə-2
CNBA_Nu_6_S0003_181,audio_data/train/CNBA_Nu_6_S0003_181.wav,t͡ɕ aː-4 iz ŋ w aː-0 nz t͡ɕ aː-4 iz t͡ɕ i-4 nz ɗ ɔ-3 v ɨə-1 nz,t͡ɕ aː-4 iz ŋ w aː-0 nz t͡ɕ aː-4 iz t͡ɕ i-4 nz ɗ ɔ-3 v ɨə-1 nz
THA_Nu_6_S00042_24,audio_data/train/THA_Nu_6_S00042_24.wav,k iə-4 nz x aː-4 tz n ɨə-4 kz s w o-4 ŋmz h o-1 w o-4 ŋmz n ɨə-4 kz,k iə-4 nz x aː-4 tz n ɨə-4 kz s w o-4 ŋmz h o-1 w o-4 ŋmz n ɨə-4 kz
DNK_7_NU_S0048_253,audio_data/train/DNK_7_NU_S0048_253.wav,ɓ e-0 nz ɓ əː-1 z aː-1 uz z ɨə-2 ɗ aː-4 mz k ɔ-3 z aː-5 iz k ɔ-4 ɓ o-0 ŋmz k u-4 kpz t͡ɕ a-4 ŋz,ɓ e-0 nz ɓ əː-1 z aː-1 uz z ɨə-2 ɗ aː-4 mz k ɔ-3 z aː-5 iz k ɔ-4 ɓ o-0 ŋmz k u-4 kpz t͡ɕ a-4 ŋz
CNBA_Nu_6_S0003_139,audio_data/train/CNBA_Nu_6_S0003_139.wav,ɓ aː-5 nz z ɔ-3 iz k w aː-4,ɓ aː-5 nz z ɔ-3 iz k w aː-4
TTD_7_NAM_S0001_59,audio_data/train/TTD_7_NAM_S0001_59.wav,ɲ aː-1 t əː-4 l w o-0 nz m o-5 tz aː-0 k w e-0 nz ɓ aː-0 k ɔ-0 nz ɓ o-4 nz k ɔ-0 nz t͡ɕ ɔ-4 v aː-1 m o-5 tz k ɔ-0 nz m ɛ-1 uz v aː-1 ɣ aː-1 tʰ ə-5 tz ɲ iə-1 uz ɣ aː-1,ɲ aː-1 t əː-4 l w o-0 nz m o-5 tz aː-0 k w e-0 nz ɓ aː-0 k ɔ-0 nz ɓ o-4 nz k ɔ-0 nz t͡ɕ ɔ-4 v aː-1 m o-5 tz k ɔ-0 nz m ɛ-1 uz v aː-1 ɣ aː-1 tʰ ə-5 tz ɲ iə-1 uz ɣ aː-1
LXT_Nam_6_S0008_37,audio_data/train/LXT_Nam_6_S0008_37.wav,t əː-4 ɗ ɔ-5 kpz t͡ɕ ɨə-4 kz,t əː-4 ɗ ɔ-5 kpz t͡ɕ ɨə-4 kz
THA_Nu_6_S00042_135,audio_data/train/THA_Nu_6_S00042_135.wav,t aː-5 iz s aː-0 uz z uə-1 t aː-5 iz s aː-0 uz tʰ ɔ-3 l aː-5 iz l aː-5 iz tʰ uə-0,t aː-5 iz s aː-0 uz z uə-1 t aː-5 iz s aː-0 uz tʰ ɔ-3 l aː-5 iz l aː-5 iz tʰ uə-0
PC_7_NAM_S0004_93,audio_data/train/PC_7_NAM_S0004_93.wav,k ɔ-1 nz k w e-0 t əː-4 tʰ i-1 əː-0 f u-4 ɓ i-1 ŋ̟z,k ɔ-1 nz k w e-0 t əː-4 tʰ i-1 əː-0 f u-4 ɓ i-1 ŋ̟z
NTN_7_NU_S0042_24,audio_data/train/NTN_7_NU_S0042_24.wav,t͡ɕ a-3 ŋz ɓ iə-4 tz t ɨ-1 ɓ aː-0 uz z əː-1 n əː-0 iz ɗ ə-0 iz z o-4 ŋmz ɲ ɨ-0 ŋ o-0 iz ɲ aː-1 tʰ ɨ-4 h aː-0 iz k uə-3 m i-1 ŋ̟z,t͡ɕ a-3 ŋz ɓ iə-4 tz t ɨ-1 ɓ aː-0 uz z əː-1 n əː-0 iz ɗ ə-0 iz z o-4 ŋmz ɲ ɨ-0 ŋ o-0 iz ɲ aː-1 tʰ ɨ-4 h aː-0 iz k uə-3 m i-1 ŋ̟z
THA_Nu_6_S00042_12,audio_data/train/THA_Nu_6_S00042_12.wav,t aː-5 iz s aː-0 uz s ɛ-3 ɓ ɛ-4 l aː-5 iz s əː-5 k w aː-5,t aː-5 iz s aː-0 uz s ɛ-3 ɓ ɛ-4 l aː-5 iz s əː-5 k w aː-5
THA_7_NU_S0043_22,audio_data/train/THA_7_NU_S0043_22.wav,v i-1 s aː-0 uz k aː-4 kz ɓ aː-5 nz tʰ ə-4 iz t iə-4 tz h ɔ-5 kpz z ə-4 tz v w i-0,v i-1 s aː-0 uz k aː-4 kz ɓ aː-5 nz tʰ ə-4 iz t iə-4 tz h ɔ-5 kpz z ə-4 tz v w i-0
DNK_7_NU_S0048_108,audio_data/train/DNK_7_NU_S0048_108.wav,ɨ-0 h o-5 pz tʰ ɨ-0 eaː-0 ŋ̟z ɓ iə-4 tz t w o-4 tz m ɔ-3 k uə-3 t͡ɕ i-0 mz l iə-0 nz k w aː-0 nz,ɨ-0 h o-5 pz tʰ ɨ-0 eaː-0 ŋ̟z ɓ iə-4 tz t w o-4 tz m ɔ-3 k uə-3 t͡ɕ i-0 mz l iə-0 nz k w aː-0 nz
THA_Nu_6_S00042_153,audio_data/train/THA_Nu_6_S00042_153.wav,s ɔ-4 iz ŋ ɛ-0 tʰ ə-4 iz l aː-5 iz l ə-4 iz k ɛ-5 uz m ɨ-4 tz a-0 nz h e-4 tz,s ɔ-4 iz ŋ ɛ-0 tʰ ə-4 iz l aː-5 iz l ə-4 iz k ɛ-5 uz m ɨ-4 tz a-0 nz h e-4 tz
LXT_Nam_6_S0008_128,audio_data/train/LXT_Nam_6_S0008_128.wav,tʰ e-4 l aː-1 m ə-1 mz k ə-0 iz ɗ o-5 iz ɗ o-5 iz ɗ ə-4 tz ɲ o-0 l e-0 nz,tʰ e-4 l aː-1 m ə-1 mz k ə-0 iz ɗ o-5 iz ɗ o-5 iz ɗ ə-4 tz ɲ o-0 l e-0 nz
DNK_7_NU_S0048_56,audio_data/train/DNK_7_NU_S0048_56.wav,z a-0 uz s u-0 mz s w e-0 n ɨə-0 ŋz ɓ aː-2 iz,z a-0 uz s u-0 mz s w e-0 n ɨə-0 ŋz ɓ aː-2 iz
NHM_7_NU_S0006_176,audio_data/train/NHM_7_NU_S0006_176.wav,m ɛ-1 uz t͡ɕ əː-3 v e-1 ɓ aː-4 uz k aː-4 uz k ə-5 uz t͡ɕ u-3 k uə-3 m i-1 ŋ̟z,m ɛ-1 uz t͡ɕ əː-3 v e-1 ɓ aː-4 uz k aː-4 uz k ə-5 uz t͡ɕ u-3 k uə-3 m i-1 ŋ̟z
DNK_7_NU_S0048_233,audio_data/train/DNK_7_NU_S0048_233.wav,t͡ɕ i-0 mz s əː-0 nz k aː-0 s ɛ-2 t͡ɕ aː-3 l əː-1 iz,t͡ɕ i-0 mz s əː-0 nz k aː-0 s ɛ-2 t͡ɕ aː-3 l əː-1 iz
NMA_7_NU_S0002_229,audio_data/train/NMA_7_NU_S0002_229.wav,k u-2 ŋmz tʰ w əː-3 ə-4 iz əː-0 v u-1 ŋmz n w i-4 f iə-4 ɓ a-4 kz k ɔ-4 n aː-1 ŋz ə-0 uz k əː-0 s i-0 ŋ̟z ɗ ɛ-5 pz t w iə-5 tz t͡ɕ ə-1 nz,k u-2 ŋmz tʰ w əː-3 ə-4 iz əː-0 v u-1 ŋmz n w i-4 f iə-4 ɓ a-4 kz k ɔ-4 l aː-1 ŋz ə-0 uz k əː-0 s i-0 ŋ̟z ɗ ɛ-5 pz t w iə-5 tz t͡ɕ ə-1 nz
TTD_7_NAM_S0001_34,audio_data/train/TTD_7_NAM_S0001_34.wav,m ɛ-5 ɗ i-0 l e-0 nz ɗ ə-1 uz,m ɛ-5 ɗ i-0 l e-0 nz ɗ ə-1 uz
DNK_7_NU_S0048_12,audio_data/train/DNK_7_NU_S0048_12.wav,m ə-1 mz n ɔ-0 nz v ɨə-0 nz ɗ ɨ-4 ŋz z ə-5 iz,m ə-1 mz n ɔ-0 nz v ɨə-0 nz ɗ ɨ-4 ŋz z ə-5 iz
PTL_7_NU_S0008_7,audio_data/train/PTL_7_NU_S0008_7.wav,k aː-4 s ə-4 uz m ɛ-5 tʰ aː-0 t ɨ-1 ŋz ɗ ɨə-4 k ɔ-0 nz t͡ɕ ɔ-0 ŋmz m iə-5 ŋz ɗ e-4 nz n əː-0 iz n ɔ-4 m w o-4 nz m aː-1 x o-0 ŋmz l aː-1 mz ɗ a-0 uz k ɔ-0 nz,k aː-4 s ə-4 uz m ɛ-5 tʰ aː-0 t ɨ-1 ŋz ɗ ɨə-4 k ɔ-0 nz t͡ɕ ɔ-0 ŋmz m iə-5 ŋz ɗ e-4 nz n əː-0 iz n ɔ-4 m w o-4 nz m aː-1 x o-0 ŋmz l aː-1 mz ɗ a-0 uz k ɔ-0 nz
HYT_Nu_6_S0005_86,audio_data/train/HYT_Nu_6_S0005_86.wav,n aː-1 ŋz t͡ɕ i-3 t͡ɕ ɨə-0 ɓ iə-4 tz ɗ ə-4 tz l iə-1 nz,n aː-1 ŋz t͡ɕ i-3 t͡ɕ ɨə-0 ɓ iə-4 tz ɗ ə-4 tz l iə-1 nz
NMA_7_NU_S0002_217,audio_data/train/NMA_7_NU_S0002_217.wav,n aː-1 ŋz s i-0 ŋ̟z z aː-0 m o-5 tz k aː-4 iz ɓ ɔ-5 kpz t͡ɕ ɨ-4 ŋz n əː-3 z aː-0 m o-5 tz t͡ɕ a-0 mz ŋ ɨə-1 iz k ɔ-0 nz l əː-4 nz ɲ eaː-0 ŋ̟z ɲ ɨ-0 tʰ o-3 iz x w ɛ-3 ɲ ɨ-0 tʰ ə-1 nz,n aː-1 ŋz s i-0 ŋ̟z z aː-0 m o-5 tz k aː-4 iz ɓ ɔ-5 kpz t͡ɕ ɨ-4 ŋz n əː-3 z aː-0 m o-5 tz t͡ɕ a-0 mz ŋ ɨə-1 iz k ɔ-0 nz l əː-4 nz ɲ eaː-0 ŋ̟z ɲ ɨ-0 tʰ o-3 iz x w ɛ-3 ɲ ɨ-0 tʰ ə-1 nz
TPA_Nu_6_S0009_120,audio_data/train/TPA_Nu_6_S0009_120.wav,ŋ ɛ-0 s ɔ-4 kpz k ɔ-0 nz n ɔ-4 iz v ə-5 iz k o-0 t͡ɕ i-5 k aː-3 v o-5 iz ɗ aː-4 pz,ŋ ɛ-0 s ɔ-4 kpz k ɔ-0 nz n ɔ-4 iz v ə-5 iz k o-0 t͡ɕ i-5 k aː-3 v o-5 iz ɗ aː-4 pz
NDBA_7_NAM_S0010_21,audio_data/train/NDBA_7_NAM_S0010_21.wav,n ɔ-4 l iə-1 nz z u-1 ŋmz t͡ɕ iə-4 kz m w i-2 z a-1 iz k uə-3 m i-1 ŋ̟z w o-4 nz k eaː-1 ŋ̟z k ə-0 iz l e-0 nz v ɨ-4 tz z aː-0 s aː-0,n ɔ-4 l iə-1 nz z u-1 ŋmz t͡ɕ iə-4 kz m w i-2 z a-1 iz k uə-3 m i-1 ŋ̟z w o-4 nz k eaː-1 ŋ̟z k ə-0 iz l e-0 nz v ɨ-4 tz z aː-0 s aː-0
NDBA_7_NAM_S0010_140,audio_data/train/NDBA_7_NAM_S0010_140.wav,t͡ɕ i-3 z iə-0 ŋz k ɔ-4 h w aː-1 ŋz t ɨ-3 t ɨ-3 l aː-0 ŋz l iə-0 uz l aː-1 t͡ɕ a-0 mz t͡ɕ i-3 v aː-1 iə-0 uz tʰ i-4 k̟z t͡ɕ o-1 ŋmz t͡ɕ ɔ-5 tz,t͡ɕ i-3 z iə-0 ŋz k ɔ-4 h w aː-1 ŋz t ɨ-3 t ɨ-3 l aː-0 ŋz l iə-0 uz l aː-1 t͡ɕ a-0 mz t͡ɕ i-3 v aː-1 iə-0 uz tʰ i-4 k̟z t͡ɕ o-1 ŋmz t͡ɕ ɔ-5 iz
NDBA_7_NAM_S0010_68,audio_data/train/NDBA_7_NAM_S0010_68.wav,m ɛ-1 uz n ɔ-4 iz,m ɛ-1 uz n ɔ-4 iz
GQM_Nam_6_S0006_61,audio_data/train/GQM_Nam_6_S0006_61.wav,t əː-4 t əː-4 ɗ i-0 v əː-4 iz k aː-3 ɲ aː-1 t əː-4,t əː-4 t əː-4 ɗ i-0 v əː-4 iz k aː-3 ɲ aː-1 t əː-4
NDBA_7_NAM_S0010_139,audio_data/train/NDBA_7_NAM_S0010_139.wav,k aː-4 kz h w aː-1 ŋz t ɨ-3 x aː-4 kz ɗ e-1 uz v a-0 nz h a-0 iz v ɔ-2 z ɔ-3 iz ɲ ɨ-0 ŋz ɗ e-1 uz x o-0 ŋmz tʰ i-4 k̟z l aː-0 uz ɗ o-5 ŋmz t͡ɕ ə-0 nz l ə-4 mz t a-0 iz ɓ u-1 nz,k aː-4 kz h w aː-1 ŋz t ɨ-3 x aː-4 kz ɗ e-1 uz v a-0 nz h a-0 iz v ɔ-2 z ɔ-3 iz ɲ ɨ-0 ŋz ɗ e-1 uz x o-0 ŋmz tʰ i-4 k̟z l aː-0 uz ɗ o-5 ŋmz t͡ɕ ə-0 nz l ə-4 mz t a-0 iz ɓ u-1 nz
NHM_7_NU_S0006_90,audio_data/train/NHM_7_NU_S0006_90.wav,m ɨə-0 ɲ ɨ-0 tʰ e-4 n aː-1 uz,m ɨə-0 ɲ ɨ-0 tʰ e-4 n aː-1 uz
THA_Nu_6_S00042_71,audio_data/train/THA_Nu_6_S00042_71.wav,əː-0 ɲ aː-1 t͡ɕ ɛ-3 t͡ɕ i-0 ɲ əː-4 m ɛ-5 t͡ɕ i-5 t͡ɕ aː-1 z o-2,əː-0 ɲ aː-1 t͡ɕ ɛ-3 t͡ɕ i-0 ɲ əː-4 m ɛ-5 t͡ɕ i-5 t͡ɕ aː-1 z o-2
THA_7_NU_S0043_146,audio_data/train/THA_7_NU_S0043_146.wav,t əː-4 s ɛ-2 t͡ɕ ɔ-5 nz i-0 ə-0 iz t͡ɕ i-0 mz ɛ-4 nz ɓ aː-4 uz h iə-5 uz m uə-1 s w ə-0 nz v e-1,t əː-4 s ɛ-2 t͡ɕ ɔ-5 nz i-0 ə-0 iz t͡ɕ i-0 mz ɛ-4 nz ɓ aː-4 uz h iə-5 uz m uə-1 s w ə-0 nz v e-1
TTD_7_NAM_S0001_40,audio_data/train/TTD_7_NAM_S0001_40.wav,v ɨə-1 nz v ɨə-1 nz t͡ɕ ɨə-0 z ɔ-4 m aː-4 tz,v ɨə-1 nz v ɨə-1 nz t͡ɕ ɨə-0 z ɔ-4 m aː-4 tz
THA_Nu_6_S00042_228,audio_data/train/THA_Nu_6_S00042_228.wav,x aː-4 mz v aː-5 mz v aː-5 mz v əː-2 k w aː-3 t͡ɕ aː-4 mz,x aː-4 mz v aː-5 mz v aː-5 mz v əː-2 k w aː-3 t͡ɕ aː-4 mz
NNM_Nu_6_S00045_57,audio_data/train/NNM_Nu_6_S00045_57.wav,s ɔ-4 iz t iə-4 pz t u-5 kpz t͡ɕ a-5 iz s aː-0 ŋz ɲ aː-1 ɛ-0 mz u-4 tz,s ɔ-4 iz t iə-4 pz t u-5 kpz t͡ɕ a-5 iz s aː-0 ŋz ɲ aː-1 ɛ-0 mz u-4 tz
LXT_Nam_6_S0008_147,audio_data/train/LXT_Nam_6_S0008_147.wav,h aː-0 iz tʰ aː-3 h aː-5 tz n a-4 ŋz s w o-4 ŋmz ɗ ə-4 tz t͡ɕ əː-0 iz h a-0 iz z u-4 pz h aː-5 tz k ə-0 iz n a-3 iz m ə-1 mz,h aː-0 iz tʰ aː-3 h aː-5 tz n a-4 ŋz s w o-4 ŋmz ɗ ə-4 tz t͡ɕ əː-0 iz h a-0 iz z u-4 pz h aː-5 tz k ə-0 iz n a-3 iz m ə-1 mz
NMA_7_NU_S0002_225,audio_data/train/NMA_7_NU_S0002_225.wav,ŋ ɨə-1 iz v iə-5 tz n aː-0 mz k u-2 ŋmz ɣ ɔ-5 iz ɲ a-0 uz l aː-1 ɗ o-1 ŋmz ɓ aː-1 uz k ɔ-4 ŋ iə-2 l aː-1 ɲ ɨ-2 ŋz ŋ ɨə-1 iz k u-1 ŋmz s i-0 ŋ̟z z aː-0 t ɨ-1 ɓ ɔ-5 kpz t͡ɕ ɨ-4 ŋz k uə-3 ɓ aː-1 ə-0 uz k əː-0,ŋ ɨə-1 iz v iə-5 tz l aː-0 mz k u-2 ŋmz ɣ ɔ-5 iz ɲ a-0 uz l aː-1 ɗ o-1 ŋmz ɓ aː-1 uz k ɔ-4 ŋ iə-2 l aː-1 ɲ ɨ-2 ŋz ŋ ɨə-1 iz k u-1 ŋmz s i-0 ŋ̟z z aː-0 t ɨ-1 ɓ ɔ-5 kpz t͡ɕ ɨ-4 ŋz k uə-3 ɓ aː-1 ə-0 uz k əː-0
DNK_7_NU_S0048_29,audio_data/train/DNK_7_NU_S0048_29.wav,t͡ɕ i-0 mz ɛ-4 nz,t͡ɕ i-0 mz ɛ-4 nz
PTL_7_NU_S0008_39,audio_data/train/PTL_7_NU_S0008_39.wav,m i-1 ŋ̟z tʰ ə-4 iz m o-5 tz k ɔ-0 nz v ɔ-0 iz,m i-1 ŋ̟z tʰ ə-4 iz m o-5 tz k ɔ-0 nz v ɔ-0 iz
DNK_7_NU_S0048_208,audio_data/train/DNK_7_NU_S0048_208.wav,t͡ɕ i-0 mz s əː-0 nz k aː-0 ɗ aː-2 ɓ i-5 ɲ o-4 tz v aː-1 uz t͡ɕ ɔ-0 ŋmz l o-1 ŋmz,t͡ɕ i-0 mz s əː-0 nz k aː-0 ɗ aː-2 ɓ i-5 ɲ o-4 tz v aː-1 uz t͡ɕ ɔ-0 ŋmz l o-1 ŋmz
NMA_7_NU_S0002_32,audio_data/train/NMA_7_NU_S0002_32.wav,n e-0 nz ŋ aː-1 v ɔ-0 iz f aː-3 iz z aː-1 iz,n e-0 nz ŋ aː-1 v ɔ-0 iz f aː-3 iz z aː-1 iz
TTD_7_NAM_S0001_128,audio_data/train/TTD_7_NAM_S0001_128.wav,eaː-0 ŋ̟z t͡ɕ i-5 eaː-0 ŋ̟z k uə-3 t əː-4 t e-0 nz l aː-1 eaː-0 ŋ̟z k w iə-1 nz k ɔ-1 nz t͡ɕ i-5 k uə-3 t əː-4 tʰ i-1 t e-0 nz l aː-1 t͡ɕ i-5 k w iə-0 nz,eaː-0 ŋ̟z t͡ɕ i-5 eaː-0 ŋ̟z k uə-3 t əː-4 t e-0 nz l aː-1 eaː-0 ŋ̟z k w iə-1 nz k ɔ-1 nz t͡ɕ i-5 k uə-3 t əː-4 tʰ i-1 t e-0 nz l aː-1 t͡ɕ i-5 k w iə-0 nz
GQM_Nam_6_S0006_13,audio_data/train/GQM_Nam_6_S0006_13.wav,t͡ɕ w o-5 tz u-4 tz,t͡ɕ w o-5 tz u-4 tz
TTT_Nu_6_S00049_81,audio_data/train/TTT_Nu_6_S00049_81.wav,v aː-1 ɗ e-3 m o-5 tz n o-1 iz n o-1 iz n ɨə-4 kz l aː-0 uz n ɔ-4 ŋmz,v aː-1 ɗ e-3 m o-5 tz n o-1 iz n o-1 iz n ɨə-4 kz l aː-0 uz n ɔ-4 ŋmz
CNBA_Nu_6_S0003_63,audio_data/train/CNBA_Nu_6_S0003_63.wav,t͡ɕ e-0 nz ɓ əː-1 l u-2 t͡ɕ w o-5 tz t͡ɕ ɨə-5 tz v aː-4 nz n o-0 ɗ uə-1 ə-1 mz i-0,t͡ɕ e-0 nz ɓ əː-1 l u-2 t͡ɕ w o-5 tz t͡ɕ ɨə-5 tz v aː-4 nz n o-0 ɗ uə-1 ə-1 mz i-0
NMA_7_NU_S0002_46,audio_data/train/NMA_7_NU_S0002_46.wav,n e-0 nz ŋ aː-1 v ɔ-0 iz f aː-3 iz z aː-1 iz,n e-0 nz ŋ aː-1 v ɔ-0 iz f aː-3 iz z aː-1 iz
MK_7_NU_S0007_12,audio_data/train/MK_7_NU_S0007_12.wav,t əː-4 z ə-4 tz iə-0 uz z aː-0 ɗ i-1 ŋ̟z t əː-4,t əː-4 z ə-4 tz iə-0 uz z aː-0 ɗ i-1 ŋ̟z t əː-4
LXT_Nam_6_S0008_141,audio_data/train/LXT_Nam_6_S0008_141.wav,m o-5 tz ɗ ɨə-5 kz h aː-5 tz n a-4 ŋz aː-0 nz w i-3,m o-5 tz ɗ ɨə-5 kz h aː-5 tz n a-4 ŋz aː-0 nz w i-3
NDBA_7_NAM_S0010_145,audio_data/train/NDBA_7_NAM_S0010_145.wav,v ə-0 ŋz l əː-1 iz v ə-0 ŋz l əː-1 iz v uə-0 k aː-4 kz t͡ɕ aː-1 ŋz h w aː-1 ŋz t ɨ-3 ɲ eaː-0 ŋ̟z t͡ɕ ɔ-4 ŋmz t w aː-3 ɗ i-0 x a-4 pz ɓ o-4 nz f ɨə-0 ŋz f ɨə-0 ŋz,v ə-0 ŋz l əː-1 iz v ə-0 ŋz l əː-1 iz v uə-0 k aː-4 kz t͡ɕ aː-1 ŋz h w aː-1 ŋz t ɨ-3 ɲ eaː-0 ŋ̟z t͡ɕ ɔ-4 ŋmz t w aː-3 ɗ i-0 x a-4 pz ɓ o-4 nz f ɨə-0 ŋz f ɨə-0 ŋz
LXT_Nam_6_S0008_72,audio_data/train/LXT_Nam_6_S0008_72.wav,z u-1 z ə-4 tz s əː-5 z e-0 v ə-2 nz ɓ i-1 ŋ̟z t i-2 ŋ̟z n ɔ-4 iz,z u-1 z ə-4 tz s əː-5 z e-0 v ə-2 nz ɓ i-1 ŋ̟z t i-2 ŋ̟z n ɔ-4 iz
NNM_Nu_6_S00045_5,audio_data/train/NNM_Nu_6_S00045_5.wav,ɓ ɛ-4 l aː-0 s əː-5,ɓ ɛ-4 l aː-0 s əː-5
PTT_7_NU_S0041_12,audio_data/train/PTT_7_NU_S0041_12.wav,tʰ e-4 m aː-1 tʰ iə-4 uz ɲ i-0 l aː-5 iz tʰ i-4 k̟z ɛ-0 mz tʰ u-0 ɲ ə-4 tz,tʰ e-4 m aː-1 tʰ iə-4 uz ɲ i-0 l aː-5 iz tʰ i-4 k̟z ɛ-0 mz tʰ u-0 ɲ ə-4 tz
TTT_Nu_6_S00049_42,audio_data/train/TTT_Nu_6_S00049_42.wav,k o-5 tz tʰ ɨ-4 h aː-0 iz l aː-1,k o-5 tz tʰ ɨ-4 h aː-0 iz l aː-1
PTL_7_NU_S0008_20,audio_data/train/PTL_7_NU_S0008_20.wav,ɣ ə-4 uz t w i-4 ɗ i-5 uz k ɔ-0 nz t͡ɕ ɔ-0 ŋmz t͡ɕ iə-4 kz t w i-4 t͡ɕ ɨə-4 kz ɓ u-5 ŋmz,ɣ ə-4 uz t w i-0 ɗ i-5 uz k ɔ-0 nz t͡ɕ ɔ-0 ŋmz t͡ɕ iə-4 kz t w i-4 t͡ɕ ɨə-4 kz ɓ u-5 ŋmz
LDMT_Nam_6_S00047_42,audio_data/train/LDMT_Nam_6_S00047_42.wav,s ɛ-3 k e-3 t o-3 k uə-3 n ɔ-4 ɲ ɔ-3 ɲ ɨ-0 h o-5 pz z iə-0 mz m aː-1 ɗ ɛ-5 pz,s ɛ-3 k e-3 t o-3 k uə-3 n ɔ-4 ɲ ɔ-3 ɲ ɨ-0 h o-5 pz z iə-0 mz m aː-1 ɗ ɛ-5 pz
VTA_Nam_6_S0002_31,audio_data/train/VTA_Nam_6_S0002_31.wav,s e-0 k w aː-5 k aː-3 mz əː-0 nz tʰ ɔ-3,s e-0 k w aː-5 k aː-3 mz əː-0 nz tʰ ɔ-3
NNM_Nu_6_S00045_116,audio_data/train/NNM_Nu_6_S00045_116.wav,t əː-4 tʰ ə-4 iz z ə-4 tz h a-0 iz,t əː-4 tʰ ə-4 iz z ə-4 tz h a-0 iz
PTL_7_NU_S0008_154,audio_data/train/PTL_7_NU_S0008_154.wav,k ɔ-0 nz t͡ɕ i-0 mz m aː-1 k ɔ-4 k eaː-4 ŋ̟z ɓ a-0 iz,k ɔ-0 nz t͡ɕ i-0 mz m aː-1 k ɔ-4 k eaː-4 ŋ̟z ɓ a-0 iz
THA_Nu_6_S00042_148,audio_data/train/THA_Nu_6_S00042_148.wav,l u-4 kpz z e-0 m ɛ-5 ɗ i-0,l u-4 kpz z e-0 m ɛ-5 ɗ i-0
THA_7_NU_S0043_85,audio_data/train/THA_7_NU_S0043_85.wav,ɓ o-4 k uə-3 v iə-5 tz n ɔ-4 iz z a-1 ŋz v əː-5 t͡ɕ o-1 ŋmz o-0 ŋmz m ɨ-1 ŋz l əː-4 pz l u-4 kpz ɗ ə-4 tz tʰ ə-1 iz z aː-4 uz ɗ aː-2 l aː-1 mz t͡ɕ ɔ-0 t͡ɕ a-4 uz v iə-5 tz tʰ a-0 iz ɗ o-3 iz,ɓ o-4 k uə-3 v iə-5 tz n ɔ-4 iz z a-1 ŋz v əː-5 t͡ɕ o-1 ŋmz o-0 ŋmz m ɨ-1 ŋz l əː-4 pz l u-4 kpz ɗ ə-4 tz tʰ ə-1 iz z aː-4 uz ɗ aː-2 l aː-1 mz t͡ɕ ɔ-0 t͡ɕ a-4 uz v iə-5 tz tʰ a-0 iz ɗ o-3 iz
TPA_Nu_6_S0009_101,audio_data/train/TPA_Nu_6_S0009_101.wav,t͡ɕ i-5 u-4 tz ɗ u-4 ŋmz l aː-1 ŋ ɨə-1 iz k ɔ-0 nz h iə-4 uz tʰ aː-3 uz,t͡ɕ i-5 u-4 tz ɗ u-4 ŋmz l aː-1 ŋ ɨə-1 iz k ɔ-0 nz h iə-4 uz tʰ aː-3 uz
NTN_7_NU_S0042_40,audio_data/train/NTN_7_NU_S0042_40.wav,tʰ e-4 k ɔ-1 nz k ə-5 uz m i-1 ŋ̟z k u-2 ŋmz v ə-2 nz k ɔ-1 nz ɲ əː-4 ɓ w o-3 iz l e-2 x aː-0 iz z aː-3 ŋz ɗ ɔ-4,tʰ e-4 k ɔ-1 nz k ə-5 uz m i-1 ŋ̟z k u-2 ŋmz v ə-2 nz k ɔ-1 nz ɲ əː-4 ɓ w o-3 iz l e-2 x aː-0 iz z aː-3 ŋz ɗ ɔ-4
NMA_7_NU_S0002_94,audio_data/train/NMA_7_NU_S0002_94.wav,k aː-4 s ə-4 uz m ɛ-5 tʰ aː-0 t ɨ-1 ŋz ɗ ɨə-4 k ɔ-0 nz t͡ɕ ɔ-0 ŋmz m iə-5 ŋz ɗ e-4 nz n əː-0 iz n ɔ-4 m w o-4 nz m aː-1 x o-0 ŋmz l aː-1 mz ɗ a-0 uz k ɔ-0 nz,k aː-4 s ə-4 uz m ɛ-5 tʰ aː-0 t ɨ-1 ŋz ɗ ɨə-4 k ɔ-0 nz t͡ɕ ɔ-0 ŋmz m iə-5 ŋz ɗ e-4 nz n əː-0 iz n ɔ-4 m w o-4 nz m aː-1 x o-0 ŋmz l aː-1 mz ɗ a-0 uz k ɔ-0 nz
MK_7_NAM_S0005_8,audio_data/train/MK_7_NAM_S0005_8.wav,t͡ɕ ɛ-0 ɗ u-0 k ɛ-2 uz k ɛ-5 tz n a-4 ŋz ɗ ə-1 iz s ə-0 nz f əː-0 iz,t͡ɕ ɛ-0 ɗ u-0 k ɛ-2 uz k ɛ-5 tz n a-4 ŋz ɗ ə-1 iz s ə-0 nz f əː-0 iz
LXT_Nam_6_S0008_34,audio_data/train/LXT_Nam_6_S0008_34.wav,ɣ aː-1 t͡ɕ o-4 ŋmz s aː-0 iz x iə-4 nz v aː-1 z a-5 iz z o-2 t ə-4 tz k aː-3 t͡ɕ ɔ-0 m i-1 ŋ̟z l aː-1 z ə-4 tz k w aː-0 nz t͡ɕ ɔ-5 ŋmz,ɣ aː-1 t͡ɕ o-4 ŋmz s aː-0 iz x iə-4 nz v aː-1 z a-5 iz z o-2 t ə-4 tz k aː-3 t͡ɕ ɔ-0 m i-1 ŋ̟z l aː-1 z ə-4 tz k w aː-0 nz t͡ɕ ɔ-5 ŋmz
PTT_7_NU_S0041_124,audio_data/train/PTT_7_NU_S0041_124.wav,t əː-4 t i-1 mz ɗ ɨə-5 kz k ə-0 uz ɓ ɔ-4 ŋmz k u-2 ŋmz n a-1 mz i-0 mz t͡ɕ ɔ-0 ŋmz v ɨə-1 nz e-0 mz aː-0,t əː-4 t i-1 mz ɗ ɨə-5 kz k ə-0 uz ɓ ɔ-4 ŋmz k u-2 ŋmz n a-1 mz i-0 mz t͡ɕ ɔ-0 ŋmz v ɨə-1 nz e-0 mz aː-0
TPA_Nu_6_S0009_160,audio_data/train/TPA_Nu_6_S0009_160.wav,k ɔ-1 nz t͡ɕ u-4 ŋmz t o-0 iz h i-4 h i-4 h w i-4 l aː-1 mz ɲ ɨ-2 ŋz t͡ɕ iə-4 kz t w i-4 ɓ i-4 m ə-5 tz k uə-3 m i-1 ŋ̟z,k ɔ-1 nz t͡ɕ u-4 ŋmz t o-0 iz h i-4 h i-4 h w i-4 l aː-1 mz ɲ ɨ-2 ŋz t͡ɕ iə-4 kz t w i-4 ɓ i-4 m ə-5 tz k uə-3 m i-1 ŋ̟z
LXT_Nam_6_S0008_11,audio_data/train/LXT_Nam_6_S0008_11.wav,k o-0 z ɔ-5 nz k aː-4 iz z aː-4 kz n a-1 iz ɗ i-0,k o-0 z ɔ-5 nz k aː-4 iz z aː-4 kz n a-1 iz ɗ i-0
THA_7_NU_S0043_148,audio_data/train/THA_7_NU_S0043_148.wav,k ə-5 uz h a-2 iz t i-1 mz ɲ ɨ-2 ŋz k ə-0 uz tʰ əː-0 t aː-3 v ɛ-3 ɗ ɛ-5 pz k uə-3 k ə-0 iz k o-4 iz x i-0 s w ə-0 nz v e-1,k ə-5 uz h a-2 iz t i-1 mz ɲ ɨ-2 ŋz k ə-0 uz tʰ əː-0 t aː-3 v ɛ-3 ɗ ɛ-5 pz k uə-3 k ə-0 iz k o-4 iz x i-0 s w ə-0 nz v e-1
TTD_7_NAM_S0001_16,audio_data/train/TTD_7_NAM_S0001_16.wav,z o-1 iz z əː-1 t əː-4 h ɔ-3 iz k ə-5 uz ɲ ɛ-4,z o-1 iz z əː-1 t əː-4 h ɔ-3 iz k ə-5 uz ɲ ɛ-4
NNM_Nu_6_S00045_12,audio_data/train/NNM_Nu_6_S00045_12.wav,t əː-4 ɗ o-4 ɓ aː-5 nz ɓ ɛ-4 l e-0 tʰ i-4 k̟z l aː-1 mz ɣ i-1,t əː-4 ɗ o-4 ɓ aː-5 nz ɓ ɛ-4 l e-0 tʰ i-4 k̟z l aː-1 mz ɣ i-1
NMA_7_NU_S0002_236,audio_data/train/NMA_7_NU_S0002_236.wav,ɲ əː-4 ŋ a-1 iz z o-2 t o-3 h u-1 ŋmz t o-3 h u-1 ŋmz m u-1 ŋmz m ɨə-1 iz tʰ aː-4 ŋz ɓ aː-0,ɲ əː-4 ŋ a-1 iz z o-2 t o-3 h u-1 ŋmz t o-3 h u-1 ŋmz m u-1 ŋmz m ɨə-1 iz tʰ aː-4 ŋz ɓ aː-0
NTM_Nam_6_S00010_51,audio_data/train/NTM_Nam_6_S00010_51.wav,k aː-4 iz ɣ i-1 k a-4 tz l aː-4,k aː-4 iz ɣ i-1 k a-4 tz l aː-4
CNBA_Nu_6_S0003_185,audio_data/train/CNBA_Nu_6_S0003_185.wav,t əː-4 v ɨə-1 ɗ ɔ-5 kpz m ə-2 uz t͡ɕ ɔ-0 k ə-5 uz ŋ ɛ-0 ɓ ə-0 iz z əː-1 k ə-5 uz ɗ ɔ-5 kpz l aː-5 iz ɓ aː-1 iz tʰ əː-0 ŋ w aː-0 nz k uə-3 t aː-4 kz z aː-3 k w aː-0 ŋz h w i-0 t͡ɕ ɔ-0 t əː-4 ŋ ɛ-0 ɗ ɨə-5 kz x o-0 ŋmz,t əː-4 v ɨə-1 ɗ ɔ-5 kpz m ə-2 uz t͡ɕ ɔ-0 k ə-5 uz ŋ ɛ-0 ɓ ə-0 iz z əː-1 k ə-5 uz ɗ ɔ-5 kpz l aː-5 iz ɓ aː-1 iz tʰ əː-0 ŋ w aː-0 nz k uə-3 t aː-4 kz z aː-3 k w aː-0 ŋz h w i-0 t͡ɕ ɔ-0 t əː-4 ŋ ɛ-0 ɗ ɨə-5 kz x o-0 ŋmz
CNBA_Nu_6_S0003_67,audio_data/train/CNBA_Nu_6_S0003_67.wav,tʰ ɔ-3 s əː-5 ɨə-4 tz əː-0 ɓ e-0 nz ɓ əː-1 əː-0 t͡ɕ e-0 nz ɓ əː-1 k o-3 v u-2,tʰ ɔ-3 s əː-5 ɨə-4 tz əː-0 ɓ e-0 nz ɓ əː-1 əː-0 t͡ɕ e-0 nz ɓ əː-1 k o-3 v u-2
TTD_7_NAM_S0001_89,audio_data/train/TTD_7_NAM_S0001_89.wav,ɓ ə-0 iz z əː-1 t͡ɕ w iə-3 nz s aː-0 ŋz f ə-1 nz h aː-0 iz,ɓ ə-0 iz z əː-1 t͡ɕ w iə-3 nz s aː-0 ŋz f ə-1 nz h aː-0 iz
VTA_Nam_6_S0002_21,audio_data/train/VTA_Nam_6_S0002_21.wav,h o-0 mz s a-0 uz k w aː-5 ɗ aː-0 ŋz ɗ ə-5 uz əː-0 ɓ əː-1 z aː-1 uz tʰ i-1 ɓ i-5 t͡ɕ ɔ-4 v o-1,h o-0 mz s a-0 uz k w aː-5 ɗ aː-0 ŋz ɗ ə-5 uz əː-0 ɓ əː-1 z aː-1 uz tʰ i-1 ɓ i-5 t͡ɕ ɔ-4 v o-1
TTD_7_NAM_S0001_121,audio_data/train/TTD_7_NAM_S0001_121.wav,x o-0 ŋmz k ə-5 uz n ɔ-4 iz k aː-4 iz t ɨ-1 ɗ i-0 h ɔ-5 kpz n ɔ-4 s aː-0 iz z o-1 iz k ə-5 uz f aː-3 iz n ɔ-4 iz t ɨ-1 ɗ i-0 h ɔ-5 kpz v e-1,x o-0 ŋmz k ə-5 uz n ɔ-4 iz k aː-4 iz t ɨ-1 ɗ i-0 h ɔ-5 kpz n ɔ-4 s aː-0 iz z o-1 iz k ə-5 uz f aː-3 iz n ɔ-4 iz t ɨ-1 ɗ i-0 h ɔ-5 kpz v e-1
NMA_7_NU_S0002_188,audio_data/train/NMA_7_NU_S0002_188.wav,v u-2 s w ə-0 nz k w aː-3 nz,v u-2 s w ə-0 nz k w aː-3 nz
LXT_Nam_6_S0008_6,audio_data/train/LXT_Nam_6_S0008_6.wav,s aː-4 ŋz s aː-4 ŋz ɣ aː-1 t͡ɕ o-4 ŋmz ɣ a-4 iz v aː-0 ŋz,s aː-4 ŋz s aː-4 ŋz ɣ aː-1 t͡ɕ o-4 ŋmz ɣ a-4 iz v aː-0 ŋz
NMA_7_NU_S0002_79,audio_data/train/NMA_7_NU_S0002_79.wav,ɲ ɔ-3 t ɔ-0 x w ɛ-3 iə-4 uz m w o-0 nz l w aː-1 iz,ɲ ɔ-3 t ɔ-0 x w ɛ-3 iə-4 uz m w o-0 nz l w aː-1 iz
CNBA_Nu_6_S0003_115,audio_data/train/CNBA_Nu_6_S0003_115.wav,s aː-4 ŋz s aː-4 ŋz m ɛ-5 z ə-2 nz t͡ɕ u-4 ɗ i-0 k iə-4 mz a-0 nz,s aː-4 ŋz s aː-4 ŋz m ɛ-5 z ə-2 nz t͡ɕ u-4 ɗ i-0 k iə-4 mz a-0 nz
DNK_7_NU_S0048_169,audio_data/train/DNK_7_NU_S0048_169.wav,h aː-5 k eaː-4 ŋ̟z z ɛ-0 uz m ɨ-1 ŋz t͡ɕ ɛ-0 t͡ɕ əː-5 tz t ɨ-0 ŋz ɓ ɨ-1 ŋz n əː-3 ɗ ə-1 iz h w aː-0 t͡ɕ a-4 ŋz,h aː-5 k eaː-4 ŋ̟z z ɛ-0 uz m ɨ-1 ŋz t͡ɕ ɛ-0 t͡ɕ əː-5 tz t ɨ-0 ŋz ɓ ɨ-1 ŋz n əː-3 ɗ ə-1 iz h w aː-0 t͡ɕ a-4 ŋz
THA_Nu_6_S00042_59,audio_data/train/THA_Nu_6_S00042_59.wav,tʰ ɔ-3 l əː-2 s o-0 ɗ o-3 ɣ e-4,tʰ ɔ-3 l əː-2 s o-0 ɗ o-3 ɣ e-4
TPA_Nu_6_S0009_187,audio_data/train/TPA_Nu_6_S0009_187.wav,t o-4 iz h o-0 mz ə-4 iz x i-0 k o-0 ŋmz t͡ɕ uə-4 ɗ aː-0 ŋz a-0 nz v əː-4 iz ɲ aː-1 v uə-0 tʰ i-1 k ɔ-4 t iə-4 ŋz ɣ ɔ-5 iz k ɨə-3,t o-4 iz h o-0 mz ə-4 iz x i-0 k o-0 ŋmz t͡ɕ uə-4 ɗ aː-0 ŋz a-0 nz v əː-4 iz ɲ aː-1 v uə-0 tʰ i-1 k ɔ-4 t iə-4 ŋz ɣ ɔ-5 iz k ɨə-3
TPA_Nu_6_S0009_65,audio_data/train/TPA_Nu_6_S0009_65.wav,ɲ aː-1 ŋ ɛ-1 uz t͡ɕ o-1 ŋmz m ə-4 tz s əː-4 mz ɓ aː-1 f aː-3 iz l aː-1 mz l u-5 ŋmz v ə-4 tz v aː-3 ɗ e-3 n w o-0 iz k ɔ-0 nz m aː-1 x o-0 ŋmz h e-1 f aː-1 nz n aː-1 nz ɣ i-1,ɲ aː-1 ŋ ɛ-1 uz t͡ɕ o-1 ŋmz m ə-4 tz s əː-4 mz ɓ aː-1 f aː-3 iz l aː-1 mz l u-5 ŋmz v ə-4 tz v aː-3 ɗ e-3 n w o-0 iz k ɔ-0 nz m aː-1 x o-0 ŋmz h e-1 f aː-1 nz n aː-1 nz ɣ i-1
TPA_Nu_6_S0009_3,audio_data/train/TPA_Nu_6_S0009_3.wav,t͡ɕ u-4 ɣ aː-1 k w aː-0 nz t͡ɕ ɔ-5 ŋmz,t͡ɕ u-4 ɣ aː-1 k w aː-0 nz t͡ɕ ɔ-5 ŋmz
NDBA_7_NAM_S0010_31,audio_data/train/NDBA_7_NAM_S0010_31.wav,t͡ɕ əː-1 m ɨə-0 ɗ e-4 nz ɲ ɨ-2 ŋz k ə-0 iz tʰ o-0 ŋmz n ɔ-0 nz s ɛ-2 v ɨə-0 nz l e-0 nz s e-0,t͡ɕ əː-1 m ɨə-0 ɗ e-4 nz ɲ ɨ-2 ŋz k ə-0 iz tʰ o-0 ŋmz n ɔ-0 nz s ɛ-2 v ɨə-0 nz l e-0 nz s e-0
THA_Nu_6_S00042_85,audio_data/train/THA_Nu_6_S00042_85.wav,əː-0 ɲ aː-1 t͡ɕ ɛ-3 t͡ɕ i-5 t͡ɕ i-0 ɗ aː-2 ɲ əː-4 aː-0 iz,əː-0 ɲ aː-1 t͡ɕ ɛ-3 t͡ɕ i-5 t͡ɕ i-0 ɗ aː-2 ɲ əː-4 aː-0 iz
NHM_7_NU_S0006_21,audio_data/train/NHM_7_NU_S0006_21.wav,ɗ o-1 ŋmz ɓ a-1 ŋz l aː-1 v u-1 ŋmz ɗ ə-4 tz z ə-4 tz z o-5 ŋmz ɓ a-1 ŋz f a-3 ŋz,ɗ o-1 ŋmz ɓ a-1 ŋz l aː-1 v u-1 ŋmz ɗ ə-4 tz z ə-4 tz z o-5 ŋmz ɓ a-1 ŋz f a-3 ŋz
LXT_Nam_6_S0008_8,audio_data/train/LXT_Nam_6_S0008_8.wav,v i-1 tʰ e-4 ɣ aː-1 t͡ɕ o-4 ŋmz t͡ɕ ɔ-0 m i-1 ŋ̟z l aː-1 z ə-4 tz k w aː-0 nz t͡ɕ ɔ-5 ŋmz,v i-1 tʰ e-4 ɣ aː-1 t͡ɕ o-4 ŋmz t͡ɕ ɔ-0 m i-1 ŋ̟z l aː-1 z ə-4 tz k w aː-0 nz t͡ɕ ɔ-5 ŋmz
PC_7_NAM_S0004_63,audio_data/train/PC_7_NAM_S0004_63.wav,əː-0 t͡ɕ ɨə-1 ŋz t əː-4 tʰ i-4 k̟z t͡ɕ əː-0 iz v əː-4 iz v əː-4 iz k ə-5 uz ɲ ə-4 tz,əː-0 t͡ɕ ɨə-1 ŋz t əː-4 tʰ i-4 k̟z t͡ɕ əː-0 iz v əː-4 iz v əː-4 iz k ə-5 uz ɲ ə-4 tz
NT_7_NAM_S0009_71,audio_data/train/NT_7_NAM_S0009_71.wav,ə-0 iz o-0 ŋmz v uə-0 x o-0 nz ŋ w aː-0 nz,ə-0 iz o-0 ŋmz v uə-0 x o-0 nz ŋ w aː-0 nz
THA_Nu_6_S00042_86,audio_data/train/THA_Nu_6_S00042_86.wav,t͡ɕ i-5 ɲ əː-4 m ɛ-5,t͡ɕ i-5 ɲ əː-4 m ɛ-5
TTD_7_NAM_S0001_18,audio_data/train/TTD_7_NAM_S0001_18.wav,t͡ɕ u-4 ŋmz ɗ ɨə-5 kz z u-1 ŋmz ɗ e-3 t aː-3 ɲ ɨ-2 ŋz ɣ i-1,t͡ɕ u-4 ŋmz ɗ ɨə-5 kz z u-1 ŋmz ɗ e-3 t aː-3 ɲ ɨ-2 ŋz ɣ i-1
PC_7_NAM_S0004_40,audio_data/train/PC_7_NAM_S0004_40.wav,t͡ɕ ɔ-0 ŋmz k aː-4 kz l w aː-1 iz t͡ɕ i-0 mz t əː-4 tʰ i-4 k̟z ɲ ə-4 tz l aː-1 l w aː-1 iz t͡ɕ i-0 mz k o-0 ŋmz,t͡ɕ ɔ-0 ŋmz k aː-4 kz l w aː-1 iz t͡ɕ i-0 mz t əː-4 tʰ i-4 k̟z ɲ ə-4 tz l aː-1 l w aː-1 iz t͡ɕ i-0 mz k o-0 ŋmz
NMA_7_NU_S0002_207,audio_data/train/NMA_7_NU_S0002_207.wav,m o-5 tz ɗ ɛ-1 nz h u-1 ŋmz t͡ɕ e-0 nz n w i-4 ŋ iə-2 l i-2 ŋ̟z t i-3 ŋ̟z f u-4 tʰ ɔ-5,m o-5 tz ɗ ɛ-1 nz h u-1 ŋmz t͡ɕ e-0 nz n w i-4 ŋ iə-2 l i-2 ŋ̟z t i-3 ŋ̟z f u-4 tʰ ɔ-5
CNBA_Nu_6_S0003_111,audio_data/train/CNBA_Nu_6_S0003_111.wav,m o-1 mz k aː-4 m ə-5 pz h aː-4 t ɔ-0 z a-0 ŋz s a-4 kz ɲ ɔ-5 nz l əː-3 mz t͡ɕ əː-3 mz,m o-1 mz k aː-4 m ə-5 pz h aː-4 t ɔ-0 z a-0 ŋz s a-4 kz ɲ ɔ-5 nz l əː-3 mz t͡ɕ əː-3 mz
TPA_Nu_6_S0009_80,audio_data/train/TPA_Nu_6_S0009_80.wav,ɲ ɨ-0 ŋz t͡ɕ i-5 k ɔ-1 nz f aː-3 iz k ɔ-5 t͡ɕ ɔ-0 s ɔ-0 ŋmz m ə-4 iz k aː-4 iz t͡ɕ ə-5 uz n a-1 iz ɗ aː-2,ɲ ɨ-0 ŋz t͡ɕ i-5 k ɔ-1 nz f aː-3 iz k ɔ-5 t͡ɕ ɔ-0 s ɔ-0 ŋmz m ə-4 iz k aː-4 iz t͡ɕ ə-5 uz n a-1 iz ɗ aː-2
PTL_7_NU_S0008_161,audio_data/train/PTL_7_NU_S0008_161.wav,t əː-4 ɲ i-1 nz tʰ ə-4 iz k ɔ-0 nz t͡ɕ w o-5 tz t w i-4,t əː-4 ɲ i-1 nz tʰ ə-4 iz k ɔ-0 nz t͡ɕ w o-5 tz t w i-4
VTA_Nam_6_S0002_26,audio_data/train/VTA_Nam_6_S0002_26.wav,tʰ ɔ-3 tʰ ɔ-3 ɓ ɛ-2 nz l ɛ-2 nz,tʰ ɔ-3 tʰ ɔ-3 ɓ ɛ-2 nz l ɛ-2 nz
NMA_7_NU_S0002_58,audio_data/train/NMA_7_NU_S0002_58.wav,h w aː-0 ɗ aː-1 uz h w aː-0 m aː-0 iz,h w aː-0 ɗ aː-1 uz h w aː-0 m aː-0 iz
NTN_7_NU_S0042_33,audio_data/train/NTN_7_NU_S0042_33.wav,n əː-0 iz ɗ ə-0 iz ɗ aː-2 z o-4 ŋmz ɲ ɨ-0 ŋ o-0 iz ɲ aː-1 tʰ ɨ-4 h aː-0 iz k uə-3 m i-1 ŋ̟z,n əː-0 iz ɗ ə-0 iz ɗ aː-2 z o-4 ŋmz ɲ ɨ-0 ŋ o-0 iz ɲ aː-1 tʰ ɨ-4 h aː-0 iz k uə-3 m i-1 ŋ̟z
PTT_7_NU_S0041_6,audio_data/train/PTT_7_NU_S0041_6.wav,t͡ɕ i-5 v e-1 v ɨə-1 nz k ə-0 iz n aː-1 uz k u-2 ŋmz ɗ ə-0 mz t͡ɕ o-1 iz n ə-3 iz l o-5 kpz,t͡ɕ i-5 v e-1 v ɨə-1 nz k ə-0 iz n aː-1 uz k u-2 ŋmz ɗ ə-0 mz t͡ɕ o-1 iz n ə-3 iz l o-5 kpz
TTT_Nu_6_S00049_24,audio_data/train/TTT_Nu_6_S00049_24.wav,ɗ o-4 ɓ aː-5 nz t i-1 mz i-0 ɗ u-4 ŋmz t͡ɕ ɔ-0 ŋmz ɓ aː-1 iz,ɗ o-4 ɓ aː-5 nz t i-1 mz i-0 ɗ u-4 ŋmz t͡ɕ ɔ-0 ŋmz ɓ aː-1 iz
NHM_7_NU_S0006_10,audio_data/train/NHM_7_NU_S0006_10.wav,k aː-3 ɓ aː-0 l ə-1 nz ɲ aː-1 ɗ e-1 uz ɓ i-5 k w ə-5 tz ɗ o-3,k aː-3 ɓ aː-0 l ə-1 nz ɲ aː-1 ɗ e-1 uz ɓ i-5 k w ə-5 tz ɗ o-3
THA_7_NU_S0043_59,audio_data/train/THA_7_NU_S0043_59.wav,ɲ ɨ-2 ŋz k ə-0 iz s ɛ-0 nz ɗ aː-4,ɲ ɨ-2 ŋz k ə-0 iz s ɛ-0 nz ɗ aː-4
DNK_7_NU_S0048_109,audio_data/train/DNK_7_NU_S0048_109.wav,h o-5 pz tʰ ɨ-0 eaː-0 ŋ̟z ɓ iə-4 tz t w o-4 tz,h o-5 pz tʰ ɨ-0 eaː-0 ŋ̟z ɓ iə-4 tz t w o-4 tz
TPA_Nu_6_S0009_129,audio_data/train/TPA_Nu_6_S0009_129.wav,tʰ ə-4 iz k o-0 h aː-0 iz ɗ aː-0 ŋz s ɛ-0 t͡ɕ i-3 s ɔ-4 kpz k ɔ-0 nz ɓ aː-3,tʰ ə-4 iz k o-0 h aː-0 iz ɗ aː-0 ŋz s ɛ-0 t͡ɕ i-3 s ɔ-4 kpz k ɔ-0 nz ɓ aː-3
NMA_7_NU_S0002_230,audio_data/train/NMA_7_NU_S0002_230.wav,ɓ aː-1 ə-0 uz k əː-0 s i-0 ŋ̟z k ɔ-0 nz k i-1 l aː-5 tʰ e-4 ɲ ɨ-0 tʰ e-4 n aː-1 uz,ɓ aː-1 ə-0 uz k əː-0 s i-0 ŋ̟z k ɔ-0 nz k i-1 l aː-5 tʰ e-4 ɲ ɨ-0 tʰ e-4 n aː-1 uz
TTD_7_NAM_S0001_90,audio_data/train/TTD_7_NAM_S0001_90.wav,t əː-4 h ɔ-3 iz k ə-5 uz ɲ ɛ-4 k w aː-0 nz s aː-4 tz t͡ɕ eaː-0 ŋ̟z eaː-3 ŋ̟z v ə-5 tz n w o-0 iz m aː-0 ŋz ɗ e-4 nz l əː-4 pz,t əː-4 h ɔ-3 iz k ə-5 uz ɲ ɛ-4 k w aː-0 nz s aː-4 tz t͡ɕ eaː-0 ŋ̟z eaː-3 ŋ̟z v ə-5 tz n w o-0 iz m aː-0 ŋz ɗ e-4 nz l əː-4 pz
LXT_Nam_6_S0008_54,audio_data/train/LXT_Nam_6_S0008_54.wav,t ɨ-1 ɗ ɔ-4 t͡ɕ u-4 t͡ɕ aː-3 z aː-4 mz h eaː-5 k̟z s eaː-4 k̟z aː-0 iz n ɨə-2,t ɨ-1 ɗ ɔ-4 t͡ɕ u-4 t͡ɕ aː-3 z aː-4 mz h eaː-5 k̟z s eaː-4 k̟z aː-0 iz n ɨə-2
PTT_7_NU_S0041_94,audio_data/train/PTT_7_NU_S0041_94.wav,k ɔ-0 nz t a-1 mz a-0 nz z ə-0 uz,k ɔ-0 nz t a-1 mz a-0 nz z ə-0 uz
NDBA_7_NAM_S0010_142,audio_data/train/NDBA_7_NAM_S0010_142.wav,m o-5 tz h o-0 mz v aː-1 uz z i-5 pz k w o-4 iz n a-0 mz v uə-0 h u-1 ŋmz v ɨə-0 ŋz t͡ɕ ɔ-0 ɣ ɔ-5 iz ɗ o-0 ŋmz ɗ u-3 k aː-4 kz k ɔ-0 nz ɗ e-4 nz v aː-1 ɓ aː-3 uz,m o-5 tz h o-0 mz v aː-1 uz z i-5 pz k w o-4 iz n a-0 mz v uə-0 h u-1 ŋmz v ɨə-0 ŋz t͡ɕ ɔ-0 ɣ ɔ-5 iz ɗ o-0 ŋmz ɗ u-3 k aː-4 kz k ɔ-0 nz ɗ e-4 nz v aː-1 ɓ aː-3 uz
TTT_Nu_6_S00049_8,audio_data/train/TTT_Nu_6_S00049_8.wav,m aː-4 ɓ e-4 ɓ ɛ-4 v o-0 v o-2 t a-0 iz,m aː-4 ɓ e-4 ɓ ɛ-4 v o-0 v o-2 t a-0 iz
PTL_7_NU_S0008_155,audio_data/train/PTL_7_NU_S0008_155.wav,ɓ a-0 iz k u-1 ŋmz n aː-0 mz ɓ a-4 kz ɗ o-0 ŋmz t ə-0 iz t ɔ-3 t ɨə-1 ŋz,ɓ a-0 iz k u-1 ŋmz n aː-0 mz ɓ a-4 kz ɗ o-0 ŋmz t ə-0 iz t ɔ-3 t i-1 ŋ̟z
PTL_7_NU_S0008_69,audio_data/train/PTL_7_NU_S0008_69.wav,ɗ ɔ-5 kpz l aː-5 iz h w a-5 kz k e-3 l aː-5 iz t͡ɕ ɔ-0 k aː-4 kz ɓ aː-5 nz ŋ ɛ-0 m o-5 tz k ə-0 uz t͡ɕ w iə-5 nz ɲ ɛ-4,ɗ ɔ-5 kpz l aː-5 iz h w a-5 kz k e-3 l aː-5 iz t͡ɕ ɔ-0 k aː-4 kz ɓ aː-5 nz ŋ ɛ-0 m o-5 tz k ə-0 uz t͡ɕ w iə-5 nz ɲ ɛ-4
TTD_7_NAM_S0001_162,audio_data/train/TTD_7_NAM_S0001_162.wav,k eaː-4 k̟z t͡ɕ ɔ-1 t͡ɕ w iə-5 nz k uə-3 ɓ aː-5 nz ɲ ɔ-3 tʰ e-3 h iə-5 nz t i-1 ŋ̟z k aː-3 mz v əː-4 iz k ɔ-0 nz t͡ɕ ə-0 uz ɲ ɨ-0 tʰ e-4 n aː-1 uz,k eaː-4 k̟z t͡ɕ ɔ-1 t͡ɕ w iə-5 nz k uə-3 ɓ aː-5 nz ɲ ɔ-3 tʰ e-3 h iə-5 nz t i-1 ŋ̟z k aː-3 mz v əː-4 iz k ɔ-0 nz t͡ɕ ə-0 uz ɲ ɨ-0 tʰ e-4 l aː-1 uz
TTD_7_NAM_S0001_137,audio_data/train/TTD_7_NAM_S0001_137.wav,t͡ɕ ə-0 uz əː-0 iz a-0 nz k ɔ-3 m ə-5 tz,t͡ɕ ə-0 uz əː-0 iz a-0 nz k ɔ-3 m ə-5 tz
DNK_7_NU_S0048_9,audio_data/train/DNK_7_NU_S0048_9.wav,k ə-0 iz k aː-0 mz v aː-1 ŋz tʰ e-0 mz t͡ɕ aː-4 iz,k ə-0 iz k aː-0 mz v aː-1 ŋz tʰ e-0 mz t͡ɕ aː-4 iz
GQM_Nam_6_S0006_50,audio_data/train/GQM_Nam_6_S0006_50.wav,k u-4 nz k u-4 nz tʰ ɔ-3 v aː-1 v ɨə-5 tz z aː-0 ɓ iə-3 nz,k u-4 nz k u-4 nz tʰ ɔ-3 v aː-1 v ɨə-5 tz z aː-0 ɓ iə-3 nz
TTD_7_NAM_S0001_116,audio_data/train/TTD_7_NAM_S0001_116.wav,ɗ ə-0 iz l aː-1 m ɛ-1 uz ɓ o-0 ŋmz ɲ aː-1 m i-1 ŋ̟z n ɔ-4 z ə-4 tz ɗ aː-4 ŋz iə-0 uz,ɗ ə-0 iz l aː-1 m ɛ-1 uz ɓ o-0 ŋmz ɲ aː-1 m i-1 ŋ̟z n ɔ-4 z ə-4 tz ɗ aː-4 ŋz iə-0 uz
DNK_7_NU_S0048_110,audio_data/train/DNK_7_NU_S0048_110.wav,v i-1 s aː-0 uz m ɔ-3 k uə-3 k aː-4 kz l w aː-1 iz t͡ɕ i-0 mz x o-0 ŋmz z o-4 ŋmz ɲ a-0 uz,v i-1 s aː-0 uz m ɔ-3 k uə-3 k aː-4 kz l w aː-1 iz t͡ɕ i-0 mz x o-0 ŋmz z o-4 ŋmz ɲ a-0 uz
NTM_Nam_6_S00010_34,audio_data/train/NTM_Nam_6_S00010_34.wav,ɗ i-0 s ɛ-0 mz ɗ eaː-4 ŋ̟z k aː-4,ɗ i-0 s ɛ-0 mz ɗ eaː-4 ŋ̟z k aː-4
MK_7_NAM_S0005_24,audio_data/train/MK_7_NAM_S0005_24.wav,tʰ e-4 k ɔ-1 nz ɣ i-1 m aː-1 k ə-5 uz tʰ i-4 k̟z n ɨə-2 x o-0 ŋmz,tʰ e-4 k ɔ-1 nz ɣ i-1 m aː-1 k ə-5 uz tʰ i-4 k̟z n ɨə-2 x o-0 ŋmz
TPA_Nu_6_S0009_216,audio_data/train/TPA_Nu_6_S0009_216.wav,k ə-0 uz t͡ɕ w iə-5 nz z ə-4 tz h a-0 iz v aː-1 i-0 ŋ iə-2 f aː-3 iz x o-0 ŋmz ɓ aː-5 nz f ɨə-0 ŋz eaː-0 ŋ̟z,k ə-0 uz t͡ɕ w iə-5 nz z ə-4 tz h a-0 iz v aː-1 i-0 ŋ iə-2 f aː-3 iz x o-0 ŋmz ɓ aː-5 nz f ɨə-0 ŋz eaː-0 ŋ̟z
CNBA_Nu_6_S0003_122,audio_data/train/CNBA_Nu_6_S0003_122.wav,t͡ɕ ɔ-0 ŋmz ɓ iə-3 nz k ɔ-4 ɲ ɨ-2 ŋz ɣ i-1,t͡ɕ ɔ-0 ŋmz ɓ iə-3 nz k ɔ-4 ɲ ɨ-2 ŋz ɣ i-1
TPA_Nu_6_S0009_137,audio_data/train/TPA_Nu_6_S0009_137.wav,s ɔ-4 kpz k ɔ-0 nz l aː-5 iz z ɔ-1 ŋmz z aː-2 ŋ a-1 iz ɗ e-0 mz v ɨə-5 tz m o-5 tz k w aː-2 ŋz ɗ ɨə-1 ŋz s aː-0 ɗ e-4 nz ɲ aː-1 k o-0 ɣ aː-4 iz u-4 tz,s ɔ-4 kpz k ɔ-0 nz l aː-5 iz z ɔ-1 ŋmz z aː-2 ŋ a-1 iz ɗ e-0 mz v ɨə-5 tz m o-5 tz k w aː-2 ŋz ɗ ɨə-1 ŋz s aː-0 ɗ e-4 nz ɲ aː-1 k o-0 ɣ aː-4 iz u-4 tz
TTD_7_NAM_S0001_27,audio_data/train/TTD_7_NAM_S0001_27.wav,t͡ɕ u-4 əː-0 iz t͡ɕ u-4 ɣ aː-1 əː-0 iz,t͡ɕ u-4 əː-0 iz t͡ɕ u-4 ɣ aː-1 əː-0 iz
THA_7_NU_S0043_143,audio_data/train/THA_7_NU_S0043_143.wav,ə-0 iz t͡ɕ i-0 mz ɛ-0 mz ɗ e-4 nz ɓ aː-4 uz h iə-5 uz m uə-1 s w ə-0 nz v e-1,ə-0 iz t͡ɕ i-0 mz ɛ-0 mz ɗ e-4 nz ɓ aː-4 uz h iə-5 uz m uə-1 s w ə-0 nz v e-1
DNK_7_NU_S0048_119,audio_data/train/DNK_7_NU_S0048_119.wav,n e-4 uz n ɔ-4 n a-1 mz h a-3 nz s w o-4 ŋmz tʰ i-1 ɗ ɨ-1 ŋz z ə-5 iz s ɛ-2 z ə-4 tz x ɔ-4 x a-0 nz,n e-4 uz n ɔ-4 n a-1 mz h a-3 nz s w o-4 ŋmz tʰ i-1 ɗ ɨ-1 ŋz z ə-5 iz s ɛ-2 z ə-4 tz x ɔ-4 x a-0 nz
PTL_7_NU_S0008_6,audio_data/train/PTL_7_NU_S0008_6.wav,k aː-4 s ə-4 uz k ɔ-4 h aː-1 mz z a-0 ŋz s a-4 kz ɲ ɔ-5 nz ɲ ɨ-0 ŋz ɓ e-4 k ɔ-0 nz k u-2 ŋmz z ə-4 tz x ɛ-4 uz,k aː-4 kz s ə-4 uz k ɔ-4 h aː-1 mz z a-0 ŋz s a-4 kz ɲ ɔ-5 nz ɲ ɨ-0 ŋz ɓ e-4 k ɔ-0 nz k u-2 ŋmz z ə-4 tz x ɛ-4 uz
PC_7_NAM_S0004_48,audio_data/train/PC_7_NAM_S0004_48.wav,t͡ɕ ɔ-0 ŋmz k aː-4 kz l w aː-1 iz ɗ o-5 ŋmz v ə-5 tz t əː-4 tʰ i-4 k̟z ɲ ə-4 tz l aː-1 k ɔ-0 nz k ɔ-0 nz t͡ɕ ɔ-4,t͡ɕ ɔ-0 ŋmz k aː-4 kz l w aː-1 iz ɗ o-5 ŋmz v ə-5 tz t əː-4 tʰ i-4 k̟z ɲ ə-4 tz l aː-1 k ɔ-0 nz k ɔ-0 nz t͡ɕ ɔ-4
THA_Nu_6_S00042_44,audio_data/train/THA_Nu_6_S00042_44.wav,k iə-4 nz ɓ ɔ-1 z aː-0 k iə-4 nz ɗ o-4 tz t͡ɕ ə-0 nz ɓ aː-4 kz tʰ əː-5 s a-0 nz,k iə-4 nz ɓ əː-3 z aː-0 k iə-4 nz ɗ o-4 tz t͡ɕ ə-0 nz ɓ aː-4 kz tʰ əː-5 s a-0 nz
THA_7_NU_S0043_49,audio_data/train/THA_7_NU_S0043_49.wav,t o-0 iz ɓ i-5 ɓ aː-5 iz l iə-5 tz h aː-0 iz k eaː-4 ŋ̟z t a-0 iz ɲ ɨ-0 ŋz k iə-0 nz t͡ɕ i-1 v ɨə-5 tz x ɔ-4 k ɔ-4 i-0 t͡ɕ i-4 l w o-0 nz l e-0 nz n e-0 nz ɗ aː-2 ɗ aː-5 tz ɗ ɨə-5 kz ɗ iə-1 uz m i-1 ŋ̟z m ɔ-0 ŋmz ɨə-4 kz,t o-0 iz ɓ i-5 ɓ aː-5 iz l iə-5 tz h aː-0 iz k eaː-4 ŋ̟z t a-0 iz ɲ ɨ-0 ŋz k iə-0 nz t͡ɕ i-1 v ɨə-5 tz x ɔ-4 k ɔ-4 i-0 t͡ɕ i-4 l w o-0 nz l e-0 nz n e-0 nz ɗ aː-2 ɗ aː-5 tz ɗ ɨə-5 kz ɗ iə-1 uz m i-1 ŋ̟z m ɔ-0 ŋmz ɨə-4 kz
NT_7_NAM_S0009_17,audio_data/train/NT_7_NAM_S0009_17.wav,t ɨ-1 ɗ ɔ-4 tʰ ə-1 nz z ɔ-4 tʰ ɨə-1 ŋz ɗ e-4 nz tʰ a-0 mz o-0 ŋmz ɗ ɛ-0 mz t͡ɕ ɔ-0 ŋ o-0 iz ɲ aː-1 x o-0 ŋmz x i-4 m aː-4 tz l eaː-1 ŋ̟z t ɨ-1 ɓ iə-3 nz k aː-3 v aː-1 h ɨə-0 ŋz tʰ əː-0 mz ŋ aː-1 uz ŋ aː-5 tz k uə-3 k aː-4 kz l w aː-1 iz h w aː-0,t ɨ-1 ɗ ɔ-4 tʰ ə-1 nz z ɔ-4 tʰ ɨə-1 ŋz ɗ e-4 nz tʰ a-0 mz o-0 ŋmz ɗ ɛ-0 mz t͡ɕ ɔ-0 ŋ o-0 iz ɲ aː-1 x o-0 ŋmz x i-4 m aː-4 tz l eaː-1 ŋ̟z t ɨ-1 ɓ iə-3 nz k aː-3 v aː-1 h ɨə-0 ŋz tʰ əː-0 mz ŋ aː-1 uz ŋ aː-5 tz k uə-3 k aː-4 kz l w aː-1 iz h w aː-0
CNBA_Nu_6_S0003_134,audio_data/train/CNBA_Nu_6_S0003_134.wav,ɲ ɨ-2 ŋz i-0 n aː-1 uz ɗ u-4 ŋmz,ɲ ɨ-2 ŋz i-0 n aː-1 uz ɗ u-4 ŋmz
HYT_Nu_6_S0005_95,audio_data/train/HYT_Nu_6_S0005_95.wav,z ə-0 nz ɗ i-0 ɓ iə-3 nz ŋ ɛ-0 n aː-1 ŋz h aː-4 tz k w e-0 nz k aː-3 m e-5 tz k aː-3 ɓ w o-1 nz,z ə-0 nz ɗ i-0 ɓ iə-3 nz ŋ ɛ-0 n aː-1 ŋz h aː-4 tz k w e-0 nz k aː-3 m e-5 tz k aː-3 ɓ w o-1 nz
NDBA_7_NAM_S0010_58,audio_data/train/NDBA_7_NAM_S0010_58.wav,t əː-4 ɓ iə-4 tz k ə-0 uz t͡ɕ w iə-5 nz t͡ɕ u-4 m ɛ-1 uz ɗ i-0 h iə-0,t əː-4 ɓ iə-4 tz k ə-0 uz t͡ɕ w iə-5 nz t͡ɕ u-4 m ɛ-1 uz ɗ i-0 h iə-0
THA_7_NU_S0043_30,audio_data/train/THA_7_NU_S0043_30.wav,k i-4 k w iə-4 tz ɗ i-5 ŋ̟z ɗ e-4 nz l əː-4 pz s i-0 nz k o-0 z aː-4 uz v aː-1 uz h ɔ-5 kpz k o-0 z aː-4 uz k ə-1 mz t a-0 iz k i-4 tʰ ə-4 iz h aː-0 iz k eaː-4 ŋ̟z t a-0 iz m e-1 mz ɲ u-2 nz ɓ w o-0 ŋmz tʰ ɔ-2 ŋmz ɓ ə-4 tz ɗ o-5 ŋmz,k i-4 k w iə-4 tz ɗ i-5 ŋ̟z ɗ e-4 nz l əː-4 pz s i-0 nz k o-0 z aː-4 uz v aː-1 uz h ɔ-5 kpz k o-0 z aː-4 uz k ə-1 mz t a-0 iz k i-4 tʰ ə-4 iz h aː-0 iz k eaː-4 ŋ̟z t a-0 iz m e-1 mz ɲ u-2 nz ɓ w o-0 ŋmz tʰ ɔ-2 ŋmz ɓ ə-4 tz ɗ o-5 ŋmz
DNK_7_NU_S0048_51,audio_data/train/DNK_7_NU_S0048_51.wav,tʰ ɛ-0 uz k ə-5 uz i-0 n aː-1 uz ɗ u-4 ŋmz,tʰ ɛ-0 uz k ə-5 uz i-0 n aː-1 uz ɗ u-4 ŋmz
PTT_7_NU_S0041_1,audio_data/train/PTT_7_NU_S0041_1.wav,m i-1 ŋ̟z k u-1 ŋmz ɗ ɔ-5 kpz ɓ aː-1 iz t͡ɕ w iə-5 nz ɓ o-4 nz m uə-1 l aː-1 ɓ aː-1 iz ɗ ɔ-5 kpz m o-5 tz ɲ aː-4,m i-1 ŋ̟z k u-1 ŋmz ɗ ɔ-5 kpz ɓ aː-1 iz t͡ɕ w iə-5 nz ɓ o-4 nz m uə-1 l aː-1 ɓ aː-1 iz ɗ ɔ-5 kpz m o-5 tz ɲ aː-4
PC_7_NAM_S0004_20,audio_data/train/PC_7_NAM_S0004_20.wav,x eaː-4 k̟z ɗ e-4 nz ɓ əː-1 t͡ɕ ɛ-0 l aː-1 ɲ ɨ-2 ŋz l w aː-5 iz t͡ɕ i-0 mz n aː-1 uz v ə-5 iz,x eaː-4 k̟z ɗ e-4 nz ɓ əː-1 t͡ɕ ɛ-0 l aː-1 ɲ ɨ-2 ŋz l w aː-5 iz t͡ɕ i-0 mz n aː-1 uz v ə-5 iz
NMA_7_NU_S0002_235,audio_data/train/NMA_7_NU_S0002_235.wav,z u-1 aː-0 iz ɗ i-0 ŋ ɨə-5 kz v e-1 s w o-0 iz,z u-1 aː-0 iz ɗ i-0 ŋ ɨə-5 kz v e-1 s w o-0 iz
TTT_Nu_6_S00049_84,audio_data/train/TTT_Nu_6_S00049_84.wav,k ɔ-4,k ɔ-4
NT_7_NAM_S0009_37,audio_data/train/NT_7_NAM_S0009_37.wav,s ɨ-3 z u-5 ŋmz k ə-0 uz h ɔ-3 iz v i-1 s aː-0 uz ɗ e-3 h ɔ-3 iz ɗ aː-4 pz v əː-4 iz ɓ aː-5 nz v e-1 n o-5 iz z u-0 ŋmz k ə-0 uz t͡ɕ w iə-5 nz,s ɨ-3 z u-5 ŋmz k ə-0 uz h ɔ-3 iz v i-1 s aː-0 uz ɗ e-3 h ɔ-3 iz ɗ aː-4 pz v əː-4 iz ɓ aː-5 nz v e-1 n o-5 iz z u-0 ŋmz k ə-0 uz t͡ɕ w iə-5 nz
HYT_Nu_6_S0005_42,audio_data/train/HYT_Nu_6_S0005_42.wav,t͡ɕ w o-5 tz m ɛ-5 l aː-0 l əː-4 nz,t͡ɕ w o-5 tz m ɛ-5 l aː-0 l əː-4 nz
GQM_Nam_6_S0006_39,audio_data/train/GQM_Nam_6_S0006_39.wav,t͡ɕ w o-5 tz m ɛ-5 l aː-0 l əː-4 nz,t͡ɕ w o-5 tz m ɛ-5 l aː-0 l əː-4 nz
MK_7_NU_S0007_55,audio_data/train/MK_7_NU_S0007_55.wav,ɛ-0 mz k ə-1 nz tʰ e-0 mz z ə-4 uz f ə-3 iz v aː-1 uz ɲ ɨ-2 ŋz t͡ɕ o-2 n aː-1 uz t͡ɕ ɔ-0 ŋmz h aː-0 iz k ə-0 uz i-0 nz ŋ iə-0 ŋz,ɛ-0 mz k ə-1 nz tʰ e-0 mz z ə-4 uz f ə-3 iz v aː-1 uz ɲ ɨ-2 ŋz t͡ɕ o-2 n aː-1 uz t͡ɕ ɔ-0 ŋmz h aː-0 iz k ə-0 uz i-0 nz ŋ iə-0 ŋz
NMA_7_NU_S0002_121,audio_data/train/NMA_7_NU_S0002_121.wav,ŋ ɔ-5 nz t͡ɕ ɔ-4 tz v ɔ-4 tz z ɨə-2 t͡ɕ əː-1 iz s eaː-0 ŋ̟z,ŋ ɔ-5 nz t͡ɕ ɔ-4 tz v ɔ-4 tz z ɨə-2 t͡ɕ əː-1 iz s eaː-0 ŋ̟z
NMA_7_NU_S0002_268,audio_data/train/NMA_7_NU_S0002_268.wav,t͡ɕ i-0 t iə-4 tz k w o-4 kpz t w aː-3 nz v o-0 t i-1 ŋ̟z ɓ ɔ-4 pz n aː-4 tz k w aː-3 k aː-0 mz n ɔ-4 iz l e-0 nz ɗ iə-1 uz ɣ i-1,t͡ɕ i-0 t iə-4 tz k w o-4 kpz t w aː-3 nz v o-0 t i-1 ŋ̟z ɓ ɔ-4 pz n aː-4 tz k w aː-3 k aː-0 mz n ɔ-4 iz l e-0 nz ɗ iə-1 uz ɣ i-1
NT_7_NAM_S0009_81,audio_data/train/NT_7_NAM_S0009_81.wav,i-0 h iə-1 nz ɲ ɨ-0,i-0 h iə-1 nz ɲ ɨ-0
NNM_Nu_6_S00045_51,audio_data/train/NNM_Nu_6_S00045_51.wav,s ɔ-4 iz l aː-5 iz m ɔ-1 s aː-0 ŋz k a-0 nz f ɔ-1 ŋmz ɣ o-2 k uə-3 ɲ aː-1 l əː-5 nz ɲ əː-2,s ɔ-4 iz l aː-5 iz m ɔ-1 s aː-0 ŋz k a-0 nz f ɔ-1 ŋmz ɣ o-2 k uə-3 ɲ aː-1 l əː-5 nz ɲ əː-2
GQM_Nam_6_S0006_119,audio_data/train/GQM_Nam_6_S0006_119.wav,əː-0 ɓ iə-3 nz l əː-4 nz k ɔ-4 m o-5 tz t͡ɕ u-4 k aː-4 m a-0 ŋz ɲ ɔ-3,əː-0 ɓ iə-3 nz l əː-4 nz k ɔ-4 m o-5 tz t͡ɕ u-4 k aː-4 m a-0 ŋz ɲ ɔ-3
NT_7_NAM_S0009_9,audio_data/train/NT_7_NAM_S0009_9.wav,k w o-4 iz k u-1 ŋmz o-0 ŋmz ɗ a-5 tz ɲ ɨ-2 ŋz k ə-0 iz ɣ o-2 l əː-4 nz ɲ ə-4 tz l aː-1 mz k o-5 tz t͡ɕ ɔ-5 nz ɲ ɨ-2 ŋz v iə-0 nz ɗ aː-4 tʰ ə-5 tz t ɔ-0 l aː-1 mz t ɨə-1 ŋz z ɨ-5 ŋz k o-5 tz k o-5 tz k o-5 tz ɣ o-2 l əː-4 nz l aː-1 mz k o-5 tz ŋ o-0 iz ɲ aː-1 tʰ ə-5 tz v ɨ-2 ŋz t͡ɕ aː-2 iz,k w o-4 iz k u-1 ŋmz o-0 ŋmz ɗ a-5 tz ɲ ɨ-2 ŋz k ə-0 iz ɣ o-2 l əː-4 nz ɲ ə-4 tz l aː-1 mz k o-5 tz t͡ɕ ɔ-5 nz ɲ ɨ-2 ŋz v iə-0 nz ɗ aː-4 tʰ ə-5 tz t ɔ-0 l aː-1 mz t ɨə-1 ŋz z ɨ-5 ŋz k o-5 tz k o-5 tz k o-5 tz ɣ o-2 l əː-4 nz l aː-1 mz k o-5 tz ŋ o-0 iz ɲ aː-1 tʰ ə-5 tz v ɨ-2 ŋz t͡ɕ aː-2 iz
THA_7_NU_S0043_45,audio_data/train/THA_7_NU_S0043_45.wav,ŋ a-1 iz ɓ aː-4 kz h o-1 k ɔ-1 nz s o-4 ŋmz,ŋ a-1 iz ɓ aː-4 kz h o-1 k ɔ-1 nz s o-4 ŋmz
LDMT_Nam_6_S00047_23,audio_data/train/LDMT_Nam_6_S00047_23.wav,k ɔ-4 ɣ a-5 pz tʰ i-1 t͡ɕ i-3 ŋ ɛ-0 tʰ ə-1 mz tʰ i-1 x i-3 h ɨə-4 m aː-1 t͡ɕ a-3 ŋz l aː-1 mz,k ɔ-4 ɣ a-5 pz tʰ i-1 t͡ɕ i-3 ŋ ɛ-0 tʰ ə-1 mz tʰ i-1 x i-3 h ɨə-4 m aː-1 t͡ɕ a-3 ŋz l aː-1 mz
HYT_Nu_6_S0005_19,audio_data/train/HYT_Nu_6_S0005_19.wav,t͡ɕ w o-5 tz m ɛ-5 l aː-0 l əː-4 nz,t͡ɕ w o-5 tz m ɛ-5 l aː-0 l əː-4 nz
NPC_7_NU_S0047_1,audio_data/train/NPC_7_NU_S0047_1.wav,v aː-1 k ə-5 uz k u-1 ŋmz t͡ɕ əː-0 iz t͡ɕ ɔ-1 t͡ɕ əː-0 iz h ɔ-3 iz ɲ eaː-0 ŋ̟z l aː-4 tz ɗ aː-4 pz ɗ u-4 ŋmz ɲ ɛ-4,v aː-1 k ə-5 uz k u-1 ŋmz t͡ɕ əː-0 iz t͡ɕ ɔ-1 t͡ɕ əː-0 iz h ɔ-3 iz ɲ eaː-0 ŋ̟z l aː-4 tz ɗ aː-4 pz ɗ u-4 ŋmz ɲ ɛ-4
PTL_7_NU_S0008_70,audio_data/train/PTL_7_NU_S0008_70.wav,ɗ o-5 ŋmz v ə-5 tz ɓ e-4 k ɔ-0 nz tʰ e-4 n aː-1 uz,ɗ o-5 ŋmz v ə-5 tz ɓ e-4 k ɔ-0 nz tʰ e-4 n aː-1 uz
THA_Nu_6_S00042_83,audio_data/train/THA_Nu_6_S00042_83.wav,k w aː-0 t͡ɕ əː-5 t͡ɕ i-5 t͡ɕ i-3 t͡ɕ ɔ-0 ɓ ɛ-4 ɲ ɨ-2 ŋz ɣ i-1,k w aː-0 t͡ɕ əː-5 t͡ɕ i-5 t͡ɕ i-0 t͡ɕ ɔ-0 ɓ ɛ-4 ɲ ɨ-2 ŋz ɣ i-1
TTD_7_NAM_S0001_85,audio_data/train/TTD_7_NAM_S0001_85.wav,t əː-4 s ɛ-2 n ɔ-4 iz l aː-1 k aː-3 mz əː-0 nz ɓ aː-4 kz,t əː-4 s ɛ-2 l ɔ-4 iz l aː-1 k aː-3 mz əː-0 nz ɓ aː-4 kz
NNM_Nu_6_S00045_25,audio_data/train/NNM_Nu_6_S00045_25.wav,t əː-4 t͡ɕ ɔ-5 nz i-0 s e-0,t əː-4 t͡ɕ ɔ-5 nz i-0 s e-0
THA_Nu_6_S00042_232,audio_data/train/THA_Nu_6_S00042_232.wav,ɗ o-4 k ə-5 uz t iə-4 ŋz n aː-1 uz k ɔ-4 v ə-1 nz a-4 pz,ɗ o-4 k ə-5 uz t iə-4 ŋz n aː-1 uz k ɔ-4 v ə-1 nz a-4 pz
MK_7_NU_S0007_57,audio_data/train/MK_7_NU_S0007_57.wav,ɛ-0 mz ɲ əː-4 ɲ ɨ-2 ŋz k eaː-4 ŋ̟z ɗ o-1 ŋmz h w aː-0 k u-4 kpz,ɛ-0 mz ɲ əː-4 ɲ ɨ-2 ŋz k eaː-4 ŋ̟z ɗ o-1 ŋmz h w aː-0 k u-4 kpz
DNK_7_NU_S0048_14,audio_data/train/DNK_7_NU_S0048_14.wav,m ɨ-1 ŋz v w i-0 z o-1 iz l aː-5 iz ɗ i-0,m ɨ-1 ŋz v w i-0 z o-1 iz l aː-5 iz ɗ i-0
NMA_7_NU_S0002_185,audio_data/train/NMA_7_NU_S0002_185.wav,əː-0 k w e-0 ŋ a-1 iz ŋ a-4 nz t i-4 t ɛ-0 uz,əː-0 k w e-0 ŋ a-1 iz ŋ a-4 nz t i-4 t ɛ-0 uz
DNK_7_NU_S0048_214,audio_data/train/DNK_7_NU_S0048_214.wav,t əː-4 t iə-4 pz t u-5 kpz h ɔ-3 iz k ə-5 uz ɲ ɛ-4,t əː-4 t iə-4 pz t u-5 kpz h ɔ-3 iz k ə-5 uz ɲ ɛ-4
VTA_Nam_6_S0002_24,audio_data/train/VTA_Nam_6_S0002_24.wav,ɲ eaː-0 ŋ̟z ɲ ɨ-0 k a-4 tz tʰ ɔ-3 f ɔ-4 ŋmz v aː-1 uz z ɨ-1 ŋz,ɲ eaː-0 ŋ̟z ɲ ɨ-0 k a-4 tz tʰ ɔ-3 f ɔ-4 ŋmz v aː-1 uz z ɨ-1 ŋz
GQM_Nam_6_S0006_121,audio_data/train/GQM_Nam_6_S0006_121.wav,m o-5 tz h o-0 mz m ɨə-0 t ɔ-0 z ɔ-4 l əː-4 nz k aː-4 m a-0 ŋz l aː-5 kz m ɛ-5,m o-5 tz h o-0 mz m ɨə-0 t ɔ-0 z ɔ-4 l əː-4 nz k aː-4 m a-0 ŋz l aː-5 kz m ɛ-5
THA_Nu_6_S00042_67,audio_data/train/THA_Nu_6_S00042_67.wav,k ə-5 uz z ɔ-3 iz k w aː-4 t əː-4 x ɛ-0 nz k ə-5 uz,k ə-5 uz z ɔ-3 iz k w aː-4 t əː-4 x ɛ-0 nz k ə-5 uz
DNK_7_NU_S0048_197,audio_data/train/DNK_7_NU_S0048_197.wav,h aː-0 iz k ə-5 uz ɓ ɛ-4 ɗ a-5 tz k ɔ-0 nz t͡ɕ i-0 mz v aː-1 uz m o-5 tz t͡ɕ iə-4 kz h o-5 pz z ə-4 tz ɗ ɛ-5 pz,h aː-0 iz k ə-5 uz ɓ ɛ-4 ɗ a-5 tz k ɔ-0 nz t͡ɕ i-0 mz v aː-1 uz m o-5 tz t͡ɕ iə-4 kz h o-5 pz z ə-4 tz ɗ ɛ-5 pz
NHM_7_NU_S0006_128,audio_data/train/NHM_7_NU_S0006_128.wav,ɓ eaː-4 ŋ̟z l aː-1 m ɔ-4 nz k w aː-1 k w i-4 ɲ ə-4 tz ŋ ɔ-0 nz l aː-5 l aː-5 ŋ ɔ-0 nz ɲ ə-4 tz l aː-5 ɲ ə-4 tz ɗ e-3 t͡ɕ aː-1 ŋz z ə-0 ŋz l e-0 nz t͡ɕ u-4 kpz tʰ ɔ-5 v uə-0 t͡ɕ aː-0 ɲ ə-0 nz ŋ a-1 iz t e-4 tz ɗ ə-1 uz n a-0 mz,ɓ eaː-4 ŋ̟z l aː-1 m ɔ-4 nz k w aː-1 k w i-4 ɲ ə-4 tz ŋ ɔ-0 nz l aː-5 l aː-5 ŋ ɔ-0 nz ɲ ə-4 tz l aː-5 ɲ ə-4 tz ɗ e-3 t͡ɕ aː-1 ŋz z ə-0 ŋz l e-0 nz t͡ɕ u-4 kpz tʰ ɔ-5 v uə-0 t͡ɕ aː-0 ɲ ə-0 nz ŋ a-1 iz t e-4 tz ɗ ə-1 uz n a-0 mz
PC_7_NAM_S0004_5,audio_data/train/PC_7_NAM_S0004_5.wav,t͡ɕ ɛ-0 t͡ɕ əː-5 tz t ɨ-0 ŋz ɓ ɨ-1 ŋz,t͡ɕ ɛ-0 t͡ɕ əː-5 tz t ɨ-0 ŋz ɓ ɨ-1 ŋz
NDBA_7_NAM_S0010_123,audio_data/train/NDBA_7_NAM_S0010_123.wav,t͡ɕ aː-1 uz m ɨ-1 ŋz ɓ e-5 h aː-5 ɗ e-4 nz v əː-4 iz l ə-0 uz ɗ aː-1 iz k uə-3 t͡ɕ u-3 ɲ ə-0 nz t o-0 iz,t͡ɕ aː-1 uz m ɨ-1 ŋz ɓ e-5 h aː-5 ɗ e-4 nz v əː-4 iz l ə-0 uz ɗ aː-1 iz k uə-3 t͡ɕ u-3 ɲ ə-0 nz t o-0 iz
TPA_Nu_6_S0009_36,audio_data/train/TPA_Nu_6_S0009_36.wav,ɲ i-1 nz k aː-4 kz ɲ i-1 nz ɓ aː-4 kz t͡ɕ ɔ-4 ɗ aː-0 ŋz ŋ e-4 k̟z m ɔ-2 mz n a-1 mz z aː-1 iz t͡ɕ e-0 nz s ə-0 nz t a-4 mz n a-4 ŋz t͡ɕ u-4 ɓ ɛ-1 nz l aː-5 iz ɣ ə-1 nz l a-0 iz l a-0 iz,ɲ i-1 nz k aː-4 kz ɲ i-1 nz ɓ aː-4 kz t͡ɕ ɔ-4 ɗ aː-0 ŋz ŋ e-4 k̟z m ɔ-2 mz n a-1 mz z aː-1 iz t͡ɕ e-0 nz s ə-0 nz t a-4 mz n a-4 ŋz t͡ɕ u-4 ɓ ɛ-1 nz l aː-5 iz ɣ ə-1 nz l a-0 iz l a-0 iz
NTM_Nam_6_S00010_30,audio_data/train/NTM_Nam_6_S00010_30.wav,k ɔ-4 x ɨə-4 uz ɗ eaː-4 ŋ̟z ɗ u-0,k ɔ-4 x i-4 uz ɗ eaː-4 ŋ̟z ɗ u-0
DNK_7_NU_S0048_67,audio_data/train/DNK_7_NU_S0048_67.wav,m a-5 tz h o-1 k aː-1 ŋz s eaː-0 ŋ̟z tʰ e-0 mz v aː-1 ɲ ɨ-0 z o-5 ŋmz z aː-0 m e-0 ŋ̟z m o-0 ŋmz,m a-5 tz h o-1 k aː-1 ŋz s eaː-0 ŋ̟z tʰ e-0 mz v aː-1 ɲ ɨ-0 z o-5 ŋmz z aː-0 m e-0 ŋ̟z m o-0 ŋmz
NDBA_7_NAM_S0010_18,audio_data/train/NDBA_7_NAM_S0010_18.wav,k ɔ-1 nz x i-3 k ɔ-0 nz tʰ i-1 ɗ u-0 t ɨ-1 k ə-0 iz n a-1 iz s aː-0 ŋz k ə-0 iz x aː-4 kz z ə-5 tz ɲ ɨ-2 ŋz z ə-0 iz l ɛ-0 uz t͡ɕ a-1 ŋz t͡ɕ i-5 tz s w o-4 ŋmz ɗ e-3 k ə-0 iz x o-0 ŋmz ɓ i-5 v ɨə-4 ŋz v i-4 uz,k ɔ-1 nz x i-3 k ɔ-0 nz tʰ i-1 ɗ u-0 t ɨ-1 k ə-0 iz n a-1 iz s aː-0 ŋz k ə-0 iz x aː-4 kz z a-5 tz ɲ ɨ-2 ŋz z ə-0 iz l ɛ-0 uz t͡ɕ a-1 nz t͡ɕ i-5 tz s w o-4 ŋmz ɗ e-3 k ə-0 iz x o-0 ŋmz ɓ i-5 v ɨə-4 ŋz v i-4 uz
NHM_7_NU_S0006_120,audio_data/train/NHM_7_NU_S0006_120.wav,h ɔ-5 l ə-4 iz z ɔ-0 ŋmz t ɨə-0 iz ɣ aː-5 uz n e-4 pz s o-4 ŋmz l aː-1 mz m o-5 tz tʰ ɨ-4 ɓ eaː-4 ŋ̟z h i-1 ŋ̟z v w o-0 ŋmz k ɔ-4 m a-1 uz s eaː-0 ŋ̟z k ə-0 iz k ɔ-3 k ɔ-4 ɲ ɨ-2 ŋz tʰ ɨ-4 h aː-5 tz n w o-0 iz s o-4 ŋmz k ɔ-0 nz ŋ ɨə-1 iz,h ɔ-5 l ə-4 iz z ɔ-0 ŋmz t ɨə-0 iz ɣ aː-5 uz n e-4 pz s o-4 ŋmz l aː-1 mz m o-5 tz tʰ ɨ-4 ɓ eaː-4 ŋ̟z h i-1 ŋ̟z v w o-0 ŋmz k ɔ-4 m a-1 uz s eaː-0 ŋ̟z k ə-0 iz k ɔ-3 k ɔ-4 ɲ ɨ-2 ŋz tʰ ɨ-4 h aː-5 tz n w o-0 iz s o-4 ŋmz k ɔ-0 nz ŋ ɨə-1 iz
NDBA_7_NAM_S0010_81,audio_data/train/NDBA_7_NAM_S0010_81.wav,ɓ aː-4 t ɨə-4 kz t͡ɕ u-3 ɲ ə-0 nz k uə-3 ŋ ɨə-0 iz tʰ ə-5 tz t o-4 tz ɓ u-5 ŋmz,t aː-0 t ɨə-4 kz t͡ɕ u-3 ɲ ə-0 nz k uə-3 ŋ ɨə-0 iz tʰ ə-5 tz t o-4 tz ɓ u-5 ŋmz
NDBA_7_NAM_S0010_199,audio_data/train/NDBA_7_NAM_S0010_199.wav,v i-1 əː-0 z ɨ-1 ŋz v a-4 ŋz v ɛ-3,v i-1 əː-0 z ɨ-1 ŋz v a-4 ŋz v ɛ-3
THA_Nu_6_S00042_69,audio_data/train/THA_Nu_6_S00042_69.wav,t͡ɕ i-5 t͡ɕ aː-1 t͡ɕ ɔ-0 ɓ ɛ-4 t͡ɕ i-0 ɗ i-0 ɲ aː-1 t͡ɕ ɛ-3,t͡ɕ i-5 t͡ɕ aː-1 t͡ɕ ɔ-0 ɓ ɛ-4 t͡ɕ i-0 ɗ i-0 ɲ aː-1 t͡ɕ i-3
PC_7_NAM_S0004_59,audio_data/train/PC_7_NAM_S0004_59.wav,ɲ aː-1 t əː-4 tʰ i-1 k ɔ-4 t͡ɕ o-1 ŋmz h w aː-0 h o-1 ŋmz n a-1 iz k ə-0 iz z ə-0 uz t ə-0 iz v aː-1 k aː-3 k ə-0 iz k aː-1 t͡ɕ uə-0 k ə-0 iz h w aː-0 z ə-4 iz n ɨə-2,ɲ aː-1 t əː-4 tʰ i-1 k ɔ-4 t͡ɕ o-1 ŋmz h w aː-0 h o-1 ŋmz n a-1 iz k ə-0 iz z ə-0 uz t ə-0 iz v aː-1 k aː-3 k ə-0 iz k aː-1 t͡ɕ uə-0 k ə-0 iz h w aː-0 z ə-4 iz n ɨə-2
NDBA_7_NAM_S0010_59,audio_data/train/NDBA_7_NAM_S0010_59.wav,t əː-4 k e-3,t əː-4 k e-3
NMA_7_NU_S0002_184,audio_data/train/NMA_7_NU_S0002_184.wav,t͡ɕ iə-1 uz v e-1 m ə-4 iz ɗ ɨə-4 t͡ɕ eaː-0 ŋ̟z ɲ a-0 uz tʰ aː-3 z iə-1 uz,t͡ɕ iə-1 uz v e-1 m ə-4 iz ɗ ɨə-4 t͡ɕ eaː-0 ŋ̟z ɲ a-0 uz tʰ aː-3 z iə-1 uz
NMA_7_NU_S0002_23,audio_data/train/NMA_7_NU_S0002_23.wav,v ɨə-4 ŋz k eaː-1 ŋ̟z v ɔ-0 iz ɓ ɛ-3 z a-4 kz,s ɨ-1 ŋz k eaː-1 ŋ̟z v ɔ-0 iz ɓ ɛ-3 z a-4 kz
DNK_7_NU_S0048_305,audio_data/train/DNK_7_NU_S0048_305.wav,k ə-5 uz m w o-4 nz n ɔ-4 iz ɣ i-1 v əː-4 iz k aː-4 kz ɓ aː-5 nz ə-4 iz,k ə-5 uz m w o-4 nz n ɔ-4 iz ɣ i-1 v əː-4 iz k aː-4 kz ɓ aː-5 nz ə-4 iz
HYT_Nu_6_S0005_6,audio_data/train/HYT_Nu_6_S0005_6.wav,m ɛ-5 aː-0 t͡ɕ e-0 nz s ə-0 nz k ɔ-4 m o-5 tz k ɔ-0 nz tʰ u-4 z ɨ-2 l a-4 mz,m ɛ-5 aː-0 t͡ɕ e-0 nz s ə-0 nz k ɔ-4 m o-5 tz k ɔ-0 nz tʰ u-4 z u-0 l ə-0 mz
PTL_7_NU_S0008_80,audio_data/train/PTL_7_NU_S0008_80.wav,ŋ ɨə-5 k ɔ-0 nz h ɨə-0 uz k ɔ-0 nz v ɔ-0 iz k ɔ-0 nz t e-0 z aː-4 kz k ɔ-0 nz tʰ i-1 t ɨ-1 ɓ ɛ-4 ɗ aː-2 f aː-3 iz ɗ i-0 tʰ ɛ-0 uz m ɛ-5,ŋ ɨə-5 k ɔ-0 nz h ɨə-0 uz k ɔ-0 nz v ɔ-0 iz k ɔ-0 nz t e-0 z aː-4 kz k ɔ-0 nz tʰ i-1 t ɨ-1 ɓ ɛ-4 ɗ aː-2 f aː-3 iz ɗ i-0 tʰ ɛ-0 uz m ɛ-5
MK_7_NAM_S0005_32,audio_data/train/MK_7_NAM_S0005_32.wav,k w e-0 t əː-4 k ɔ-4 ɲ ɨ-2 ŋz ɗ o-1 ŋmz z w o-5 ŋmz m e-0 ŋ̟z m o-0 ŋmz ə-4 mz v aː-1 ŋz v aː-1 ɲ ɨ-2 ŋz k ɔ-0 nz z iə-1 uz tʰ i-3 ŋ̟z tʰ w aː-3 ŋz tʰ i-1 ɓ a-0 iz k w aː-0,k w e-0 t əː-4 k ɔ-4 ɲ ɨ-2 ŋz ɗ o-1 ŋmz z w o-5 ŋmz m e-0 ŋ̟z m o-0 ŋmz ə-4 mz v aː-1 ŋz v aː-1 ɲ ɨ-2 ŋz k ɔ-0 nz z iə-1 uz tʰ i-3 ŋ̟z tʰ w aː-3 ŋz tʰ i-1 ɓ a-0 iz k w aː-0
MK_7_NAM_S0005_10,audio_data/train/MK_7_NAM_S0005_10.wav,v i-5 tz ɓ ə-1 uz t ɨ-1 ŋz ɲ ɔ-4 mz tʰ eaː-3 ŋ̟z tʰ əː-0 iz ɓ əː-0 iz tʰ w iə-1 nz,v i-5 tz ɓ ə-1 uz t ɨ-1 ŋz ɲ ɔ-4 mz tʰ eaː-3 ŋ̟z tʰ əː-0 iz ɓ əː-0 iz tʰ w iə-1 nz
TTD_7_NAM_S0001_146,audio_data/train/TTD_7_NAM_S0001_146.wav,ɓ ɔ-1 ɓ əː-1 m ɨə-0 ŋz s eaː-0 ŋ̟z m ɨə-4 tz k ɔ-3,ɓ ɔ-1 ɓ əː-1 m ɨə-0 ŋz s eaː-0 ŋ̟z m ɨə-4 tz k ɔ-3
MK_7_NU_S0007_65,audio_data/train/MK_7_NU_S0007_65.wav,t͡ɕ a-0 ŋz ɣ i-1 ɗ ə-0 iz,t͡ɕ a-0 ŋz ɣ i-1 ɗ ə-0 iz
NDBA_7_NAM_S0010_90,audio_data/train/NDBA_7_NAM_S0010_90.wav,ɲ aː-1 v uə-0 v aː-1 ɗ w aː-1 nz t w i-1 t u-1 ŋmz ɗ e-4 nz ɣ ə-1 nz h o-1,ɲ aː-1 v uə-0 v aː-1 ɗ w aː-1 nz t w i-1 t u-1 ŋmz ɗ e-4 nz ɣ ə-1 nz h o-1
NHM_7_NU_S0006_5,audio_data/train/NHM_7_NU_S0006_5.wav,ɗ ə-0 iz l aː-1 n əː-0 iz tʰ ə-1 nz z ɔ-4 h w eaː-1 ŋ̟z h eaː-1 ŋ̟z,ɗ ə-0 iz l aː-1 n əː-0 iz tʰ ə-1 nz z ɔ-4 h w eaː-1 ŋ̟z h eaː-1 ŋ̟z
TTD_7_NAM_S0001_115,audio_data/train/TTD_7_NAM_S0001_115.wav,z o-1 iz ɓ ə-0 iz z əː-1 n ɔ-4 iz l aː-5 iz v əː-4 iz ɓ aː-5 nz k e-4 tz k w aː-3 k w aː-0 nz s aː-4 tz,z o-1 iz ɓ ə-0 iz z əː-1 n ɔ-4 iz l aː-5 iz v əː-4 iz ɓ aː-5 nz k e-4 tz k w aː-3 k w aː-0 nz s aː-4 tz
GQM_Nam_6_S0006_42,audio_data/train/GQM_Nam_6_S0006_42.wav,ɗ ɔ-4 l aː-1 k ɛ-3 tʰ u-1 k uə-3 ɲ aː-1 t͡ɕ w o-5 tz,ɗ ɔ-4 l aː-1 k ɛ-3 tʰ u-4 k uə-3 ɲ aː-1 t͡ɕ w o-5 tz
NDBA_7_NAM_S0010_72,audio_data/train/NDBA_7_NAM_S0010_72.wav,l ə-5 pz t ɨ-4 kz eaː-0 ŋ̟z m a-0 iz t͡ɕ ɔ-0 m ɛ-1 uz m o-5 tz ɓ o-5 h iə-0 v aː-1 t͡ɕ iə-4 kz aː-4 uz x w aː-4 kz,l ə-5 pz t ɨ-4 kz eaː-0 ŋ̟z m a-0 iz t͡ɕ ɔ-0 m ɛ-1 uz m o-5 tz ɓ o-5 h iə-0 v aː-1 t͡ɕ iə-4 kz aː-4 uz x w aː-4 kz
THA_7_NU_S0043_114,audio_data/train/THA_7_NU_S0043_114.wav,k aː-4 kz ɓ aː-5 nz t͡ɕ ɔ-0 ŋmz l əː-4 pz t ɨə-3 ŋz t ɨə-5 ŋz k ə-0 iz h w aː-0 n ɔ-4 iz ɣ i-1,k aː-4 kz ɓ aː-5 nz t͡ɕ ɔ-0 ŋmz l əː-4 pz t ɨə-3 ŋz t ɨə-5 ŋz k ə-0 iz h w aː-0 n ɔ-4 iz ɣ i-1
NTN_7_NU_S0042_44,audio_data/train/NTN_7_NU_S0042_44.wav,z a-5 nz z ɔ-1 t͡ɕ ɔ-0 h ɔ-5 kpz s i-0 ŋ̟z t͡ɕ ɔ-0 ŋmz t͡ɕ ɨə-1 ŋz m o-5 tz n a-0 mz h ɔ-5 kpz m əː-4 iz ɗ aː-5 tz ɲ iə-1 uz tʰ eaː-1 ŋ̟z t i-4 k̟z k aː-0 uz,z a-5 nz z ɔ-1 t͡ɕ ɔ-0 h ɔ-5 kpz s i-0 ŋ̟z t͡ɕ ɔ-0 ŋmz t͡ɕ ɨə-1 ŋz m o-5 tz n a-0 mz h ɔ-5 kpz m əː-4 iz ɗ aː-5 tz ɲ iə-1 uz tʰ eaː-1 ŋ̟z t i-4 k̟z k aː-0 uz
NHM_7_NU_S0006_50,audio_data/train/NHM_7_NU_S0006_50.wav,o-0 ŋmz əː-0 iz t͡ɕ a-4 uz z ə-4 tz ɗ o-1 ŋmz t i-1 ŋ̟z v əː-4 iz o-0 ŋmz x i-0 o-0 ŋmz k e-4 tz ɓ aː-5 nz v əː-4 iz tʰ ə-1 nz z ɔ-4,o-0 ŋmz əː-0 iz t͡ɕ a-4 uz z ə-4 tz ɗ o-1 ŋmz t i-1 ŋ̟z v əː-4 iz o-0 ŋmz x i-0 o-0 ŋmz k e-4 tz ɓ aː-5 nz v əː-4 iz tʰ ə-1 nz z ɔ-4
CNBA_Nu_6_S0003_140,audio_data/train/CNBA_Nu_6_S0003_140.wav,s a-0 uz ɗ ə-0 iz k ɔ-0 nz s i-0 nz ɗ ɔ-5 kpz ɓ aː-1 iz k aː-4 m a-0 ŋz l aː-5 kz m ɛ-5 f ə-1 nz h aː-0 iz,s a-0 uz ɗ ə-0 iz k ɔ-0 nz s i-0 nz ɗ ɔ-5 kpz ɓ aː-1 iz k aː-4 m a-0 ŋz l aː-5 kz m ɛ-5 f ə-1 nz h aː-0 iz
VTA_Nam_6_S0002_20,audio_data/train/VTA_Nam_6_S0002_20.wav,tʰ ɔ-3 t ɛ-2 nz t ɔ-1,tʰ ɔ-3 t ɛ-2 nz t ɔ-1
NT_7_NAM_S0009_64,audio_data/train/NT_7_NAM_S0009_64.wav,v ɔ-0 iz v ə-5 nz t aː-3 iz ɣ ə-4 uz s u-0 ŋmz f ɔ-0 ŋmz,v ɔ-0 iz v ə-5 nz t aː-3 iz ɣ ə-4 uz s u-0 ŋmz f ɔ-0 ŋmz
TTD_7_NAM_S0001_165,audio_data/train/TTD_7_NAM_S0001_165.wav,s e-4 pz k aː-4 kz t ɨ-1 z ɨə-4 iz ɗ ə-0 iz v aː-1 uz ɲ ɔ-4 mz tʰ i-4 k̟z h əː-5 pz,s e-4 pz k aː-4 kz t ɨ-1 z ɨə-4 iz ɗ ə-0 iz v aː-1 uz ɲ ɔ-4 mz tʰ i-4 k̟z h əː-5 pz
THA_Nu_6_S00042_4,audio_data/train/THA_Nu_6_S00042_4.wav,k w aː-5 l aː-0 k w aː-5 k w aː-5,k w aː-5 l aː-0 k w aː-5 k w aː-5
THA_Nu_6_S00042_199,audio_data/train/THA_Nu_6_S00042_199.wav,ɓ aː-1 k ɔ-4 ɲ ɔ-0 ɓ aː-0 k ɔ-4 t͡ɕ aː-1 h aː-1 k ɔ-4 m iə-4 ɓ ɛ-4 l e-0 k ɔ-4 s ɨə-2,ɓ aː-1 k ɔ-4 ɲ ɔ-0 ɓ aː-0 k ɔ-4 t͡ɕ aː-1 h aː-1 k ɔ-4 m iə-4 ɓ ɛ-4 l e-0 k ɔ-4 s ɨə-2
PTT_7_NU_S0041_4,audio_data/train/PTT_7_NU_S0041_4.wav,m o-5 tz m o-5 tz ŋ a-1 iz ɗ ə-1 uz n a-0 mz ɓ o-4 nz n aː-1 ŋz t iə-0 nz s ə-0 nz s w ə-0 nz h aː-5 tʰ u-0 ɗ o-0 ŋmz ɣ a-5 pz ɲ a-0 uz,m o-5 tz m o-5 tz ŋ a-1 iz ɗ ə-1 uz n a-0 mz ɓ o-4 nz n aː-1 ŋz t iə-0 nz s ə-0 nz s w ə-0 nz h aː-5 tʰ u-0 ɗ o-0 ŋmz ɣ a-5 pz ɲ a-0 uz
THA_Nu_6_S00042_219,audio_data/train/THA_Nu_6_S00042_219.wav,l aː-1 mz ɣ i-1 k ɔ-4 ɣ i-1 l aː-1 mz tʰ i-1 k ɔ-4 ɣ i-1 tʰ u-4 v i-5 ɲ i-3,l aː-1 mz ɣ i-1 k ɔ-4 ɣ i-1 l aː-1 mz tʰ i-1 k ɔ-4 ɣ i-1 tʰ u-4 v i-5 ɲ i-3
TTD_7_NAM_S0001_12,audio_data/train/TTD_7_NAM_S0001_12.wav,l o-0 ŋmz l o-0 ŋmz v aː-1 ŋz m aː-4 tz z i-5 uz,l o-0 ŋmz l o-0 ŋmz v aː-1 ŋz m aː-4 tz z i-5 uz
NDBA_7_NAM_S0010_97,audio_data/train/NDBA_7_NAM_S0010_97.wav,x i-0 tʰ ə-4 iz t͡ɕ aː-1 ŋz t͡ɕ aː-0 iz ɓ eaː-3 ŋ̟z ɓ aː-0 uz v aː-1 z ə-4 tz x w ɛ-3 m eaː-5 ŋ̟z ɲ aː-1 m uə-0 z ə-4 tz v w i-0 m əː-1 iz v i-5 ɓ aː-4 t ɨə-4 kz l e-0 nz s ɛ-0 ŋ ɨə-5 v əː-4 iz m i-1 ŋ̟z,x i-0 tʰ ə-4 iz t͡ɕ aː-1 ŋz t͡ɕ aː-0 iz t͡ɕ ɛ-3 ɓ ɔ-3 ŋmz ɓ aː-0 uz v aː-1 z ə-4 tz x w ɛ-3 m eaː-5 ŋ̟z ɲ aː-1 m uə-0 z ə-4 tz v w i-0 m əː-1 iz v i-5 ɓ aː-4 t ɨə-4 kz l e-0 nz s ɛ-0 ŋ ɨə-5 v əː-4 iz m i-1 ŋ̟z
DNK_7_NU_S0048_6,audio_data/train/DNK_7_NU_S0048_6.wav,z u-3 m uə-1 s w ə-0 nz k u-1 ŋmz v e-1,z u-3 m uə-1 s w ə-0 nz k u-1 ŋmz v e-1
NTN_7_NU_S0042_52,audio_data/train/NTN_7_NU_S0042_52.wav,ɗ aː-4 pz l əː-1 iz t͡ɕ aː-1 uz k o-0 aː-0,ɗ aː-4 pz l əː-1 iz t͡ɕ aː-1 uz k o-0 aː-0
TTT_Nu_6_S00049_50,audio_data/train/TTT_Nu_6_S00049_50.wav,ɓ aː-0 t͡ɕ u-4 l əː-5 nz k ɔ-0 nz,ɓ aː-0 t͡ɕ u-4 l əː-5 nz k ɔ-0 nz
PTL_7_NU_S0008_14,audio_data/train/PTL_7_NU_S0008_14.wav,k e-3 t e-0 nz ɲ ɨ-2 ŋz k ɔ-0 nz v ə-5 tz k ɔ-4 k eaː-4 k̟z tʰ aː-0 k ɔ-0 nz z o-4 ŋmz ɲ ɨ-0 tʰ aː-0 k ɔ-0 nz m o-1 iz,k e-3 t e-0 nz ɲ ɨ-2 ŋz k ɔ-0 nz v ə-5 tz k ɔ-4 k eaː-4 k̟z tʰ aː-0 k ɔ-0 nz z o-4 ŋmz ɲ ɨ-0 tʰ aː-0 k ɔ-0 nz m o-1 iz
LXT_Nam_6_S0008_64,audio_data/train/LXT_Nam_6_S0008_64.wav,m o-5 tz l u-2 ɣ aː-1 t͡ɕ o-4 ŋmz l u-2 ɣ aː-1 m aː-4 iz t͡ɕ o-4 nz s eaː-5 k̟z,m o-5 tz l u-2 ɣ aː-1 t͡ɕ o-4 ŋmz l u-2 ɣ aː-1 m aː-4 iz t͡ɕ o-4 nz s eaː-5 k̟z
TPA_Nu_6_S0009_19,audio_data/train/TPA_Nu_6_S0009_19.wav,t͡ɕ u-4 z aː-0 z aː-0 l e-5 ŋ̟z t͡ɕ ɔ-0 ɣ aː-1 m aː-4 iz m əː-0,t͡ɕ u-4 z aː-0 z aː-0 l e-5 ŋ̟z t͡ɕ ɔ-0 ɣ aː-1 m aː-4 iz m əː-0
THA_Nu_6_S00042_216,audio_data/train/THA_Nu_6_S00042_216.wav,k aː-3 m uə-1 h ɛ-1 v ɛ-0 t͡ɕ i-3 h aː-0 mz t͡ɕ əː-0 iz v ɛ-0 t͡ɕ i-3 h aː-0 mz m uə-4 k aː-0,k aː-3 m uə-1 h ɛ-1 v ɛ-0 t͡ɕ i-3 h aː-0 mz t͡ɕ əː-0 iz v ɛ-0 t͡ɕ i-3 h aː-0 mz m uə-4 k aː-0
NHM_7_NU_S0006_151,audio_data/train/NHM_7_NU_S0006_151.wav,ŋ ɨə-1 iz ɛ-0 mz u-4 tz ɓ w o-1 nz ɓ aː-2 x o-0 ŋmz k ɔ-1 nz k eaː-4 k̟z n aː-1 uz x aː-4 kz ɗ eaː-1 ŋ̟z ɲ ə-5 nz k ɔ-0 nz m ɛ-1 uz v ə-5 iz,ŋ ɨə-1 iz ɛ-0 mz u-4 tz ɓ w o-1 nz ɓ aː-2 x o-0 ŋmz k ɔ-1 nz k eaː-4 k̟z n aː-1 uz x aː-4 kz ɗ eaː-1 ŋ̟z ɲ ə-5 nz k ɔ-0 nz m ɛ-1 uz v ə-5 iz
THA_Nu_6_S00042_82,audio_data/train/THA_Nu_6_S00042_82.wav,t͡ɕ i-5 ɗ aː-2 t͡ɕ ɔ-0 ɓ ɛ-4 t͡ɕ i-0 ɗ i-0 ɲ aː-1 t͡ɕ ɛ-3,t͡ɕ i-5 ɗ aː-2 t͡ɕ ɔ-0 ɓ ɛ-4 t͡ɕ i-0 ɗ i-0 ɲ aː-1 t͡ɕ ɛ-3
PC_7_NAM_S0004_118,audio_data/train/PC_7_NAM_S0004_118.wav,k ɔ-1 nz t əː-4 tʰ i-1 t əː-4 tʰ ə-4 iz t͡ɕ u-4 s ɔ-4 kpz l aː-1 ɗ ɛ-5 pz ɲ ə-4 tz v i-1 t͡ɕ u-4 s ɔ-4 kpz k ɔ-4 t͡ɕ iə-4 kz ɗ w o-0 iz t ɔ-0 l o-0 ŋmz n ɔ-4 s u-1,k ɔ-1 nz t əː-4 tʰ i-1 t əː-4 tʰ ə-4 iz t͡ɕ u-4 s ɔ-4 kpz l aː-1 ɗ ɛ-5 pz ɲ ə-4 tz v i-1 t͡ɕ u-4 s ɔ-4 kpz k ɔ-4 t͡ɕ iə-4 kz ɗ w o-0 iz t ɔ-0 l o-0 ŋmz n ɔ-4 s u-1
DNK_7_NU_S0048_128,audio_data/train/DNK_7_NU_S0048_128.wav,t əː-4 ɗ o-1 t͡ɕ ɨə-4 kz,t əː-4 ɗ o-1 t͡ɕ ɨə-4 kz
PTT_7_NU_S0041_48,audio_data/train/PTT_7_NU_S0041_48.wav,f aː-3 iz ɲ ɨ-0 ŋz f aː-3 iz k ɔ-4 n a-4 ŋz k uə-3 ɛ-0 mz h aː-5 tʰ i-1 k ə-0 iz t͡ɕ ɔ-0 ŋmz v ɨə-1 nz m əː-4 iz ɗ əː-0 mz t͡ɕ aː-4 iz ŋ ɔ-5 tz,f aː-3 iz ɲ ɨ-0 ŋz f aː-3 iz k ɔ-4 n a-4 ŋz k uə-3 ɛ-0 mz h aː-5 tʰ i-1 k ə-0 iz t͡ɕ ɔ-0 ŋmz v ɨə-1 nz m əː-4 iz ɗ əː-0 mz t͡ɕ aː-4 iz ŋ ɔ-5 tz
NDBA_7_NAM_S0010_113,audio_data/train/NDBA_7_NAM_S0010_113.wav,v i-1 v ə-5 iz l aː-2 uz x o-0 ŋmz m ə-4 tz ɲ iə-1 uz tʰ əː-1 iz z aː-0 nz ɗ e-3 ɓ iə-4 nz m i-1 ŋ̟z tʰ eaː-1 ŋ̟z m o-5 tz k ɔ-0 nz s ɨ-0 tʰ ɨ-3 t ɨ-3 ɗ eaː-4 ŋ̟z s əː-5,v i-1 v ə-5 iz l aː-2 uz x o-0 ŋmz m ə-4 tz ɲ iə-1 uz tʰ əː-1 iz z aː-0 nz ɗ e-3 ɓ iə-4 nz m i-1 ŋ̟z tʰ eaː-1 ŋ̟z m o-5 tz k ɔ-0 nz s ɨ-0 tʰ ɨ-3 t ɨ-3 ɗ eaː-4 ŋ̟z s əː-5
DNK_7_NU_S0048_86,audio_data/train/DNK_7_NU_S0048_86.wav,t iə-4 ŋz h ɔ-4 tz z o-5 nz v aː-0 ŋz k aː-3 m a-5 tz n ɨə-4 kz,t iə-4 ŋz h ɔ-4 tz z o-5 nz v aː-0 ŋz k aː-3 m a-5 tz n ɨə-4 kz
CNBA_Nu_6_S0003_21,audio_data/train/CNBA_Nu_6_S0003_21.wav,n aː-1 ŋz ɗ eaː-1 ŋ̟z k e-3 v əː-4 iz v uə-0 t͡ɕ aː-0 v e-1 t͡ɕ w iə-5 nz n aː-1 ŋz ɗ aː-2 h ɨə-4 v əː-4 iz e-4 k̟z,l aː-1 ŋz ɗ eaː-1 ŋ̟z k e-3 v əː-4 iz v uə-0 t͡ɕ aː-0 v e-1 t͡ɕ w iə-5 nz l aː-1 ŋz ɗ aː-2 h ɨə-4 v əː-4 iz e-4 k̟z
TPA_Nu_6_S0009_155,audio_data/train/TPA_Nu_6_S0009_155.wav,t͡ɕ u-4 ŋmz t o-0 iz v ɨə-1 v iə-4 tz tʰ ɨ-0 t͡ɕ ɔ-0 tʰ ə-1 iz ɗ e-3 tʰ ə-1 iz x o-0 ŋmz tʰ ə-4 iz tʰ iə-4 uz t͡ɕ u-4 ŋmz t o-0 iz t͡ɕ ɔ-0 ŋmz m ə-4 iz tʰ aː-4 ŋz h ɛ-1,t͡ɕ u-4 ŋmz t o-0 iz v ɨə-1 v iə-4 tz tʰ ɨ-0 t͡ɕ ɔ-0 tʰ ə-1 iz ɗ e-3 tʰ ə-1 iz x o-0 ŋmz tʰ ə-4 iz tʰ iə-4 uz t͡ɕ u-4 ŋmz t o-0 iz t͡ɕ ɔ-0 ŋmz m ə-4 iz tʰ aː-4 ŋz h ɛ-1
THA_7_NU_S0043_16,audio_data/train/THA_7_NU_S0043_16.wav,t iə-4 tz h ɔ-5 kpz v w i-0 k w aː-4,t iə-4 tz h ɔ-5 kpz v w i-0 k w aː-4
NMA_7_NU_S0002_132,audio_data/train/NMA_7_NU_S0002_132.wav,h o-0 mz n aː-1 uz m ɛ-5 ɣ a-5 tz,h o-0 mz n aː-1 uz m ɛ-5 ɣ a-5 tz
GQM_Nam_6_S0006_29,audio_data/train/GQM_Nam_6_S0006_29.wav,m ɛ-5 aː-0 nz w i-3 t͡ɕ w o-5 tz u-4 tz,m ɛ-5 aː-0 nz w i-3 t͡ɕ w o-5 tz u-4 tz
GQM_Nam_6_S0006_103,audio_data/train/GQM_Nam_6_S0006_103.wav,tʰ ə-1 iz m əː-1 iz k w aː-0 ŋz m i-0 ŋ̟z,tʰ ə-1 iz m əː-1 iz k w aː-0 ŋz m i-0 ŋ̟z
DNK_7_NU_S0048_92,audio_data/train/DNK_7_NU_S0048_92.wav,k w eaː-0 ŋ̟z h o-1 i-0 z əː-0 p aː-0 uz k ɔ-4 ɲ ɨ-2 ŋz l w aː-1 iz t͡ɕ i-0 mz n aː-1 uz,k w eaː-0 ŋ̟z h o-1 i-0 z əː-0 p aː-0 uz k ɔ-4 ɲ ɨ-2 ŋz l w aː-1 iz t͡ɕ i-0 mz n aː-1 uz
NMA_7_NU_S0002_162,audio_data/train/NMA_7_NU_S0002_162.wav,ɓ ɨ-4 kz t͡ɕ eaː-0 ŋ̟z m ɛ-5 m uə-0,ɓ ɨ-4 kz t͡ɕ eaː-0 ŋ̟z m ɛ-5 m uə-0
DNK_7_NU_S0048_49,audio_data/train/DNK_7_NU_S0048_49.wav,ɓ e-0 t͡ɕ i-0 mz ɛ-4 nz z ə-2 nz ɗ ɨə-1 ŋz t͡ɕ ɔ-0 m uə-1 s w ə-0 nz v e-1,ɓ e-0 t͡ɕ i-0 mz ɛ-4 nz z ə-2 nz ɗ ɨə-1 ŋz t͡ɕ ɔ-0 m uə-1 s w ə-0 nz v e-1
PTL_7_NU_S0008_167,audio_data/train/PTL_7_NU_S0008_167.wav,t əː-4 ɲ i-1 nz tʰ ə-4 iz k ɔ-0 nz x i-3,t əː-4 ɲ i-1 nz tʰ ə-4 iz k ɔ-0 nz x i-3
LXT_Nam_6_S0008_35,audio_data/train/LXT_Nam_6_S0008_35.wav,ɓ ə-0 iz z əː-1 ɓ ɔ-5 nz m i-1 ŋ̟z l aː-5 iz ɗ ɔ-5 kpz ɓ aː-1 iz t͡ɕ u-4 ɣ aː-1 k w aː-0 nz t͡ɕ ɔ-5 ŋmz f ə-1 nz h aː-0 iz ɲ ɛ-4,ɓ ə-0 iz z əː-1 ɓ ɔ-5 nz m i-1 ŋ̟z l aː-5 iz ɗ ɔ-5 kpz ɓ aː-1 iz t͡ɕ u-4 ɣ aː-1 k w aː-0 nz t͡ɕ ɔ-5 ŋmz f ə-1 nz h aː-0 iz ɲ ɛ-4
CNBA_Nu_6_S0003_25,audio_data/train/CNBA_Nu_6_S0003_25.wav,ɗ e-3 t əː-4 ɗ ɔ-5 kpz t iə-4 pz ɲ ɛ-4,ɗ e-3 t əː-4 ɗ ɔ-5 kpz t iə-4 pz ɲ ɛ-4
DNK_7_NU_S0048_33,audio_data/train/DNK_7_NU_S0048_33.wav,z u-3 m uə-1 s w ə-0 nz k u-1 ŋmz v e-1,z u-3 m uə-1 s w ə-0 nz k u-1 ŋmz v e-1
CNBA_Nu_6_S0003_51,audio_data/train/CNBA_Nu_6_S0003_51.wav,ɓ iə-3 nz ɗ ɛ-5 pz k w aː-4,ɓ iə-3 nz ɗ ɛ-5 pz k w aː-4
HYT_Nu_6_S0005_63,audio_data/train/HYT_Nu_6_S0005_63.wav,k ɔ-4 ɓ aː-1 t əː-4 k ɔ-4 o-0 ŋmz t əː-4 k ɔ-4 k aː-3 ɓ o-4 m ɛ-5 t əː-4 v aː-1 t ɨ-1 l u-4 kpz ɗ ɔ-4 ɗ e-4 nz n əː-0 iz t əː-4 tʰ ə-4 iz ɗ ɛ-5 pz l a-4 mz,k ɔ-4 ɓ aː-1 t əː-4 k ɔ-4 o-0 ŋmz t əː-4 k ɔ-4 k aː-3 ɓ o-4 m ɛ-5 t əː-4 v aː-1 t ɨ-1 l u-4 kpz ɗ ɔ-4 ɗ e-4 nz n əː-0 iz t əː-4 tʰ ə-4 iz ɗ ɛ-5 pz l a-4 mz
NDBA_7_NAM_S0010_34,audio_data/train/NDBA_7_NAM_S0010_34.wav,n ɔ-4 l iə-1 nz z u-1 ŋmz t͡ɕ iə-4 kz m w i-2 n a-1 iz k uə-3 m i-1 ŋ̟z k w o-4 nz k eaː-1 ŋ̟z k ə-0 iz v ɨ-4 tz z aː-0 s aː-0 z o-1 iz h əː-4 nz h əː-3 ɓ aː-3 uz k aː-4 kz ɓ aː-5 nz,n ɔ-4 l iə-1 nz z u-1 ŋmz t͡ɕ iə-4 kz m w i-2 n a-1 iz k uə-3 m i-1 ŋ̟z k w o-4 nz k eaː-1 ŋ̟z k ə-0 iz v ɨ-4 tz z aː-0 s aː-0 z o-1 iz h əː-4 nz h əː-3 ɓ aː-3 uz k aː-4 kz ɓ aː-5 nz
CNBA_Nu_6_S0003_107,audio_data/train/CNBA_Nu_6_S0003_107.wav,s aː-4 ŋz s aː-4 ŋz m ɛ-5 z ə-2 nz t͡ɕ u-4 ɗ i-0 k iə-4 mz a-0 nz,s aː-4 ŋz s aː-4 ŋz m ɛ-5 z ə-2 nz t͡ɕ u-4 ɗ i-0 k iə-4 mz a-0 nz
NTN_7_NU_S0042_84,audio_data/train/NTN_7_NU_S0042_84.wav,k u-2 ŋmz tʰ ə-4 iz k o-0 ɗ e-4 nz z o-1 iz,k u-2 ŋmz tʰ ə-4 iz k o-0 ɗ e-4 nz z o-1 iz
NDBA_7_NAM_S0010_40,audio_data/train/NDBA_7_NAM_S0010_40.wav,t ɨ-1 ɗ ɔ-4 v ɔ-0 iz z u-1 ŋmz t͡ɕ iə-4 kz m w i-2 k uə-3 m i-1 ŋ̟z z ɔ-5 nz s eaː-5 k̟z ɲ ɨ-2 ŋz k eaː-1 ŋ̟z k ə-0 iz x o-0 z əː-0 iz z u-5 ŋmz z u-5 ŋmz ŋ aː-0 ŋz z ɔ-5 kpz t͡ɕ ɔ-0 ŋmz z ɨ-1 ŋz t aː-5 uz z aː-0 z ə-4 tz ɲ iə-1 uz t͡ɕ o-2 t͡ɕ o-4 ŋmz t͡ɕ ɔ-0 s ɔ-4 kpz t͡ɕ o-1 ŋmz k ə-0 iz,t ɨ-1 ɗ ɔ-4 v ɔ-0 iz z u-1 ŋmz t͡ɕ iə-4 kz m w i-2 k uə-3 m i-1 ŋ̟z z ɔ-5 nz s eaː-5 k̟z ɲ ɨ-2 ŋz k eaː-1 ŋ̟z k ə-0 iz x o-0 z əː-0 iz z u-5 ŋmz z u-5 ŋmz ŋ aː-0 ŋz z ɔ-5 kpz t͡ɕ ɔ-0 ŋmz z ɨ-1 ŋz t aː-5 uz z aː-0 z ə-4 tz ɲ iə-1 uz t͡ɕ o-2 t͡ɕ o-4 ŋmz t͡ɕ ɔ-0 s ɔ-4 kpz t͡ɕ o-1 ŋmz k ə-0 iz
TPA_Nu_6_S0009_51,audio_data/train/TPA_Nu_6_S0009_51.wav,l u-2 ɣ aː-1 m aː-4 iz t͡ɕ o-4 nz s eaː-5 k̟z,l u-2 ɣ aː-1 m aː-4 iz t͡ɕ o-4 nz s eaː-5 k̟z
DNK_7_NU_S0048_162,audio_data/train/DNK_7_NU_S0048_162.wav,s a-0 uz x i-0 k ə-5 uz ɗ ɔ-5 kpz s ɔ-0 ŋmz ɓ aː-1 iz tʰ əː-0,s a-0 uz x i-0 k ə-5 uz ɗ ɔ-5 kpz s ɔ-0 ŋmz ɓ aː-1 iz tʰ əː-0
DNK_7_NU_S0048_142,audio_data/train/DNK_7_NU_S0048_142.wav,ɓ əː-1 t͡ɕ ɛ-0 k w eaː-0 ŋ̟z h o-1,ɓ əː-1 t͡ɕ ɛ-0 k w eaː-0 ŋ̟z h o-1
TPA_Nu_6_S0009_157,audio_data/train/TPA_Nu_6_S0009_157.wav,ɓ w o-3 iz h ɔ-5 kpz k w o-4 iz n a-0 mz,ɓ w o-3 iz h ɔ-5 kpz k w o-4 iz n a-0 mz
PTL_7_NU_S0008_148,audio_data/train/PTL_7_NU_S0008_148.wav,k ɔ-0 nz k aː-4 m aː-1 k ɔ-4 k aː-4 iz ɗ w o-0 iz,k ɔ-0 nz k aː-4 m aː-1 k ɔ-4 k aː-4 iz ɗ w o-0 iz
NTN_7_NU_S0042_74,audio_data/train/NTN_7_NU_S0042_74.wav,iə-0 uz tʰ ɨə-0 ŋz ɛ-0 mz ŋ a-4 mz m aː-2 iz,iə-0 uz tʰ ɨə-0 ŋz ɛ-0 mz ŋ a-4 mz m aː-2 iz
CNBA_Nu_6_S0003_95,audio_data/train/CNBA_Nu_6_S0003_95.wav,ɗ e-0 mz ɗ e-0 mz n aː-1 ŋz ŋ ə-0 nz ŋ aː-0 h aː-4 tz,ɗ e-0 mz ɗ e-0 mz n aː-1 ŋz ŋ ə-0 nz ŋ aː-0 h aː-4 tz
NDBA_7_NAM_S0010_71,audio_data/train/NDBA_7_NAM_S0010_71.wav,t͡ɕ aː-1 ŋz t͡ɕ aː-1 ŋz t͡ɕ aː-0 iz t͡ɕ ɛ-3 h iə-3 uz z a-1 ŋz m i-1 ŋ̟z k ɔ-4 m o-5 tz t͡ɕ u-3 m ɛ-1 uz ɲ eaː-0 ŋ̟z t͡ɕ i-4,t͡ɕ aː-1 ŋz t͡ɕ aː-1 ŋz t͡ɕ aː-0 iz t͡ɕ ɛ-3 h iə-3 uz z a-1 ŋz m i-1 ŋ̟z k ɔ-4 m o-5 tz t͡ɕ u-3 m ɛ-1 uz ɲ eaː-0 ŋ̟z t͡ɕ i-4
THA_7_NU_S0043_61,audio_data/train/THA_7_NU_S0043_61.wav,tʰ ə-1 iz ɓ aː-3 uz k ə-0 iz n a-1 iz k ɔ-4 z ə-4 tz ɲ iə-1 uz k ə-0 iz k ɔ-0 nz,tʰ ə-1 iz ɓ aː-3 uz k ə-0 iz n a-1 iz k ɔ-4 z ə-4 tz ɲ iə-1 uz k ə-0 iz k ɔ-0 nz
TTD_7_NAM_S0001_127,audio_data/train/TTD_7_NAM_S0001_127.wav,t əː-4 tʰ i-1 k u-2 ŋmz k ɔ-4 t əː-4 k ɔ-4 eaː-0 ŋ̟z t͡ɕ i-5 z w o-5 tz k uə-3 t əː-4,t əː-4 tʰ i-1 k u-2 ŋmz k ɔ-4 t əː-4 k ɔ-4 eaː-0 ŋ̟z t͡ɕ i-5 z w o-5 tz k uə-3 t əː-4
NTM_Nam_6_S00010_29,audio_data/train/NTM_Nam_6_S00010_29.wav,k ɔ-4 l ɨ-0 ŋz h u-2 z ɨə-5 uz,k ɔ-4 l ɨ-0 ŋz h u-2 z i-5 uz
NMA_7_NU_S0002_48,audio_data/train/NMA_7_NU_S0002_48.wav,k w o-4 iz k u-1 ŋmz l aː-1 k aː-4 iz ɗ w o-0 iz,k w o-4 iz k u-1 ŋmz l aː-1 k aː-4 iz ɗ w o-0 iz
LDMT_Nam_6_S00047_18,audio_data/train/LDMT_Nam_6_S00047_18.wav,x i-3 ɗ i-0 tʰ a-0 mz ɓ aː-1,x i-3 ɗ i-0 tʰ a-0 mz ɓ aː-1
NNM_Nu_6_S00045_27,audio_data/train/NNM_Nu_6_S00045_27.wav,ɓ aː-5 nz t͡ɕ aː-3 l əː-1 iz ɗ u-4 ŋmz z o-1 iz ɓ aː-5 nz z ɔ-3 iz k w aː-4,ɓ aː-5 nz t͡ɕ aː-3 l əː-1 iz ɗ u-4 ŋmz z o-1 iz ɓ aː-5 nz z ɔ-3 iz k w aː-4
CNBA_Nu_6_S0003_180,audio_data/train/CNBA_Nu_6_S0003_180.wav,l ɨə-3 ŋ w aː-0 nz z u-4 pz m ɛ-5 tʰ o-3 iz ɗ ə-1 iz n o-1 iz k əː-0 mz,l ɨə-3 ŋ w aː-0 nz z u-4 pz m ɛ-5 tʰ o-3 iz ɗ ə-1 iz n o-1 iz k əː-0 mz
NMA_7_NU_S0002_119,audio_data/train/NMA_7_NU_S0002_119.wav,k aː-4 kz ɓ o-5 f ə-5 nz k uə-3 k ə-0 iz ɗ aː-0 ɗ ɨə-5 kz t aː-3 ɓ a-1 ŋz ɲ ɨ-2 ŋz h i-1 ŋ̟z tʰ u-1 ɲ ɨ-2 ŋz h i-1 ŋ̟z eaː-3 ŋ̟z n aː-1 uz ɣ ɛ-4 pz ɗ u-4 ŋmz,k aː-4 kz ɓ o-5 f ə-5 nz k uə-3 k ə-0 iz ɗ aː-0 ɗ ɨə-5 kz t aː-3 ɓ a-1 ŋz ɲ ɨ-2 ŋz h i-1 ŋ̟z tʰ u-1 ɲ ɨ-2 ŋz h i-1 ŋ̟z eaː-3 ŋ̟z n aː-1 uz ɣ ɛ-4 pz ɗ u-4 ŋmz
PC_7_NAM_S0004_38,audio_data/train/PC_7_NAM_S0004_38.wav,v i-1 n ɔ-4 ɓ aː-4 uz h iə-5 uz t͡ɕ ɔ-0 m ɔ-5 iz ŋ ɨə-1 iz ɓ iə-4 tz m uə-1 s w ə-0 nz ɗ aː-0 ŋz ɗ e-4 nz,v i-1 n ɔ-4 ɓ aː-4 uz h iə-5 uz t͡ɕ ɔ-0 m ɔ-5 iz ŋ ɨə-1 iz ɓ iə-4 tz m uə-1 s w ə-0 nz ɗ aː-0 ŋz ɗ e-4 nz
TPA_Nu_6_S0009_92,audio_data/train/TPA_Nu_6_S0009_92.wav,tʰ e-4 tʰ i-1 k ɨ-4 əː-0 ɲ aː-1 m aː-1 s ɛ-0 t͡ɕ i-3 s w o-4 tz ɗ əː-1 iz,tʰ e-4 tʰ i-1 k ɨ-4 əː-0 ɲ aː-1 m aː-1 s ɛ-0 t͡ɕ i-3 s w o-4 tz ɗ əː-1 iz
DNK_7_NU_S0048_293,audio_data/train/DNK_7_NU_S0048_293.wav,ə-0 iz ɗ o-4 iz v əː-4 iz t͡ɕ i-0 mz,ə-0 iz ɗ o-4 iz v əː-4 iz t͡ɕ i-0 mz
DNK_7_NU_S0048_251,audio_data/train/DNK_7_NU_S0048_251.wav,ɗ ɨə-5 kz tʰ o-0 iz t əː-4 ɗ ɔ-5 kpz ɲ ɛ-4,ɗ ɨə-5 kz tʰ o-0 iz t əː-4 ɗ ɔ-5 kpz ɲ ɛ-4
THA_Nu_6_S00042_211,audio_data/train/THA_Nu_6_S00042_211.wav,ŋ ɔ-3 i-0 t͡ɕ i-5 t͡ɕ ɔ-0 v ɛ-0 t i-4 ɣ i-1 ɲ ɛ-4,ŋ ɔ-2 i-0 t͡ɕ i-5 t͡ɕ ɔ-0 v ɛ-0 t i-4 ɣ i-1 ɲ ɛ-4
DNK_7_NU_S0048_58,audio_data/train/DNK_7_NU_S0048_58.wav,h w aː-0 x w ɛ-0 s a-4 kz n əː-0 iz n əː-0 iz,h w aː-0 x w ɛ-0 s a-4 kz n əː-0 iz n əː-0 iz
CNBA_Nu_6_S0003_96,audio_data/train/CNBA_Nu_6_S0003_96.wav,z ə-0 nz ɗ i-0 ɓ iə-3 nz ŋ ɛ-0 n aː-1 ŋz h aː-4 tz k w e-0 nz k aː-3 m e-5 tz k aː-3 ɓ w o-1 nz,z ə-0 nz ɗ i-0 ɓ iə-3 nz ŋ ɛ-0 n aː-1 ŋz h aː-4 tz k w e-0 nz k aː-3 m e-5 tz k aː-3 ɓ w o-1 nz
NDBA_7_NAM_S0010_53,audio_data/train/NDBA_7_NAM_S0010_53.wav,k ə-5 uz ɓ iə-4 tz k ɔ-0 nz ɣ i-1 əː-0 z ɨə-4 iz n ɨə-4 kz,k ə-5 uz ɓ iə-4 tz k ɔ-0 nz ɣ i-1 əː-0 z ɨə-4 iz n ɨə-4 kz
PTT_7_NU_S0041_78,audio_data/train/PTT_7_NU_S0041_78.wav,ɓ w o-3 iz t͡ɕ ɨə-0 l i-0 mz z i-0 mz,ɓ w o-3 iz t͡ɕ ɨə-0 l i-0 mz z i-0 mz
NTN_7_NU_S0042_88,audio_data/train/NTN_7_NU_S0042_88.wav,z ɔ-4 ɗ ɨə-0 tʰ w aː-3 ŋz h ɨə-0 ŋz ɲ aː-1 iz,z ɔ-4 ɗ ɨə-0 tʰ w aː-3 ŋz h ɨə-0 ŋz ɲ aː-1 iz
THA_Nu_6_S00042_162,audio_data/train/THA_Nu_6_S00042_162.wav,t o-0 iz x o-0 ŋmz m əː-3 k ɨə-3 t͡ɕ ɔ-0 eaː-0 ŋ̟z ɗ ə-0 uz,t o-0 iz x o-0 ŋmz m əː-3 k ɨə-3 t͡ɕ ɔ-0 eaː-0 ŋ̟z ɗ ə-0 uz
NHM_7_NU_S0006_79,audio_data/train/NHM_7_NU_S0006_79.wav,v ə-5 iz v i-1 s aː-0 uz ŋ ɨə-1 iz t aː-0 l aː-5 iz ɣ ɔ-5 iz ɗ ɔ-4 l aː-1 m uə-1 n ɨə-4 kz n o-3 iz,v ə-5 iz v i-1 s aː-0 uz ŋ ɨə-1 iz t aː-0 l aː-5 iz ɣ ɔ-5 iz ɗ ɔ-4 l aː-1 m uə-1 n ɨə-4 kz n o-3 iz
TTD_7_NAM_S0001_110,audio_data/train/TTD_7_NAM_S0001_110.wav,z o-1 iz ɛ-0 mz tʰ ə-4 iz k ɔ-0 nz tʰ e-4 ɓ aː-5 nz tʰ ə-4 iz k ɔ-0 nz v ə-5 tz tʰ e-4 n aː-1 uz,z o-1 iz ɛ-0 mz tʰ ə-4 iz k ɔ-0 nz tʰ e-4 ɓ aː-5 nz tʰ ə-4 iz k ɔ-0 nz v ə-5 tz tʰ e-4 n aː-1 uz
DNK_7_NU_S0048_25,audio_data/train/DNK_7_NU_S0048_25.wav,k ə-0 iz k aː-0 mz v aː-1 ŋz tʰ e-0 mz t͡ɕ aː-4 iz,k ə-0 iz k aː-0 mz v aː-1 ŋz tʰ e-0 mz t͡ɕ aː-4 iz
PTT_7_NU_S0041_147,audio_data/train/PTT_7_NU_S0041_147.wav,t əː-4 t͡ɕ ɔ-5 nz i-0 t əː-4 t͡ɕ ɔ-5 nz i-0 ɓ e-0,t əː-4 t͡ɕ ɔ-5 nz i-0 t əː-4 t͡ɕ ɔ-5 nz i-0 ɓ e-0
PTL_7_NU_S0008_114,audio_data/train/PTL_7_NU_S0008_114.wav,s ɨ-3 t əː-4 m aː-0 ŋz s ɨ-4 s əː-3 m w o-0 ŋmz tʰ u-4 n ɛ-1,s ɨ-3 t əː-4 m aː-0 ŋz s ɨ-4 s ɨ-3 m w o-0 ŋmz tʰ u-4 n ɛ-1
TPA_Nu_6_S0009_53,audio_data/train/TPA_Nu_6_S0009_53.wav,ɣ aː-1 t͡ɕ o-4 ŋmz s əː-5 t͡ɕ a-5 iz m ə-4 tz,ɣ aː-1 t͡ɕ o-4 ŋmz s əː-5 t͡ɕ a-5 iz m ə-4 tz
LXT_Nam_6_S0008_117,audio_data/train/LXT_Nam_6_S0008_117.wav,s aː-0 uz k ə-5 uz ɓ iə-4 tz,s aː-0 uz k ə-5 uz ɓ iə-4 tz
NDBA_7_NAM_S0010_62,audio_data/train/NDBA_7_NAM_S0010_62.wav,x i-0 ɓ aː-4 kz k w aː-0 ɗ əː-1 iz ɓ aː-0 k ɔ-0 nz t͡ɕ iə-0 ɲ a-0 uz z aː-0 t aː-1 iz t͡ɕ aː-0 ɗ aː-2 ɗ e-3 l aː-5 iz h aː-0 iz ŋ ɨə-1 iz eaː-0 ŋ̟z z eaː-1 ŋ̟z ɗ ɨə-5 kz t͡ɕ iə-4 kz k o-4 iz s a-0 iz v aː-1 k ɔ-0 nz l ɨə-1,x i-0 ɓ aː-4 kz k w aː-0 ɗ əː-1 iz ɓ aː-0 k ɔ-0 nz t͡ɕ iə-0 ɲ a-0 uz z aː-0 t aː-1 iz t͡ɕ aː-0 ɗ aː-2 ɗ e-3 l aː-5 iz h aː-0 iz ŋ ɨə-1 iz eaː-0 ŋ̟z z eaː-1 ŋ̟z ɗ ɨə-5 kz t͡ɕ iə-4 kz k o-4 iz s a-0 iz v aː-1 k ɔ-0 nz l ɨə-1
CNBA_Nu_6_S0003_4,audio_data/train/CNBA_Nu_6_S0003_4.wav,ɗ e-3 t əː-4 ɗ ɔ-5 kpz ɲ ɛ-4,ɗ e-3 t əː-4 ɗ ɔ-5 kpz ɲ ɛ-4
NHM_7_NU_S0006_7,audio_data/train/NHM_7_NU_S0006_7.wav,tʰ ə-1 nz s o-0 o-0 ŋmz ŋ aː-2 l a-0 nz k w a-0 iz z o-1 iz ɓ a-0 iz ɗ i-0 v əː-4 iz t iə-4 ŋz k ɨə-1 iz ŋ aː-5 uz ŋ e-2,tʰ ə-1 nz s o-0 o-0 ŋmz ŋ aː-2 l a-0 nz k w a-0 iz z o-1 iz ɓ a-0 iz ɗ i-0 v əː-4 iz t iə-4 ŋz k ɨə-1 iz ŋ aː-5 uz ŋ e-2
PTL_7_NU_S0008_144,audio_data/train/PTL_7_NU_S0008_144.wav,t͡ɕ u-4 ŋmz m i-1 ŋ̟z k u-1 ŋmz ɗ ɔ-5 kpz ɓ aː-1 iz h ɨə-0 uz k aː-0 uz k o-3 ɲ ɛ-4,t͡ɕ u-4 ŋmz m i-1 ŋ̟z k u-1 ŋmz ɗ ɔ-5 kpz ɓ aː-1 iz h ɨə-0 uz k aː-0 uz k o-3 ɲ ɛ-4
DNK_7_NU_S0048_154,audio_data/train/DNK_7_NU_S0048_154.wav,t͡ɕ u-4 v w o-5 tz ɓ a-0 iz l e-0 nz,t͡ɕ u-4 v w o-5 tz ɓ a-0 iz l e-0 nz
PTL_7_NU_S0008_3,audio_data/train/PTL_7_NU_S0008_3.wav,m ɛ-1 uz h o-3 ɓ aː-4 uz s ɨ-0 t ɨ-3 tʰ aː-0 k ɔ-0 nz z o-4 ŋmz ɲ ɨ-0 tʰ aː-0 k ɔ-0 nz m o-1 iz,m ɛ-1 uz h o-3 ɓ aː-4 uz s ɨ-0 t ɨ-3 tʰ aː-0 k ɔ-0 nz z o-4 ŋmz ɲ ɨ-0 tʰ aː-0 k ɔ-0 nz m o-1 iz
TPA_Nu_6_S0009_140,audio_data/train/TPA_Nu_6_S0009_140.wav,o-0 iz m ɛ-5 o-0 iz m ɛ-5 t͡ɕ i-5 ɗ aː-0 ŋz o-4 mz h aː-3 s ɔ-4 kpz t͡ɕ i-5 v e-1 ŋ a-0 iz ɗ ə-0 iz,o-0 iz m ɛ-5 o-0 iz m ɛ-5 t͡ɕ i-5 ɗ aː-0 ŋz o-4 mz h aː-3 s ɔ-4 kpz t͡ɕ i-5 v e-1 ŋ a-0 iz ɗ ə-0 iz
NTN_7_NU_S0042_92,audio_data/train/NTN_7_NU_S0042_92.wav,ə-4 mz t͡ɕ aː-0 ŋz v əː-3 tʰ əː-0 mz tʰ ɔ-0,ə-4 mz t͡ɕ aː-0 ŋz v əː-3 tʰ əː-0 mz tʰ ɔ-0
LXT_Nam_6_S0008_68,audio_data/train/LXT_Nam_6_S0008_68.wav,tʰ aː-3 uz eaː-0 ŋ̟z əː-0 iz ɓ ə-0 iz z əː-1 t əː-4 ɗ ɔ-5 kpz ɓ aː-1 iz s ɔ-4 iz v aː-1 z e-0 ɲ ɛ-4,tʰ aː-3 uz eaː-0 ŋ̟z əː-0 iz ɓ ə-0 iz z əː-1 t əː-4 ɗ ɔ-5 kpz ɓ aː-1 iz s ɔ-4 iz v aː-1 z ə-0 iz ɲ ɛ-4
DNK_7_NU_S0048_244,audio_data/train/DNK_7_NU_S0048_244.wav,t o-5 iz ŋ iə-5 pz n ɔ-4 l a-4 mz,t o-5 iz ŋ iə-5 pz n ɔ-4 l a-4 mz
TPA_Nu_6_S0009_143,audio_data/train/TPA_Nu_6_S0009_143.wav,t͡ɕ i-5 u-4 tz ɗ u-4 ŋmz l aː-1 ŋ ɨə-1 iz k ɔ-0 nz h iə-4 uz tʰ aː-3 uz,t͡ɕ i-5 u-4 tz ɗ u-4 ŋmz l aː-1 ŋ ɨə-1 iz k ɔ-0 nz h iə-4 uz tʰ aː-3 uz
THA_7_NU_S0043_86,audio_data/train/THA_7_NU_S0043_86.wav,t əː-4 v aː-1 k ə-5 uz k u-1 ŋmz ɗ ɔ-5 kpz ɓ aː-1 iz t͡ɕ ə-5 uz h w aː-0 ɲ ɛ-4,t əː-4 v aː-1 k ə-5 uz k u-1 ŋmz ɗ ɔ-5 kpz ɓ aː-1 iz t͡ɕ ə-5 uz h w aː-0 ɲ ɛ-4
THA_Nu_6_S00042_236,audio_data/train/THA_Nu_6_S00042_236.wav,k ə-5 uz z ɔ-3 iz k w aː-4 t əː-4 x ɛ-0 nz k ə-5 uz,k ə-5 uz z ɔ-3 iz k w aː-4 t əː-4 x ɛ-0 nz k ə-5 uz
NMA_7_NU_S0002_248,audio_data/train/NMA_7_NU_S0002_248.wav,k w o-4 kpz t w aː-3 nz k ɔ-1 nz t͡ɕ ɛ-3 m aː-1 ɓ iə-4 tz ɓ iə-4 tz l ɔ-0 v iə-5 kz n ɨə-4 kz t aː-0 k ɔ-4 l əː-1 iz x ɛ-0 nz,k w o-4 kpz t w aː-3 nz k ɔ-1 nz t͡ɕ ɛ-3 m aː-1 ɓ iə-4 tz ɓ iə-4 tz l ɔ-0 v iə-5 kz n ɨə-4 kz t aː-0 k ɔ-4 l əː-1 iz x ɛ-0 nz
MK_7_NU_S0007_45,audio_data/train/MK_7_NU_S0007_45.wav,ɗ ɔ-4 l aː-1 ɲ ɨ-2 ŋz m uə-1 s w ə-0 nz h aː-5 tʰ u-0 ɗ o-0 ŋmz,ɗ ɔ-4 l aː-1 ɲ ɨ-2 ŋz m uə-1 s w ə-0 nz h aː-5 tʰ u-0 ɗ o-0 ŋmz
NT_7_NAM_S0009_74,audio_data/train/NT_7_NAM_S0009_74.wav,ɲ i-1 nz ŋ ɨə-1 iz z aː-0 uz v iə-5 kz,ɲ i-1 nz ŋ ɨə-1 iz z aː-0 uz v iə-5 kz
LXT_Nam_6_S0008_33,audio_data/train/LXT_Nam_6_S0008_33.wav,t aː-5 iz t͡ɕ ɔ-0 ŋmz ɓ aː-1 iz ɗ ɔ-5 kpz t͡ɕ u-4 n ɔ-4 iz,t aː-5 iz t͡ɕ ɔ-0 ŋmz ɓ aː-1 iz ɗ ɔ-5 kpz t͡ɕ u-4 n ɔ-4 iz
DNK_7_NU_S0048_164,audio_data/train/DNK_7_NU_S0048_164.wav,x eaː-4 k̟z ɗ e-4 nz ɓ əː-1 t͡ɕ ɛ-0 l aː-1 ɲ ɨ-2 ŋz l w aː-1 iz t͡ɕ i-0 mz n aː-1 uz,x eaː-4 k̟z ɗ e-4 nz ɓ əː-1 t͡ɕ ɛ-0 l aː-1 ɲ ɨ-2 ŋz l w aː-1 iz t͡ɕ i-0 mz n aː-1 uz
MK_7_NU_S0007_61,audio_data/train/MK_7_NU_S0007_61.wav,tʰ o-0 iz ɗ e-3 t əː-4 t͡ɕ aː-3 l əː-1 iz ɲ ɛ-4,tʰ o-0 iz ɗ e-3 t əː-4 t͡ɕ aː-3 l əː-1 iz ɲ ɛ-4
NNM_Nu_6_S00045_87,audio_data/train/NNM_Nu_6_S00045_87.wav,ɓ aː-0 eaː-0 ŋ̟z ɛ-0 mz l əː-5 nz ɲ aː-1 l əː-5 nz s o-4 ŋmz h eaː-5 ŋ̟z f u-4 kpz ɓ e-0 nz ɲ a-0 uz,ɓ aː-0 eaː-0 ŋ̟z ɛ-0 mz l əː-5 nz ɲ aː-1 l əː-5 nz s o-4 ŋmz h eaː-5 ŋ̟z f u-4 kpz ɓ e-0 nz ɲ a-0 uz
TPA_Nu_6_S0009_58,audio_data/train/TPA_Nu_6_S0009_58.wav,ɓ aː-4 kz t͡ɕ ɔ-4 t əː-5 pz ɣ aː-1 t͡ɕ o-4 ŋmz,ɓ aː-4 kz t͡ɕ ɔ-4 t əː-5 pz ɣ aː-1 t͡ɕ o-4 ŋmz
TPA_Nu_6_S0009_179,audio_data/train/TPA_Nu_6_S0009_179.wav,t͡ɕ əː-5 tz m o-5 tz k ɔ-0 nz e-4 k̟z ɲ a-3 iz ɗ e-4 nz t͡ɕ ɨə-4 kz m a-5 tz n aː-1 ŋz,t͡ɕ əː-5 tz m o-5 tz k ɔ-0 nz e-4 k̟z ɲ a-3 iz ɗ e-4 nz t͡ɕ ɨə-4 kz m a-5 tz n aː-1 ŋz
PC_7_NAM_S0004_16,audio_data/train/PC_7_NAM_S0004_16.wav,ɣ ɛ-4 t͡ɕ əː-0 iz ɗ o-0 ŋmz ɗ u-3,ɣ ɛ-4 t͡ɕ əː-0 iz ɗ o-0 ŋmz ɗ u-3
HYT_Nu_6_S0005_77,audio_data/train/HYT_Nu_6_S0005_77.wav,z ə-0 nz ɗ i-0 ɓ iə-3 nz ŋ ɛ-0 n aː-1 ŋz h aː-4 tz k w e-0 nz k aː-3 m e-5 tz k aː-3 ɓ w o-1 nz,z ə-0 nz ɗ i-0 ɓ iə-3 nz ŋ ɛ-0 n aː-1 ŋz h aː-4 tz k w e-0 nz k aː-3 m e-5 tz k aː-3 ɓ w o-1 nz
THA_7_NU_S0043_64,audio_data/train/THA_7_NU_S0043_64.wav,tʰ e-4 l aː-1 k aː-3 l əː-4 pz ɗ e-1 uz h aː-4 uz h ɨ-4 kz aː-0 iz,tʰ e-4 l aː-1 k aː-3 l əː-4 pz ɗ e-1 uz h aː-4 uz h ɨ-4 kz aː-0 iz
TTT_Nu_6_S00049_54,audio_data/train/TTT_Nu_6_S00049_54.wav,n e-0 nz ɓ aː-0 eaː-0 ŋ̟z ɛ-0 mz k w iə-4 tz ɗ i-5 ŋ̟z,n e-0 nz ɓ aː-0 eaː-0 ŋ̟z ɛ-0 mz k w iə-4 tz ɗ i-5 ŋ̟z
THA_7_NU_S0043_58,audio_data/train/THA_7_NU_S0043_58.wav,ɗ ɨə-5 kz tʰ o-0 iz t əː-4 ɗ ɔ-5 kpz ɲ ɛ-4,ɗ ɨə-5 kz tʰ o-0 iz t əː-4 ɗ ɔ-5 kpz ɲ ɛ-4
PTT_7_NU_S0041_16,audio_data/train/PTT_7_NU_S0041_16.wav,k ɔ-4 ɛ-0 mz m əː-4 iz k ɔ-4 z ə-4 kz ŋ u-3 ə-4 mz t͡ɕ ɔ-0 ŋmz t͡ɕ a-0 ŋz,k ɔ-4 ɛ-0 mz m əː-4 iz k ɔ-4 z ə-4 kz ŋ u-3 ə-4 mz t͡ɕ ɔ-0 ŋmz t͡ɕ a-0 ŋz
NNM_Nu_6_S00045_33,audio_data/train/NNM_Nu_6_S00045_33.wav,t əː-4 k ɔ-4 k o-5 tz tʰ ɨ-4 ɲ ə-4 tz ə-0 iz,t əː-4 k ɔ-4 k o-5 tz tʰ ɨ-4 ɲ ə-4 tz ə-0 iz
CNBA_Nu_6_S0003_146,audio_data/train/CNBA_Nu_6_S0003_146.wav,k aː-4 m a-0 ŋz m ɔ-3 iz ɓ ɔ-3 k aː-4 m ə-5 pz t i-1 mz v e-1 ɲ aː-1,k aː-4 m a-0 ŋz m ɔ-3 iz ɓ ɔ-3 k aː-4 m ə-5 pz t i-1 mz v e-1 ɲ aː-1
LXT_Nam_6_S0008_65,audio_data/train/LXT_Nam_6_S0008_65.wav,h aː-0 iz ɣ aː-1 t͡ɕ o-4 ŋmz ɓ ɛ-1 nz h eaː-5 k̟z s eaː-4 k̟z ɓ aː-4 kz t͡ɕ ɔ-4,h aː-0 iz ɣ aː-1 t͡ɕ o-4 ŋmz ɓ ɛ-1 nz h eaː-5 k̟z s eaː-4 k̟z ɓ aː-4 kz t͡ɕ ɔ-4
THA_7_NU_S0043_134,audio_data/train/THA_7_NU_S0043_134.wav,m ə-1 mz n ɔ-0 nz v ɨə-0 nz ɗ ɨ-4 ŋz z ə-5 iz,m ə-1 mz n ɔ-0 nz v ɨə-0 nz ɗ ɨ-4 ŋz z ə-5 iz
THA_Nu_6_S00042_224,audio_data/train/THA_Nu_6_S00042_224.wav,ŋ ɔ-3 i-0 t͡ɕ i-5 t͡ɕ ɔ-0 v ɛ-0 i-4 tz ɣ i-1 ɲ ɛ-4,ŋ ɔ-3 i-0 t͡ɕ i-5 t͡ɕ ɔ-0 v ɛ-0 i-4 tz ɣ i-1 ɲ ɛ-4
NMA_7_NU_S0002_8,audio_data/train/NMA_7_NU_S0002_8.wav,h ɨə-0 uz k aː-0 uz k o-3 s o-4 ŋmz h w aː-1 ɓ i-1 ŋ̟z v əː-4 iz ɲ iə-1 uz l w aː-1 iz v ə-5 tz a-0 nz k ɔ-3 x aː-4 kz ɲ ɨ-0 l i-0 ŋ̟z z ɨə-0 ŋz ɗ aː-1 ɗ iə-3 uz ŋ ɨə-5 v a-1 nz,h ɨə-0 uz k aː-0 uz k o-3 s o-4 ŋmz h w aː-1 ɓ i-1 ŋ̟z v əː-4 iz ɲ iə-1 uz l w aː-1 iz v ə-5 tz a-0 nz k ɔ-3 x aː-4 kz ɲ ɨ-0 l i-0 ŋ̟z z ɨə-0 ŋz ɗ aː-1 ɗ iə-3 uz ŋ ɨə-5 v a-1 nz
HYT_Nu_6_S0005_37,audio_data/train/HYT_Nu_6_S0005_37.wav,ɗ ɔ-4 l aː-1 k ɔ-0 nz ɣ i-1,ɗ ɔ-4 l aː-1 k ɔ-0 nz ɣ i-1
NTN_7_NU_S0042_21,audio_data/train/NTN_7_NU_S0042_21.wav,x u-0 v e-5 s i-0 ŋ̟z h aː-0 iz t ə-1 ŋz s eaː-5 k̟z s ɛ-2 v aː-1 tʰ w aː-4 ŋz m aː-4 tz,x u-0 v e-5 s i-0 ŋ̟z h aː-0 iz t ə-1 ŋz s eaː-5 k̟z s ɛ-2 v aː-1 tʰ w aː-4 ŋz m aː-4 tz
TTD_7_NAM_S0001_103,audio_data/train/TTD_7_NAM_S0001_103.wav,ɲ aː-1 t əː-4 n w o-0 iz m o-5 tz k ɔ-0 nz t͡ɕ ɔ-4 aː-0 ɲ aː-1 t əː-4 n w o-0 iz m o-5 tz k ɔ-0 nz m ɛ-1 uz,ɲ aː-1 t əː-4 n w o-0 iz m o-5 tz k ɔ-0 nz t͡ɕ ɔ-4 aː-0 ɲ aː-1 t əː-4 n w o-0 iz m o-5 tz k ɔ-0 nz m ɛ-1 uz
NTN_7_NU_S0042_66,audio_data/train/NTN_7_NU_S0042_66.wav,ɗ aː-4 pz l əː-1 iz t͡ɕ aː-1 uz k o-0 aː-0,ɗ aː-4 pz l əː-1 iz t͡ɕ aː-1 uz k o-0 aː-0
NTN_7_NU_S0042_25,audio_data/train/NTN_7_NU_S0042_25.wav,v ə-5 iz tʰ e-4 k ɔ-1 nz k ə-5 uz t͡ɕ ɔ-0 ŋmz t͡ɕ ɨə-1 ŋz k ə-5 uz tʰ i-4 k̟z ɲ ɨ-2 ŋz ɣ i-1,v ə-5 iz tʰ e-4 k ɔ-1 nz k ə-5 uz t͡ɕ ɔ-0 ŋmz t͡ɕ ɨə-1 ŋz k ə-5 uz tʰ i-4 k̟z ɲ ɨ-2 ŋz ɣ i-1
GQM_Nam_6_S0006_73,audio_data/train/GQM_Nam_6_S0006_73.wav,ɲ əː-1 tʰ e-4 n aː-1 ŋz n aː-1 ŋz l ɨə-4 tz t͡ɕ e-0 nz ɓ iə-3 nz z ə-4 tz ɲ ɛ-5 ɲ aː-1 ŋz,ɲ əː-1 tʰ e-4 n aː-1 ŋz n aː-1 ŋz l ɨə-4 tz t͡ɕ e-0 nz ɓ iə-3 nz z ə-4 tz ɲ ɛ-5 ɲ aː-1 ŋz
HYT_Nu_6_S0005_56,audio_data/train/HYT_Nu_6_S0005_56.wav,v ɨə-5 nz t͡ɕ ɨə-0 z aː-4 mz z aː-0 s aː-0,v ɨə-5 nz t͡ɕ ɨə-0 z aː-4 mz z aː-0 s aː-0
NMA_7_NU_S0002_195,audio_data/train/NMA_7_NU_S0002_195.wav,k i-1 ŋ i-3 m o-5 tz tʰ aː-4 ŋz t͡ɕ o-0 iz v ɛ-1 uz ɲ ɨ-0 x o-0 ŋmz,k i-1 ŋ i-3 m o-5 tz tʰ aː-4 ŋz t͡ɕ o-0 iz v ɛ-1 uz ɲ ɨ-0 x o-0 ŋmz
TPA_Nu_6_S0009_103,audio_data/train/TPA_Nu_6_S0009_103.wav,ɓ aː-5 nz k e-3 t əː-4 ŋ ɛ-0 ɗ i-0,ɓ aː-5 nz k e-3 t əː-4 ŋ ɛ-0 ɗ i-0
THA_Nu_6_S00042_208,audio_data/train/THA_Nu_6_S00042_208.wav,v ɛ-0 m uə-1 tʰ u-0 k w aː-0 k ɔ-3 l aː-4 x o-0,v ɛ-0 m uə-1 tʰ u-0 k w aː-0 k ɔ-3 l aː-4 x o-0
NMA_7_NU_S0002_242,audio_data/train/NMA_7_NU_S0002_242.wav,s aː-4 ŋz n a-0 iz ɓ iə-4 tz v uə-0 h ɔ-5 pz ɓ aː-1 nz v iə-5 kz n ɨə-4 kz əː-0 z ɨə-4 iz tʰ w iə-1 nz z o-1 ŋmz k w o-4 kpz t w aː-3 nz k w o-4 kpz t w aː-3 nz ɣ a-5 pz v uə-0,s aː-4 ŋz n a-0 iz ɓ iə-4 tz v uə-0 h ɔ-5 pz ɓ aː-1 nz v iə-5 kz n ɨə-4 kz əː-0 z ɨə-4 iz tʰ w iə-1 nz z o-1 ŋmz k w o-4 kpz t w aː-3 nz k w o-4 kpz t w aː-3 nz ɣ a-5 pz v uə-0
NHM_7_NU_S0006_107,audio_data/train/NHM_7_NU_S0006_107.wav,m o-5 tz h o-0 mz x i-0 ɗ i-0 tʰ a-0 mz ɗ o-1 ŋmz tʰ ə-4 iz l uə-4 n e-4 pz ɗ aː-2 t͡ɕ i-4 nz v aː-1 ŋz,m o-5 tz h o-0 mz x i-0 ɗ i-0 tʰ a-0 mz ɗ o-1 ŋmz tʰ ə-4 iz l uə-4 n e-4 pz ɗ aː-2 t͡ɕ i-4 nz v aː-1 ŋz
PC_7_NAM_S0004_64,audio_data/train/PC_7_NAM_S0004_64.wav,v i-1 s aː-0 uz ɓ aː-5 nz l aː-5 iz tʰ i-4 k̟z t͡ɕ əː-0 iz v əː-4 iz t əː-4,v i-1 s aː-0 uz ɓ aː-5 nz l aː-5 iz tʰ i-4 k̟z t͡ɕ əː-0 iz v əː-4 iz t əː-4
TTD_7_NAM_S0001_167,audio_data/train/TTD_7_NAM_S0001_167.wav,ɗ ə-0 iz k ə-5 uz s e-4 pz t ɨ-1 t͡ɕ i-3 s ɨ-5 v ə-5 tz k ɔ-1 nz t əː-4 s e-4 pz aː-0 tʰ o-0 iz k ə-5 uz s e-4 pz t ɨ-1 t͡ɕ i-3 ɗ a-5 kz ɗ iə-3 mz t əː-4 s e-4 pz t ɨ-1 t͡ɕ i-3 s ɨ-5 v ə-5 tz ɲ ɛ-4,ɗ ə-0 iz k ə-5 uz s e-4 pz t ɨ-1 t͡ɕ i-3 s ɨ-5 v ə-5 tz k ɔ-1 nz t əː-4 s e-4 pz aː-0 tʰ o-0 iz k ə-5 uz s e-4 pz t ɨ-1 t͡ɕ i-3 ɗ a-5 kz ɗ iə-3 mz t əː-4 s e-4 pz t ɨ-1 t͡ɕ i-3 s ɨ-5 v ə-5 tz ɲ ɛ-4
MK_7_NU_S0007_46,audio_data/train/MK_7_NU_S0007_46.wav,tʰ əː-1 iz t iə-4 tz k uə-3 m o-2 iz m uə-1 tʰ e-4 n aː-1 uz n ɔ-4 ŋmz h a-0 iz tʰ əː-1 iz t iə-4 tz k uə-3 m o-2 iz m uə-1 tʰ e-4 n aː-1 uz,tʰ əː-1 iz t iə-4 tz k uə-3 m o-2 iz m uə-1 tʰ e-4 n aː-1 uz n ɔ-4 ŋmz h a-0 iz tʰ əː-1 iz t iə-4 tz k uə-3 m o-2 iz m uə-1 tʰ e-4 n aː-1 uz
LXT_Nam_6_S0008_56,audio_data/train/LXT_Nam_6_S0008_56.wav,ɗ ɨə-5 kz,ɗ ɨə-5 kz
LXT_Nam_6_S0008_99,audio_data/train/LXT_Nam_6_S0008_99.wav,ɗ i-0 t͡ɕ əː-0 iz z ɔ-0 ŋmz,ɗ i-0 t͡ɕ əː-0 iz z ɔ-0 ŋmz
GQM_Nam_6_S0006_67,audio_data/train/GQM_Nam_6_S0006_67.wav,k ɔ-0 nz t e-0 nz l aː-1 ɗ aː-1 uz t u-4 eaː-0 ŋ̟z,k ɔ-0 nz t e-0 nz l aː-1 ɗ aː-1 uz t u-4 eaː-0 ŋ̟z
TPA_Nu_6_S0009_112,audio_data/train/TPA_Nu_6_S0009_112.wav,n a-0 mz tʰ aː-4 ŋz t͡ɕ o-0 iz k w aː-0 ɓ aː-1 m ɛ-5 t w o-3 iz m o-2 iz ŋ a-1 iz m o-5 tz z aː-1 iə-4 uz,n a-0 mz tʰ aː-4 ŋz t͡ɕ o-0 iz k w aː-0 ɓ aː-1 m ɛ-5 t w o-3 iz m o-2 iz ŋ a-1 iz m o-5 tz z aː-1 iə-4 uz
NHM_7_NU_S0006_80,audio_data/train/NHM_7_NU_S0006_80.wav,v i-1 n ɨə-4 kz z ə-0 ŋz l e-0 nz h iə-1 nz h w aː-1,v i-1 n ɨə-4 kz z ə-0 ŋz l e-0 nz h iə-1 nz h w aː-1
PTT_7_NU_S0041_113,audio_data/train/PTT_7_NU_S0041_113.wav,ɓ ɛ-4 n a-1 mz ɓ ɛ-4 ŋ ɛ-0,ɓ ɛ-4 n a-1 mz ɓ ɛ-4 ŋ ɛ-0
CNBA_Nu_6_S0003_148,audio_data/train/CNBA_Nu_6_S0003_148.wav,n ɔ-4 aː-4 pz s aː-4 tz m ɛ-5 k aː-3 mz z aː-4 kz l ə-0 ŋz l ə-0 ŋz x ɔ-4 t aː-3,l ɔ-4 aː-4 pz s aː-4 tz m ɛ-5 k aː-3 mz z aː-4 kz l ə-0 ŋz l ə-0 ŋz x ɔ-4 t aː-3
PTT_7_NU_S0041_129,audio_data/train/PTT_7_NU_S0041_129.wav,l aː-1 ɓ ɔ-1 ŋ i-3 ɲ aː-0 iz z o-1 iz l aː-1,l aː-1 ɓ aː-1 ŋ i-3 ɲ aː-0 iz z o-1 iz l aː-1
TPA_Nu_6_S0009_66,audio_data/train/TPA_Nu_6_S0009_66.wav,ɗ ɨə-5 kz m ɛ-5 iə-0 uz tʰ ɨə-0 ŋz t͡ɕ a-0 mz s ɔ-4 kpz k aː-3 ɓ aː-0 k o-0 ɣ aː-4 iz l əː-4 nz ɲ eaː-0 ŋ̟z ɲ ɨ-0 tʰ o-3 iz,ɗ ɨə-5 kz m ɛ-5 iə-0 uz tʰ ɨə-0 ŋz t͡ɕ a-0 mz s ɔ-4 kpz k aː-3 ɓ aː-0 k o-0 ɣ aː-4 iz l əː-4 nz ɲ eaː-0 ŋ̟z ɲ ɨ-0 z o-3 iz
TPA_Nu_6_S0009_121,audio_data/train/TPA_Nu_6_S0009_121.wav,o-0 iz t͡ɕ i-5 tʰ ə-5 tz o-0 iz tʰ ə-5 tz tʰ e-4 h aː-3 s ɔ-4 kpz,o-0 iz t͡ɕ i-5 tʰ ə-5 tz o-0 iz tʰ ə-5 tz tʰ e-4 h aː-3 s ɔ-4 kpz
HYT_Nu_6_S0005_17,audio_data/train/HYT_Nu_6_S0005_17.wav,n ɔ-4 ŋ o-1 iz tʰ u-0 l u-0 t͡ɕ e-0 nz s ə-0 nz,n ɔ-4 n o-1 iz tʰ u-0 l u-0 t͡ɕ e-0 nz s ə-0 nz
NMA_7_NU_S0002_237,audio_data/train/NMA_7_NU_S0002_237.wav,tʰ ɛ-0 uz t͡ɕ w iə-5 nz n a-1 iz tʰ i-1 ŋ ɨə-1 iz v iə-5 tz t aː-0 l aː-1 k ɔ-0 nz t͡ɕ a-4 uz k uə-3 aː-0 iz,tʰ ɛ-0 uz t͡ɕ w iə-5 nz n a-1 iz tʰ i-1 ŋ ɨə-1 iz v iə-5 tz t aː-0 l aː-1 k ɔ-0 nz t͡ɕ a-4 uz k uə-3 aː-0 iz
TPA_Nu_6_S0009_12,audio_data/train/TPA_Nu_6_S0009_12.wav,k ɨ-4 tʰ e-4 t͡ɕ u-4 s aː-0 iz x iə-4 nz z a-5 iz z o-2 t ə-4 tz k aː-3,k ɨ-4 tʰ e-4 t͡ɕ u-4 s aː-0 iz x iə-4 nz z a-5 iz z o-2 t ə-4 tz k aː-3
GQM_Nam_6_S0006_35,audio_data/train/GQM_Nam_6_S0006_35.wav,n ɔ-4 l w o-0 nz l iə-4 mz l iə-4 mz t͡ɕ ə-0 nz l iə-4 mz k o-3 v aː-1 ɲ i-1 nz k ɔ-0 nz z ə-4 tz tʰ ə-0 nz tʰ iə-5 nz,n ɔ-4 l w o-0 nz l iə-4 mz l iə-4 mz t͡ɕ ə-0 nz l iə-4 mz k o-3 v aː-1 ɲ i-1 nz k ɔ-0 nz z ə-4 tz tʰ ə-0 nz tʰ iə-5 nz
NHM_7_NU_S0006_99,audio_data/train/NHM_7_NU_S0006_99.wav,m o-5 tz h o-0 mz v aː-1 uz z i-5 pz k w o-4 iz n a-0 mz v uə-0 h u-1 ŋmz ɣ ɔ-5 iz ɗ o-0 ŋmz ɗ u-3 k aː-4 kz k ɔ-0 nz ɗ e-4 nz v aː-1 n ɔ-4 iz,m o-5 tz h o-0 mz v aː-1 uz z i-5 pz k w o-4 iz n a-0 mz v uə-0 h u-1 ŋmz ɣ ɔ-5 iz ɗ o-0 ŋmz ɗ u-3 k aː-4 kz k ɔ-0 nz ɗ e-4 nz v aː-1 n ɔ-4 iz
NMA_7_NU_S0002_107,audio_data/train/NMA_7_NU_S0002_107.wav,k ə-0 iz ɗ aː-0 k w e-0 h ɨə-0 ŋz,k ə-0 iz ɗ aː-0 k w e-0 h ɨə-0 ŋz
DNK_7_NU_S0048_205,audio_data/train/DNK_7_NU_S0048_205.wav,ɗ w aː-5 nz m o-5 tz z əː-4 iz tʰ iə-5 uz ɲ ɨ-2 ŋz ɲ ə-0 nz v ə-5 tz n aː-1 uz k uə-3 k ə-0 uz t͡ɕ w iə-5 nz,ɗ w aː-5 nz m o-5 tz z əː-4 iz tʰ iə-5 uz ɲ ɨ-2 ŋz ɲ ə-0 nz v ə-5 tz n aː-1 uz k uə-3 k ə-0 uz t͡ɕ w iə-5 nz
NHM_7_NU_S0006_127,audio_data/train/NHM_7_NU_S0006_127.wav,s aː-4 ŋz s əː-4 mz h o-0 mz s a-0 uz v əː-5 t͡ɕ o-1 ŋmz l aː-0 ŋz l iə-0 uz s u-0 ŋmz s ɨə-4 ŋz ɲ i-1 nz h aː-0 iz t͡ɕ iə-4 kz ɓ eaː-4 ŋ̟z m ə-0 mz l əː-4 nz s e-4 pz ɗ ə-1 iz h aː-0 iz tʰ ɨ-4 k w i-4 k e-4 tz k w aː-3 k o-0 ŋmz s ɨ-4 kz s aː-4 ŋz t aː-5 uz k uə-3 m i-1 ŋ̟z,s aː-4 ŋz s əː-4 mz h o-0 mz s a-0 uz v əː-5 t͡ɕ o-1 ŋmz l aː-0 ŋz l iə-0 uz s u-0 ŋmz s ɨə-4 ŋz ɲ i-1 nz h aː-0 iz t͡ɕ iə-4 kz ɓ eaː-4 ŋ̟z m ə-0 mz l əː-4 nz s e-4 pz ɗ ə-1 iz h aː-0 iz tʰ ɨ-4 k w i-4 k e-4 tz k w aː-3 k o-0 ŋmz s ɨ-4 kz s aː-4 ŋz t aː-5 uz k uə-3 m i-1 ŋ̟z
TTT_Nu_6_S00049_78,audio_data/train/TTT_Nu_6_S00049_78.wav,n e-0 nz s ɔ-4 iz ɗ aː-2 l e-0 nz l e-0 nz m aː-4 iz ɲ aː-1,n e-0 nz s ɔ-4 iz ɗ aː-2 l e-0 nz l e-0 nz m aː-4 iz ɲ aː-1
NHM_7_NU_S0006_159,audio_data/train/NHM_7_NU_S0006_159.wav,h a-2 iz t͡ɕ ɔ-0 t o-0 iz m o-5 tz ɗ o-0 iz h iə-0 v aː-1 t͡ɕ iə-4 kz aː-4 uz x w aː-4 kz t o-0 iz s ɛ-2 l aː-1 mz t͡ɕ ɔ-0 k ə-5 uz l əː-3 m a-1 iz n əː-3 m a-5 tz t͡ɕ ɔ-0 m aː-1 s ɛ-0 mz,h a-2 iz t͡ɕ ɔ-0 t o-0 iz m o-5 tz ɗ o-0 iz h iə-0 v aː-1 t͡ɕ iə-4 kz aː-4 uz x w aː-4 kz t o-0 iz s ɛ-2 l aː-1 mz t͡ɕ ɔ-0 k ə-5 uz l əː-3 m a-1 iz n əː-3 m a-5 tz t͡ɕ ɔ-0 m aː-1 s ɛ-0 mz
CNBA_Nu_6_S0003_19,audio_data/train/CNBA_Nu_6_S0003_19.wav,t o-4 iz h o-0 mz ə-4 iz x i-0 k o-0 ŋmz t͡ɕ uə-4 ɗ aː-0 ŋz a-0 nz v əː-4 iz ɲ aː-1 v uə-0 tʰ i-1 k ɔ-4 t iə-4 ŋz ɣ ɔ-5 iz k ɨə-3,t o-4 iz h o-0 mz ə-4 iz x i-0 k o-0 ŋmz t͡ɕ uə-4 ɗ aː-0 ŋz a-0 nz v əː-4 iz ɲ aː-1 v uə-0 tʰ i-1 k ɔ-4 t iə-4 ŋz ɣ ɔ-5 iz k ɨə-3
DNK_7_NU_S0048_199,audio_data/train/DNK_7_NU_S0048_199.wav,t o-0 iz t o-5 iz ŋ iə-5 pz k ɔ-0 nz t͡ɕ i-0 mz x i-0 n ɔ-4 k ɔ-1 nz s o-4 ŋmz v aː-1 k aː-0 h aː-4 tz,t o-0 iz t o-5 iz ŋ iə-5 pz k ɔ-0 nz t͡ɕ i-0 mz x i-0 n ɔ-4 k ɔ-1 nz s o-4 ŋmz v aː-1 k aː-0 h aː-4 tz
TTT_Nu_6_S00049_36,audio_data/train/TTT_Nu_6_S00049_36.wav,k aː-4 m ə-5 pz t ə-5 pz t ə-5 pz m uə-4,k aː-4 m ə-5 pz t ə-5 pz t ə-5 pz m uə-4
HYT_Nu_6_S0005_33,audio_data/train/HYT_Nu_6_S0005_33.wav,t əː-4 ɗ o-4 ɓ aː-5 nz t͡ɕ w o-5 tz u-4 tz h əː-4 nz h əː-3 k e-3 t iə-4 pz v əː-4 iz m ɛ-5 v e-1 k ɔ-0 nz ɣ i-1,t əː-4 ɗ o-4 ɓ aː-5 nz t͡ɕ w o-5 tz u-4 tz h əː-4 nz h əː-3 k e-3 t iə-4 pz v əː-4 iz m ɛ-5 v e-1 k ɔ-0 nz ɣ i-1
LXT_Nam_6_S0008_9,audio_data/train/LXT_Nam_6_S0008_9.wav,t͡ɕ u-4 v o-2 ŋ ɨ-5 kz ɗ i-0 ɗ i-0 l aː-5 iz l aː-5 iz,t͡ɕ u-4 v o-2 ŋ ɨ-5 kz ɗ i-0 ɗ i-0 l aː-5 iz l aː-5 iz
NT_7_NAM_S0009_48,audio_data/train/NT_7_NAM_S0009_48.wav,aː-0 iz aː-0 iz k u-2 ŋmz ɗ ɨə-5 kz t w i-1 t aː-1 iz l ə-5 pz k o-0 ŋmz,aː-0 iz aː-0 iz k u-2 ŋmz ɗ ɨə-5 kz t w i-1 t aː-1 iz l ə-5 pz k o-0 ŋmz
DNK_7_NU_S0048_91,audio_data/train/DNK_7_NU_S0048_91.wav,x eaː-4 ŋ̟z t͡ɕ aː-3 l əː-1 iz z u-4 pz t əː-4 iz k ə-0 uz n a-1 iz ɲ ɛ-4,x eaː-4 ŋ̟z t͡ɕ aː-3 l əː-1 iz z u-4 pz t əː-4 iz k ə-0 uz n a-1 iz ɲ ɛ-4
LXT_Nam_6_S0008_23,audio_data/train/LXT_Nam_6_S0008_23.wav,t iə-4 pz ɗ ɔ-4 l aː-5 iz k w a-0 iz s aː-0 ŋz ɣ aː-1 m aː-4 iz v aː-1 ŋz,t iə-4 pz ɗ ɔ-4 l aː-5 iz k w a-0 iz s aː-0 ŋz ɣ aː-1 m aː-4 iz v aː-1 ŋz
CNBA_Nu_6_S0003_127,audio_data/train/CNBA_Nu_6_S0003_127.wav,m ɨə-0 t ɔ-0 z ɔ-4 l əː-4 nz,m ɨə-0 t ɔ-0 z ɔ-4 l əː-4 nz
NMA_7_NU_S0002_76,audio_data/train/NMA_7_NU_S0002_76.wav,s ɨ-0 t ɨ-3 s w ə-4 tz k w ə-0 nz,s ɨ-0 t ɨ-3 s w ə-4 tz k w ə-0 nz
NMA_7_NU_S0002_280,audio_data/train/NMA_7_NU_S0002_280.wav,i-0 t ɨə-3 ŋz s aː-4 ŋz t͡ɕ e-4 k ə-0 iz z ɔ-0 tʰ aː-4 mz,i-0 t ɨə-3 ŋz s aː-4 ŋz t͡ɕ e-4 k ə-0 iz z ɔ-0 tʰ aː-4 mz
HYT_Nu_6_S0005_210,audio_data/train/HYT_Nu_6_S0005_210.wav,s ɛ-0 t aː-3 iz,s ɛ-0 t aː-3 iz
MK_7_NU_S0007_60,audio_data/train/MK_7_NU_S0007_60.wav,t əː-4 ɗ o-4 k ə-5 uz əː-0 ɗ ə-0 uz k ɔ-4 z ə-4 uz f ə-3 iz,t əː-4 ɗ o-4 k ə-5 uz əː-0 ɗ ə-0 uz k ɔ-4 z ə-4 uz f ə-3 iz
THA_Nu_6_S00042_55,audio_data/train/THA_Nu_6_S00042_55.wav,t əː-4 ɲ əː-1 tʰ ɔ-3 k e-0 t iə-0 m o-5 tz m aː-1,t əː-4 ɲ əː-1 tʰ ɔ-3 k e-0 t iə-0 m o-5 tz m aː-1
HYT_Nu_6_S0005_111,audio_data/train/HYT_Nu_6_S0005_111.wav,əː-0 ɓ iə-3 nz l əː-4 nz k ɔ-4 m o-5 tz t͡ɕ u-4 k aː-4 m a-0 ŋz ɲ ɔ-3,əː-0 ɓ iə-3 nz l əː-4 nz k ɔ-4 m o-5 tz t͡ɕ u-4 k aː-4 m a-0 ŋz ɲ ɔ-3
NHM_7_NU_S0006_82,audio_data/train/NHM_7_NU_S0006_82.wav,z ɔ-1 ŋmz k ɨ-3 uz l ɔ-0 ŋmz ɗ aː-2 n ɔ-0 ɗ ə-1 iz k w aː-0 ɓ əː-1,z ɔ-1 ŋmz k ɨ-3 uz l ɔ-0 ŋmz ɗ aː-2 n ɔ-0 ɗ ə-1 iz k w aː-0 ɓ əː-1
PC_7_NAM_S0004_119,audio_data/train/PC_7_NAM_S0004_119.wav,v ə-5 iz ɲ aː-1 ɓ aː-5 nz n w o-0 iz k ɔ-4 n w o-0 iz k ɔ-0 nz ɗ o-5 ŋmz v ə-5 tz n aː-1 uz x o-0 ŋmz,v ə-5 iz ɲ aː-1 ɓ aː-5 nz n w o-0 iz k ɔ-4 n w o-0 iz k ɔ-0 nz ɗ o-5 ŋmz v ə-5 tz n aː-1 uz x o-0 ŋmz
PTL_7_NU_S0008_4,audio_data/train/PTL_7_NU_S0008_4.wav,t͡ɕ u-4 ŋmz z u-1 ŋmz z a-0 ŋz ŋ w aː-5 mz t͡ɕ a-5 tz z aː-0 k o-3 k uə-3 k ɔ-0 nz z o-1 iz z ɨ-2 k ɔ-0 nz l u-3 ŋmz l a-3 ŋz t͡ɕ e-0 nz s w o-4 tz ɗ ɨə-1 ŋz ɗ i-0,t͡ɕ u-4 ŋmz z u-1 ŋmz z a-0 ŋz ŋ w aː-5 mz t͡ɕ a-5 tz z aː-0 k o-3 k uə-3 k ɔ-0 nz z o-1 iz z ɨ-2 k ɔ-0 nz l u-3 ŋmz l a-3 ŋz t͡ɕ e-0 nz s w o-4 tz ɗ ɨə-1 ŋz ɗ i-0
PTT_7_NU_S0041_99,audio_data/train/PTT_7_NU_S0041_99.wav,ɓ w o-3 iz t͡ɕ ɨə-0 h ɛ-1,ɓ w o-3 iz t͡ɕ ɨə-0 h ɛ-1
THA_Nu_6_S00042_75,audio_data/train/THA_Nu_6_S00042_75.wav,ɗ i-0 ɲ aː-1 t͡ɕ ɛ-3 t͡ɕ i-5 t͡ɕ aː-1 t͡ɕ ɔ-0 ɓ ɛ-4 t͡ɕ i-0 ɗ i-0 ɲ aː-1 t͡ɕ ɛ-3,ɗ i-0 ɲ aː-1 t͡ɕ ɛ-3 t͡ɕ i-5 t͡ɕ aː-1 t͡ɕ ɔ-0 ɓ ɛ-4 t͡ɕ i-0 ɗ i-0 ɲ aː-1 t͡ɕ ɛ-3
NNM_Nu_6_S00045_66,audio_data/train/NNM_Nu_6_S00045_66.wav,ɗ a-5 tz z ɨə-4 iz o-4 ŋmz x ɔ-4 iz m o-5 tz tʰ u-1 ŋmz n ɨə-4 kz s o-0 iz,ɗ a-5 tz z ɨə-4 iz o-4 ŋmz x ɔ-4 m o-5 tz tʰ u-1 ŋmz n ɨə-4 kz s o-0 iz
PTL_7_NU_S0008_50,audio_data/train/PTL_7_NU_S0008_50.wav,k ɔ-0 nz v ə-5 tz ɗ ɨə-5 kz l aː-1 mz ɓ a-1 ŋz ɓ o-0 ŋmz t ɔ-0 ɓ a-1 ŋz k aː-4 iz ɓ i-1 ŋ̟z h w aː-0 ə-0 iz,k ɔ-0 nz v ə-5 tz ɗ ɨə-5 kz l aː-1 mz ɓ a-1 ŋz ɓ o-0 ŋmz t ɔ-0 ɓ a-1 ŋz k aː-4 iz ɓ i-1 ŋ̟z h w aː-0 ə-0 iz
TTD_7_NAM_S0001_139,audio_data/train/TTD_7_NAM_S0001_139.wav,ɗ ɨ-1 ŋz a-0 nz l uə-4 ɗ o-1 ŋmz t aː-0,ɗ ɨ-1 ŋz a-0 nz l uə-4 ɗ o-1 ŋmz t aː-0
NT_7_NAM_S0009_63,audio_data/train/NT_7_NAM_S0009_63.wav,t i-1 mz v i-4 z u-5 ɗ e-3 tʰ ə-4 iz s ɨ-0 t ɨ-3 z aː-0 uz v iə-5 kz z ə-4 tz f u-1 h əː-5 pz v əː-4 iz ɗ a-5 kz ɗ iə-3 mz k uə-3 tʰ ə-1 nz z ə-0 nz,t i-1 mz v i-4 z u-5 ɗ e-3 tʰ ə-4 iz s ɨ-0 t ɨ-3 z aː-0 uz v iə-5 kz z ə-4 tz f u-1 h əː-5 pz v əː-4 iz ɗ a-5 kz ɗ iə-3 mz k uə-3 tʰ ə-1 nz z ə-0 nz
NNM_Nu_6_S00045_10,audio_data/train/NNM_Nu_6_S00045_10.wav,t əː-4 k e-3 k ɔ-4 h a-0 iz x o-0 ŋmz,t əː-4 k e-3 k ɔ-4 h a-0 iz x o-0 ŋmz
LXT_Nam_6_S0008_129,audio_data/train/LXT_Nam_6_S0008_129.wav,x i-0 m ɛ-5 m a-5 tz t͡ɕ əː-1 iz ɣ ɔ-5 iz h aː-5 tz n a-4 ŋz ɓ aː-4 mz k eaː-4 ŋ̟z t a-0 iz h o-1 ŋmz k uə-3 m ɛ-5 v e-1 ɓ e-0 nz k iə-0 n w i-4,x i-0 m ɛ-5 m a-5 tz t͡ɕ əː-1 iz ɣ ɔ-5 iz h aː-5 tz n a-4 ŋz ɓ aː-4 mz k eaː-4 ŋ̟z t a-0 iz h o-1 ŋmz k uə-3 m ɛ-5 v e-1 ɓ e-0 nz k iə-0 n w i-4
THA_Nu_6_S00042_99,audio_data/train/THA_Nu_6_S00042_99.wav,l u-2 ɣ aː-1 ŋ əː-2 n ɔ-4 l aː-1 s ɨ-0 t ɨ-3 s əː-5 k w aː-4,l u-2 ɣ aː-1 ŋ əː-2 n ɔ-4 l aː-1 s ɨ-0 t ɨ-3 s əː-5 k w aː-4
PTL_7_NU_S0008_100,audio_data/train/PTL_7_NU_S0008_100.wav,t əː-4 ɲ i-1 nz tʰ ə-4 iz k ɔ-0 nz v ɔ-0 iz,t əː-4 ɲ i-1 nz tʰ ə-4 iz k ɔ-0 nz v ɔ-0 iz
NMA_7_NU_S0002_71,audio_data/train/NMA_7_NU_S0002_71.wav,z aː-0 ɗ i-1 ŋ̟z k ə-5 uz k ɔ-4 m ə-4 iz ŋ ɨə-1 iz,z aː-0 ɗ i-1 ŋ̟z k ə-5 uz k ɔ-4 m ə-4 iz ŋ ɨə-1 iz
NHM_7_NU_S0006_67,audio_data/train/NHM_7_NU_S0006_67.wav,n ɨə-4 kz l e-0 nz n ɨə-4 kz t͡ɕ aː-1 nz k w aː-0 n e-1 nz ɲ aː-1,n ɨə-4 kz l e-0 nz n ɨə-4 kz t͡ɕ aː-1 nz k w aː-0 n e-1 nz ɲ aː-1
TTT_Nu_6_S00049_11,audio_data/train/TTT_Nu_6_S00049_11.wav,ɓ ɛ-4 t͡ɕ aː-3 s əː-5 n ɨə-2,ɓ ɛ-4 t͡ɕ aː-3 s əː-5 n ɨə-2
PC_7_NAM_S0004_90,audio_data/train/PC_7_NAM_S0004_90.wav,t əː-4 tʰ i-4 k̟z a-0 nz ɓ eaː-4 ŋ̟z k ɛ-5 pz tʰ i-5 tz ɲ ə-4 tz,t əː-4 tʰ i-4 k̟z a-0 nz ɓ eaː-4 ŋ̟z k ɛ-5 pz tʰ i-5 tz ɲ ə-4 tz
TPA_Nu_6_S0009_115,audio_data/train/TPA_Nu_6_S0009_115.wav,ɓ aː-1 l iə-1 nz ɲ əː-1 s ɔ-4 kpz k ɔ-0 nz ɗ ɨə-0 tʰ ɨ-0 t͡ɕ ɔ-0 ɓ aː-0 k o-0 k ɔ-0 nz ɣ aː-4 iz ɓ aː-3 uz v e-1 tʰ a-0 mz ɓ aː-1,ɓ aː-1 l iə-1 nz ɲ əː-1 s ɔ-4 kpz k ɔ-0 nz ɗ ɨə-0 tʰ ɨ-0 t͡ɕ ɔ-0 ɓ aː-0 k o-0 k ɔ-0 nz ɣ aː-4 iz ɓ aː-3 uz v e-1 tʰ a-0 mz ɓ aː-1
MK_7_NU_S0007_80,audio_data/train/MK_7_NU_S0007_80.wav,tʰ o-0 iz ɗ e-3 t əː-4 n ɔ-4 iz ɲ ɛ-4,tʰ o-0 iz ɗ e-3 t əː-4 n ɔ-4 iz ɲ ɛ-4
NMA_7_NU_S0002_110,audio_data/train/NMA_7_NU_S0002_110.wav,t͡ɕ i-4 nz m ɨə-1 iz m ɨə-1 iz ɗ ɨə-4 t͡ɕ ɛ-3 t͡ɕ u-4 ŋmz t o-0 iz ɓ a-4 tz t a-0 iz ɲ a-0 uz o-0 mz x o-0 ŋmz s w e-3,t͡ɕ i-4 nz m ɨə-1 iz m ɨə-1 iz ɗ ɨə-4 t͡ɕ ɛ-3 t͡ɕ u-4 ŋmz t o-0 iz ɓ a-4 tz t a-0 iz ɲ a-0 uz o-0 mz x o-0 ŋmz s w e-3
PC_7_NAM_S0004_46,audio_data/train/PC_7_NAM_S0004_46.wav,ɲ ɨ-0 v ə-5 iz t͡ɕ u-4 ŋmz s ɛ-2 x o-0 ŋmz ɗ ɨə-5 kz h i-4 tz tʰ əː-3 x o-0 ŋmz x i-4 əː-0 ŋ w aː-1 iz tʰ iə-0 nz ɲ iə-0 nz,ɲ ɨ-0 v ə-5 iz t͡ɕ u-4 ŋmz s ɛ-2 x o-0 ŋmz ɗ ɨə-5 kz h i-4 tz tʰ əː-3 x o-0 ŋmz x i-4 əː-0 ŋ w aː-1 iz tʰ iə-0 nz ɲ iə-0 nz
DNK_7_NU_S0048_40,audio_data/train/DNK_7_NU_S0048_40.wav,ɛ-4 nz ɓ a-0 iz t͡ɕ aː-0 uz k eaː-4 ŋ̟z v ə-2 iz,ɛ-4 nz ɓ a-0 iz t͡ɕ aː-0 uz k eaː-4 ŋ̟z v ə-2 iz
HYT_Nu_6_S0005_49,audio_data/train/HYT_Nu_6_S0005_49.wav,t əː-4 ɗ ɔ-5 kpz ɓ aː-1 iz l ɨə-4 tz v aː-4 nz ɲ ɛ-4,t əː-4 ɗ ɔ-5 kpz ɓ aː-1 iz l ɨə-4 tz v aː-4 nz ɲ ɛ-4
PTL_7_NU_S0008_146,audio_data/train/PTL_7_NU_S0008_146.wav,k ɔ-0 nz k uə-0 m aː-1 k ɔ-4 h aː-0 iz k aː-1 ŋz,k ɔ-0 nz k uə-0 m aː-1 k ɔ-4 h aː-0 iz k aː-1 ŋz
TTD_7_NAM_S0001_142,audio_data/train/TTD_7_NAM_S0001_142.wav,t͡ɕ ə-0 uz əː-0 iz w o-4 ŋmz n ɨə-4 kz ɲ aː-4,t͡ɕ ə-0 uz əː-0 iz w o-4 ŋmz n ɨə-4 kz ɲ aː-4
DNK_7_NU_S0048_18,audio_data/train/DNK_7_NU_S0048_18.wav,t͡ɕ i-0 mz ɛ-4 nz,t͡ɕ i-0 mz ɛ-4 nz
NTM_Nam_6_S00010_16,audio_data/train/NTM_Nam_6_S00010_16.wav,k ɔ-4 z aː-4 v ɔ-0 ɣ aː-5 uz,k ɔ-4 z aː-4 v ɔ-0 ɣ aː-5 uz
TPA_Nu_6_S0009_28,audio_data/train/TPA_Nu_6_S0009_28.wav,aː-0 t əː-4 ɓ iə-4 tz z o-1 iz ɲ ɛ-4,aː-0 t əː-4 ɓ iə-4 tz z o-1 iz ɲ ɛ-4
TPA_Nu_6_S0009_111,audio_data/train/TPA_Nu_6_S0009_111.wav,t͡ɕ i-3 ɓ aː-1 m ɛ-5 əː-0 ɲ aː-1 m o-5 tz m i-1 ŋ̟z,t͡ɕ i-3 ɓ aː-1 m ɛ-5 əː-0 ɲ aː-1 m o-5 tz m i-1 ŋ̟z
NMA_7_NU_S0002_49,audio_data/train/NMA_7_NU_S0002_49.wav,v i-1 əː-0 z ɨ-1 ŋz v a-4 ŋz v ɛ-3,v i-1 əː-0 z ɨ-1 ŋz v a-4 ŋz v ɛ-3
DNK_7_NU_S0048_22,audio_data/train/DNK_7_NU_S0048_22.wav,z u-3 m uə-1 s w ə-0 nz k u-1 ŋmz v e-1,z u-3 m uə-1 s w ə-0 nz k u-1 ŋmz v e-1
HYT_Nu_6_S0005_18,audio_data/train/HYT_Nu_6_S0005_18.wav,n ɔ-4 l w o-0 nz l iə-4 mz t͡ɕ ə-0 nz l iə-4 mz k o-3 v aː-1 ɲ i-1 nz k ɔ-0 nz z ə-4 tz tʰ ə-0 nz tʰ iə-5 nz,n ɔ-4 l w o-0 nz l iə-4 mz t͡ɕ ə-0 nz l iə-4 mz k o-3 v aː-1 ɲ i-1 nz k ɔ-0 nz z ə-4 tz tʰ ə-0 nz tʰ iə-5 nz
DNK_7_NU_S0048_124,audio_data/train/DNK_7_NU_S0048_124.wav,t͡ɕ i-0 mz s ɛ-3 s o-4 ŋmz əː-0 t͡ɕ e-0 nz k ə-0 iz n e-0 nz f aː-3 iz ɓ aː-4 mz v aː-1 uz k eaː-1 ŋ̟z k ə-0 iz ɓ a-1 ŋz k aː-3 h aː-0 iz t͡ɕ ə-0 nz t͡ɕ ɔ-0 x ɔ-3 iz ŋ aː-2,t͡ɕ i-0 mz s ɛ-3 s o-4 ŋmz əː-0 t͡ɕ e-0 nz k ə-0 iz n e-0 nz f aː-3 iz ɓ aː-4 mz v aː-1 uz k eaː-1 ŋ̟z k ə-0 iz ɓ a-1 ŋz k aː-3 h aː-0 iz t͡ɕ ə-0 nz t͡ɕ ɔ-0 x ɔ-3 iz ŋ aː-2
DNK_7_NU_S0048_136,audio_data/train/DNK_7_NU_S0048_136.wav,ɗ ɔ-4 l aː-1 t͡ɕ i-0 mz k u-4,ɗ ɔ-4 l aː-1 t͡ɕ i-0 mz k u-4
NHM_7_NU_S0006_51,audio_data/train/NHM_7_NU_S0006_51.wav,tʰ e-4 n a-1 iz tʰ e-4 l aː-1 o-0 ŋmz x o-0 ŋmz k ɔ-1 nz tʰ ə-1 nz z ɔ-4 v əː-4 iz o-0 ŋmz x o-0 ŋmz k ɔ-1 nz l aː-1 k ɛ-3 tʰ u-1 k uə-3 ɲ a-0 uz n ɨə-2,tʰ e-4 n a-1 iz tʰ e-4 n aː-1 o-0 ŋmz x o-0 ŋmz k ɔ-1 nz tʰ ə-1 nz z ɔ-4 v əː-4 iz o-0 ŋmz x o-0 ŋmz k ɔ-1 nz l aː-1 k ɛ-3 tʰ u-1 k uə-3 ɲ a-0 uz n ɨə-2
TTT_Nu_6_S00049_61,audio_data/train/TTT_Nu_6_S00049_61.wav,l əː-5 nz eaː-0 ŋ̟z ɓ aː-3 uz l aː-1,l əː-5 nz eaː-0 ŋ̟z ɓ aː-3 uz l aː-1
THA_7_NU_S0043_94,audio_data/train/THA_7_NU_S0043_94.wav,ɓ aː-5 nz h w i-0 l aː-1 mz v əː-2 t͡ɕ ə-5 uz h w aː-0,ɓ aː-5 nz h w i-0 l aː-1 mz v əː-2 t͡ɕ ə-5 uz h w aː-0
THA_7_NU_S0043_51,audio_data/train/THA_7_NU_S0043_51.wav,k w aː-0 k ə-0 uz t͡ɕ w iə-5 nz t əː-4 h ɔ-5 kpz ɗ ɨə-5 kz t i-0 ŋ̟z tʰ ə-1 nz k iə-0 nz t͡ɕ i-1 z a-1 uz ŋ i-5 l ɨ-5 kz l aː-1 mz h iə-4 uz h ɔ-5 kpz k uə-3 ŋ w iə-2 nz ŋ ɔ-5 kpz k i-4,k w aː-0 k ə-0 uz t͡ɕ w iə-5 nz t əː-4 h ɔ-5 kpz ɗ ɨə-5 kz t i-0 ŋ̟z tʰ ə-1 nz k iə-0 nz t͡ɕ i-1 z a-1 uz ŋ i-5 l ɨ-5 kz l aː-1 mz h iə-4 uz h ɔ-5 kpz k uə-3 ŋ w iə-2 nz ŋ ɔ-5 kpz k i-4
TTD_7_NAM_S0001_169,audio_data/train/TTD_7_NAM_S0001_169.wav,k ɔ-0 nz t͡ɕ ə-0 uz f aː-3 iz ɗ ɛ-0 nz n a-1 iz s ɨ-1 ŋz n a-1 iz n ɨə-4 kz n a-1 iz m a-5 tz t͡ɕ əː-1 iz n a-1 iz m a-5 tz t͡ɕ a-0 ŋz n a-1 iz,k ɔ-0 nz t͡ɕ ə-0 uz f aː-3 iz ɗ ɛ-0 nz n a-1 iz s ɨ-1 ŋz n a-1 iz n ɨə-4 kz n a-1 iz m a-5 tz t͡ɕ əː-1 iz n a-1 iz m a-5 tz t͡ɕ a-0 ŋz n a-1 iz
GQM_Nam_6_S0006_32,audio_data/train/GQM_Nam_6_S0006_32.wav,k ɔ-0 nz t a-1 uz ɗ o-1 ɓ aː-5 nz t͡ɕ w o-5 tz u-4 tz h əː-0 nz h əː-4 nz h əː-3 k e-3 t iə-4 pz v əː-4 iz m ɛ-5 v e-1 k ɔ-0 nz ɣ i-1,k ɔ-0 nz t a-1 uz ɗ o-1 ɓ aː-5 nz t͡ɕ w o-5 tz u-4 tz h əː-0 nz h əː-5 k e-3 t iə-4 pz v əː-4 iz m ɛ-5 v e-1 k ɔ-0 nz ɣ i-1
CNBA_Nu_6_S0003_120,audio_data/train/CNBA_Nu_6_S0003_120.wav,t əː-4 ɗ o-4 ŋ w iə-0 nz x aː-0 ŋz ɓ aː-1 iz ɗ ɔ-5 kpz n a-1 iz t e-0 nz l aː-1 ɣ i-1,t əː-4 ɗ o-4 ŋ w iə-0 nz x aː-0 ŋz ɓ aː-1 iz ɗ ɔ-5 kpz l a-1 iz t e-0 nz l aː-1 ɣ i-1
PTT_7_NU_S0041_145,audio_data/train/PTT_7_NU_S0041_145.wav,ɓ e-0 v i-1 t͡ɕ ɨə-0 h ɛ-1 z ə-4 tz iə-0 nz t i-2 ŋ̟z,ɓ e-0 v i-1 t͡ɕ ɨə-0 h ɛ-1 z ə-4 tz iə-0 nz t i-2 ŋ̟z
TTD_7_NAM_S0001_14,audio_data/train/TTD_7_NAM_S0001_14.wav,m a-4 tz ɗ ɛ-0 nz s aː-4 ŋz ŋ əː-1 iz,m a-4 tz ɗ ɛ-0 nz s aː-4 ŋz ŋ əː-1 iz
LXT_Nam_6_S0008_48,audio_data/train/LXT_Nam_6_S0008_48.wav,m o-5 tz h o-0 mz l u-2 ɣ aː-1 m aː-4 iz t͡ɕ o-4 nz s eaː-5 k̟z,m o-5 tz h o-0 mz l u-2 ɣ aː-1 m aː-4 iz t͡ɕ o-4 nz s eaː-5 k̟z
THA_7_NU_S0043_145,audio_data/train/THA_7_NU_S0043_145.wav,s e-0 t͡ɕ i-0 mz ɛ-4 nz v e-1 ɗ e-3 m əː-3 h o-5 iz s w ə-0 nz,s e-0 t͡ɕ i-0 mz ɛ-4 nz v e-1 ɗ e-3 m əː-3 h o-5 iz s w ə-0 nz
MK_7_NAM_S0005_11,audio_data/train/MK_7_NAM_S0005_11.wav,t əː-4 m əː-1 iz k ə-5 uz ɗ ɔ-5 kpz ɗ w aː-5 nz k ɔ-1 nz l aː-5 iz k uə-3 ɓ aː-1 iz v e-1 k w e-0,t əː-4 m əː-1 iz k ə-5 uz ɗ ɔ-5 kpz ɗ w aː-5 nz k ɔ-1 nz l aː-5 iz k uə-3 ɓ aː-1 iz v e-1 k w e-0
NMA_7_NU_S0002_82,audio_data/train/NMA_7_NU_S0002_82.wav,k aː-4 uz ɲ iə-1 uz m ɨ-0 uz k e-4 ŋ o-1 iz t͡ɕ ɔ-0 ŋmz l w ə-5 nz ɓ aː-1 nz,k aː-4 uz ɲ iə-1 uz m ɨ-0 uz k e-4 ŋ o-1 iz t͡ɕ ɔ-0 ŋmz l w ə-5 nz ɓ aː-1 nz
DNK_7_NU_S0048_10,audio_data/train/DNK_7_NU_S0048_10.wav,h w aː-0 x w ɛ-0 s a-4 pz n əː-0 iz n əː-0 iz,h w aː-0 x w ɛ-0 s a-4 pz n əː-0 iz n əː-0 iz
THA_Nu_6_S00042_217,audio_data/train/THA_Nu_6_S00042_217.wav,ŋ ɔ-4 t͡ɕ i-5 ɣ aː-1 ɗ aː-5 pz ɗ aː-5 pz z u-2 z u-2 l uə-4,ŋ ɔ-4 t͡ɕ i-5 ɣ aː-1 ɗ aː-5 pz ɗ aː-5 pz z u-2 z u-2 l uə-4
TPA_Nu_6_S0009_26,audio_data/train/TPA_Nu_6_S0009_26.wav,i-0 ɓ e-0 l u-2 ɣ aː-1 m aː-4 iz ɨə-2 nz ŋ ɨ-5 kz ɗ i-0 ɗ i-0 l aː-5 iz l aː-5 iz,i-0 ɓ e-0 l u-2 ɣ aː-1 m aː-4 iz ɨə-2 nz ŋ ɨ-5 kz ɗ i-0 ɗ i-0 l aː-5 iz l aː-5 iz
NHM_7_NU_S0006_173,audio_data/train/NHM_7_NU_S0006_173.wav,ɓ ɨə-4 kz v aː-1 uz k u-0 ŋmz ɗ iə-5 nz l ə-1 nz n ɨə-2 m ɛ-1 uz ɲ eaː-0 ŋ̟z m o-1 mz,ɓ ɨə-4 kz v aː-1 uz k u-0 ŋmz ɗ iə-5 nz l ə-1 nz n ɨə-2 m ɛ-1 uz ɲ eaː-0 ŋ̟z m o-1 mz
NTM_Nam_6_S00010_35,audio_data/train/NTM_Nam_6_S00010_35.wav,k ɔ-4 z aː-4 v ɔ-0 ɣ aː-5 uz,k ɔ-4 z aː-4 v ɔ-0 ɣ aː-5 uz
LXT_Nam_6_S0008_94,audio_data/train/LXT_Nam_6_S0008_94.wav,z u-3 ɗ i-0 t͡ɕ əː-0 iz,z u-3 ɗ i-0 t͡ɕ əː-0 iz
TPA_Nu_6_S0009_87,audio_data/train/TPA_Nu_6_S0009_87.wav,t͡ɕ i-5 h aː-0 iz əː-0 iz m ɛ-5 t͡ɕ i-5 ɗ aː-0 ŋz o-4 mz ɗ ə-4 iz t͡ɕ i-5 h a-2 iz v e-1 tʰ a-0 mz m ɛ-5 t͡ɕ i-5 ŋ a-0 iz ɗ i-0,t͡ɕ i-5 h aː-0 iz əː-0 iz m ɛ-5 t͡ɕ i-5 ɗ aː-0 ŋz o-4 mz ɗ ə-4 iz t͡ɕ i-5 h a-2 iz v e-1 tʰ a-0 mz m ɛ-5 t͡ɕ i-5 ŋ a-0 iz ɗ i-0
NHM_7_NU_S0006_188,audio_data/train/NHM_7_NU_S0006_188.wav,x i-0 tʰ ə-4 iz t͡ɕ aː-1 ŋz t͡ɕ aː-0 iz t͡ɕ ɛ-3 ɓ eaː-3 ŋ̟z ɓ aː-0 uz v aː-1 x w ɛ-3 m eaː-5 ŋ̟z ɲ aː-1 v uə-0 z ə-4 tz v w i-0 m ɨ-1 ŋz v i-5 ɓ aː-4 t ɨə-4 kz l e-0 nz s ɛ-0 ŋ ɨə-5 v əː-4 iz m i-1 ŋ̟z,x i-0 tʰ ə-4 iz t͡ɕ aː-1 ŋz t͡ɕ aː-0 iz t͡ɕ ɛ-3 ɓ eaː-3 ŋ̟z ɓ aː-0 uz v aː-1 x w ɛ-3 m eaː-5 ŋ̟z ɲ aː-1 v uə-0 z ə-4 tz v w i-0 m ɨ-1 ŋz v i-5 ɓ aː-4 t ɨə-4 kz l e-0 nz s ɛ-0 ŋ ɨə-5 v əː-4 iz m i-1 ŋ̟z
NT_7_NAM_S0009_7,audio_data/train/NT_7_NAM_S0009_7.wav,o-0 ŋmz v aː-1 uz z ɨ-1 ŋz l ə-4 iz ɣ o-2 z ɨ-5 ŋz ɲ aː-1,o-0 ŋmz v aː-1 uz z ɨ-1 ŋz l ə-4 iz ɣ o-2 z ɨ-5 ŋz ɲ aː-1
TTT_Nu_6_S00049_72,audio_data/train/TTT_Nu_6_S00049_72.wav,v aː-1 h aː-0 iz eaː-0 ŋ̟z ɗ aː-2 t͡ɕ a-5 iz s aː-0 ŋz ɲ aː-1 k uə-3 ɛ-0 mz u-4 tz,v aː-1 h aː-0 iz eaː-0 ŋ̟z ɗ aː-2 t͡ɕ a-5 iz s aː-0 ŋz ɲ aː-1 k uə-3 ɛ-0 mz u-4 tz
THA_Nu_6_S00042_203,audio_data/train/THA_Nu_6_S00042_203.wav,k aː-3 m uə-1 h ɛ-1 v ɛ-0 t͡ɕ i-3 h aː-0 mz m uə-4 k aː-0,k aː-3 m uə-1 h ɛ-1 v ɛ-0 t͡ɕ i-3 h aː-0 mz m uə-4 k aː-0
NNM_Nu_6_S00045_93,audio_data/train/NNM_Nu_6_S00045_93.wav,v aː-1 ɓ a-4 tz ɣ a-5 pz m o-5 tz k ɔ-0 nz k aː-4 s ə-4 uz t ɔ-0 s u-1,v aː-1 ɓ a-4 tz ɣ a-5 pz m o-5 tz k ɔ-0 nz k aː-4 s ə-4 uz t ɔ-0 s u-1
GQM_Nam_6_S0006_37,audio_data/train/GQM_Nam_6_S0006_37.wav,ɗ ɔ-4 l aː-1 k ɔ-0 nz m ɛ-1 uz,ɗ ɔ-4 l aː-1 k ɔ-0 nz m ɛ-1 uz
NHM_7_NU_S0006_103,audio_data/train/NHM_7_NU_S0006_103.wav,ŋ ɨə-1 iz tʰ i-1 l e-0 nz ɗ o-4 kpz tʰ u-4 kpz ɓ o-5 h aː-5 s a-0 nz tʰ u-4 l aː-5 ɓ a-4 tz t͡ɕ i-0 mz k w i-4,ŋ ɨə-1 iz tʰ i-1 l e-0 nz ɗ o-4 kpz tʰ u-4 kpz ɓ o-5 h aː-5 s a-0 nz tʰ u-4 l aː-5 ɓ a-4 tz t͡ɕ i-0 mz k w i-1
TTT_Nu_6_S00049_1,audio_data/train/TTT_Nu_6_S00049_1.wav,s i-0 nz t͡ɕ aː-1 uz k aː-4 kz ɓ aː-5 nz,s i-0 nz t͡ɕ aː-1 uz k aː-4 kz ɓ aː-5 nz
LXT_Nam_6_S0008_123,audio_data/train/LXT_Nam_6_S0008_123.wav,h aː-5 tz n a-4 ŋz ɓ ɛ-4 k ɔ-0 nz,h aː-5 tz n a-4 ŋz ɓ ɛ-4 k ɔ-0 nz
LDMT_Nam_6_S00047_12,audio_data/train/LDMT_Nam_6_S00047_12.wav,t͡ɕ i-5 ɗ aː-2 h ɨə-4 t i-1 mz z ɛ-4 pz t͡ɕ ɔ-0 ɛ-0 mz m aː-1,t͡ɕ i-5 ɗ aː-2 h ɨə-4 t i-1 mz z ɛ-4 pz t͡ɕ ɔ-0 ɛ-0 mz m aː-1
THA_Nu_6_S00042_20,audio_data/train/THA_Nu_6_S00042_20.wav,t iə-4 ŋz n aː-1 uz k ɔ-4 ə-0 mz s əː-1,t iə-4 ŋz n aː-1 uz k ɔ-4 ə-0 mz s əː-1
GQM_Nam_6_S0006_17,audio_data/train/GQM_Nam_6_S0006_17.wav,n ɔ-4 l w o-0 nz l w o-0 nz l iə-4 mz t͡ɕ ə-0 nz l iə-4 mz k o-3 v aː-1 ɲ i-1 nz k ɔ-0 nz z ə-4 tz tʰ ə-0 nz tʰ iə-5 nz,n ɔ-4 l w o-0 nz l w o-0 nz l iə-4 mz t͡ɕ ə-0 nz l iə-4 mz k o-3 v aː-1 ɲ i-1 nz k ɔ-0 nz z ə-4 tz tʰ ə-0 nz tʰ iə-5 nz
NDBA_7_NAM_S0010_155,audio_data/train/NDBA_7_NAM_S0010_155.wav,ɓ o-0 ŋmz l aː-1 uz ɓ o-0 ŋmz n aː-1 uz k u-2 ŋmz ɓ u-2 ŋmz n ə-4 iz h aː-5 tz ɗ iə-1 uz t͡ɕ aː-5 mz t͡ɕ i-2 uz,ɓ o-0 ŋmz l aː-1 uz ɓ o-0 ŋmz n aː-1 uz k u-2 ŋmz ɓ u-2 ŋmz n ə-4 iz h aː-5 tz ɗ iə-1 uz t͡ɕ aː-5 mz t͡ɕ i-2 uz
MK_7_NAM_S0005_37,audio_data/train/MK_7_NAM_S0005_37.wav,əː-0 tʰ e-4 tʰ i-1 x i-0 n aː-1 uz t əː-4 k w e-0 nz tʰ i-1 k ə-5 uz ɲ əː-4 ɲ a-4 kz t əː-4 ɲ aː-4,əː-0 tʰ e-4 tʰ i-1 x i-0 n aː-1 uz t əː-4 k w e-0 nz tʰ i-1 k ə-5 uz ɲ əː-4 ɲ a-4 kz t əː-4 ɲ aː-4
DNK_7_NU_S0048_291,audio_data/train/DNK_7_NU_S0048_291.wav,n ɔ-4 ɓ i-5 ɓ a-4 tz v aː-1 k ə-1 mz t u-1 t͡ɕ ɔ-0 ŋmz l o-1 ŋmz,n ɔ-4 ɓ i-5 ɓ a-4 tz v aː-1 k ə-1 mz t u-1 t͡ɕ ɔ-0 ŋmz l o-1 ŋmz
PTL_7_NU_S0008_24,audio_data/train/PTL_7_NU_S0008_24.wav,z ɨə-5 v aː-1 uz tʰ o-0 ŋmz t i-0 nz t ɨ-1 ɓ aː-1 iz ɗ ɔ-5 kpz ɛ-0 mz h a-2 iz h w aː-1 nz tʰ eaː-1 ŋ̟z ɓ aː-3 ŋz s a-0 uz,z ɨə-5 v aː-1 uz tʰ o-0 ŋmz t i-0 nz t ɨ-1 ɓ aː-1 iz ɗ ɔ-5 kpz ɛ-0 mz h a-2 iz h w aː-1 nz tʰ eaː-1 ŋ̟z ɓ aː-3 ŋz s a-0 uz
LDMT_Nam_6_S00047_10,audio_data/train/LDMT_Nam_6_S00047_10.wav,əː-0 ɗ ɔ-4 l aː-1 ɛ-0 mz n a-1 mz m əː-0 t͡ɕ ɨ-4,əː-0 ɗ ɔ-4 l aː-1 ɛ-0 mz n a-1 mz m əː-0 t͡ɕ ɨ-4
NPC_7_NU_S0047_5,audio_data/train/NPC_7_NU_S0047_5.wav,ɗ e-4 nz l ɨə-5 tz k ə-5 uz t əː-4 h ɔ-3 iz,ɗ e-4 nz l ɨə-5 tz k ə-5 uz t əː-4 h ɔ-3 iz
NTN_7_NU_S0042_37,audio_data/train/NTN_7_NU_S0042_37.wav,ɗ a-5 kz ɓ iə-5 tz t əː-4 z ə-4 tz ə-4 nz t ɨə-5 ŋz v əː-4 iz h i-1 ŋ̟z eaː-3 ŋ̟z k o-0 h iə-5 uz t͡ɕ ɨə-3 ŋz ɗ eaː-4 ŋ̟z t͡ɕ o-4 ŋmz t͡ɕ e-0 nz s ə-0 nz x ə-4 uz,ɗ a-5 kz ɓ iə-5 tz t əː-4 z ə-4 tz ə-4 nz t ɨə-5 ŋz v əː-4 iz h i-1 ŋ̟z eaː-3 ŋ̟z k o-0 h iə-5 uz t͡ɕ ɨə-3 ŋz ɗ eaː-4 ŋ̟z t͡ɕ o-4 ŋmz t͡ɕ e-0 nz s ə-0 nz x ə-4 uz
TTD_7_NAM_S0001_117,audio_data/train/TTD_7_NAM_S0001_117.wav,z əː-1 k ə-5 uz t aː-3 m ɛ-1 uz k uə-3 ɲ aː-1 k ə-5 uz,z əː-1 k ə-5 uz t aː-3 m ɛ-1 uz k uə-3 ɲ aː-1 k ə-5 uz
NNM_Nu_6_S00045_80,audio_data/train/NNM_Nu_6_S00045_80.wav,x i-0 s ɔ-4 iz ɗ e-4 nz ɲ aː-1 l əː-5 nz eaː-0 ŋ̟z,x i-0 s ɔ-4 iz ɗ e-4 nz ɲ aː-1 l əː-5 nz eaː-0 ŋ̟z
DNK_7_NU_S0048_294,audio_data/train/DNK_7_NU_S0048_294.wav,h aː-0 iz k ə-5 uz ɓ ɛ-4 ɓ a-4 tz t͡ɕ i-0 mz v aː-1 uz l o-1 ŋmz ɲ ɨ-0 ŋz l aː-5 iz x o-0 ŋmz ɲ əː-4 t͡ɕ ɔ-0 t͡ɕ i-0 mz w o-4 ŋmz n ɨə-4 kz,h aː-0 iz k ə-5 uz ɓ ɛ-4 ɓ a-4 tz t͡ɕ i-0 mz v aː-1 uz l o-1 ŋmz ɲ ɨ-0 ŋz l aː-5 iz x o-0 ŋmz ɲ əː-4 t͡ɕ ɔ-0 t͡ɕ i-0 mz w o-4 ŋmz n ɨə-4 kz
THA_7_NU_S0043_32,audio_data/train/THA_7_NU_S0043_32.wav,v ɨə-1 ɗ i-0 v ɨə-1 x ɔ-4 kpz m ə-4 iz h o-0 mz s a-0 uz k o-0 ɗ e-4 nz ɲ aː-1 k i-4,v ɨə-1 ɗ i-0 v ɨə-1 x ɔ-4 kpz m ə-4 iz h o-0 mz s a-0 uz k o-0 ɗ e-4 nz ɲ aː-1 k i-4
NMA_7_NU_S0002_165,audio_data/train/NMA_7_NU_S0002_165.wav,v i-1 s aː-0 uz ɓ aː-5 nz ɲ ɔ-3 ŋ i-2 z a-1 ŋz ɗ ɔ-4 l aː-1 ɓ ɨ-4 kz t͡ɕ eaː-0 ŋ̟z v ɛ-2 v e-1 k w e-0 k uə-3 m i-1 ŋ̟z,v i-1 s aː-0 uz ɓ aː-5 nz ɲ ɔ-3 ŋ i-2 z a-1 ŋz ɗ ɔ-4 l aː-1 ɓ ɨ-4 kz t͡ɕ eaː-0 ŋ̟z v ɛ-2 v e-1 k w e-0 k uə-3 m i-1 ŋ̟z
CNBA_Nu_6_S0003_178,audio_data/train/CNBA_Nu_6_S0003_178.wav,ɗ ɛ-1 nz ŋ w aː-0 nz ɗ ɛ-1 nz tʰ a-4 pz t͡ɕ ɔ-0 ɓ aː-1 ŋ o-1 iz m a-0 iz,ɗ ɛ-1 nz ŋ w aː-0 nz ɗ ɛ-1 nz tʰ a-4 pz t͡ɕ ɔ-0 ɓ aː-1 ŋ o-1 iz m a-0 iz
VTA_Nam_6_S0002_45,audio_data/train/VTA_Nam_6_S0002_45.wav,n ɔ-4 k ɔ-1 nz l e-0 nz t͡ɕ ɨ-4 kz ɗ o-5 iz t͡ɕ ɨə-3 ŋz,n ɔ-4 k ɔ-1 nz l e-0 nz t͡ɕ ɨ-4 kz ɗ o-5 iz t͡ɕ ɨə-3 ŋz
THA_7_NU_S0043_259,audio_data/train/THA_7_NU_S0043_259.wav,m o-5 tz h o-0 mz t͡ɕ u-4 s ɛ-3 ɗ ɨə-5 kz k aː-4 kz ɓ aː-5 nz,m o-5 tz h o-0 mz t͡ɕ u-4 s ɛ-3 ɗ ɨə-5 kz k aː-4 kz ɓ aː-5 nz
THA_Nu_6_S00042_126,audio_data/train/THA_Nu_6_S00042_126.wav,tʰ ɔ-3 ŋ i-2 z uə-1 s ɛ-2 tʰ uə-0,tʰ ɔ-3 ŋ i-2 z uə-1 s ɛ-2 tʰ uə-0
NDBA_7_NAM_S0010_98,audio_data/train/NDBA_7_NAM_S0010_98.wav,t͡ɕ ɔ-0 ŋmz x i-0 t͡ɕ aː-1 ŋz t͡ɕ aː-0 iz t͡ɕ ɛ-3 l e-0 nz s ɛ-0 ŋ ɨə-5 k uə-3 ɲ aː-1 v uə-0 tʰ i-1 m ɛ-1 uz ɗ aː-2 f ɔ-4 ŋmz ɗ i-0 t͡ɕ ɨə-4 kz ɗ e-4 nz m o-5 tz k eaː-4 ŋ̟z ɗ o-1 ŋmz l əː-4 nz,t͡ɕ ɔ-0 ŋmz x i-0 t͡ɕ aː-1 ŋz t͡ɕ aː-0 iz t͡ɕ ɛ-3 l e-0 nz s ɛ-0 ŋ ɨə-5 k uə-3 ɲ aː-1 v uə-0 tʰ i-1 m ɛ-1 uz ɗ aː-2 f ɔ-4 ŋmz ɗ i-0 t͡ɕ ɨə-4 kz ɗ e-4 nz m o-5 tz k eaː-4 ŋ̟z ɗ o-1 ŋmz l əː-4 nz
NMA_7_NU_S0002_232,audio_data/train/NMA_7_NU_S0002_232.wav,n aː-1 ŋz s i-0 ŋ̟z z aː-0 m o-5 tz k aː-4 iz ɓ ɔ-5 kpz t͡ɕ ɨ-4 ŋz n əː-3 z aː-0 m o-5 tz t͡ɕ a-0 mz ŋ ɨə-1 iz k ɔ-0 nz l əː-4 nz ɲ eaː-0 ŋ̟z ɲ ɨ-0 tʰ o-3 iz x w ɛ-3 ɲ ɨ-0 tʰ ə-1 nz,n aː-1 ŋz s i-0 ŋ̟z z aː-0 m o-5 tz k aː-4 iz ɓ ɔ-5 kpz t͡ɕ ɨ-4 ŋz n əː-3 z aː-0 m o-5 tz t͡ɕ a-0 mz ŋ ɨə-1 iz k ɔ-0 nz l əː-4 nz ɲ eaː-0 ŋ̟z ɲ ɨ-0 tʰ o-3 iz x w ɛ-3 ɲ ɨ-0 tʰ ə-1 nz
THA_Nu_6_S0001_130,audio_data/train/THA_Nu_6_S0001_130.wav,k ɔ-0 nz tʰ ɨə-0 k o-0 l aː-1 v i-1 s ɛ-3 m ɛ-5 tʰ ə-4 iz k aː-4 kz k ɔ-0 nz z ə-4 tz iə-0 uz tʰ ɨə-0 ŋz ɲ a-0 uz aː-0,k ɔ-0 nz tʰ ɨə-0 k o-0 l aː-1 v i-1 s ɛ-3 m ɛ-5 tʰ ə-4 iz k aː-4 kz k ɔ-0 nz z ə-4 tz iə-0 uz tʰ ɨə-0 ŋz ɲ a-0 uz aː-0
THA_Nu_6_S00042_172,audio_data/train/THA_Nu_6_S00042_172.wav,x o-0 ŋmz ɗ ɨə-5 kz m əː-3 k ɨə-3,x o-0 ŋmz ɗ ɨə-5 kz m əː-3 k ɨə-3
PTL_7_NU_S0008_102,audio_data/train/PTL_7_NU_S0008_102.wav,t əː-4 ɲ i-1 nz tʰ ə-4 iz m o-5 tz k ɔ-0 nz ŋ ɨə-5 v a-1 nz,t əː-4 ɲ i-1 nz tʰ ə-4 iz m o-5 tz k ɔ-0 nz ŋ ɨə-5 v a-1 nz
CNBA_Nu_6_S0003_53,audio_data/train/CNBA_Nu_6_S0003_53.wav,t͡ɕ e-0 nz m a-5 tz ɓ iə-3 nz ɓ ɔ-5 nz k aː-4 t͡ɕ w o-1 nz h a-1 mz h a-0 mz h əː-3 l ɨə-4 tz ɗ i-0,t͡ɕ e-0 nz m a-5 tz ɓ iə-3 nz ɓ ɔ-5 nz k aː-4 t͡ɕ w o-1 nz h a-1 mz h a-0 mz h əː-3 l ɨə-4 tz ɗ i-0
HYT_Nu_6_S0005_31,audio_data/train/HYT_Nu_6_S0005_31.wav,k ɔ-0 nz tʰ u-4 ɗ ɔ-4 z ə-4 tz h iə-1 nz,k ɔ-0 nz tʰ u-4 ɗ ɔ-4 z ə-4 tz h iə-1 nz
HYT_Nu_6_S0005_26,audio_data/train/HYT_Nu_6_S0005_26.wav,n ɔ-4 k w aː-4 tz t ɔ-0 l aː-1 mz t͡ɕ w o-5 tz k ɔ-0 nz z ə-4 tz s əː-5,n ɔ-4 k w aː-4 tz t ɔ-0 l aː-1 mz t͡ɕ w o-5 tz k ɔ-0 nz z ə-4 tz s əː-5
NMA_7_NU_S0002_176,audio_data/train/NMA_7_NU_S0002_176.wav,ɓ a-4 kz tʰ aː-0 ŋz ɓ ɛ-3 o-3 iz t͡ɕ i-4 nz v aː-1 ŋz t͡ɕ e-0 nz k ə-0 iz,ɓ a-4 kz tʰ aː-0 ŋz ɓ ɛ-3 o-3 iz t͡ɕ i-4 nz v aː-1 ŋz t͡ɕ e-0 nz k ə-0 iz
TTD_7_NAM_S0001_44,audio_data/train/TTD_7_NAM_S0001_44.wav,z o-1 iz ɓ ə-0 iz z əː-1 tʰ i-1 t͡ɕ u-4 ŋmz m i-1 ŋ̟z k u-1 ŋmz ɗ ɔ-5 kpz t͡ɕ o-2 k aː-4 iz f ə-1 nz n a-1 iz ɲ aː-4,z o-1 iz ɓ ə-0 iz z əː-1 tʰ i-1 t͡ɕ u-4 ŋmz m i-1 ŋ̟z k u-1 ŋmz ɗ ɔ-5 kpz t͡ɕ o-2 k aː-4 iz f ə-1 nz n a-1 iz ɲ aː-4
NHM_7_NU_S0006_137,audio_data/train/NHM_7_NU_S0006_137.wav,ɓ ə-0 iz z əː-1 ɗ e-4 nz l ɨə-5 tz m i-1 ŋ̟z ɗ ɔ-5 kpz ɲ aː-4 ɓ aː-5 nz,ɓ ə-0 iz z əː-1 ɗ e-4 nz l ɨə-5 tz m i-1 ŋ̟z ɗ ɔ-5 kpz ɲ aː-4 ɓ aː-5 nz
NHM_7_NU_S0006_72,audio_data/train/NHM_7_NU_S0006_72.wav,k ɨ-3 uz l ɔ-0 ŋmz t͡ɕ i-4 ŋ̟z l aː-1 m o-5 tz z ɔ-1 ŋmz s o-0 ŋmz l əː-4 nz t͡ɕ a-3 iz k w aː-0 ɲ iə-1 uz t i-3 ŋ̟z əː-0 m iə-1 nz n aː-0 mz n ɨə-4 kz t aː-0,k ɨ-3 uz l ɔ-0 ŋmz t͡ɕ i-4 ŋ̟z l aː-1 m o-5 tz z ɔ-1 ŋmz s o-0 ŋmz l əː-4 nz t͡ɕ a-3 iz k w aː-0 ɲ iə-1 uz t i-3 ŋ̟z əː-0 m iə-1 nz n aː-0 mz n ɨə-4 kz t aː-0
THA_7_NU_S0043_110,audio_data/train/THA_7_NU_S0043_110.wav,t əː-4 h ɔ-3 iz k ə-5 uz t͡ɕ w iə-5 nz ɣ i-1 s a-3 iz z aː-0 ŋ w aː-1 iz h eaː-1 ŋ̟z l aː-0 ŋz x i-0 tʰ ə-1 iz z aː-4 uz ɗ aː-0 ŋz v iə-4 tz ɓ aː-1 iz,t əː-4 h ɔ-3 iz k ə-5 uz t͡ɕ w iə-5 nz ɣ i-1 s a-3 iz z aː-0 ŋ w aː-1 iz h eaː-1 ŋ̟z l aː-0 ŋz x i-0 tʰ ə-1 iz z aː-4 uz ɗ aː-0 ŋz v iə-4 tz ɓ aː-1 iz
THA_Nu_6_S00042_14,audio_data/train/THA_Nu_6_S00042_14.wav,s ɛ-3 ɓ o-4 ɗ aː-2 n ɔ-4 iz ɣ i-1 ɗ e-3 s ɛ-3 k ɔ-0 nz x o-0 ŋmz s əː-5 n ɨə-2,s ɛ-3 ɓ o-4 ɗ aː-2 n ɔ-4 iz ɣ i-1 ɗ e-3 s ɛ-5 k ɔ-0 nz x o-0 ŋmz s əː-5 n ɨə-2
THA_Nu_6_S00042_50,audio_data/train/THA_Nu_6_S00042_50.wav,h o-3 ɲ əː-1 tʰ ɔ-3 k e-0 t i-0 v i-0,h o-3 ɲ əː-1 tʰ ɔ-3 k e-0 t i-0 v i-0
THA_Nu_6_S00042_114,audio_data/train/THA_Nu_6_S00042_114.wav,k u-3 t ɨ-1 l aː-4 tʰ ɨ-0 k ɨ-3 t aː-5,k u-3 t ɨ-1 l aː-4 tʰ ɨ-0 k ɨ-3 t aː-5
TTD_7_NAM_S0001_151,audio_data/train/TTD_7_NAM_S0001_151.wav,l aː-1 l əː-1 iz k uə-3 t aː-4 kz z aː-3 v iə-4 tz v e-1 k ɔ-0 nz t͡ɕ ə-0 uz,l aː-1 l əː-1 iz k uə-3 t aː-4 kz z aː-3 v iə-4 tz v e-1 k ɔ-0 nz t͡ɕ ə-0 uz
CNBA_Nu_6_S0003_34,audio_data/train/CNBA_Nu_6_S0003_34.wav,v aː-1 uz ɗ e-4 nz n əː-0 iz e-4 k̟z ɲ a-3 iz t ɔ-4 tz l e-0 nz z ɨə-1 ŋz,v aː-1 uz ɗ e-4 nz n əː-0 iz e-4 k̟z ɲ a-3 iz t ɔ-4 tz l e-0 nz z ɨə-1 ŋz
GQM_Nam_6_S0006_59,audio_data/train/GQM_Nam_6_S0006_59.wav,t u-4 eaː-0 ŋ̟z əː-0 iz k ə-5 uz ɗ aː-2 ɗ ɨə-5 kz ɗ i-0 ɓ iə-3 nz t͡ɕ ɨə-0,t u-4 eaː-0 ŋ̟z əː-0 iz k ə-5 uz ɗ aː-2 ɗ ɨə-5 kz ɗ i-0 ɓ iə-3 nz t͡ɕ ɨə-0
CNBA_Nu_6_S0003_153,audio_data/train/CNBA_Nu_6_S0003_153.wav,t ɨ-5 ɲ iə-0 nz m ə-4 tz h u-4 tz k aː-4 m a-0 ŋz k aː-4 m ə-5 pz ŋ əː-4 z aː-0,t ɨ-5 ɲ iə-0 nz m ə-4 tz h u-4 tz k aː-4 m a-0 ŋz k aː-4 m ə-5 pz ŋ əː-4 z aː-0
THA_Nu_6_S00042_15,audio_data/train/THA_Nu_6_S00042_15.wav,s ɛ-3 k aː-0 z i-0 v i-0 n aː-0 mz k w aː-1 k w aː-1,s ɛ-3 k aː-0 z i-0 v i-0 n aː-0 mz k w aː-1 k w aː-1
PC_7_NAM_S0004_27,audio_data/train/PC_7_NAM_S0004_27.wav,ɗ aː-1 nz k ɔ-1 ɗ aː-1 nz k ɔ-1 h aː-5 k eaː-4 ŋ̟z z ɛ-0 uz m ɨ-1 ŋz,ɗ aː-1 nz k ɔ-1 ɗ aː-1 nz k ɔ-1 h aː-5 k eaː-4 ŋ̟z z ɛ-0 uz m ɨ-1 ŋz
THA_Nu_6_S00042_95,audio_data/train/THA_Nu_6_S00042_95.wav,t͡ɕ i-5 t͡ɕ ɔ-2 t͡ɕ i-3 t͡ɕ ɔ-4,t͡ɕ i-5 t͡ɕ ɔ-2 t͡ɕ i-3 t͡ɕ ɔ-4
PTL_7_NU_S0008_88,audio_data/train/PTL_7_NU_S0008_88.wav,k ɔ-0 nz v ɔ-0 iz m aː-1 k ɔ-4 h aː-0 iz ŋ aː-1,k ɔ-0 nz v ɔ-0 iz m aː-1 k ɔ-4 h aː-0 iz ŋ aː-1
TTT_Nu_6_S00049_3,audio_data/train/TTT_Nu_6_S00049_3.wav,ɓ ɛ-4 l e-0 m e-0 t i-0 v i-0,ɓ ɛ-4 l e-0 m e-0 t i-0 v i-0
PTL_7_NU_S0008_93,audio_data/train/PTL_7_NU_S0008_93.wav,ɗ ɔ-5 kpz l aː-5 iz h w a-5 kz k e-3 l aː-5 iz t͡ɕ ɔ-0 k aː-4 kz ɓ aː-5 nz ŋ ɛ-0 m o-5 tz t͡ɕ w iə-5 nz h w a-5 kz m o-5 tz ɗ w aː-5 nz t͡ɕ w iə-5 nz m o-5 tz ɓ aː-1 iz tʰ əː-0 ɲ ɛ-4,ɗ ɔ-5 kpz l aː-5 iz h w a-5 kz k e-3 l aː-5 iz t͡ɕ ɔ-0 k aː-4 kz ɓ aː-5 nz ŋ ɛ-0 m o-5 tz t͡ɕ w iə-5 nz h w a-5 kz m o-5 tz ɗ w aː-5 nz t͡ɕ w iə-5 nz m o-5 tz ɓ aː-1 iz tʰ əː-0 ɲ ɛ-4
CNBA_Nu_6_S0003_159,audio_data/train/CNBA_Nu_6_S0003_159.wav,k aː-4 m a-0 ŋz ɓ ɛ-1 nz ɲ o-0 l e-0 nz ɓ aː-4 mz t͡ɕ a-5 tz tʰ ə-0 nz t͡ɕ e-0 nz k aː-4 m ə-5 pz,k aː-4 m a-0 ŋz ɓ ɛ-1 nz ɲ o-0 l e-0 nz ɓ aː-4 mz t͡ɕ a-5 tz tʰ ə-0 nz t͡ɕ e-0 nz k aː-4 m ə-5 pz
PTL_7_NU_S0008_165,audio_data/train/PTL_7_NU_S0008_165.wav,t əː-4 ɲ i-1 nz tʰ ə-4 iz t əː-4 ɲ i-1 nz tʰ ə-4 iz k ɔ-0 nz tʰ ɔ-3,t əː-4 ɲ i-1 nz tʰ ə-4 iz t əː-4 ɲ i-1 nz tʰ ə-4 iz k ɔ-0 nz tʰ ɔ-3
TPA_Nu_6_S0009_189,audio_data/train/TPA_Nu_6_S0009_189.wav,n aː-1 ŋz ɗ eaː-1 ŋ̟z k e-3 v əː-4 iz v uə-0 t͡ɕ aː-0 v e-1 t͡ɕ w iə-5 nz n aː-1 ŋz ɗ aː-2 h ɨə-4 v əː-4 iz e-4 k̟z,n aː-1 ŋz ɗ eaː-1 ŋ̟z k e-3 v əː-4 iz v uə-0 t͡ɕ aː-0 v e-1 t͡ɕ w iə-5 nz n aː-1 ŋz ɗ aː-2 h ɨə-4 v əː-4 iz e-4 k̟z
NDBA_7_NAM_S0010_83,audio_data/train/NDBA_7_NAM_S0010_83.wav,t͡ɕ u-3 ɲ ə-0 nz t o-0 iz s i-0 nz ɣ ɨ-3 iz t əː-4 iz ŋ aː-1 iz l əː-1 iz t͡ɕ aː-1 uz m ɨ-1 ŋz k u-1 ŋmz m ɔ-4 nz k w aː-1 ɓ iə-4 uz n a-1 iz,t͡ɕ u-3 ɲ ə-0 nz t o-0 iz s i-0 nz ɣ ɨ-3 iz t əː-4 iz ŋ aː-1 iz l əː-1 iz t͡ɕ aː-1 uz m ɨ-1 ŋz k u-1 ŋmz m ɔ-4 nz k w aː-1 ɓ iə-4 uz n a-1 iz
LXT_Nam_6_S0008_126,audio_data/train/LXT_Nam_6_S0008_126.wav,n ɔ-4 aː-0 nz w i-3 z o-1 iz ɣ ɨ-3 iz t a-5 ŋz ɓ o-0 ŋmz h o-1 ŋmz t͡ɕ iə-4 kz x a-0 nz v aː-1 ŋz ɔ-4 ŋmz,n ɔ-4 aː-0 nz w i-3 z o-1 iz ɣ ɨ-3 iz t a-5 ŋz ɓ o-0 ŋmz h o-1 ŋmz t͡ɕ iə-4 kz x a-0 nz v aː-1 ŋz ɔ-4 ŋmz
THA_Nu_6_S00042_65,audio_data/train/THA_Nu_6_S00042_65.wav,ɗ o-4 ɓ aː-5 nz t i-1 mz t iə-4 ŋz n aː-1 uz k ɔ-4 ə-0 mz tʰ əː-1,ɗ o-4 ɓ aː-5 nz t i-1 mz t iə-4 ŋz n aː-1 uz k ɔ-4 ə-0 mz tʰ əː-1
NTN_7_NU_S0042_54,audio_data/train/NTN_7_NU_S0042_54.wav,k o-0 z a-5 iz ɛ-0 mz t ə-5 pz v iə-4 tz,k o-0 z a-5 iz ɛ-0 mz t ə-5 pz v iə-4 tz
NDBA_7_NAM_S0010_25,audio_data/train/NDBA_7_NAM_S0010_25.wav,k ə-5 uz k ɔ-4 tʰ e-3 k e-3 t͡ɕ ɔ-0 t əː-4 ɓ aː-1 iz n a-1 iz l aː-5 iz ɗ ɨə-5 kz x o-0 ŋmz,k ə-5 uz k ɔ-4 tʰ e-3 k e-3 t͡ɕ ɔ-0 t əː-4 ɓ aː-1 iz n a-1 iz l aː-5 iz ɗ ɨə-5 kz x o-0 ŋmz
PTL_7_NU_S0008_21,audio_data/train/PTL_7_NU_S0008_21.wav,ɲ ɨ-2 ŋz k ɔ-0 nz v ə-5 tz ɲ ɔ-3 n aː-1 uz x o-0 ŋmz ɗ ɨə-5 kz tʰ aː-0 ɗ i-5 uz h a-0 iz k ɔ-2 ŋmz f aː-3 iz t ɨ-5 ɗ i-0 tʰ ɛ-0 uz m ɛ-5,ɲ ɨ-2 ŋz k ɔ-0 nz v ə-5 tz ɲ ɔ-3 n aː-1 uz x o-0 ŋmz ɗ ɨə-5 kz tʰ aː-0 ɗ i-5 uz h a-0 iz k ɔ-2 ŋmz f aː-3 iz t ɨ-5 ɗ i-0 tʰ ɛ-0 uz m ɛ-5
NHM_7_NU_S0006_122,audio_data/train/NHM_7_NU_S0006_122.wav,ɗ ɔ-4 l aː-1 ɲ ɨ-2 ŋz s aː-3 nz f ə-3 mz k uə-3 t͡ɕ əː-1 iz ɗ ə-4 tz ɓ aː-0 nz t͡ɕ ɔ-0,ɗ ɔ-4 l aː-1 ɲ ɨ-2 ŋz s aː-3 nz f ə-3 mz k uə-3 t͡ɕ əː-1 iz ɗ ə-4 tz ɓ aː-0 nz t͡ɕ ɔ-0
LDMT_Nam_6_S00047_21,audio_data/train/LDMT_Nam_6_S00047_21.wav,v e-1 ɲ aː-1 x i-3 t͡ɕ aː-3 k ɔ-4 tʰ ɨ-4 k w aː-3 ɣ i-1 ɲ ɨ-0 ɗ aː-2 h ɨə-4,v e-1 ɲ aː-1 x i-3 t͡ɕ aː-3 k ɔ-4 tʰ ɨ-4 k w aː-3 ɣ i-1 ɲ ɨ-0 ɗ aː-2 h ɨə-4
NHM_7_NU_S0006_134,audio_data/train/NHM_7_NU_S0006_134.wav,h u-1 ŋmz v ɨə-0 ŋz tʰ ɨ-4 s a-4 uz ɓ ɛ-1 nz t͡ɕ w iə-1 nz ŋ o-0 iz t͡ɕ ɔ-0 l aː-0 ŋz l iə-0 uz v aː-1 ɗ a-5 tz h aː-0 iz tʰ ɨ-4 ɓ eaː-4 ŋ̟z ə-4 iz ɓ eaː-4 ŋ̟z h i-1 ŋ̟z t͡ɕ ɔ-1 nz t ɨə-5 ŋz t͡ɕ ɨ-0 ŋz t͡ɕ ɔ-0 ɓ eaː-4 ŋ̟z t͡ɕ əː-1 iz l aː-1 z a-1 iz ɓ eaː-4 ŋ̟z h i-1 ŋ̟z v w o-0 ŋmz t ɨə-5 ŋz t͡ɕ ɨ-0 ŋz t͡ɕ ɔ-0 ɗ ə-4 tz l aː-1 ɓ eaː-4 ŋ̟z t͡ɕ ɨ-0 ŋz,h u-1 ŋmz v ɨə-0 ŋz tʰ ɨ-4 s a-4 uz ɓ ɛ-1 nz t͡ɕ w iə-1 nz ŋ o-0 iz t͡ɕ ɔ-0 l aː-0 ŋz l iə-0 uz v aː-1 ɗ a-5 tz h aː-0 iz tʰ ɨ-4 ɓ eaː-4 ŋ̟z ə-4 iz ɓ eaː-4 ŋ̟z h i-1 ŋ̟z t͡ɕ ɔ-1 nz t ɨə-5 ŋz t͡ɕ ɨ-0 ŋz t͡ɕ ɔ-0 ɓ eaː-4 ŋ̟z t͡ɕ əː-1 iz l aː-1 z a-1 iz ɓ eaː-4 ŋ̟z h i-1 ŋ̟z v w o-0 ŋmz t ɨə-5 ŋz t͡ɕ ɨ-0 ŋz t͡ɕ ɔ-0 ɗ ə-4 tz l aː-1 ɓ eaː-4 ŋ̟z t͡ɕ ɨ-0 ŋz
DNK_7_NU_S0048_8,audio_data/train/DNK_7_NU_S0048_8.wav,z a-0 uz s u-0 mz s w e-0 n ɨə-0 ŋz ɓ aː-2 iz,z a-0 uz s u-0 mz s w e-0 l ɨə-0 ŋz ɓ aː-2 iz
NDBA_7_NAM_S0010_67,audio_data/train/NDBA_7_NAM_S0010_67.wav,n ɔ-4 ɗ aː-2 k ɔ-4 k e-4 h w eaː-5 k̟z t w iə-5 tz v əː-1 iz,n ɔ-4 ɗ aː-2 k ɔ-4 k e-4 h w eaː-5 k̟z t w iə-5 tz v əː-1 iz
PTL_7_NU_S0008_2,audio_data/train/PTL_7_NU_S0008_2.wav,t əː-4 ɗ ɔ-5 kpz ɗ w aː-5 nz m o-5 tz k ə-5 uz ɗ ɔ-5 kpz ɗ w aː-5 nz h aː-0 iz ɲ ɛ-4,t əː-4 ɗ ɔ-5 kpz ɗ w aː-5 nz m o-5 tz k ə-5 uz ɗ ɔ-5 kpz ɗ w aː-5 nz h aː-0 iz ɲ ɛ-4
THA_7_NU_S0043_111,audio_data/train/THA_7_NU_S0043_111.wav,x i-0 tʰ ə-1 iz z aː-4 uz ɗ aː-0 ŋz v iə-4 tz ɓ aː-1 iz tʰ i-1 t͡ɕ ə-5 uz h w aː-0 ɓ i-5 z əː-0 iz v əː-2,x i-0 tʰ ə-1 iz z aː-4 uz ɗ aː-0 ŋz v iə-4 tz ɓ aː-1 iz tʰ i-1 t͡ɕ ə-5 uz h w aː-0 ɓ i-5 z əː-0 iz v əː-2
DNK_7_NU_S0048_298,audio_data/train/DNK_7_NU_S0048_298.wav,ɓ ɔ-3 v aː-1 uz l o-1 ŋmz s əː-0 nz k aː-0,ɓ ɔ-3 v aː-1 uz l o-1 ŋmz s əː-0 nz k aː-0
DNK_7_NU_S0048_47,audio_data/train/DNK_7_NU_S0048_47.wav,t͡ɕ ɔ-5 nz i-0 ɗ u-4 ŋmz,t͡ɕ ɔ-5 nz i-0 ɗ u-4 ŋmz
THA_7_NU_S0043_116,audio_data/train/THA_7_NU_S0043_116.wav,k ə-5 uz k ɔ-4 tʰ i-4 k̟z k eaː-4 k̟z z aː-3 iz k w iə-4 tz s ɨ-5 v iə-5 kz k uə-3 tʰ ə-1 iz z aː-4 uz x o-0 ŋmz,k ə-5 uz k ɔ-4 tʰ i-4 k̟z k eaː-4 k̟z z aː-3 iz k w iə-4 tz s ɨ-5 v iə-5 kz k uə-3 tʰ ə-1 iz z aː-4 uz x o-0 ŋmz
NHM_7_NU_S0006_87,audio_data/train/NHM_7_NU_S0006_87.wav,n ɨə-4 kz z ə-0 ŋz l e-0 nz k w o-1 nz k w o-5 nz,n ɨə-4 kz z ə-0 ŋz l e-0 nz k w o-1 nz k w o-5 nz
NDBA_7_NAM_S0010_122,audio_data/train/NDBA_7_NAM_S0010_122.wav,m ɛ-1 uz ɗ aː-2 ɗ ɨ-4 ŋz ɗ əː-5 s a-2 nz əː-0 t͡ɕ ɨə-4 kz k o-3 ŋmz v aː-1 z ɛ-0 uz l e-0 nz,m ɛ-1 uz ɗ aː-2 ɗ ɨ-4 ŋz ɗ əː-5 s a-2 nz əː-0 t͡ɕ ɨə-4 kz k o-3 ŋmz v aː-1 z ɛ-0 uz l e-0 nz
TTD_7_NAM_S0001_65,audio_data/train/TTD_7_NAM_S0001_65.wav,t əː-4 ɗ ɔ-5 kpz ɗ w aː-5 nz m o-5 tz k ə-5 uz ɗ ɔ-5 kpz ɗ w aː-5 nz h aː-0 iz t əː-4 ɗ ɔ-5 kpz ɗ w aː-5 nz ɓ aː-0,t əː-4 ɗ ɔ-5 kpz ɗ w aː-5 nz m o-5 tz k ə-5 uz ɗ ɔ-5 kpz ɗ w aː-5 nz h aː-0 iz t əː-4 ɗ ɔ-5 kpz ɗ w aː-5 nz ɓ aː-0
PTT_7_NU_S0041_93,audio_data/train/PTT_7_NU_S0041_93.wav,k aː-3 ɓ w o-3 iz t͡ɕ ɨə-0 h ɛ-1,k aː-3 ɓ w o-3 iz t͡ɕ ɨə-0 h ɛ-1
CNBA_Nu_6_S0003_137,audio_data/train/CNBA_Nu_6_S0003_137.wav,k aː-4 m a-0 ŋz t͡ɕ əː-5 tz ɣ a-5 pz k aː-4 m ə-5 pz,k aː-4 m a-0 ŋz t͡ɕ əː-5 tz ɣ a-5 pz k aː-4 m ə-5 pz
TTD_7_NAM_S0001_176,audio_data/train/TTD_7_NAM_S0001_176.wav,t͡ɕ ə-0 uz əː-0 iz t aː-0 ɓ aː-3 uz t͡ɕ ə-0 uz n a-1 iz,t͡ɕ ə-0 uz əː-0 iz t aː-0 ɓ aː-3 uz t͡ɕ ə-0 uz n a-1 iz
TTD_7_NAM_S0001_125,audio_data/train/TTD_7_NAM_S0001_125.wav,eaː-0 ŋ̟z t əː-4 t e-0 nz l aː-1 tʰ aː-4 iz k ɔ-1 nz t͡ɕ i-5 t əː-4 t e-0 nz l aː-1 z aː-0 ŋz,eaː-0 ŋ̟z t əː-4 t e-0 nz l aː-1 tʰ aː-4 iz k ɔ-1 nz t͡ɕ i-5 t əː-4 t e-0 nz l aː-1 z aː-0 ŋz
PTT_7_NU_S0041_79,audio_data/train/PTT_7_NU_S0041_79.wav,ɲ i-1 nz k ɔ-0 nz m a-4 tz l aː-4,ɲ i-1 nz k ɔ-0 nz m a-4 tz l aː-4
THA_Nu_6_S00042_19,audio_data/train/THA_Nu_6_S00042_19.wav,t iə-4 ŋz s o-3 t iə-4 ŋz s i-0 t iə-4 ŋz s ɛ-3,t iə-4 ŋz s o-3 t iə-4 ŋz s i-0 t iə-4 ŋz z ɛ-3
DNK_7_NU_S0048_173,audio_data/train/DNK_7_NU_S0048_173.wav,ɗ aː-1 nz k ɔ-1 ɓ aː-4 kz ɓ o-1 n o-0 ŋmz t͡ɕ u-4 ɓ ɔ-4 iz k aː-4 ɓ a-1 iz t͡ɕ i-0 mz k u-0 ɗ ɨ-4 ŋz i-0 mz ɲ ɨ-0 t ɨə-5 ŋz ɗ aː-4 h aː-5 k eaː-4 ŋ̟z z ɛ-0 uz m ɨ-1 ŋz ɣ ə-5 tz ɣ u-1 k aː-0 h aː-4 tz,ɗ aː-1 nz k ɔ-1 ɓ aː-4 kz ɓ o-1 n o-0 ŋmz t͡ɕ u-4 ɓ ɔ-4 iz k aː-4 ɓ a-1 iz t͡ɕ i-0 mz k u-0 ɗ ɨ-4 ŋz i-0 mz ɲ ɨ-0 t ɨə-5 ŋz ɗ aː-4 h aː-5 k eaː-4 ŋ̟z z ɛ-0 uz m ɨ-1 ŋz ɣ ə-5 tz ɣ u-1 k aː-0 h aː-4 tz
NNM_Nu_6_S00045_94,audio_data/train/NNM_Nu_6_S00045_94.wav,ɗ aː-0 ŋz n a-1 mz əː-0 ɗ ɔ-4,ɗ aː-0 ŋz n a-1 mz əː-0 ɗ ɔ-4
THA_Nu_6_S00042_189,audio_data/train/THA_Nu_6_S00042_189.wav,z əː-1 t əː-4 s ɛ-2 k e-3 t͡ɕ ɔ-0 k ə-5 uz k ə-0 uz t͡ɕ w iə-5 nz t͡ɕ iə-0 k w aː-1,z əː-1 t əː-4 s ɛ-2 k e-3 t͡ɕ ɔ-0 k ə-5 uz k ə-0 uz t͡ɕ w iə-5 nz t͡ɕ iə-0 k w aː-1
THA_Nu_6_S00042_140,audio_data/train/THA_Nu_6_S00042_140.wav,ɓ e-0 t əː-4 n o-4 iz v əː-4 iz m o-5 tz v i-1 z uə-1 t͡ɕ aː-3 s əː-5 ɣ i-1 z uə-1 t͡ɕ aː-3 s əː-5 tʰ i-0,ɓ e-0 t əː-4 n o-4 iz v əː-4 iz m o-5 tz v i-1 z uə-1 t͡ɕ aː-3 s əː-5 ɣ i-1 z uə-1 t͡ɕ aː-3 s əː-5 tʰ i-0
LDMT_Nam_6_S00047_11,audio_data/train/LDMT_Nam_6_S00047_11.wav,x i-0 ɛ-0 mz m əː-0 k ɔ-4 t͡ɕ i-5 əː-0 ɗ ɔ-4,x i-0 ɛ-0 mz m əː-0 k ɔ-4 t͡ɕ i-5 əː-0 ɗ ɔ-4
DNK_7_NU_S0048_229,audio_data/train/DNK_7_NU_S0048_229.wav,tʰ ə-4 iz s əː-0 nz k aː-0 ɗ ɔ-4 iz x aː-4 tz,tʰ ə-4 iz s əː-0 nz k aː-0 ɗ ɔ-4 iz x aː-4 tz
MK_7_NU_S0007_28,audio_data/train/MK_7_NU_S0007_28.wav,k ɔ-4 ɣ i-1 ŋ ə-2 mz ŋ i-2,k ɔ-4 ɣ i-1 ŋ ə-2 mz ŋ i-2
THA_Nu_6_S00042_121,audio_data/train/THA_Nu_6_S00042_121.wav,ɓ ɨə-2 ɗ ɔ-4 tʰ ɔ-3 z aː-0 ɓ əː-1 h o-1,ɓ ɨə-2 ɗ ɔ-4 tʰ ɔ-3 z aː-0 ɓ əː-1 h o-1
CNBA_Nu_6_S0003_57,audio_data/train/CNBA_Nu_6_S0003_57.wav,ɣ ə-1 nz t͡ɕ ɨə-0 ɓ aː-0 ɓ aː-5 nz v e-1 ɲ aː-1,ɣ ə-1 nz t͡ɕ ɨə-0 ɓ aː-0 ɓ aː-5 nz v e-1 ɲ aː-1
TPA_Nu_6_S0009_4,audio_data/train/TPA_Nu_6_S0009_4.wav,s aː-4 ŋz s aː-4 ŋz ɣ aː-1 t͡ɕ o-4 ŋmz ɣ a-4 iz v aː-0 ŋz,s aː-4 ŋz s aː-4 ŋz ɣ aː-1 t͡ɕ o-4 ŋmz ɣ a-4 iz v aː-0 ŋz
PTL_7_NU_S0008_87,audio_data/train/PTL_7_NU_S0008_87.wav,k aː-4 iz k o-3 tʰ u-5 tz ŋ a-4 nz tʰ u-5 tz z aː-0 tʰ u-5 tz z aː-1 iz v aː-1 uz z aː-0,k aː-4 iz k o-3 tʰ u-5 tz ŋ a-4 nz tʰ u-5 tz z aː-0 tʰ u-5 tz z aː-0 v aː-1 uz z aː-0
GQM_Nam_6_S0006_25,audio_data/train/GQM_Nam_6_S0006_25.wav,n ɔ-4 n ɔ-4 k w aː-4 t ɔ-0 l aː-1 mz t͡ɕ w o-5 tz k ɔ-0 nz s əː-5 l aː-1 mz t͡ɕ ɛ-3 k ɔ-0 nz z ə-4 tz s əː-5,n ɔ-4 n ɔ-4 k w aː-4 t ɔ-0 l aː-1 mz t͡ɕ w o-5 tz k ɔ-0 nz s əː-5 l aː-1 mz t͡ɕ ɛ-3 k ɔ-0 nz z ə-4 tz s əː-5
PC_7_NAM_S0004_54,audio_data/train/PC_7_NAM_S0004_54.wav,t əː-4 n e-0 nz x o-0 ŋmz n e-0 nz s a-0 nz ɓ a-4 tz v aː-1 x o-0 ŋmz n e-0 nz a-0 nz tʰ i-5 tz t͡ɕ u-4 ŋmz,t əː-4 n e-0 nz x o-0 ŋmz n e-0 nz s a-0 nz ɓ a-4 tz v aː-1 x o-0 ŋmz n e-0 nz a-0 nz tʰ i-5 tz t͡ɕ u-4 ŋmz
DNK_7_NU_S0048_87,audio_data/train/DNK_7_NU_S0048_87.wav,t͡ɕ i-0 əː-0 iz k ə-5 uz t͡ɕ aː-3 l əː-1 iz z u-4 pz t əː-4 k ə-0 uz n a-1 iz ɲ ɛ-4,t͡ɕ i-0 əː-0 iz k ə-5 uz t͡ɕ aː-3 l əː-1 iz z u-4 pz t əː-4 k ə-0 uz n a-1 iz ɲ ɛ-4
NT_7_NAM_S0009_11,audio_data/train/NT_7_NAM_S0009_11.wav,ɗ e-0 mz ə-4 iz tʰ ə-1 nz z ɔ-4 ɗ e-4 nz ɗ ə-5 pz k ɨə-3 tʰ ɛ-4 tz,ɗ e-0 mz ə-4 iz tʰ ə-1 nz z ɔ-4 ɗ e-4 nz ɗ ə-5 pz k ɨə-3 tʰ ɛ-4 tz
PTL_7_NU_S0008_94,audio_data/train/PTL_7_NU_S0008_94.wav,t͡ɕ u-4 ŋmz m i-1 ŋ̟z k u-1 ŋmz ɗ a-5 tz k ə-0 uz h ɔ-3 iz n aː-1 uz,t͡ɕ u-4 ŋmz m i-1 ŋ̟z k u-1 ŋmz ɗ a-5 tz k ə-0 uz h ɔ-3 iz n aː-1 uz
NMA_7_NU_S0002_47,audio_data/train/NMA_7_NU_S0002_47.wav,ɓ o-5 f ə-5 nz ə-4 iz k ɔ-4 ɗ a-5 kz ɗ iə-3 mz ɣ i-1,ɓ o-5 f ə-5 nz ə-4 iz k ɔ-4 ɗ a-5 kz ɗ iə-3 mz ɣ i-1
PC_7_NAM_S0004_136,audio_data/train/PC_7_NAM_S0004_136.wav,əː-0 t͡ɕ ɨə-1 ŋz z aː-0 t͡ɕ əː-0 iz t əː-4 tʰ ɨə-1 ŋz ɗ ɔ-5 kpz t͡ɕ w iə-5 nz v aː-1 n ɔ-4 iz t͡ɕ w iə-5 nz v əː-4 iz k aː-4 kz ɓ aː-5 nz,əː-0 t͡ɕ ɨə-1 ŋz z aː-0 t͡ɕ əː-0 iz t əː-4 tʰ ɨə-1 ŋz ɗ ɔ-5 kpz t͡ɕ w iə-5 nz v aː-1 n ɔ-4 iz t͡ɕ w iə-5 nz v əː-4 iz k aː-4 kz ɓ aː-5 nz
TTT_Nu_6_S00049_25,audio_data/train/TTT_Nu_6_S00049_25.wav,ɓ ɛ-4 l e-0 t͡ɕ aː-3 m e-0 t i-0 v i-0,ɓ ɛ-4 l e-0 t͡ɕ aː-3 m e-0 t i-0 v i-0
PC_7_NAM_S0004_39,audio_data/train/PC_7_NAM_S0004_39.wav,t͡ɕ ɔ-0 ŋmz k aː-4 kz l w aː-1 iz t͡ɕ i-0 mz k ə-5 uz tʰ i-4 k̟z ɲ ə-4 tz l aː-1 l w aː-1 iz t͡ɕ i-0 mz n aː-1 uz,t͡ɕ ɔ-0 ŋmz k aː-4 kz l w aː-1 iz t͡ɕ i-0 mz k ə-5 uz tʰ i-4 k̟z ɲ ə-4 tz l aː-1 l w aː-1 iz t͡ɕ i-0 mz n aː-1 uz
DNK_7_NU_S0048_123,audio_data/train/DNK_7_NU_S0048_123.wav,v i-1 s aː-0 uz t͡ɕ i-0 mz s ɛ-3 tʰ ɨə-1 ŋz ɲ a-3 iz m aː-1 x o-0 ŋmz ɗ i-0,v i-1 s aː-0 uz t͡ɕ i-0 mz s ɛ-3 tʰ ɨə-1 ŋz ɲ a-3 iz m aː-1 x o-0 ŋmz ɗ i-0
DNK_7_NU_S0048_252,audio_data/train/DNK_7_NU_S0048_252.wav,t͡ɕ i-0 mz s əː-0 nz k aː-0 v aː-1 ɓ o-0 ŋmz k u-4 kpz t͡ɕ a-4 ŋz,t͡ɕ i-0 mz s əː-0 nz k aː-0 v aː-1 ɓ o-0 ŋmz k u-4 kpz t͡ɕ a-4 ŋz
GQM_Nam_6_S0006_57,audio_data/train/GQM_Nam_6_S0006_57.wav,ɣ ə-1 nz t͡ɕ ɨə-0 ɓ aː-0 ɓ aː-5 nz v e-1 ɲ aː-1,ɣ ə-1 nz t͡ɕ ɨə-0 ɓ aː-0 ɓ aː-5 nz v e-1 ɲ aː-1
NTN_7_NU_S0042_39,audio_data/train/NTN_7_NU_S0042_39.wav,t iə-4 ŋz t͡ɕ o-4 ŋmz ɓ a-4 tz ɗ ə-1 uz m o-5 tz n a-0 mz h ɔ-5 kpz m əː-4 iz,t iə-4 ŋz t͡ɕ o-4 ŋmz ɓ a-4 tz ɗ ə-1 uz m o-5 tz n a-0 mz h ɔ-5 kpz m əː-4 iz
TPA_Nu_6_S0009_86,audio_data/train/TPA_Nu_6_S0009_86.wav,tʰ ə-4 iz k o-0 h aː-0 iz ɗ aː-0 ŋz s ɛ-0 t͡ɕ i-3 s ɔ-4 kpz k ɔ-0 nz ɓ aː-3 uz,tʰ ə-4 iz k o-0 h aː-0 iz ɗ aː-0 ŋz s ɛ-0 t͡ɕ i-3 s ɔ-4 kpz k ɔ-0 nz ɓ aː-3 uz
NDBA_7_NAM_S0010_44,audio_data/train/NDBA_7_NAM_S0010_44.wav,n ɔ-4 h a-0 iz l ɛ-0 uz t͡ɕ ɛ-1 uz əː-0 t͡ɕ e-0 nz k eaː-1 ŋ̟z k ə-0 iz n a-1 iz s aː-0 ŋz k eaː-1 ŋ̟z k ə-0 iz n ɔ-5,n ɔ-4 h a-0 iz l ɛ-0 uz t͡ɕ ɛ-1 uz əː-0 t͡ɕ e-0 nz k eaː-1 ŋ̟z k ə-0 iz n a-1 iz s aː-0 ŋz k eaː-1 ŋ̟z k ə-0 iz n ɔ-5
NMA_7_NU_S0002_210,audio_data/train/NMA_7_NU_S0002_210.wav,z u-1 aː-0 iz ɗ i-0 ŋ ɨə-5 kz v e-1 s w o-0 iz,z u-1 aː-0 iz ɗ i-0 ŋ ɨə-5 kz v e-1 s w o-0 iz
PTT_7_NU_S0041_11,audio_data/train/PTT_7_NU_S0041_11.wav,k o-0 n aː-1 ŋz h aː-5 t i-0 ŋ̟z ŋ i-5 k̟z s ɛ-0 nz v aː-1 uz,k o-0 n aː-1 ŋz h aː-5 t i-0 ŋ̟z ŋ i-5 k̟z s ɛ-0 nz v aː-1 uz
THA_Nu_6_S00042_127,audio_data/train/THA_Nu_6_S00042_127.wav,n ɔ-4 l aː-0 k aː-1 ɲ aː-4 k ɔ-3 ɲ aː-4 z ɨə-0,n ɔ-4 l aː-0 k aː-1 ɲ aː-4 k ɔ-3 ɲ aː-4 z ɨə-0
PTL_7_NU_S0008_44,audio_data/train/PTL_7_NU_S0008_44.wav,m i-1 ŋ̟z tʰ ə-4 iz k ɔ-0 nz k aː-4 uz,m i-1 ŋ̟z tʰ ə-4 iz k ɔ-0 nz k aː-4 uz
MK_7_NAM_S0005_18,audio_data/train/MK_7_NAM_S0005_18.wav,tʰ e-4 k w e-0 k ə-5 uz əː-0 ɗ ə-0 uz,tʰ e-4 k w e-0 k ə-5 uz əː-0 ɗ ə-0 uz
TTD_7_NAM_S0001_166,audio_data/train/TTD_7_NAM_S0001_166.wav,t͡ɕ ə-0 uz ɗ ɛ-0 nz,t͡ɕ ə-0 uz ɗ ɛ-0 nz
PTL_7_NU_S0008_109,audio_data/train/PTL_7_NU_S0008_109.wav,t əː-4 tʰ ə-4 iz m o-5 tz k ɔ-0 nz k aː-4 uz,t əː-4 tʰ ə-4 iz m o-5 tz k ɔ-0 nz k aː-4 uz
NTN_7_NU_S0042_77,audio_data/train/NTN_7_NU_S0042_77.wav,k o-0 z aː-4 uz l əː-4 pz ɛ-0 mz,k o-0 z aː-4 uz l əː-4 pz ɛ-0 mz
GQM_Nam_6_S0006_23,audio_data/train/GQM_Nam_6_S0006_23.wav,tʰ əː-0 ɗ ə-1 uz ɓ aː-5 nz ɲ i-1 nz z aː-5 ŋz k uə-3 n ɔ-4 s ɛ-2 tʰ e-4 n aː-1 uz,tʰ əː-0 ɗ ə-1 uz ɓ aː-5 nz ɲ i-1 nz z aː-5 ŋz k uə-3 n ɔ-4 s ɛ-2 tʰ e-4 n aː-1 uz
NTM_Nam_6_S00010_13,audio_data/train/NTM_Nam_6_S00010_13.wav,ɓ a-4 tz t͡ɕ aː-0 iz ɓ ɔ-3 z ɔ-3,ɓ a-4 tz t͡ɕ aː-0 iz ɓ ɔ-3 z ɔ-3
NMA_7_NU_S0002_86,audio_data/train/NMA_7_NU_S0002_86.wav,t͡ɕ u-4 tʰ ɔ-3 ɲ eaː-0 ŋ̟z ɲ ɛ-5 nz z aː-0 uz l iə-0 nz t aː-1 iz t i-1 ŋ̟z,t͡ɕ u-4 tʰ ɔ-3 ɲ eaː-0 ŋ̟z ɲ ɛ-5 nz z aː-0 uz l iə-0 nz t aː-1 iz t i-1 ŋ̟z
NDBA_7_NAM_S0010_76,audio_data/train/NDBA_7_NAM_S0010_76.wav,ɗ ɨ-4 ŋz l aː-5 iz ɗ i-0 ɗ ə-0 uz,ɗ ɨ-4 ŋz l aː-5 iz ɗ i-0 ɗ ə-0 uz
TTT_Nu_6_S00049_69,audio_data/train/TTT_Nu_6_S00049_69.wav,s ɔ-4 iz t ɨ-4 kz z ə-5 nz v aː-1,s ɔ-4 iz t ɨ-4 kz z ə-5 nz v aː-1
THA_Nu_6_S00042_33,audio_data/train/THA_Nu_6_S00042_33.wav,m a-4 kz tʰ ə-5 tz s a-0 nz ɲ o-5 tz k w aː-4 ŋ ɨə-1 iz ɗ a-0 uz h e-4 tz k aː-3 ɓ u-5 ŋmz,m a-4 kz tʰ ə-5 tz s a-0 nz ɲ o-5 tz k w aː-4 ŋ ɨə-1 iz ɗ a-0 uz h e-4 tz k aː-3 ɓ u-5 ŋmz
PC_7_NAM_S0004_6,audio_data/train/PC_7_NAM_S0004_6.wav,n əː-0 iz ɗ ə-1 iz h w aː-0 t͡ɕ a-4 ŋz,n əː-0 iz ɗ ə-1 iz h w aː-0 t͡ɕ a-4 ŋz
NMA_7_NU_S0002_265,audio_data/train/NMA_7_NU_S0002_265.wav,ɲ aː-1 v uə-0 x ɛ-0 nz v aː-1 ɓ aː-0 nz tʰ ɨə-3 ŋz t͡ɕ ɔ-0 k w o-4 kpz t w aː-3 nz ɲ ɨ-0 tʰ e-4 n aː-1 uz,ɲ aː-1 v uə-0 x ɛ-0 nz v aː-1 ɓ aː-0 nz tʰ ɨə-3 ŋz t͡ɕ ɔ-0 k w o-4 kpz t w aː-3 nz ɲ ɨ-0 tʰ e-4 n aː-1 uz
PTL_7_NU_S0008_180,audio_data/train/PTL_7_NU_S0008_180.wav,ɲ ɨ-0 ŋz x o-0 ŋmz f aː-3 iz k ɔ-0 nz v ə-5 tz ɲ ɔ-3 n aː-1 uz k u-2 ŋmz ɗ ɨə-5 kz ɓ e-4,ɲ ɨ-0 ŋz x o-0 ŋmz f aː-3 iz k ɔ-0 nz v ə-5 tz ɲ ɔ-3 n aː-1 uz k u-2 ŋmz ɗ ɨə-5 kz ɓ e-4
NHM_7_NU_S0006_4,audio_data/train/NHM_7_NU_S0006_4.wav,v e-1 s a-0 uz ɲ iə-1 uz ŋ ɨə-1 iz v e-1 ɗ o-1 ŋmz ɓ a-1 ŋz v aː-1 v ɛ-0 nz ɓ iə-3 nz s i-0 ŋ̟z s o-4 ŋmz,v e-1 s a-0 uz ɲ iə-1 uz ŋ ɨə-1 iz v e-1 ɗ o-1 ŋmz ɓ a-1 ŋz v aː-1 v ɛ-0 nz ɓ iə-3 nz s i-0 ŋ̟z s o-4 ŋmz
CNBA_Nu_6_S0003_38,audio_data/train/CNBA_Nu_6_S0003_38.wav,h w aː-4 z aː-0 ɗ ɔ-4 l aː-1 h w aː-1 ŋz t ɨ-3 k uə-3 k ɔ-0 nz v uə-0 n ɨə-4 kz l aː-4 ŋz z iə-1 ŋz ɓ i-5 f u-1 tʰ w i-3 ɓ iə-4 nz tʰ eaː-1 ŋ̟z k ɔ-0 nz e-4 k̟z s ə-4 uz s i-4,h w aː-4 z aː-0 ɗ ɔ-4 l aː-1 h w aː-1 ŋz t ɨ-3 k uə-3 k ɔ-0 nz v uə-0 n ɨə-4 kz l aː-4 ŋz z iə-1 ŋz ɓ i-5 f u-1 tʰ w i-3 ɓ iə-4 nz tʰ eaː-1 ŋ̟z k ɔ-0 nz e-4 k̟z s ə-4 uz s i-4
LXT_Nam_6_S0008_75,audio_data/train/LXT_Nam_6_S0008_75.wav,z e-0 k ɔ-0 nz ɓ ɛ-1 nz l ə-4 iz h e-4 tz s ɨ-4 kz h ɛ-4 tz ɓ ɛ-0 ɓ ɛ-0,z e-0 k ɔ-0 nz ɓ ɛ-1 nz l ə-4 iz h e-4 tz s ɨ-4 kz h ɛ-4 tz ɓ ɛ-0 ɓ ɛ-0
DNK_7_NU_S0048_267,audio_data/train/DNK_7_NU_S0048_267.wav,k u-4 kpz t w aː-3 h ɨə-0 ŋz tʰ əː-0 mz ŋ aː-1 uz ŋ aː-5 tz aː-0 nz w i-3,k u-4 kpz t w aː-3 h ɨə-0 ŋz tʰ əː-0 mz ŋ aː-1 uz ŋ aː-5 tz aː-0 nz w i-3
DNK_7_NU_S0048_84,audio_data/train/DNK_7_NU_S0048_84.wav,h o-5 iz ɲ aː-1 t͡ɕ i-0 mz ɗ u-3 k aː-4 kz l w aː-5 iz ɗ u-3 k aː-4 kz m a-1 uz s a-4 kz z i-4 uz z i-4 tz,h o-5 iz ɲ aː-1 t͡ɕ i-0 mz ɗ u-3 k aː-4 kz l w aː-5 iz ɗ u-3 k aː-4 kz m a-1 uz s a-4 kz z i-4 uz z i-4 tz
NNM_Nu_6_S00045_159,audio_data/train/NNM_Nu_6_S00045_159.wav,t əː-4 ɗ o-4 ɓ aː-5 nz t iə-4 ŋz n aː-1 uz k ɔ-4 v ə-1 nz ɔ-0 mz,t əː-4 ɗ o-4 ɓ aː-5 nz t iə-4 ŋz n aː-1 uz k ɔ-4 v ə-1 nz ɔ-0 mz
NHM_7_NU_S0006_113,audio_data/train/NHM_7_NU_S0006_113.wav,x o-0 ŋmz k ɔ-4 ɣ i-1 tʰ a-0 iz tʰ e-4 ɗ ɨə-5 kz l uə-4 ɣ aː-5 uz,x o-0 ŋmz k ɔ-4 ɣ i-1 tʰ a-0 iz tʰ e-4 ɗ ɨə-5 kz l uə-4 ɣ aː-5 uz
GQM_Nam_6_S0006_21,audio_data/train/GQM_Nam_6_S0006_21.wav,t əː-4 ɗ o-4 ɓ aː-5 nz t aː-5 iz s aː-0 uz t͡ɕ w o-5 tz u-4 tz l aː-5 iz ɓ w o-1 nz,t əː-4 ɗ o-4 ɓ aː-5 nz t aː-5 iz s aː-0 uz t͡ɕ w o-5 tz u-4 tz l aː-5 iz ɓ w o-1 nz
NHM_7_NU_S0006_187,audio_data/train/NHM_7_NU_S0006_187.wav,ŋ aː-1 iz l ə-5 pz t ɨ-4 kz l e-5 ŋ̟z t͡ɕ ɔ-0 m o-5 tz t e-0 nz h ə-1 uz ɗ e-4 nz z u-4 pz eaː-0 ŋ̟z t͡ɕ aː-1 ŋz k iə-0 x ɔ-3 iz h o-1 z o-1 iz m aː-0 ŋz m o-5 tz k w ə-1 nz m o-5 tz ɓ o-5 k w ə-1 nz aː-4 uz m əː-4 iz t͡ɕ ɔ-0 t͡ɕ aː-1 ŋz m a-5 kz,ŋ aː-1 iz l ə-5 pz t ɨ-4 kz l e-5 ŋ̟z t͡ɕ ɔ-0 m o-5 tz t e-0 nz h ə-1 uz ɗ e-4 nz z u-4 pz eaː-0 ŋ̟z t͡ɕ aː-1 ŋz k iə-0 x ɔ-3 iz h o-1 z o-1 iz m aː-0 ŋz m o-5 tz k w ə-1 nz m o-5 tz ɓ o-5 k w ə-1 nz aː-4 uz m əː-4 iz t͡ɕ ɔ-0 t͡ɕ aː-1 ŋz m a-5 kz
NMA_7_NU_S0002_151,audio_data/train/NMA_7_NU_S0002_151.wav,h o-0 mz n aː-1 uz m ɛ-5 ɣ a-5 tz,h o-0 mz n aː-1 uz m ɛ-5 ɣ ə-5 tz
MK_7_NU_S0007_16,audio_data/train/MK_7_NU_S0007_16.wav,k aː-4 kz ɛ-0 mz ɓ iə-4 tz s w aː-5 kz t͡ɕ ɔ-0 k aː-4 kz ɛ-0 mz z ɛ-3 uz,k aː-4 kz ɛ-0 mz ɓ iə-4 tz s w aː-5 kz t͡ɕ ɔ-0 k aː-4 kz ɛ-0 mz z ɛ-3 uz
TPA_Nu_6_S0009_102,audio_data/train/TPA_Nu_6_S0009_102.wav,ɗ e-3 t əː-4 k e-3 l aː-5 iz t͡ɕ ɔ-0 ɓ aː-5 nz ŋ ɛ-0 ɲ ɛ-4,ɗ e-3 t əː-4 k e-3 l aː-5 iz t͡ɕ ɔ-0 ɓ aː-5 nz ŋ ɛ-0 ɲ ɛ-4
CNBA_Nu_6_S0003_109,audio_data/train/CNBA_Nu_6_S0003_109.wav,k aː-4 m a-0 ŋz l ɔ-0 l a-4 ŋz l a-4 mz,k aː-4 m a-0 ŋz l ɔ-0 l a-4 ŋz l a-4 mz
NTM_Nam_6_S00010_22,audio_data/train/NTM_Nam_6_S00010_22.wav,k ə-5 uz ɗ ɔ-5 kpz t͡ɕ ɔ-0 t əː-4 ŋ ɛ-0 ɗ i-0,k ə-5 uz ɗ ɔ-5 kpz t͡ɕ ɔ-0 t əː-4 ŋ ɛ-0 ɗ i-0
TTD_7_NAM_S0001_108,audio_data/train/TTD_7_NAM_S0001_108.wav,t͡ɕ ɔ-0 ŋmz t͡ɕ eaː-0 ŋ̟z eaː-3 ŋ̟z k ɔ-0 nz v ə-5 tz ɗ aː-0 ŋz l aː-1 mz ɣ i-1,t͡ɕ ɔ-0 ŋmz t͡ɕ eaː-0 ŋ̟z eaː-3 ŋ̟z k ɔ-0 nz v ə-5 tz ɗ aː-0 ŋz l aː-1 mz ɣ i-1
NDBA_7_NAM_S0010_107,audio_data/train/NDBA_7_NAM_S0010_107.wav,h ɔ-5 ɗ aː-2 x iə-4 nz ɲ aː-1 v uə-0 z ə-4 tz ə-4 nz t ɨə-5 ŋz,h ɔ-5 ɗ aː-2 x iə-4 nz ɲ aː-1 v uə-0 z ə-4 tz ə-4 nz t ɨə-5 ŋz
PTT_7_NU_S0041_149,audio_data/train/PTT_7_NU_S0041_149.wav,tʰ aː-3 uz əː-0 iz k ə-5 uz k ɔ-4 tʰ i-4 k̟z m uə-1 h ɛ-1 x o-0 ŋmz,tʰ aː-3 uz əː-0 iz k ə-5 uz k ɔ-4 tʰ i-4 k̟z m uə-1 h ɛ-1 x o-0 ŋmz
TPA_Nu_6_S0009_16,audio_data/train/TPA_Nu_6_S0009_16.wav,ŋ ɛ-0 t iə-4 ŋz ɣ a-4 iz aː-0 iz k u-2 ŋmz t i-3 ŋ̟z z ə-4 kz,ŋ ɛ-0 t iə-4 ŋz ɣ a-4 iz aː-0 iz k u-2 ŋmz t i-3 ŋ̟z z ə-4 kz
TTD_7_NAM_S0001_17,audio_data/train/TTD_7_NAM_S0001_17.wav,k aː-4 kz t ɨ-1 n ɔ-4 iz l e-0 nz t͡ɕ aː-3 l əː-1 iz t͡ɕ ɔ-0 k ə-0 uz h ɔ-3 iz n aː-1 uz t͡ɕ ɔ-0 ŋmz k ə-0 uz t͡ɕ e-0 nz,k aː-4 kz t ɨ-1 n ɔ-4 iz l e-0 nz t͡ɕ aː-3 l əː-1 iz t͡ɕ ɔ-0 k ə-0 uz h ɔ-3 iz n aː-1 uz t͡ɕ ɔ-0 ŋmz k ə-0 uz t͡ɕ e-0 nz
MK_7_NAM_S0005_9,audio_data/train/MK_7_NAM_S0005_9.wav,t͡ɕ ɔ-4 m ɛ-1 uz k ɨ-4 k w ə-3 nz t͡ɕ ə-0 nz ŋ ɨə-1 iz,t͡ɕ ɔ-4 m ɛ-1 uz k ɨ-4 k w ə-3 nz t͡ɕ ə-0 nz ŋ ɨə-1 iz
VTA_Nam_6_S0002_44,audio_data/train/VTA_Nam_6_S0002_44.wav,ɲ ɨ-0 ŋz v i-1 k ɔ-4 t aː-1 iz m ɛ-1 uz v ə-2 nz ɗ ɨə-5 kz z ɨ-2 l aː-5 iz,ɲ ɨ-0 ŋz v i-1 k ɔ-4 t aː-1 iz m ɛ-1 uz v ə-2 nz ɗ ɨə-5 kz z ɨ-2 l aː-5 iz
NHM_7_NU_S0006_95,audio_data/train/NHM_7_NU_S0006_95.wav,ŋ a-1 iz s ɨə-0 əː-0 n ɨə-4 kz t aː-0 t͡ɕ ɔ-0 ŋmz s o-4 k aː-4 kz k ɔ-0 nz k uə-3 v uə-0 h u-1 ŋmz v ɨə-0 ŋz tʰ ɨ-4 s a-4 uz k ɔ-4 m o-5 tz h w aː-1 ŋz t ɨ-3 l aː-1 l aː-0 ŋz l iə-0 uz,ŋ a-1 iz s ɨə-0 əː-0 n ɨə-4 kz t aː-0 t͡ɕ ɔ-0 ŋmz s o-4 k aː-4 kz k ɔ-0 nz k uə-3 v uə-0 h u-1 ŋmz v ɨə-0 ŋz tʰ ɨ-4 s a-4 uz k ɔ-4 m o-5 tz h w aː-1 ŋz t ɨ-3 l aː-1 l aː-0 ŋz l iə-0 uz
LXT_Nam_6_S0008_86,audio_data/train/LXT_Nam_6_S0008_86.wav,t əː-4 ɗ ɔ-5 kpz t͡ɕ ɨə-4 kz ɲ ɛ-4,t əː-4 ɗ ɔ-5 kpz t͡ɕ ɨə-4 kz ɲ ɛ-4
LDMT_Nam_6_S00047_41,audio_data/train/LDMT_Nam_6_S00047_41.wav,k aː-3 l u-2 k e-3 l e-3 z o-0 mz z aː-3,k aː-3 l u-2 k e-3 l e-3 z o-0 mz z aː-3
TTT_Nu_6_S00049_35,audio_data/train/TTT_Nu_6_S00049_35.wav,t͡ɕ u-4 ŋmz m i-1 ŋ̟z k u-1 ŋmz ɲ a-0 uz t i-1 mz t iə-4 ŋz k ɔ-4 v ə-1 nz ə-4 pz ɲ ɛ-4,t͡ɕ u-4 ŋmz m i-1 ŋ̟z k u-1 ŋmz ɲ a-0 uz t i-1 mz t iə-4 ŋz k ɔ-4 v ə-1 nz ə-4 pz ɲ ɛ-4
PTT_7_NU_S0041_35,audio_data/train/PTT_7_NU_S0041_35.wav,k ə-0 uz m o-5 tz k ə-0 uz t͡ɕ w iə-5 nz k ə-0 uz t͡ɕ w iə-5 nz k ɔ-4 m ə-4 iz n aː-1 ŋz v iə-0 nz,k ə-0 uz m o-5 tz k ə-0 uz t͡ɕ w iə-5 nz k ə-0 uz t͡ɕ w iə-5 nz k ɔ-4 m ə-4 iz n aː-1 ŋz v iə-0 nz
TTD_7_NAM_S0001_104,audio_data/train/TTD_7_NAM_S0001_104.wav,n ɔ-4 z ə-4 tz ɗ aː-4 ŋz iə-0 uz,n ɔ-4 z ə-4 tz ɗ aː-4 ŋz iə-0 uz
NTN_7_NU_S0042_65,audio_data/train/NTN_7_NU_S0042_65.wav,k u-2 ŋmz tʰ ə-4 iz k o-0 ɗ e-4 nz z o-1 iz,k u-2 ŋmz tʰ ə-4 iz k o-0 ɗ e-4 nz z o-1 iz
DNK_7_NU_S0048_114,audio_data/train/DNK_7_NU_S0048_114.wav,t͡ɕ u-4 ŋmz z u-4 pz z e-2 z aː-1 ŋz z u-4 pz t͡ɕ u-4 ŋmz z e-2 z aː-1 ŋz m o-3 v əː-3 m o-3 v əː-2 k aː-4 kz h aː-5 tz k ɨ-4 ŋz,t͡ɕ u-4 ŋmz z u-4 pz z e-2 z aː-1 ŋz z u-4 pz t͡ɕ u-4 ŋmz z e-2 z aː-1 ŋz m o-3 v əː-3 m o-3 v əː-2 k aː-4 kz h aː-5 tz k ɨ-4 ŋz
NNM_Nu_6_S00045_120,audio_data/train/NNM_Nu_6_S00045_120.wav,n ɔ-4 k ɔ-4 tʰ ə-4 iz k aː-4 s ə-4 uz l u-4 kpz ɗ e-4 nz ɓ əː-1 s o-0 ŋmz w o-4 ŋmz n ɨə-4 kz,n ɔ-4 k ɔ-4 tʰ ə-4 iz k aː-4 s ə-4 uz l u-4 kpz ɗ e-4 nz ɓ əː-1 s o-0 ŋmz w o-4 ŋmz n ɨə-4 kz
VTA_Nam_6_S0002_30,audio_data/train/VTA_Nam_6_S0002_30.wav,ɓ e-0 tʰ ɔ-3 z u-2 ŋmz k aː-3 mz m ɨ-0 uz t͡ɕ i-4 k ɨ-4 uz k w aː-5,ɓ e-0 tʰ ɔ-3 z u-2 ŋmz k aː-3 mz m ɨ-0 uz t͡ɕ i-4 k ɨ-4 uz k w aː-5
CNBA_Nu_6_S0003_55,audio_data/train/CNBA_Nu_6_S0003_55.wav,v ɨə-5 nz t͡ɕ ɨə-0 z aː-4 mz z aː-0 s aː-0,v ɨə-5 nz t͡ɕ ɨə-0 z aː-4 mz z aː-0 s aː-0
TTD_7_NAM_S0001_1,audio_data/train/TTD_7_NAM_S0001_1.wav,ɓ ə-0 iz z əː-1 t əː-4 h ɔ-3 iz n a-1 iz,ɓ ə-0 iz z əː-1 t əː-4 h ɔ-3 iz n a-1 iz
GQM_Nam_6_S0006_31,audio_data/train/GQM_Nam_6_S0006_31.wav,n ɔ-4 t͡ɕ i-3 m w o-4 nz ɗ uə-1 k ɔ-0 nz,n ɔ-4 t͡ɕ i-3 m w o-4 nz ɗ uə-1 k ɔ-0 nz
NNM_Nu_6_S00045_35,audio_data/train/NNM_Nu_6_S00045_35.wav,m o-5 tz n ə-5 pz h aː-0 iz k aː-4 ɓ aː-0 l uə-4,m o-5 tz n ə-5 pz h aː-0 iz k aː-4 ɓ aː-0 l uə-4
PC_7_NAM_S0004_12,audio_data/train/PC_7_NAM_S0004_12.wav,m o-5 tz t͡ɕ u-4 ɓ ɔ-4 iz k aː-4,m o-5 tz t͡ɕ u-4 ɓ ɔ-4 iz k aː-4
PTT_7_NU_S0041_59,audio_data/train/PTT_7_NU_S0041_59.wav,tʰ ɛ-0 uz l əː-1 iz ɓ aː-1 ɗ ə-4 tz tʰ i-1 k aː-4 kz t͡ɕ a-4 uz m o-2 iz ŋ ɨə-1 iz m o-5 tz v ɛ-3,tʰ ɛ-0 uz l əː-1 iz ɓ aː-1 ɗ ə-4 tz tʰ i-1 k aː-4 kz t͡ɕ a-4 uz m o-2 iz ŋ ɨə-1 iz m o-5 tz v ɛ-3
NMA_7_NU_S0002_80,audio_data/train/NMA_7_NU_S0002_80.wav,aː-0 iz aː-0 iz k u-2 ŋmz ɗ ɨə-5 kz t w i-1 l aː-5 iz t aː-1 iz l ə-5 pz k o-0 ŋmz,aː-0 iz aː-0 iz k u-2 ŋmz ɗ ɨə-5 kz t w i-1 l aː-5 iz t aː-1 iz l ə-5 pz k o-0 ŋmz
TTT_Nu_6_S00049_77,audio_data/train/TTT_Nu_6_S00049_77.wav,v aː-1 ŋ o-0 iz ɲ aː-1 v ə-2 nz z ɨ-5 ŋz ɗ ɨə-5 kz,v aː-1 ŋ o-0 iz ɲ aː-1 v ə-2 nz z ɨ-5 ŋz ɗ ɨə-5 kz
THA_7_NU_S0043_97,audio_data/train/THA_7_NU_S0043_97.wav,tʰ ɨə-0 tʰ ə-1 iz ɛ-0 mz t͡ɕ i-3 v aː-0 v aː-1 uz ɓ aː-5 nz t o-0 iz l ə-0 nz n ɔ-4 iz,tʰ ɨə-0 tʰ ə-1 iz ɛ-0 mz t͡ɕ i-3 v aː-0 v aː-1 uz ɓ aː-5 nz t o-0 iz l ə-0 nz n ɔ-4 iz
PC_7_NAM_S0004_58,audio_data/train/PC_7_NAM_S0004_58.wav,ɲ aː-1 t əː-4 k ɔ-4 t͡ɕ o-1 ŋmz k ə-0 iz h w aː-0 h o-1 ŋmz,ɲ aː-1 t əː-4 k ɔ-4 t͡ɕ o-1 ŋmz k ə-0 iz h w aː-0 h o-1 ŋmz
THA_Nu_6_S00042_138,audio_data/train/THA_Nu_6_S00042_138.wav,ə-0 iz t əː-4 n o-4 iz v əː-4 iz h aː-0 iz,ə-0 iz t əː-4 n o-4 iz v əː-4 iz h aː-0 iz
CNBA_Nu_6_S0003_171,audio_data/train/CNBA_Nu_6_S0003_171.wav,m o-5 tz k aː-4 m ə-5 pz aː-4 pz s aː-4 tz k aː-4 m a-0 ŋz,m o-5 tz k aː-4 m ə-5 pz aː-4 pz s aː-4 tz k aː-4 m a-0 ŋz
PTT_7_NU_S0041_51,audio_data/train/PTT_7_NU_S0041_51.wav,tʰ e-4 m eaː-5 ŋ̟z tʰ iə-4 uz ɲ i-0 l aː-5 iz tʰ i-4 k̟z m uə-5 ɛ-0 mz tʰ u-0 ɲ ə-4 tz,tʰ e-4 m eaː-5 ŋ̟z tʰ iə-4 uz ɲ i-0 l aː-5 iz tʰ i-4 k̟z m uə-5 ɛ-0 mz tʰ u-0 ɲ ə-4 tz
NTN_7_NU_S0042_68,audio_data/train/NTN_7_NU_S0042_68.wav,k o-0 z a-5 iz ɛ-0 mz t ə-5 pz v iə-4 tz,k o-0 z a-5 iz ɛ-0 mz t ə-5 pz v iə-4 tz
HYT_Nu_6_S0005_3,audio_data/train/HYT_Nu_6_S0005_3.wav,m ɛ-5 ɓ ə-5 nz l aː-1 mz ɓ e-4 pz,m ɛ-5 ɓ ə-5 nz l aː-1 mz ɓ e-4 pz
TTD_7_NAM_S0001_37,audio_data/train/TTD_7_NAM_S0001_37.wav,ɲ ɨ-2 ŋz h ɔ-1 nz t əː-0 ɲ ɔ-3,ɲ ɨ-2 ŋz h ɔ-1 nz t əː-0 ɲ ɔ-3
THA_Nu_6_S00042_89,audio_data/train/THA_Nu_6_S00042_89.wav,ɓ ɛ-4 k ɔ-4 v ə-0 ŋz l əː-1 iz t͡ɕ i-5 x o-0 ŋmz,ɓ ɛ-4 k ɔ-4 v ə-0 ŋz l əː-1 iz t͡ɕ i-5 x o-0 ŋmz
CNBA_Nu_6_S0003_118,audio_data/train/CNBA_Nu_6_S0003_118.wav,t͡ɕ u-4 ɗ aː-0 ŋz k o-4 t i-1 mz m ɛ-5 tʰ i-1 t ɨ-1 ɗ a-1 ŋz s aː-0 t͡ɕ əː-5 tz h iə-5 nz z aː-0 m o-5 tz k ɔ-0 nz k aː-4 m ə-5 pz,t͡ɕ u-4 ɗ aː-0 ŋz k o-4 t i-1 mz m ɛ-5 tʰ i-1 t ɨ-1 ɗ a-1 ŋz s aː-0 t͡ɕ əː-5 tz h iə-5 nz z aː-0 m o-5 tz k ɔ-0 nz k aː-4 m ə-5 pz
THA_Nu_6_S00042_190,audio_data/train/THA_Nu_6_S00042_190.wav,m aː-4 əː-0 tʰ i-5 s aː-2 v e-1,m aː-4 əː-0 tʰ i-5 s aː-2 v e-1
NMA_7_NU_S0002_252,audio_data/train/NMA_7_NU_S0002_252.wav,ŋ i-2 ɗ e-4 nz k w ə-0 nz z a-5 kz ɗ aː-0 ŋz l a-0 mz l ɛ-0 ɗ ɛ-1 ɗ ə-1 uz k ɨə-2 iz k o-3 z ə-0 nz m i-1 ŋ̟z k ə-5 uz ŋ iə-4 nz z a-0 ŋz h aː-0 iz ɓ aː-1 nz t a-0 iz ɓ ɔ-4 pz t͡ɕ a-5 tz,ŋ i-2 ɗ e-4 nz k w ə-0 nz z a-5 kz ɗ aː-0 ŋz l a-0 mz l ɛ-0 ɗ ɛ-1 ɗ ə-1 uz k ɨə-2 iz k o-3 z ə-0 nz m i-1 ŋ̟z k ə-5 uz ŋ iə-4 nz z a-0 ŋz h aː-0 iz ɓ aː-1 nz t a-0 iz ɓ ɔ-4 pz t͡ɕ a-5 tz
HYT_Nu_6_S0005_25,audio_data/train/HYT_Nu_6_S0005_25.wav,m u-2 n ɔ-4 ɗ ɔ-3 m ɔ-3 ɲ ɔ-5 nz m a-4 tz tʰ o-0 l o-4,m u-2 n ɔ-4 ɗ ɔ-3 m ɔ-3 ɲ ɔ-5 nz m a-4 tz tʰ o-0 l o-4
MK_7_NU_S0007_50,audio_data/train/MK_7_NU_S0007_50.wav,m uə-1 ɗ o-0 ŋmz l eaː-5 ŋ̟z z aː-4,m uə-1 ɗ o-0 ŋmz l eaː-5 ŋ̟z z aː-4
LDMT_Nam_6_S00047_52,audio_data/train/LDMT_Nam_6_S00047_52.wav,n ɛ-4 pz əː-0 ɲ ɔ-4 mz x ɔ-4 mz t͡ɕ ɛ-0,n ɛ-4 pz əː-0 ɲ ɔ-4 mz x ɔ-4 mz t͡ɕ ɛ-0
NMA_7_NU_S0002_144,audio_data/train/NMA_7_NU_S0002_144.wav,ɗ u-4 ŋmz z o-1 iz aː-0 iz ɗ ɔ-4,ɗ u-4 ŋmz z o-1 iz aː-0 iz ɗ ɔ-4
PTT_7_NU_S0041_89,audio_data/train/PTT_7_NU_S0041_89.wav,v əː-1 nz v əː-1 nz ɗ o-0 iz k eaː-4 ŋ̟z n a-4 ŋz,v əː-1 nz v əː-1 nz ɗ o-0 iz k eaː-4 ŋ̟z n a-4 ŋz
THA_7_NU_S0043_163,audio_data/train/THA_7_NU_S0043_163.wav,h i-1 ŋ̟z eaː-3 ŋ̟z s o-4 ɓ o-4 nz,h i-1 ŋ̟z eaː-3 ŋ̟z s o-4 ɓ o-4 nz
GQM_Nam_6_S0006_90,audio_data/train/GQM_Nam_6_S0006_90.wav,n ɨə-3 tʰ ə-0 nz k iə-0 l aː-1 k aː-4,n ɨə-3 tʰ ə-0 nz k iə-0 l aː-1 k aː-4
GQM_Nam_6_S0006_92,audio_data/train/GQM_Nam_6_S0006_92.wav,l aː-1 k ɔ-0 nz v uə-0 k uə-3 ɓ iə-3 nz,l aː-1 k ɔ-0 nz v uə-0 k uə-3 ɓ iə-3 nz
HYT_Nu_6_S0005_76,audio_data/train/HYT_Nu_6_S0005_76.wav,ɗ e-0 mz ɗ e-0 mz n aː-1 ŋz ŋ ə-0 nz ŋ aː-0 h aː-4 tz,ɗ e-0 mz ɗ e-0 mz n aː-1 ŋz ŋ ə-0 nz ŋ aː-0 h aː-4 tz
TTT_Nu_6_S00049_20,audio_data/train/TTT_Nu_6_S00049_20.wav,ə-4 pz m aː-4 ɓ e-4 ɓ ɛ-4 v o-2 v e-1,ə-4 pz m aː-4 ɓ e-4 ɓ ɛ-4 v o-2 v e-1
PC_7_NAM_S0004_18,audio_data/train/PC_7_NAM_S0004_18.wav,k aː-0 h aː-4 tz ɣ ə-5 tz ɣ u-1,k aː-0 h aː-4 tz ɣ ə-5 tz ɣ u-1
TPA_Nu_6_S0009_35,audio_data/train/TPA_Nu_6_S0009_35.wav,ɣ aː-1 t͡ɕ o-4 ŋmz x o-0 ŋmz k ɔ-4 aː-0 iz ɗ e-3 z aː-0 l e-5 ŋ̟z z ə-4 tz ɓ w o-1 nz,ɣ aː-1 t͡ɕ o-4 ŋmz x o-0 ŋmz k ɔ-4 aː-0 iz ɗ e-3 z aː-0 l e-5 ŋ̟z z ə-4 tz ɓ w o-1 nz
CNBA_Nu_6_S0003_15,audio_data/train/CNBA_Nu_6_S0003_15.wav,ŋ i-2 ɗ i-0 ŋ i-2 l aː-5 iz n aː-1 ŋz ɗ eaː-1 ŋ̟z h ɨə-4 v əː-4 iz e-4 k̟z,ŋ i-2 ɗ i-0 ŋ i-2 l aː-5 iz l aː-1 ŋz ɗ eaː-1 ŋ̟z h ɨə-4 v əː-4 iz e-4 k̟z
TTD_7_NAM_S0001_140,audio_data/train/TTD_7_NAM_S0001_140.wav,l uə-4 k uə-3 m ɛ-5 k uə-3 t͡ɕ aː-0,l uə-4 k uə-3 m ɛ-5 k uə-3 t͡ɕ aː-0
CNBA_Nu_6_S0003_113,audio_data/train/CNBA_Nu_6_S0003_113.wav,k aː-4 m a-0 ŋz l aː-5 kz m ɛ-5,k aː-4 m a-0 ŋz l aː-5 kz m ɛ-5
HYT_Nu_6_S0005_9,audio_data/train/HYT_Nu_6_S0005_9.wav,k ɔ-0 nz s əː-5 k w aː-4,k ɔ-0 nz s əː-5 k w aː-4
DNK_7_NU_S0048_165,audio_data/train/DNK_7_NU_S0048_165.wav,m o-5 tz ɗ aː-1 nz k ɔ-1 ɓ eaː-5 k̟z,m o-5 tz ɗ aː-1 nz k ɔ-1 ɓ eaː-5 k̟z
NMA_7_NU_S0002_63,audio_data/train/NMA_7_NU_S0002_63.wav,h w aː-0 ɗ aː-1 uz tʰ a-4 mz ɗ ɔ-3,h w aː-0 ɗ aː-1 uz tʰ a-4 mz ɗ ɔ-3
TPA_Nu_6_S0009_8,audio_data/train/TPA_Nu_6_S0009_8.wav,t͡ɕ u-4 z aː-0 l e-5 ŋ̟z t͡ɕ ɔ-0 ɣ aː-1 m aː-4 iz m əː-0,t͡ɕ u-4 z aː-0 l e-5 ŋ̟z t͡ɕ ɔ-0 ɣ aː-1 m aː-4 iz m əː-0
NMA_7_NU_S0002_99,audio_data/train/NMA_7_NU_S0002_99.wav,ŋ ɨə-5 k ɔ-0 nz h ɨə-0 uz k ɔ-0 nz v ɔ-0 iz k ɔ-0 nz t e-0 z aː-4 kz k ɔ-0 iz tʰ i-1 t ɨ-1 ɓ ɛ-4 ɗ aː-2 f aː-3 iz t ɨ-5 ɗ i-0 tʰ ɛ-0 uz m ɛ-5,ŋ ɨə-5 k ɔ-0 nz h ɨə-0 uz k ɔ-0 nz v ɔ-0 iz k ɔ-0 nz t e-0 z aː-4 kz k ɔ-0 iz tʰ i-1 t ɨ-1 ɓ ɛ-4 ɗ aː-2 f aː-3 iz t ɨ-5 ɗ i-0 tʰ ɛ-0 uz m ɛ-5
THA_7_NU_S0043_23,audio_data/train/THA_7_NU_S0043_23.wav,tʰ ɛ-0 uz t əː-4 k aː-4 kz ɓ aː-5 nz tʰ ə-1 iz t iə-4 tz h ɔ-5 kpz z ə-4 tz v w i-0 ɓ əː-3 iz v i-1 k aː-4 kz ɓ aː-5 nz ɗ ɨə-5 kz ɓ o-0 ŋmz z aː-4 kz t͡ɕ aː-4 iz k ə-0 iz tʰ ɨ-5 kz t e-4 z o-1 iz m əː-4 iz v iə-4 tz ɓ aː-1 iz v a-0 nz t aː-3 t͡ɕ aː-4 iz k ə-0 iz,tʰ ɛ-0 uz t əː-4 k aː-4 kz ɓ aː-5 nz tʰ ə-1 iz t iə-4 tz h ɔ-5 kpz z ə-4 tz v w i-0 ɓ əː-3 iz v i-1 k aː-4 kz ɓ aː-5 nz ɗ ɨə-5 kz ɓ o-0 ŋmz z aː-4 kz t͡ɕ aː-4 iz k ə-0 iz tʰ ɨ-5 kz t e-4 z o-1 iz m əː-4 iz v iə-4 tz ɓ aː-1 iz v a-0 nz t aː-3 t͡ɕ aː-4 iz k ə-0 iz
PTT_7_NU_S0041_127,audio_data/train/PTT_7_NU_S0041_127.wav,ɓ e-0 h w aː-5 tz ɗ o-5 ŋmz k uə-3 k ɔ-0 nz ŋ ɨə-1 iz,ɓ e-0 h w aː-5 tz ɗ o-5 ŋmz k uə-3 k ɔ-0 nz ŋ ɨə-1 iz
MK_7_NU_S0007_82,audio_data/train/MK_7_NU_S0007_82.wav,t͡ɕ a-0 ŋz s ɔ-0 iz f ə-3 iz v aː-1 ŋz z e-5 tz,t͡ɕ a-0 ŋz s ɔ-0 iz f ə-3 iz v aː-1 ŋz z e-5 tz
LXT_Nam_6_S0008_17,audio_data/train/LXT_Nam_6_S0008_17.wav,s aː-4 ŋz s aː-4 ŋz ɣ aː-1 t͡ɕ o-4 ŋmz ɣ a-4 iz v aː-0 ŋz,s aː-4 ŋz s aː-4 ŋz ɣ aː-1 t͡ɕ o-4 ŋmz ɣ a-4 iz v aː-0 ŋz
DNK_7_NU_S0048_161,audio_data/train/DNK_7_NU_S0048_161.wav,o-0 t͡ɕ ɛ-0 z ə-4 tz m aː-4 tz,o-0 t͡ɕ ɛ-0 z ə-4 tz m aː-4 tz
TTT_Nu_6_S00049_58,audio_data/train/TTT_Nu_6_S00049_58.wav,k ɔ-1 nz l əː-5 nz u-4 tz tʰ i-1 l aː-1 mz m o-5 tz ŋ o-0 iz ɲ aː-1 ɓ a-1 ŋz ɣ eaː-5 k̟z,k ɔ-1 nz l əː-5 nz u-4 tz tʰ i-1 l aː-1 mz m o-5 tz ŋ o-0 iz ɲ aː-1 ɓ a-1 ŋz ɣ eaː-5 k̟z
TPA_Nu_6_S0009_198,audio_data/train/TPA_Nu_6_S0009_198.wav,ɲ ɨ-0 ŋz ɲ aː-1 v uə-0 ɓ aː-3 uz,ɲ ɨ-0 ŋz ɲ aː-1 v uə-0 ɓ aː-3 uz
NHM_7_NU_S0006_52,audio_data/train/NHM_7_NU_S0006_52.wav,ɓ aː-5 nz tʰ i-4 k̟z ɲ ə-0 nz v ə-5 tz n aː-1 uz t͡ɕ ɔ-0 ŋmz ɓ aː-1 iz ɗ ɔ-5 kpz n a-1 iz,ɓ aː-5 nz tʰ i-4 k̟z ɲ ə-0 nz v ə-5 tz n aː-1 uz t͡ɕ ɔ-0 ŋmz ɓ aː-1 iz ɗ ɔ-5 kpz n a-1 iz
NT_7_NAM_S0009_4,audio_data/train/NT_7_NAM_S0009_4.wav,m o-5 tz h o-0 mz tʰ ə-1 nz z ɔ-4 ɣ a-5 pz m o-5 tz ŋ ɨə-1 iz t e-0 nz l aː-1 m eaː-5 ŋ̟z,m o-5 tz h o-0 mz tʰ ə-1 nz z ɔ-4 ɣ a-5 pz m o-5 tz ŋ ɨə-1 iz t e-0 nz l aː-1 m eaː-5 ŋ̟z
NMA_7_NU_S0002_9,audio_data/train/NMA_7_NU_S0002_9.wav,h ɨə-0 uz k aː-0 uz k o-3 ɲ ɨ-0 tʰ e-4 n aː-1 uz,h ɨə-0 uz k aː-0 uz k o-3 ɲ ɨ-0 tʰ e-4 n aː-1 uz
THA_7_NU_S0043_15,audio_data/train/THA_7_NU_S0043_15.wav,h w aː-4 z aː-0 f aː-3 iz k w aː-0 nz s aː-4 tz tʰ i-1 m əː-4 iz t aː-3 ɗ u-4 ŋmz v aː-1 h a-0 iz ɗ ɨə-5 kz,h w aː-4 z aː-0 f aː-3 iz k w aː-0 nz s aː-4 tz tʰ i-1 m əː-4 iz t aː-3 ɗ u-4 ŋmz v aː-1 h a-0 iz ɗ ɨə-5 kz
NDBA_7_NAM_S0010_27,audio_data/train/NDBA_7_NAM_S0010_27.wav,t͡ɕ ɔ-0 ŋmz x u-0 z ɨ-1 ŋz n ɔ-5 k aː-4 kz k ɔ-0 nz v ə-5 tz ɗ e-1 uz ɓ ə-5 nz z o-5 nz h a-1 ŋz ŋ a-1 iz t͡ɕ i-0 mz ɣ ɔ-2 x w iə-4 nz ɣ ɔ-2 z ɔ-2 ɗ ɨə-5 kz ɗ u-5 kpz t͡ɕ ɨə-2 ɓ e-5 ŋ̟z t͡ɕ ɔ-0 k ə-0 iz,t͡ɕ ɔ-0 ŋmz x u-0 z ɨ-1 ŋz n ɔ-5 k aː-4 kz k ɔ-0 nz v ə-5 tz ɗ e-1 uz ɓ ə-5 nz z o-5 nz h a-1 ŋz ŋ a-1 iz t͡ɕ i-0 mz ɣ ɔ-2 x w iə-4 nz ɣ ɔ-2 z ɔ-2 ɗ ɨə-5 kz ɗ u-5 kpz t͡ɕ ɨə-2 ɓ e-5 ŋ̟z t͡ɕ ɔ-0 k ə-0 iz
NNM_Nu_6_S00045_39,audio_data/train/NNM_Nu_6_S00045_39.wav,k ɔ-4 ɓ aː-0 eaː-0 ŋ̟z ɛ-0 mz l əː-5 nz,k ɔ-4 ɓ aː-0 eaː-0 ŋ̟z ɛ-0 mz l əː-5 nz
NT_7_NAM_S0009_2,audio_data/train/NT_7_NAM_S0009_2.wav,v e-1 s a-0 uz ɲ iə-1 uz ŋ ɨə-1 iz v e-1 ɗ o-1 ŋmz ɓ a-1 ŋz v aː-1 v ɛ-0 nz ɓ iə-3 nz s i-0 ŋ̟z s o-4 ŋmz,v e-1 s a-0 uz ɲ iə-1 uz ŋ ɨə-1 iz v e-1 ɗ o-1 ŋmz ɓ a-1 ŋz v aː-1 v ɛ-0 nz ɓ iə-3 nz s i-0 ŋ̟z s o-4 ŋmz
CNBA_Nu_6_S0003_260,audio_data/train/CNBA_Nu_6_S0003_260.wav,t əː-4 k aː-3 mz əː-0 nz ɓ aː-5 nz v i-1 k ə-0 uz t͡ɕ w iə-5 nz ɓ aː-3 uz aː-0 nz ɲ ɛ-4,t əː-4 k aː-3 mz əː-0 nz ɓ aː-5 nz v i-1 k ə-0 uz t͡ɕ w iə-5 nz ɓ aː-3 uz aː-0 nz ɲ ɛ-4
NNM_Nu_6_S00045_138,audio_data/train/NNM_Nu_6_S00045_138.wav,l ɨə-1 v aː-1 ŋ ɨə-5,l ɨə-1 v aː-1 ŋ ɨə-5
TTT_Nu_6_S00049_27,audio_data/train/TTT_Nu_6_S00049_27.wav,k ɔ-4 m aː-4 ɓ ɛ-4 l e-0 t͡ɕ aː-3 s əː-5 n ɨə-2,k ɔ-4 m aː-4 ɓ ɛ-4 l e-0 t͡ɕ aː-3 s əː-5 l ɨə-2
NMA_7_NU_S0002_11,audio_data/train/NMA_7_NU_S0002_11.wav,t͡ɕ u-4 h ɨə-0 uz k aː-0 uz ɲ ə-4 tz t əː-4 iz ɣ ə-1 nz s a-4 uz m ɛ-4 tz,t͡ɕ u-4 h ɨə-0 uz k aː-0 uz ɲ ə-4 tz t əː-4 iz ɣ ə-1 nz s a-4 uz m ɛ-4 tz
MK_7_NU_S0007_52,audio_data/train/MK_7_NU_S0007_52.wav,m uə-1 ɗ o-0 ŋmz ɲ iə-1 uz m ɨə-0 m uə-1 h ɛ-1 ɲ iə-1 uz n a-4 ŋz,m uə-1 ɗ o-0 ŋmz ɲ iə-1 uz m ɨə-0 m uə-1 h ɛ-1 ɲ iə-1 uz n a-4 ŋz
PTT_7_NU_S0041_140,audio_data/train/PTT_7_NU_S0041_140.wav,t əː-4 t͡ɕ ɔ-5 nz i-0 ə-0 iz t iə-4 ŋz t a-1 mz a-0 nz z ə-0 uz,t əː-4 t͡ɕ ɔ-5 nz i-0 ə-0 iz t iə-4 ŋz t a-1 mz a-0 nz z ə-0 uz
NMA_7_NU_S0002_18,audio_data/train/NMA_7_NU_S0002_18.wav,z ɨ-1 ŋz l aː-1 ɣ i-1 t͡ɕ ɨə-3 ɓ iə-4 tz,z ɨ-1 ŋz l aː-1 ɣ i-1 t͡ɕ ɨə-3 ɓ iə-4 tz
DNK_7_NU_S0048_139,audio_data/train/DNK_7_NU_S0048_139.wav,t͡ɕ i-0 əː-0 iz k ə-5 uz ɗ ɔ-5 kpz t͡ɕ ɔ-0 t əː-4 ŋ ɛ-0 ɓ aː-1 iz n a-1 iz ɲ ɛ-4,t͡ɕ i-0 əː-0 iz k ə-5 uz ɗ ɔ-5 kpz t͡ɕ ɔ-0 t əː-4 ŋ ɛ-0 ɓ aː-1 iz n a-1 iz ɲ ɛ-4
TPA_Nu_6_S0009_141,audio_data/train/TPA_Nu_6_S0009_141.wav,tʰ ə-4 iz k o-0 u-4 tz tʰ ə-5 tz t i-1 ŋ̟z tʰ ɨə-0 ŋz m ɛ-5 aː-0 iz aː-0 iz k u-2 ŋmz k w i-4 m e-4 nz k o-0,tʰ ə-4 iz k o-0 u-4 tz tʰ ə-5 tz t i-1 ŋ̟z tʰ ɨə-0 ŋz m ɛ-5 aː-0 iz aː-0 iz k u-2 ŋmz k w i-4 m e-4 nz k o-0
GQM_Nam_6_S0006_66,audio_data/train/GQM_Nam_6_S0006_66.wav,t əː-4 ɗ i-0 ɓ iə-3 nz ɲ aː-0 t͡ɕ aː-0 ŋz,t əː-4 ɗ i-0 ɓ iə-3 nz ɲ aː-0 t͡ɕ aː-0 ŋz
TTT_Nu_6_S00049_83,audio_data/train/TTT_Nu_6_S00049_83.wav,ɓ aː-5 nz tʰ ə-4 iz t əː-4 k e-3 t͡ɕ w iə-5 nz k ɔ-4 h a-0 iz x o-0 ŋmz,ɓ aː-5 nz tʰ ə-4 iz t əː-4 k e-3 t͡ɕ w iə-5 nz k ɔ-4 h a-0 iz x o-0 ŋmz
DNK_7_NU_S0048_177,audio_data/train/DNK_7_NU_S0048_177.wav,ɓ aː-4 kz ɓ o-1 n o-0 ŋmz ɗ ɨ-4 ŋz i-0 mz ɲ ɨ-0 t ɨə-5 ŋz ɗ aː-4,ɓ aː-4 kz ɓ o-1 n o-0 ŋmz ɗ ɨ-4 ŋz i-0 mz ɲ ɨ-0 t ɨə-5 ŋz ɗ aː-4
NMA_7_NU_S0002_118,audio_data/train/NMA_7_NU_S0002_118.wav,ɓ ɔ-4 ŋmz s ɨ-1 ŋz t͡ɕ ə-0 uz z ɨə-4 iz eaː-4 ŋ̟z t͡ɕ iə-1 uz k ɛ-4 uz z aː-1 iz l aː-0 nz z o-5 ŋmz l aː-0 nz z o-5 ŋmz z ɨə-2 ɗ o-1 ŋmz iə-0 nz l a-5 ŋz,ɓ ɔ-4 ŋmz s ɨ-1 ŋz t͡ɕ ə-0 uz z ɨə-4 iz eaː-4 ŋ̟z t͡ɕ iə-1 uz k ɛ-4 uz z aː-1 iz l aː-0 nz z o-5 ŋmz l aː-0 nz z o-5 ŋmz z ɨə-2 ɗ o-1 ŋmz iə-0 nz l a-5 ŋz
CNBA_Nu_6_S0003_142,audio_data/train/CNBA_Nu_6_S0003_142.wav,k aː-4 m ə-5 pz aː-4 pz s aː-4 tz k aː-4 m a-0 ŋz,k aː-4 m ə-5 pz aː-4 pz s aː-4 tz k aː-4 m a-0 ŋz
PTT_7_NU_S0041_95,audio_data/train/PTT_7_NU_S0041_95.wav,ŋ ɛ-0 ɲ ɨ-0 m ɨə-0 z aː-1 uz,ŋ ɛ-0 ɲ ɨ-0 m ɨə-0 z aː-1 uz
DNK_7_NU_S0048_140,audio_data/train/DNK_7_NU_S0048_140.wav,ɗ ɨə-5 kz tʰ o-0 iz,ɗ ɨə-5 kz tʰ o-0 iz
PC_7_NAM_S0004_56,audio_data/train/PC_7_NAM_S0004_56.wav,t əː-4 ɗ aː-2 x o-0 ŋmz s a-0 nz ɓ a-4 nz t͡ɕ u-4 ŋmz,t əː-4 ɗ aː-2 x o-0 ŋmz s a-0 nz ɓ a-4 nz t͡ɕ u-4 ŋmz
CNBA_Nu_6_S0003_125,audio_data/train/CNBA_Nu_6_S0003_125.wav,s aː-4 ŋz s aː-4 ŋz m ɛ-5 z ə-2 nz t͡ɕ u-4 ɗ i-0 k iə-4 mz a-0 nz m o-5 tz h o-0 mz m ɨə-0 t ɔ-0 z ɔ-4 l əː-4 nz k aː-4 m a-0 ŋz l aː-5 kz m ɛ-5,s aː-4 ŋz s aː-4 ŋz m ɛ-5 z ə-2 nz t͡ɕ u-4 ɗ i-0 k iə-4 mz a-0 nz m o-5 tz h o-0 mz m ɨə-0 t ɔ-0 z ɔ-4 l əː-4 nz k aː-4 m a-0 ŋz l aː-5 kz m ɛ-5
NDBA_7_NAM_S0010_43,audio_data/train/NDBA_7_NAM_S0010_43.wav,t əː-4 ɓ iə-4 tz k ɔ-0 nz x i-3 ɓ iə-3 uz z iə-2 nz,t əː-4 ɓ iə-4 tz k ɔ-0 nz x i-3 ɓ iə-3 uz z iə-2 nz
THA_Nu_6_S00042_10,audio_data/train/THA_Nu_6_S00042_10.wav,ɲ aː-1 s ɛ-3 k ɔ-4 ɲ ɨ-2 ŋz aː-0 iz,ɲ aː-1 s ɛ-2 k ɔ-4 ɲ ɨ-2 ŋz aː-0 iz
CNBA_Nu_6_S0003_42,audio_data/train/CNBA_Nu_6_S0003_42.wav,h w aː-1 ŋz t ɨ-3 n ɔ-4 iz,h w aː-1 ŋz t ɨ-3 n ɔ-4 iz
NT_7_NAM_S0009_66,audio_data/train/NT_7_NAM_S0009_66.wav,l ɨə-1 ɗ i-5 k̟z t͡ɕ u-4 x i-3 x o-0 nz ŋ w aː-0 nz,l ɨə-1 ɗ i-5 k̟z t͡ɕ u-4 x i-3 x o-0 nz ŋ w aː-0 nz
DNK_7_NU_S0048_246,audio_data/train/DNK_7_NU_S0048_246.wav,ɨ-0 t əː-4 x o-0 ŋmz ɓ a-4 tz t͡ɕ i-0 mz ɗ ə-0 uz,ɨ-0 t əː-4 x o-0 ŋmz ɓ a-4 tz t͡ɕ i-0 mz ɗ ə-0 uz
PTT_7_NU_S0041_121,audio_data/train/PTT_7_NU_S0041_121.wav,f ə-1 nz ɗ ɔ-5 kpz h iə-3 uz ɲ ɛ-4,f ə-1 nz ɗ ɔ-5 kpz h iə-3 uz ɲ ɛ-4
TTD_7_NAM_S0001_11,audio_data/train/TTD_7_NAM_S0001_11.wav,t i-1 mz k aː-4 kz t ɨ-1 t͡ɕ i-3 ɗ a-5 kz ɗ iə-3 mz t͡ɕ ɔ-0 ŋmz ɲ ɨ-2 ŋz k ə-0 uz s a-0 uz,t i-1 mz k aː-4 kz t ɨ-1 t͡ɕ i-3 ɗ a-5 kz ɗ iə-3 mz t͡ɕ ɔ-0 ŋmz ɲ ɨ-2 ŋz k ə-0 uz s a-0 uz
THA_Nu_6_S00042_197,audio_data/train/THA_Nu_6_S00042_197.wav,m aː-4 əː-0 tʰ i-5 s aː-2 v e-1,m aː-4 əː-0 tʰ i-5 s aː-2 v e-1
HYT_Nu_6_S0005_4,audio_data/train/HYT_Nu_6_S0005_4.wav,t͡ɕ w o-5 tz u-4 tz ɓ w o-1 nz l w i-2 k w i-2 ɗ i-0 z aː-0 s ə-0 nz,t͡ɕ w o-5 tz u-4 tz ɓ w o-1 nz l w i-1 k w i-3 ɗ i-0 z aː-0 s ə-0 nz
PTL_7_NU_S0008_158,audio_data/train/PTL_7_NU_S0008_158.wav,t͡ɕ u-4 ŋmz m i-1 ŋ̟z k u-1 ŋmz t i-1 mz v aː-1 v iə-4 tz t e-0 nz k aː-4 kz k ɔ-0 nz v ə-5 tz ɓ a-4 tz ɗ ə-1 uz ɓ a-1 ŋz t͡ɕ ɨ-2 t͡ɕ əː-1 h w a-5 kz t͡ɕ əː-1,t͡ɕ u-4 ŋmz m i-1 ŋ̟z k u-1 ŋmz t i-1 mz v aː-1 v iə-4 tz t e-0 nz k aː-4 kz k ɔ-0 nz v ə-5 tz ɓ a-4 tz ɗ ə-1 uz ɓ a-1 ŋz t͡ɕ ɨ-2 t͡ɕ əː-1 h w a-5 kz t͡ɕ əː-1
VTA_Nam_6_S0002_11,audio_data/train/VTA_Nam_6_S0002_11.wav,ɲ eaː-0 ŋ̟z ɲ ɨ-0 k a-4 tz tʰ ɔ-3 f ɔ-4 ŋmz v aː-1 uz z ɨ-1 ŋz,ɲ eaː-0 ŋ̟z ɲ ɨ-0 k a-4 tz tʰ ɔ-3 f ɔ-4 ŋmz v aː-1 uz z ɨ-1 ŋz
LXT_Nam_6_S0008_88,audio_data/train/LXT_Nam_6_S0008_88.wav,ɔ-0 ŋmz v aː-1 ɓ ɨə-4 mz,ɔ-0 ŋmz v aː-1 ɓ ɨə-4 mz
NHM_7_NU_S0006_162,audio_data/train/NHM_7_NU_S0006_162.wav,ɗ i-0 h iə-0 v aː-1 uz m ɛ-1 uz tʰ aː-3 ɓ o-5 tʰ ɔ-3 ŋmz z ɔ-0 ŋmz ɗ ə-1 iz h eaː-2 ŋ̟z z iə-5 nz,ɗ i-0 h iə-0 v aː-1 uz m ɛ-1 uz tʰ aː-3 ɓ o-5 tʰ ɔ-3 ŋmz z ɔ-0 ŋmz ɗ ə-1 iz h eaː-2 ŋ̟z z iə-5 nz
CNBA_Nu_6_S0003_157,audio_data/train/CNBA_Nu_6_S0003_157.wav,n ɔ-4 aː-4 pz s aː-4 tz m ɛ-5 k aː-3 mz z aː-4 kz l ə-0 ŋz l ə-0 ŋz x ɔ-4 t aː-3,n ɔ-4 aː-4 pz s aː-4 tz m ɛ-5 k aː-3 mz z aː-4 kz l ə-0 ŋz l ə-0 ŋz x ɔ-4 t aː-3
MK_7_NAM_S0005_14,audio_data/train/MK_7_NAM_S0005_14.wav,ɓ w o-3 iz t͡ɕ ɨə-0 t͡ɕ a-4 uz m aː-3 iz ɗ i-0 k ə-0 uz,ɓ w o-3 iz t͡ɕ ɨə-0 t͡ɕ a-4 uz m aː-3 iz ɗ i-0 k ə-0 uz
PTL_7_NU_S0008_164,audio_data/train/PTL_7_NU_S0008_164.wav,t͡ɕ u-4 ŋmz m i-1 ŋ̟z k u-1 ŋmz t i-1 mz ɲ ɨ-2 ŋz k ɔ-0 nz k ɔ-4 z ə-4 uz h ɔ-3 iz h w a-5 kz z ə-4 uz ŋ aː-2 ɲ ɛ-4,t͡ɕ u-4 ŋmz m i-1 ŋ̟z k u-1 ŋmz t i-1 mz ɲ ɨ-2 ŋz k ɔ-0 nz k ɔ-4 z ə-4 uz h ɔ-3 iz h w a-5 kz z ə-4 uz ŋ aː-2 ɲ ɛ-4
THA_Nu_6_S00042_233,audio_data/train/THA_Nu_6_S00042_233.wav,a-0 mz t a-1 mz t a-4 mz n a-1 mz t͡ɕ a-0 mz t͡ɕ i-3,a-0 mz t a-1 mz t a-4 mz n a-1 mz t͡ɕ a-0 mz t͡ɕ i-3
PTT_7_NU_S0041_20,audio_data/train/PTT_7_NU_S0041_20.wav,ɓ aː-1 v w i-0 v ɛ-3 ɣ ɔ-4 pz t͡ɕ w iə-5 nz,ɓ aː-1 v w i-0 v ɛ-3 ɣ ɔ-4 pz t͡ɕ w iə-5 nz
NMA_7_NU_S0002_211,audio_data/train/NMA_7_NU_S0002_211.wav,ɲ əː-4 ŋ a-1 iz z o-2 t o-3 m u-1 ŋmz m ɨə-1 iz tʰ aː-4 ŋz ɓ aː-0,ɲ əː-4 ŋ a-1 iz z o-2 t o-3 m u-1 ŋmz m ɨə-1 iz tʰ aː-4 ŋz ɓ aː-0
PC_7_NAM_S0004_92,audio_data/train/PC_7_NAM_S0004_92.wav,k w e-0 t əː-4 k ɔ-4 ɗ e-1 nz h u-1 ŋmz z ə-4 tz t ɔ-0 v aː-1 k ɔ-4 m o-5 tz k ɔ-0 nz s o-0 ŋmz z ə-4 tz t ɔ-0 s a-0 uz ɲ aː-1 ɓ aː-1 ŋ w aː-5 iz t əː-4,k w e-0 t əː-4 k ɔ-4 ɗ e-1 nz h u-1 ŋmz z ə-4 tz t ɔ-0 v aː-1 k ɔ-4 m o-5 tz k ɔ-0 nz s o-0 ŋmz z ə-4 tz t ɔ-0 s a-0 uz ɲ aː-1 ɓ aː-1 ŋ w aː-5 iz t əː-4
TPA_Nu_6_S0009_21,audio_data/train/TPA_Nu_6_S0009_21.wav,t iə-4 pz ɗ ɔ-4 l aː-5 iz k w a-0 iz s aː-0 ŋz ɣ aː-1 m aː-4 iz v aː-1 ŋz,t iə-4 pz ɗ ɔ-4 l aː-5 iz k w a-0 iz s aː-0 ŋz ɣ aː-1 m aː-4 iz v aː-1 ŋz
GQM_Nam_6_S0006_63,audio_data/train/GQM_Nam_6_S0006_63.wav,v aː-1 t ɨ-1 l u-4 kpz ɗ ɔ-4 ɗ e-4 nz n əː-0 iz tʰ ə-4 iz ɗ ɛ-5 pz l a-4 mz,v aː-1 t ɨ-1 l u-4 kpz ɗ ɔ-4 ɗ e-4 nz n əː-0 iz tʰ ə-4 iz ɗ ɛ-5 pz l a-4 mz
THA_7_NU_S0043_28,audio_data/train/THA_7_NU_S0043_28.wav,k i-4 ɓ i-5 l iə-5 tz h əː-0 iz k eaː-4 ŋ̟z t a-0 iz t ɨ-1 ɲ ɔ-3,k i-4 ɓ i-5 l iə-5 tz h əː-0 iz k eaː-4 ŋ̟z t a-0 iz t ɨ-1 ɲ ɔ-3
MK_7_NAM_S0005_303,audio_data/train/MK_7_NAM_S0005_303.wav,k ɔ-0 nz t a-1 uz ɲ ɨ-0 m w i-2 t e-0 nz,k ɔ-0 nz t a-1 uz ɲ ɨ-0 m w i-2 t e-0 nz
HYT_Nu_6_S0005_57,audio_data/train/HYT_Nu_6_S0005_57.wav,tʰ əː-3 s əː-5 ɨə-4 tz əː-0 t͡ɕ e-0 nz ɓ əː-1 k o-3 v u-2,tʰ əː-3 s əː-5 ɨə-4 tz əː-0 t͡ɕ e-0 nz ɓ əː-1 k o-3 v u-2
DNK_7_NU_S0048_34,audio_data/train/DNK_7_NU_S0048_34.wav,k ɔ-3 m ɔ-5 kpz s eaː-0 ŋ̟z t͡ɕ ə-0 nz ɗ e-0,k ɔ-3 m ɔ-5 kpz s eaː-0 ŋ̟z t͡ɕ ə-0 nz ɗ e-0
LXT_Nam_6_S0008_113,audio_data/train/LXT_Nam_6_S0008_113.wav,ɗ i-0 t͡ɕ əː-0 iz z ɔ-0 ŋmz,ɗ i-0 t͡ɕ əː-0 iz z ɔ-0 ŋmz
HYT_Nu_6_S0005_54,audio_data/train/HYT_Nu_6_S0005_54.wav,t͡ɕ e-0 nz m a-5 tz ɓ iə-3 nz ɓ ɔ-5 nz k aː-4 t͡ɕ w o-1 nz h a-0 mz h əː-3 l ɨə-4 tz ɗ i-0,t͡ɕ e-0 nz m a-5 tz ɓ iə-3 nz ɓ ɔ-5 nz k aː-4 t͡ɕ w o-1 nz h a-0 mz h əː-3 l ɨə-4 tz ɗ i-0
NHM_7_NU_S0006_70,audio_data/train/NHM_7_NU_S0006_70.wav,k ɔ-4 k aː-3 m o-5 tz k ə-0 iz k ə-1 uz l a-4 tz l ɛ-3 uz ŋ a-0 iz z ɨə-4 iz m aː-4 iz ɲ aː-1,k ɔ-4 k aː-3 m o-5 tz k ə-0 iz k ə-1 uz l a-4 tz l ɛ-3 uz ŋ a-0 iz z ɨə-4 iz m aː-4 iz ɲ aː-1
HYT_Nu_6_S0005_87,audio_data/train/HYT_Nu_6_S0005_87.wav,ɗ e-0 mz ɗ e-0 mz n aː-1 ŋz ŋ ə-0 nz ŋ aː-0 h aː-4 tz,ɗ e-0 mz ɗ e-0 mz n aː-1 ŋz ŋ ə-0 nz ŋ aː-0 h aː-4 tz
TPA_Nu_6_S0009_125,audio_data/train/TPA_Nu_6_S0009_125.wav,tʰ ɨə-0 ŋz m ɛ-5 tʰ ɨə-0 ŋz m ɛ-5 m aː-1 k ɔ-1 nz k ɔ-5 t͡ɕ ə-5 uz z o-1 iz m aː-1 m aː-1 m əː-4 iz v e-1 t͡ɕ a-0 mz m ɛ-5,tʰ ɨə-0 ŋz m ɛ-5 tʰ ɨə-0 ŋz m ɛ-5 m aː-1 k ɔ-1 nz k ɔ-5 t͡ɕ ə-5 uz z o-1 iz m aː-1 m aː-1 m əː-4 iz v e-1 t͡ɕ a-0 mz m ɛ-5
DNK_7_NU_S0048_85,audio_data/train/DNK_7_NU_S0048_85.wav,ɓ a-0 iz ɗ e-4 nz ɗ ə-5 uz əː-0 ɲ ɨ-2 ŋz ɓ w i-5 k ə-0 iz k w eaː-0 ŋ̟z h o-1,ɓ a-0 iz ɗ e-4 nz ɗ o-5 ŋmz əː-0 ɲ ɨ-2 ŋz ɓ w i-5 k ə-0 iz k w eaː-0 ŋ̟z h o-1
PTT_7_NU_S0041_102,audio_data/train/PTT_7_NU_S0041_102.wav,ɓ ɔ-4 ŋmz k u-2 ŋmz n a-1 mz i-0 mz,ɓ ɔ-4 ŋmz k u-2 ŋmz n a-1 mz i-0 mz
DNK_7_NU_S0048_3,audio_data/train/DNK_7_NU_S0048_3.wav,t͡ɕ i-5 ɛ-4 nz ɓ ə-5 nz ɗ i-0 ɗ ə-0 uz,t͡ɕ i-5 ɛ-4 nz ɓ ə-5 nz ɗ i-0 ɗ ə-0 uz
NNM_Nu_6_S00045_32,audio_data/train/NNM_Nu_6_S00045_32.wav,t əː-4 ɗ o-4 ɓ aː-5 nz ɣ ɛ-4 pz ɗ u-4 ŋmz,t əː-4 ɗ o-4 ɓ aː-5 nz ɣ ɛ-4 pz ɗ u-4 ŋmz
CNBA_Nu_6_S0003_9,audio_data/train/CNBA_Nu_6_S0003_9.wav,h aː-1 ŋz ŋ a-1 iz n aː-1 ŋz t͡ɕ əː-0 iz v əː-4 iz k w aː-3 ɓ ɔ-4 ŋmz t͡ɕ ɔ-0 ŋmz x u-0 v ɨə-1 nz k uə-3 l ə-0 uz ɗ aː-1 iz,h aː-1 ŋz ŋ a-1 iz l aː-1 ŋz t͡ɕ əː-0 iz v əː-4 iz k w aː-3 ɓ ɔ-4 ŋmz t͡ɕ ɔ-0 ŋmz x u-0 v ɨə-1 nz k uə-3 l ə-0 uz ɗ aː-1 iz
PC_7_NAM_S0004_37,audio_data/train/PC_7_NAM_S0004_37.wav,v i-1 s aː-0 uz ɓ aː-5 nz l aː-5 iz tʰ i-4 k̟z l w aː-1 iz t͡ɕ i-0 mz ɗ ɔ-4,v i-1 s aː-0 uz ɓ aː-5 nz l aː-5 iz tʰ i-4 k̟z l w aː-1 iz t͡ɕ i-0 mz ɗ ɔ-4
TTD_7_NAM_S0001_159,audio_data/train/TTD_7_NAM_S0001_159.wav,h aː-0 iz l aː-1 k aː-4 iz s ɨ-1 ŋz n ɔ-4 v e-0 ŋ̟z v e-0 ŋ̟z,h aː-0 iz l aː-1 k aː-4 iz s ɨ-1 ŋz n ɔ-4 v e-0 ŋ̟z v e-0 ŋ̟z
CNBA_Nu_6_S0003_43,audio_data/train/CNBA_Nu_6_S0003_43.wav,t aː-0 s a-2 nz s aː-1 ŋz tʰ aː-0 tʰ ɨ-4 n e-4 uz n aː-1 ŋz h ɨə-4 v əː-4 iz t aː-0 t ɨ-1 n a-0 iz n aː-1 ŋz x o-0 ŋmz ɓ aː-0 uz z əː-1 ɗ eaː-4 ŋ̟z z aː-4 ŋ ɨə-1 iz x aː-4 kz k w aː-0 v ɛ-3 ŋ w aː-1 iz n ɨə-2,t aː-0 s a-2 nz s aː-1 ŋz tʰ aː-0 tʰ ɨ-4 n e-4 uz n aː-1 ŋz h ɨə-4 v əː-4 iz t aː-0 t ɨ-1 n a-0 iz n aː-1 ŋz x o-0 ŋmz ɓ aː-0 uz z əː-1 ɗ eaː-4 ŋ̟z z aː-4 ŋ ɨə-1 iz x aː-4 kz k w aː-0 v ɛ-3 ŋ w aː-1 iz n ɨə-2
NMA_7_NU_S0002_223,audio_data/train/NMA_7_NU_S0002_223.wav,ŋ ɨə-1 iz k ɔ-0 nz t͡ɕ ɨə-3 ŋz ɗ ɛ-0 nz ɗ ɨə-5 kz t o-0 nz l aː-1 mz v uə-0 l ə-4 iz h iə-5 uz l aː-1 h u-1 ŋmz v ɨə-0 ŋz ɗ ɔ-4 ŋmz ɗ o-0 əː-0 ɗ ə-4 tz f ɔ-0 ŋmz t͡ɕ ə-0 uz k ɔ-0 nz t͡ɕ a-4 uz k aː-1 ŋz ŋ a-1 iz k aː-1 ŋz ɗ o-0 ŋmz ɗ u-4 kpz,ŋ ɨə-1 iz k ɔ-0 nz t͡ɕ ɨə-3 ŋz ɗ ɛ-0 nz ɗ ɨə-5 kz t o-0 nz l aː-1 mz v uə-0 l ə-4 iz h iə-5 uz l aː-1 h u-1 ŋmz v ɨə-0 ŋz ɗ ɔ-4 ŋmz ɗ o-0 əː-0 ɗ ə-4 tz f ɔ-0 ŋmz t͡ɕ ə-0 uz k ɔ-0 nz t͡ɕ a-4 uz k aː-1 ŋz ŋ a-1 iz k aː-1 ŋz ɗ o-0 ŋmz ɗ ɨ-4 tz
PC_7_NAM_S0004_87,audio_data/train/PC_7_NAM_S0004_87.wav,k w e-0 t əː-4 əː-0 f u-4 tʰ ɔ-5,k w e-0 t əː-4 əː-0 f u-4 tʰ ɔ-5
THA_7_NU_S0043_83,audio_data/train/THA_7_NU_S0043_83.wav,ɓ o-4 k uə-3 v iə-5 tz n ɔ-4 iz ɣ i-1,ɓ o-4 k uə-3 v iə-5 tz n ɔ-4 iz ɣ i-1
NPC_7_NU_S0047_4,audio_data/train/NPC_7_NU_S0047_4.wav,m uə-1 s w ə-0 nz k ɔ-4 k ə-0 iz k o-4 iz ɗ ə-0 mz t͡ɕ o-1 iz n a-3 iz l o-5 kpz,m uə-1 s ə-0 nz k ɔ-4 k ə-0 iz k o-4 iz ɗ ə-0 mz t͡ɕ o-1 iz n a-3 iz l o-5 kpz
DNK_7_NU_S0048_195,audio_data/train/DNK_7_NU_S0048_195.wav,ɓ o-0 ŋmz k u-4 kpz k u-2 ŋmz h ɛ-4 uz l aː-3 ɗ i-0 v i-1 tʰ ɨə-0 ŋz s ɔ-4 tz,ɓ o-0 ŋmz k u-4 kpz k u-2 ŋmz h ɛ-4 uz l aː-3 ɗ i-0 v i-1 tʰ ɨə-0 ŋz s ɔ-4 tz
PTT_7_NU_S0041_41,audio_data/train/PTT_7_NU_S0041_41.wav,n aː-1 ŋz t e-0 nz ɗ o-0 ŋmz t ɨə-5 ŋz t͡ɕ ɨ-0 ŋz t͡ɕ ɔ-0 m uə-1 ɗ o-0 ŋmz,n aː-1 ŋz t e-0 nz ɗ o-0 ŋmz t ɨə-5 ŋz t͡ɕ ɨ-0 ŋz t͡ɕ ɔ-0 m uə-1 ɗ o-0 ŋmz
NT_7_NAM_S0009_38,audio_data/train/NT_7_NAM_S0009_38.wav,v i-1 s aː-0 uz tʰ ə-1 nz z ɔ-4 f aː-3 iz t͡ɕ i-5 uz tʰ uə-0 o-0 ŋmz m eaː-5 ŋ̟z,v i-1 s aː-0 uz tʰ ə-1 nz z ɔ-4 f aː-3 iz t͡ɕ i-5 uz tʰ uə-0 o-0 ŋmz m eaː-5 ŋ̟z
PC_7_NAM_S0004_91,audio_data/train/PC_7_NAM_S0004_91.wav,v ə-5 iz k w e-0 ɓ aː-5 nz k ɔ-4 ɲ ɨ-2 ŋz k eaː-3 ŋ̟z ɗ ɛ-5 pz ɣ i-1,v ə-5 iz k w e-0 ɓ aː-5 nz k ɔ-4 ɲ ɨ-2 ŋz k eaː-3 ŋ̟z ɗ ɛ-5 pz ɣ i-1
TTT_Nu_6_S00049_21,audio_data/train/TTT_Nu_6_S00049_21.wav,k aː-4 m ə-5 pz əː-0 t i-0 v i-0 m aː-4 m aː-1,k aː-4 m ə-5 pz əː-0 t i-0 v i-0 m aː-4 m aː-1
NMA_7_NU_S0002_284,audio_data/train/NMA_7_NU_S0002_284.wav,h ɔ-5 kpz s i-0 ŋ̟z k aː-3 n ɨə-4 kz h ɨə-3 ŋz ɨ-4 ŋz k w o-5 kpz tʰ i-0 ɲ ɨ-0 tʰ e-4 n aː-1 uz,h ɔ-5 kpz s i-0 ŋ̟z k aː-3 n ɨə-4 kz h ɨə-3 ŋz ɨ-4 ŋz k w o-5 kpz tʰ i-0 ɲ ɨ-0 tʰ e-4 n aː-1 uz
TPA_Nu_6_S0009_173,audio_data/train/TPA_Nu_6_S0009_173.wav,m o-5 tz h o-0 mz v uə-0 t͡ɕ aː-0 t͡ɕ ɔ-0 n aː-1 ŋz m o-5 tz k w aː-3 ɓ ɔ-4 ŋmz ɓ a-1 ŋz v aː-1 ŋz,m o-5 tz h o-0 mz v uə-0 t͡ɕ aː-0 t͡ɕ ɔ-0 n aː-1 ŋz m o-5 tz k w aː-3 ɓ ɔ-4 ŋmz ɓ a-1 ŋz v aː-1 ŋz
NT_7_NAM_S0009_21,audio_data/train/NT_7_NAM_S0009_21.wav,h w eaː-1 ŋ̟z h eaː-1 ŋ̟z l aː-1 mz ɲ iə-1 uz ɗ iə-1 uz ŋ aː-0 ŋz ŋ ɨə-5 kz t͡ɕ e-0 nz x a-4 pz m o-5 tz v u-1 ŋmz x o-0 ŋmz k iə-0 ŋz n e-3 aː-0 iz,h w aː-1 ŋz h eaː-1 ŋ̟z l aː-1 mz ɲ iə-1 uz ɗ iə-1 uz ŋ aː-0 ŋz ŋ ɨə-5 kz t͡ɕ e-0 nz x a-4 pz m o-5 tz v u-1 ŋmz x o-0 ŋmz k iə-0 ŋz n e-3 aː-0 iz
NDBA_7_NAM_S0010_3,audio_data/train/NDBA_7_NAM_S0010_3.wav,h a-1 ŋz ŋ a-1 iz t͡ɕ i-0 mz ɣ ɔ-2 k iə-4 nz ɣ ɔ-2 ɣ ɔ-2 ɗ u-5 kpz ɗ u-5 kpz t͡ɕ ɨə-2 ɓ e-5 ŋ̟z t͡ɕ ɔ-0 k ə-0 iz,h a-1 ŋz ŋ a-1 iz t͡ɕ i-0 mz ɣ ɔ-2 k iə-4 nz ɣ ɔ-2 ɣ ɔ-2 ɗ u-5 kpz ɗ u-5 kpz t͡ɕ ɨə-2 ɓ e-5 ŋ̟z t͡ɕ ɔ-0 k ə-0 iz
THA_7_NU_S0043_55,audio_data/train/THA_7_NU_S0043_55.wav,k ɔ-1 nz t əː-4 t əː-4 z ə-4 tz s u-4 kpz ɗ o-5 ŋmz x ə-0 mz f u-5 kpz i-0 t͡ɕ i-4,k ɔ-1 nz t əː-4 t əː-4 z ə-4 tz s u-4 kpz ɗ o-5 ŋmz x ə-0 mz f u-5 kpz i-0 t͡ɕ i-4
NTN_7_NU_S0042_11,audio_data/train/NTN_7_NU_S0042_11.wav,tʰ ɛ-0 uz t əː-4 t͡ɕ ɨə-1 ŋz m əː-4 iz t͡ɕ əː-3 tʰ eaː-1 ŋ̟z ŋ o-0 iz ɲ aː-1 tʰ ɨ-4 h aː-0 iz k uə-3 h aː-1 v aː-1 k aː-4 kz ɓ aː-5 nz,tʰ ɛ-0 uz t əː-4 t͡ɕ ɨə-1 ŋz m əː-4 iz t͡ɕ əː-3 tʰ eaː-1 ŋ̟z ŋ o-0 iz ɲ aː-1 tʰ ɨ-4 h aː-0 iz k uə-3 h aː-1 v aː-1 k aː-4 kz ɓ aː-5 nz
NTN_7_NU_S0042_85,audio_data/train/NTN_7_NU_S0042_85.wav,ɗ aː-4 pz l əː-1 iz t͡ɕ aː-1 uz k o-0 aː-0,ɗ aː-4 pz l əː-1 iz t͡ɕ aː-1 uz k o-0 aː-0
NT_7_NAM_S0009_3,audio_data/train/NT_7_NAM_S0009_3.wav,ɗ ə-0 iz l aː-1 n əː-0 iz tʰ ə-1 nz z ɔ-4 z ɔ-4 h w eaː-1 ŋ̟z h eaː-1 ŋ̟z,ɗ ə-0 iz l aː-1 l əː-0 iz tʰ ə-1 nz z ɔ-4 z ɔ-4 h w aː-1 nz h eaː-1 ŋ̟z
TTD_7_NAM_S0001_148,audio_data/train/TTD_7_NAM_S0001_148.wav,t͡ɕ ə-0 uz k ɨ-4 t͡ɕ ɛ-4 nz t͡ɕ ɔ-0 n ɔ-0,t͡ɕ ə-0 uz k ɨ-4 t͡ɕ ɛ-4 nz t͡ɕ ɔ-0 n ɔ-0
NHM_7_NU_S0006_135,audio_data/train/NHM_7_NU_S0006_135.wav,k e-3 t ɨ-1 ɗ ɔ-4 m o-2 iz x i-0 ɗ e-4 nz t e-4 tz ŋ w iə-0 nz ɗ aː-4 nz tʰ i-1 z ə-0 nz t͡ɕ u-4 ŋmz l aː-5 iz l aː-1 mz ɓ eaː-4 ŋ̟z t͡ɕ ɨ-0 ŋz ɓ eaː-4 ŋ̟z z a-1 iz ɗ e-3 z ə-0 ŋz t͡ɕ u-4 ŋmz k u-4 ŋmz t o-3 t iə-0 nz v aː-1 t͡ɕ əː-1 iz ɗ ə-4 tz,k e-3 t ɨ-1 ɗ ɔ-4 m o-2 iz x i-0 ɗ e-4 nz t e-4 tz ŋ w iə-0 nz ɗ aː-4 nz tʰ i-1 z ə-0 nz t͡ɕ u-4 ŋmz l aː-5 iz l aː-1 mz ɓ eaː-4 ŋ̟z t͡ɕ ɨ-0 ŋz ɓ eaː-4 ŋ̟z z a-1 iz ɗ e-3 z ə-0 ŋz t͡ɕ u-4 ŋmz k u-4 ŋmz t o-3 t iə-0 nz v aː-1 t͡ɕ əː-1 iz ɗ ə-4 tz
NDBA_7_NAM_S0010_35,audio_data/train/NDBA_7_NAM_S0010_35.wav,t əː-4 f aː-4 tz h iə-5 nz z aː-0 m i-1 ŋ̟z k ɔ-4 t͡ɕ iə-4 kz m w i-2,t əː-4 f aː-4 tz h iə-5 nz z aː-0 m i-1 ŋ̟z k ɔ-4 t͡ɕ iə-4 kz m w i-2
NHM_7_NU_S0006_40,audio_data/train/NHM_7_NU_S0006_40.wav,z əː-1 m i-1 ŋ̟z h ɔ-3 iz ɓ aː-5 nz h a-2 iz s ɨ-3 z u-5 ŋmz k ə-0 uz v i-1 s aː-0 uz ɗ e-3 h ɔ-3 iz ɗ aː-4 pz v əː-4 iz ɓ aː-5 nz v e-1 n o-5 iz z u-0 ŋmz k ə-0 uz t͡ɕ w iə-5 nz,z əː-1 m i-1 ŋ̟z h ɔ-3 iz ɓ aː-5 nz h a-2 iz s ɨ-3 z u-5 ŋmz k ə-0 uz v i-1 s aː-0 uz ɗ e-3 h ɔ-3 iz ɗ aː-4 pz v əː-4 iz ɓ aː-5 nz v e-1 n o-5 iz z u-0 ŋmz k ə-0 uz t͡ɕ w iə-5 nz
TTD_7_NAM_S0001_28,audio_data/train/TTD_7_NAM_S0001_28.wav,t aː-0 iə-0 uz t͡ɕ u-4 l a-4 mz,t aː-0 iə-0 uz t͡ɕ u-4 l a-4 mz
CNBA_Nu_6_S0003_141,audio_data/train/CNBA_Nu_6_S0003_141.wav,k aː-4 m a-0 ŋz l aː-5 kz m ɛ-5 f ə-1 nz h aː-0 iz,k aː-4 m a-0 ŋz l aː-5 kz m ɛ-5 f ə-1 nz h aː-0 iz
NDBA_7_NAM_S0010_9,audio_data/train/NDBA_7_NAM_S0010_9.wav,t əː-4 f aː-4 tz h iə-5 nz z aː-0 m i-1 ŋ̟z k ɔ-4 t͡ɕ iə-4 kz m w i-2,t əː-4 f aː-4 tz h iə-5 nz z aː-0 m i-1 ŋ̟z k ɔ-4 t͡ɕ iə-4 kz m w i-2
NTM_Nam_6_S00010_54,audio_data/train/NTM_Nam_6_S00010_54.wav,k ɔ-0 nz k aː-4 k ɔ-4 ɣ i-1,k ɔ-0 nz k aː-4 k ɔ-4 ɣ i-1
NMA_7_NU_S0002_33,audio_data/train/NMA_7_NU_S0002_33.wav,k w o-4 iz k u-1 ŋmz l aː-1 k aː-4 iz ɗ w o-0 iz,k w o-4 iz k u-1 ŋmz l aː-1 k aː-4 iz ɗ w o-0 iz
TPA_Nu_6_S0009_108,audio_data/train/TPA_Nu_6_S0009_108.wav,ɗ ɨə-5 kz m ɛ-5 iə-0 uz tʰ ɨə-0 ŋz t͡ɕ a-0 mz s ɔ-4 kpz ɓ aː-0 k o-0 k ɔ-0 nz ɣ aː-4 iz l əː-4 nz ɲ eaː-0 ŋ̟z ɲ ɨ-0 tʰ o-3 iz,ɗ ɨə-5 kz m ɛ-5 iə-0 uz tʰ ɨə-0 ŋz t͡ɕ a-0 mz s ɔ-4 kpz ɓ aː-0 k o-0 k ɔ-0 nz ɣ aː-4 iz l əː-4 nz ɲ eaː-0 ŋ̟z ɲ ɨ-0 tʰ o-3 iz
THA_7_NU_S0043_136,audio_data/train/THA_7_NU_S0043_136.wav,m ɨ-1 ŋz v w i-0 z o-1 iz l aː-5 iz ɗ i-0,m ɨ-1 ŋz v w i-0 z o-1 iz l aː-5 iz ɗ i-0
DNK_7_NU_S0048_159,audio_data/train/DNK_7_NU_S0048_159.wav,k aː-3 t w aː-4 nz t͡ɕ i-0 mz k u-0,k aː-3 t w aː-4 nz t͡ɕ i-0 mz k u-0
PC_7_NAM_S0004_97,audio_data/train/PC_7_NAM_S0004_97.wav,v i-1 s aː-0 uz ɓ aː-5 nz l aː-5 iz tʰ i-4 k̟z v e-1 k w e-0,v i-1 s aː-0 uz ɓ aː-5 nz l aː-5 iz tʰ i-4 k̟z v e-1 k w e-0
GQM_Nam_6_S0006_86,audio_data/train/GQM_Nam_6_S0006_86.wav,ɗ e-0 mz ɗ e-0 mz n aː-1 ŋz ŋ ə-0 nz ŋ aː-0 h aː-4 tz,ɗ e-0 mz ɗ e-0 mz n aː-1 ŋz ŋ ə-0 nz ŋ aː-0 h aː-4 tz
MK_7_NAM_S0005_177,audio_data/train/MK_7_NAM_S0005_177.wav,ɗ ɨə-5 kz k ə-5 uz ɗ ɔ-5 kpz t͡ɕ ɨə-4 kz ɗ i-0,ɗ ɨə-5 kz k ə-5 uz ɗ ɔ-5 kpz t͡ɕ ɨə-4 kz ɗ i-0
PTL_7_NU_S0008_75,audio_data/train/PTL_7_NU_S0008_75.wav,k aː-4 s ə-4 uz m ɛ-5 tʰ aː-0 t ɨ-1 ŋz ɗ ɨə-4 k ɔ-0 nz t͡ɕ ɔ-0 ŋmz m iə-5 ŋz ɗ e-4 nz n əː-0 iz n ɔ-4 m w o-4 nz m aː-1 x o-0 ŋmz l aː-1 mz ɗ a-0 uz k ɔ-0 nz,k aː-4 s ə-4 uz m ɛ-5 tʰ aː-0 t ɨ-1 ŋz ɗ ɨə-4 k ɔ-0 nz t͡ɕ ɔ-0 ŋmz m iə-5 ŋz ɗ e-4 nz l əː-0 iz l ɔ-4 m w o-4 nz m aː-1 x o-0 ŋmz l aː-1 mz ɗ a-0 uz k ɔ-0 nz
GQM_Nam_6_S0006_96,audio_data/train/GQM_Nam_6_S0006_96.wav,k aː-4 kz ɛ-0 mz v ɨə-1 ɗ ɨə-5 kz ɗ ɔ-5 kpz ɓ aː-1 iz n aː-1 ŋz t iə-0 nz k aː-4,k aː-4 kz ɛ-0 mz v ɨə-1 ɗ ɨə-5 kz ɗ ɔ-5 kpz ɓ aː-1 iz n aː-1 ŋz t iə-0 nz k aː-4
LXT_Nam_6_S0008_49,audio_data/train/LXT_Nam_6_S0008_49.wav,ɣ aː-1 t͡ɕ o-4 ŋmz x o-0 ŋmz k ɔ-4 aː-0 iz ɗ e-3 z aː-0 l e-5 ŋ̟z z ə-4 tz ɓ w o-1 nz,ɣ aː-1 t͡ɕ o-4 ŋmz x o-0 ŋmz k ɔ-4 aː-0 iz ɗ e-3 z aː-0 l e-5 ŋ̟z z ə-4 tz ɓ w o-1 nz
NMA_7_NU_S0002_42,audio_data/train/NMA_7_NU_S0002_42.wav,t͡ɕ ə-0 nz ɗ ə-5 pz ɣ i-1 k u-2 ŋmz n aː-4 tz,t͡ɕ ə-0 nz ɗ ə-5 pz ɣ i-1 k u-2 ŋmz n aː-4 tz
THA_Nu_6_S00042_198,audio_data/train/THA_Nu_6_S00042_198.wav,m aː-4 k ɔ-4 k w aː-1 t͡ɕ ɔ-0 k aː-3 ɲ aː-1,m aː-4 k ɔ-4 k w aː-1 t͡ɕ ɔ-0 k aː-3 ɲ aː-1
PTL_7_NU_S0008_131,audio_data/train/PTL_7_NU_S0008_131.wav,w i-1 h aː-0 iz m ɨə-0 iz z ə-0 iz,w i-1 h aː-0 iz m ɨə-0 iz z ə-0 iz
DNK_7_NU_S0048_223,audio_data/train/DNK_7_NU_S0048_223.wav,t͡ɕ ɔ-5 nz i-0 ɓ e-0 x o-0 ŋmz t əː-4 x o-0 ŋmz ɓ a-4 tz t͡ɕ i-0 mz ɗ ə-0 uz t o-5 iz ŋ iə-5 pz n ɔ-4,t͡ɕ ɔ-5 nz i-0 ɓ e-0 x o-0 ŋmz t əː-4 x o-0 ŋmz ɓ a-4 tz t͡ɕ i-0 mz ɗ ə-0 uz t o-5 iz ŋ iə-5 pz n ɔ-4
CNBA_Nu_6_S0003_131,audio_data/train/CNBA_Nu_6_S0003_131.wav,t͡ɕ u-4 ɗ aː-0 ŋz k o-4 t i-1 mz m ɛ-5 tʰ i-1 t ɨ-1 ɗ a-1 ŋz s aː-0 t͡ɕ əː-5 tz h iə-5 nz z aː-0 m o-5 tz k ɔ-0 nz k aː-4 m ə-5 pz,t͡ɕ u-4 ɗ aː-0 ŋz k o-4 t i-1 mz m ɛ-5 tʰ i-1 t ɨ-1 ɗ a-1 ŋz s aː-0 t͡ɕ əː-5 tz h iə-5 nz z aː-0 m o-5 tz k ɔ-0 nz k aː-4 m ə-5 pz
NHM_7_NU_S0006_175,audio_data/train/NHM_7_NU_S0006_175.wav,ɲ aː-1 v uə-0 ɲ ə-5 nz k w aː-1 z o-1 iz k aː-3 mz əː-0 nz t͡ɕ u-3 ɲ ə-0 nz k uə-3 m ɛ-1 uz z ə-4 tz t͡ɕ ə-0 nz tʰ eaː-1 ŋ̟z,ɲ aː-1 v uə-0 ɲ ə-5 nz k w aː-1 z o-1 iz k aː-3 mz əː-0 nz t͡ɕ u-3 ɲ ə-0 nz k uə-3 m ɛ-1 uz z ə-4 tz t͡ɕ ə-0 nz tʰ eaː-1 ŋ̟z
TPA_Nu_6_S0009_33,audio_data/train/TPA_Nu_6_S0009_33.wav,t͡ɕ u-4 ɣ aː-1 k w aː-0 nz t͡ɕ ɔ-5 ŋmz,t͡ɕ u-4 ɣ aː-1 k w aː-0 nz t͡ɕ ɔ-5 ŋmz
NMA_7_NU_S0002_181,audio_data/train/NMA_7_NU_S0002_181.wav,v ɨə-1 nz s a-0 uz ɣ aː-1 ɓ əː-4 iz z u-0 nz l e-0 nz,v ɨə-1 nz s a-0 uz ɣ aː-1 m əː-4 iz z u-0 nz l e-0 nz
NNM_Nu_6_S00045_30,audio_data/train/NNM_Nu_6_S00045_30.wav,t͡ɕ u-4 ŋmz m i-1 ŋ̟z k u-1 ŋmz ɲ a-0 uz t i-1 mz t iə-4 ŋz k ɔ-4 v ə-1 nz ə-4 pz ɲ ɛ-4,t͡ɕ u-4 ŋmz m i-1 ŋ̟z k u-1 ŋmz ɲ a-0 uz t i-1 mz t iə-4 ŋz k ɔ-4 v ə-1 nz ə-4 pz ɲ ɛ-4
PTT_7_NU_S0041_46,audio_data/train/PTT_7_NU_S0041_46.wav,aː-0 iz k u-2 ŋmz iə-0 uz k w i-4 t͡ɕ i-5,aː-0 iz k u-2 ŋmz iə-0 uz k w i-4 t͡ɕ i-5
NHM_7_NU_S0006_161,audio_data/train/NHM_7_NU_S0006_161.wav,l ə-5 pz t ɨ-4 kz eaː-0 ŋ̟z m a-0 iz t͡ɕ ɔ-0 m ɛ-1 uz m o-5 tz ɓ o-5 h iə-0 v aː-1 t͡ɕ iə-4 kz aː-4 uz x w aː-4 kz,l ə-5 pz t ɨ-4 kz eaː-0 ŋ̟z m a-0 iz t͡ɕ ɔ-0 m ɛ-1 uz m o-5 tz ɓ o-5 h iə-0 v aː-1 t͡ɕ iə-4 kz aː-4 uz x w aː-4 kz
TPA_Nu_6_S0009_30,audio_data/train/TPA_Nu_6_S0009_30.wav,ɓ ə-0 iz z əː-1 t͡ɕ u-4 ŋmz m i-1 ŋ̟z ɗ ɔ-5 kpz t iə-4 pz ɓ aː-1 iz t͡ɕ u-4 ɣ aː-1 k w aː-0 nz t͡ɕ ɔ-5 ŋmz h aː-0 iz ɗ i-0,ɓ ə-0 iz z əː-1 t͡ɕ u-4 ŋmz m i-1 ŋ̟z ɗ ɔ-5 kpz t iə-4 pz ɓ aː-1 iz t͡ɕ u-4 ɣ aː-1 k w aː-0 nz t͡ɕ ɔ-5 ŋmz h aː-0 iz ɗ i-0
DNK_7_NU_S0048_281,audio_data/train/DNK_7_NU_S0048_281.wav,t͡ɕ ɨə-4 kz x i-0 ɓ i-5 ɓ ɔ-3 v aː-1 uz l o-1 ŋmz,t͡ɕ ɨə-4 kz x i-0 ɓ i-5 ɓ ɔ-3 v aː-1 uz l o-1 ŋmz
HYT_Nu_6_S0005_68,audio_data/train/HYT_Nu_6_S0005_68.wav,s a-0 uz ɗ ə-0 iz k ɔ-0 nz s i-0 nz ɗ ɨə-5 kz ɗ ɔ-5 kpz ɓ aː-1 iz n aː-1 ŋz t iə-0 nz k aː-4,s a-0 uz ɗ ə-0 iz k ɔ-0 nz s i-0 nz ɗ ɨə-5 kz ɗ ɔ-5 kpz ɓ aː-1 iz n aː-1 ŋz t iə-0 nz k aː-4
TPA_Nu_6_S0009_161,audio_data/train/TPA_Nu_6_S0009_161.wav,t o-0 iz ɗ a-5 tz v aː-1 uz t w i-4 ɲ ɨ-2 ŋz ɣ i-1 t o-4 tz ɲ ə-4 tz m i-1 ŋ̟z ɗ aː-2 l aː-1 mz t͡ɕ ɔ-0 ŋmz n a-0 mz,t o-0 iz ɗ a-5 tz v aː-1 uz t w i-4 ɲ ɨ-2 ŋz ɣ i-1 t o-4 tz ɲ ə-4 tz m i-1 ŋ̟z ɗ aː-2 l aː-1 mz t͡ɕ ɔ-0 ŋmz n a-0 mz
HYT_Nu_6_S0005_55,audio_data/train/HYT_Nu_6_S0005_55.wav,ɗ e-4 nz l ɨə-5 tz k u-4 nz n ɔ-4 l ɨə-4 tz ɲ ɨ-0 m uə-4 l ɨə-5 nz,ɗ e-4 nz l ɨə-5 tz k u-4 nz n ɔ-4 l ɨə-4 tz ɲ ɨ-0 m uə-4 l ɨə-5 nz
TTD_7_NAM_S0001_105,audio_data/train/TTD_7_NAM_S0001_105.wav,m o-2 iz l ə-1 nz t əː-4 ɗ i-0 h ɔ-5 kpz v e-1 n ɔ-4 tʰ ɨə-1 ŋz v ə-2 iz ɗ w o-0 iz v aː-1 t͡ɕ a-5 iz ɗ e-4 nz t͡ɕ o-2 t əː-4,m o-2 iz l ə-1 nz t əː-4 ɗ i-0 h ɔ-5 kpz v e-1 n ɔ-4 tʰ ɨə-1 ŋz v ə-2 iz ɗ w o-0 iz v aː-1 t͡ɕ a-5 iz ɗ e-4 nz t͡ɕ o-2 t əː-4
NTN_7_NU_S0042_45,audio_data/train/NTN_7_NU_S0042_45.wav,k ə-5 uz v aː-1 t əː-4 k u-1 ŋmz ɗ ɔ-5 kpz t iə-4 pz ɓ aː-1 iz tʰ əː-0 k o-0 z aː-4 uz l əː-4 pz ɛ-0 mz ɲ ɛ-4,k ə-5 uz v aː-1 t əː-4 k u-1 ŋmz ɗ ɔ-5 kpz t iə-4 pz ɓ aː-1 iz tʰ əː-0 k o-0 z aː-4 uz l əː-4 pz ɛ-0 mz ɲ ɛ-4
TPA_Nu_6_S0009_82,audio_data/train/TPA_Nu_6_S0009_82.wav,tʰ ɨə-0 ŋz m ɛ-5 tʰ ɨə-0 ŋz m ɛ-5 m aː-1 k ɔ-1 nz k ɔ-5 t͡ɕ ə-5 uz z o-1 iz m əː-4 iz v e-1 tʰ a-0 mz m ɛ-5,tʰ ɨə-0 ŋz m ɛ-5 tʰ ɨə-0 ŋz m ɛ-5 m aː-1 k ɔ-1 nz k ɔ-5 t͡ɕ ə-5 uz z o-1 iz m əː-4 iz v e-1 tʰ a-0 mz m ɛ-5
NMA_7_NU_S0002_31,audio_data/train/NMA_7_NU_S0002_31.wav,z ɨ-1 ŋz k u-2 ŋmz k ɔ-4 k ɛ-3 aː-4 kz,z ɨ-1 ŋz k u-2 ŋmz k ɔ-4 k ɛ-3 aː-4 kz
DNK_7_NU_S0048_1,audio_data/train/DNK_7_NU_S0048_1.wav,t͡ɕ i-0 əː-0 iz ɓ ə-0 iz z əː-1 t͡ɕ u-4 ŋmz t aː-0 k u-1 ŋmz ɗ ɔ-5 kpz ɓ aː-1 iz t͡ɕ i-0 mz ɛ-4 nz,t͡ɕ i-0 əː-0 iz ɓ ə-0 iz z əː-1 t͡ɕ u-4 ŋmz t aː-0 k u-1 ŋmz ɗ ɔ-5 kpz ɓ aː-1 iz t͡ɕ i-0 mz ɛ-4 nz
NTN_7_NU_S0042_2,audio_data/train/NTN_7_NU_S0042_2.wav,h aː-1 v aː-1 k aː-4 kz ɓ aː-5 nz tʰ ɨə-1 ŋz t͡ɕ ɔ-1 t͡ɕ w iə-5 nz v e-1 ŋ o-0 iz t͡ɕ ɨə-1 ŋz ɗ aː-0 ŋz s ə-0 iz,h aː-1 v aː-1 k aː-4 kz ɓ aː-5 nz tʰ ɨə-1 ŋz t͡ɕ ɔ-1 t͡ɕ w iə-5 nz v e-1 ŋ o-0 iz t͡ɕ ɨə-1 ŋz ɗ aː-0 ŋz s ə-0 iz
LXT_Nam_6_S0008_3,audio_data/train/LXT_Nam_6_S0008_3.wav,t əː-4 ɗ ɔ-5 kpz t͡ɕ ɨə-4 kz ɲ ɛ-4,t əː-4 ɗ ɔ-5 kpz t͡ɕ ɨə-4 kz ɲ ɛ-4
DNK_7_NU_S0048_175,audio_data/train/DNK_7_NU_S0048_175.wav,t əː-4 ɣ ɛ-4 pz ɗ u-4 ŋmz l aː-1,t əː-4 ɣ ɛ-4 pz ɗ u-4 ŋmz l aː-1
THA_Nu_6_S00042_98,audio_data/train/THA_Nu_6_S00042_98.wav,t͡ɕ ɔ-4 s u-1 l u-1 l u-1 ɗ i-0 z aː-0 ŋ ɔ-2,t͡ɕ ɔ-4 s u-1 l u-1 l u-1 ɗ i-0 z aː-0 ŋ ɔ-2
PTL_7_NU_S0008_32,audio_data/train/PTL_7_NU_S0008_32.wav,t͡ɕ aː-0 uz ɗ o-3 iz n aː-1 uz k u-1 ŋmz ɓ aː-5 nz tʰ ɨ-5 kz h eaː-1 ŋ̟z v əː-4 iz m i-1 ŋ̟z ɲ ɛ-4,t͡ɕ aː-0 uz ɗ o-3 iz n aː-1 uz k u-1 ŋmz ɓ aː-5 nz tʰ ɨ-5 kz h eaː-1 ŋ̟z v əː-4 iz m i-1 ŋ̟z ɲ ɛ-4
NTN_7_NU_S0042_90,audio_data/train/NTN_7_NU_S0042_90.wav,s ɛ-0 mz t͡ɕ u-4 ŋmz ɛ-0 mz h ɔ-5 kpz ɓ aː-1 iz,s ɛ-0 mz t͡ɕ u-4 ŋmz ɛ-0 mz h ɔ-5 kpz ɓ aː-1 iz
NDBA_7_NAM_S0010_22,audio_data/train/NDBA_7_NAM_S0010_22.wav,v ɔ-0 iz v ɔ-0 iz ɗ aː-2 z u-1 ŋmz t͡ɕ iə-4 kz m w i-2 z aː-1 iz l aː-1 mz ɣ i-1 ɗ e-3 z u-1 ŋmz k aː-4 kz ɓ aː-5 nz t͡ɕ o-1 ŋmz k ə-0 iz,v ɔ-0 iz v ɔ-0 iz ɗ aː-2 z u-1 ŋmz t͡ɕ iə-4 kz m w i-2 z aː-1 iz l aː-1 mz ɣ i-1 ɗ e-3 z u-1 ŋmz k aː-4 kz ɓ aː-5 nz t͡ɕ o-1 ŋmz k ə-0 iz
DNK_7_NU_S0048_97,audio_data/train/DNK_7_NU_S0048_97.wav,v aː-1 ɲ ɔ-3 ɲ ɨ-0 k w aː-3 əː-4 tz k o-4 z əː-4 tz z ɨə-4 nz k o-4 z ɨə-4 nz k a-5 pz m ɔ-3 tʰ eaː-0 ŋ̟z m eaː-3 ŋ̟z k uə-3 k uə-3 m i-1 ŋ̟z,v aː-1 ɲ ɔ-3 ɲ ɨ-0 k w aː-3 əː-4 tz k o-4 z əː-4 tz z ɨə-4 nz k o-4 z ɨə-4 nz k a-5 pz m ɔ-3 tʰ eaː-0 ŋ̟z m eaː-3 ŋ̟z k uə-3 k uə-3 m i-1 ŋ̟z
NMA_7_NU_S0002_163,audio_data/train/NMA_7_NU_S0002_163.wav,ɗ u-4 ŋmz z o-1 iz aː-0 iz ɗ ɔ-4,ɗ u-4 ŋmz z o-1 iz aː-0 iz ɗ ɔ-4
LXT_Nam_6_S0008_26,audio_data/train/LXT_Nam_6_S0008_26.wav,tʰ ɛ-0 uz ɓ aː-5 nz ɲ ɨ-2 ŋz i-0 n aː-1 uz ɗ u-4 ŋmz,tʰ ɛ-0 uz ɓ aː-5 nz ɲ ɨ-2 ŋz i-0 n aː-1 uz ɗ u-4 ŋmz
GQM_Nam_6_S0006_33,audio_data/train/GQM_Nam_6_S0006_33.wav,k ɔ-0 nz k ɔ-1 nz ɣ a-5 pz m o-5 tz k ɔ-0 nz t͡ɕ u-4 z ə-4 tz h iə-1 nz,k ɔ-0 nz k ɔ-1 nz ɣ a-5 pz m o-5 tz k ɔ-0 nz t͡ɕ u-4 z ə-4 tz h iə-1 nz
THA_Nu_6_S00042_207,audio_data/train/THA_Nu_6_S00042_207.wav,ɣ aː-1 ɗ aː-4 pz t͡ɕ i-5 l aː-1 mz ɗ e-3 k ɔ-4 l uə-4 t͡ɕ ɔ-0 l u-2 ɲ ɔ-3,ɣ aː-1 ɗ aː-4 pz t͡ɕ i-5 l aː-1 mz ɗ e-3 k ɔ-4 l uə-4 t͡ɕ ɔ-0 l u-2 ɲ ɔ-3
TTT_Nu_6_S00049_47,audio_data/train/TTT_Nu_6_S00049_47.wav,ɓ aː-5 nz t͡ɕ aː-3 l əː-1 iz ɗ u-4 ŋmz z o-1 iz,ɓ aː-5 nz t͡ɕ aː-3 l əː-1 iz ɗ u-4 ŋmz z o-1 iz
NTM_Nam_6_S00010_17,audio_data/train/NTM_Nam_6_S00010_17.wav,k ɔ-4 ɣ aː-4 uz m u-4 kpz n ɨə-4 kz,k ɔ-4 ɣ aː-4 uz m u-4 kpz n ɨə-4 kz
NHM_7_NU_S0006_185,audio_data/train/NHM_7_NU_S0006_185.wav,h a-2 iz m a-0 uz ɗ e-4 nz z u-4 pz ŋ aː-1 iz ɓ aː-4 t ɨə-4 kz t͡ɕ u-3 ɲ ə-0 nz t o-0 iz v əː-4 iz m a-0 uz l e-0 nz k ɛ-3 uz ŋ aː-1 iz t͡ɕ e-4 tz v i-1 k aː-3 mz l eaː-5 ŋ̟z,h a-2 iz m a-0 uz ɗ e-4 nz z u-4 pz ŋ aː-1 iz ɓ aː-4 t ɨə-4 kz t͡ɕ u-3 ɲ ə-0 nz t o-0 iz v əː-4 iz m a-0 uz l e-0 nz k ɛ-3 uz ŋ aː-1 iz t͡ɕ e-4 tz v i-1 k aː-3 mz l eaː-5 ŋ̟z
DNK_7_NU_S0048_239,audio_data/train/DNK_7_NU_S0048_239.wav,ɓ aː-5 nz t͡ɕ aː-3 l əː-1 iz tʰ e-4 n aː-1 uz,ɓ aː-5 nz t͡ɕ aː-3 l əː-1 iz tʰ e-4 n aː-1 uz
PTT_7_NU_S0041_26,audio_data/train/PTT_7_NU_S0041_26.wav,ɗ o-0 ŋmz ə-4 pz u-0 m ə-1 mz s o-4 ŋmz ɗ e-3 s w ə-0 nz ɗ e-3 s w ə-0 nz v e-1 k ə-0 iz k o-4 iz ɗ ə-0 mz t͡ɕ o-1 iz n a-3 iz l o-5 kpz,ɗ o-0 ŋmz ə-4 pz u-0 m ə-1 mz s o-4 ŋmz ɗ e-3 s w ə-0 nz ɗ e-3 s w ə-0 nz v e-1 k ə-0 iz k o-4 iz ɗ ə-0 mz t͡ɕ o-1 iz n a-3 iz l o-5 kpz
DNK_7_NU_S0048_306,audio_data/train/DNK_7_NU_S0048_306.wav,t əː-4 m w o-4 nz n ɔ-4 iz v əː-4 iz k aː-4 kz k ə-5 uz ə-4 iz,t əː-4 m w o-4 nz n ɔ-4 iz v əː-4 iz k aː-4 kz k ə-5 uz ə-4 iz
NPC_7_NU_S0047_2,audio_data/train/NPC_7_NU_S0047_2.wav,m o-2 iz l ɨə-5 tz t əː-4 x ɔ-3 iz k ə-5 uz t͡ɕ aː-3 l əː-1 iz v aː-1 k ə-5 uz h ɔ-3 iz t əː-4 t͡ɕ aː-3 l əː-1 iz ɲ ɛ-4,m o-2 iz l ɨə-5 tz t əː-4 x ɔ-3 iz k ə-5 uz t͡ɕ aː-3 l əː-1 iz v aː-1 k ə-5 uz h ɔ-3 iz t əː-4 t͡ɕ aː-3 l əː-1 iz ɲ ɛ-4
LXT_Nam_6_S0008_135,audio_data/train/LXT_Nam_6_S0008_135.wav,n ɔ-4 aː-0 nz w i-3 z o-1 iz ɣ ɨ-3 iz t a-5 ŋz ɓ o-0 ŋmz h o-1 ŋmz t͡ɕ iə-4 kz x a-0 nz v aː-1 ŋz ɔ-4 ŋmz,n ɔ-4 aː-0 nz w i-3 z o-1 iz ɣ ɨ-3 iz t a-5 ŋz ɓ o-0 ŋmz h o-1 ŋmz t͡ɕ iə-4 kz x a-0 nz v aː-1 ŋz ɔ-4 ŋmz
DNK_7_NU_S0048_61,audio_data/train/DNK_7_NU_S0048_61.wav,t əː-4 ɗ ɔ-5 kpz ɗ w aː-5 nz m o-5 tz,t əː-4 ɗ ɔ-5 kpz ɗ w aː-5 nz m o-5 tz
LXT_Nam_6_S0008_44,audio_data/train/LXT_Nam_6_S0008_44.wav,t ɨ-1 ɗ ɔ-4 t͡ɕ u-4 t͡ɕ aː-3 z aː-4 mz h eaː-5 k̟z s eaː-4 k̟z aː-0 iz n ɨə-2,t ɨ-1 ɗ ɔ-4 t͡ɕ u-4 t͡ɕ aː-3 z aː-4 mz h eaː-5 k̟z s eaː-4 k̟z aː-0 iz n ɨə-2
DNK_7_NU_S0048_203,audio_data/train/DNK_7_NU_S0048_203.wav,s a-0 uz x i-0 k ə-5 uz ɗ ɔ-5 kpz k ə-0 uz t͡ɕ w iə-5 nz ɓ aː-1 iz ɗ ɔ-5 kpz n a-1 iz z o-1 iz,s a-0 uz x i-0 k ə-5 uz ɗ ɔ-5 kpz k ə-0 uz t͡ɕ w iə-5 nz ɓ aː-1 iz ɗ ɔ-5 kpz n a-1 iz z o-1 iz
CNBA_Nu_6_S0003_64,audio_data/train/CNBA_Nu_6_S0003_64.wav,t͡ɕ e-0 nz m a-5 tz ɓ iə-3 nz ɓ ɔ-5 nz k aː-4 t͡ɕ w o-1 nz h a-0 mz h əː-3 l ɨə-4 tz ɗ i-0,t͡ɕ e-0 nz m a-5 tz ɓ iə-3 nz ɓ ɔ-5 nz k aː-4 t͡ɕ w o-1 nz h a-0 mz h əː-3 l ɨə-4 tz ɗ i-0
PTT_7_NU_S0041_7,audio_data/train/PTT_7_NU_S0041_7.wav,aː-0 iz k u-2 ŋmz iə-0 uz k w i-4 t͡ɕ i-5,aː-0 iz k u-2 ŋmz iə-0 uz k w i-4 t͡ɕ i-5
TTD_7_NAM_S0001_21,audio_data/train/TTD_7_NAM_S0001_21.wav,ɓ ə-0 iz z əː-1 k ə-5 uz ɗ ɔ-5 kpz ɗ w aː-5 nz t͡ɕ ɨə-4 kz h a-0 iz t əː-4 ɗ ɔ-5 kpz ɗ w aː-5 nz t͡ɕ ɨə-4 kz,ɓ ə-0 iz z əː-1 k ə-5 uz ɗ ɔ-5 kpz ɗ w aː-5 nz t͡ɕ ɨə-4 kz h a-0 iz t əː-4 ɗ ɔ-5 kpz ɗ w aː-5 nz t͡ɕ ɨə-4 kz
DNK_7_NU_S0048_163,audio_data/train/DNK_7_NU_S0048_163.wav,t əː-4 h ɔ-3 iz k ə-5 uz k ə-0 uz h ɔ-3 iz n a-1 iz ɲ ɛ-4,t əː-4 h ɔ-3 iz k ə-5 uz k ə-0 uz h ɔ-3 iz n a-1 iz ɲ ɛ-4
LXT_Nam_6_S0008_97,audio_data/train/LXT_Nam_6_S0008_97.wav,m ɛ-5 t o-0 iz z a-5 nz,m ɛ-5 t o-0 iz z a-5 nz
GQM_Nam_6_S0006_85,audio_data/train/GQM_Nam_6_S0006_85.wav,n aː-1 ŋz t͡ɕ i-3 t͡ɕ ɨə-0 ɓ iə-4 tz ɗ ə-4 tz l iə-1 nz,n aː-1 ŋz t͡ɕ i-3 t͡ɕ ɨə-0 ɓ iə-4 tz ɗ ə-4 tz l iə-1 nz
THA_Nu_6_S00042_51,audio_data/train/THA_Nu_6_S00042_51.wav,tʰ ɔ-3 l əː-2 s o-0 ɗ o-3 ɣ e-4,tʰ ɔ-3 l əː-2 s o-0 ɗ o-3 ɣ e-4
NTN_7_NU_S0042_32,audio_data/train/NTN_7_NU_S0042_32.wav,m i-1 ŋ̟z z ə-4 tz iə-0 uz m o-0 iz t͡ɕ ɨə-1 ŋz m i-1 ŋ̟z,m i-1 ŋ̟z z ə-4 tz iə-0 uz m o-0 iz t͡ɕ ɨə-1 ŋz m i-1 ŋ̟z
LDMT_Nam_6_S00047_6,audio_data/train/LDMT_Nam_6_S00047_6.wav,h o-0 mz ɗ ɔ-4 t ɨ-1 s əː-4 mz t͡ɕ i-0 ɗ aː-2 t i-1 mz t͡ɕ i-5 t͡ɕ aː-1,h o-0 mz ɗ ɔ-4 t ɨ-1 s əː-4 mz t͡ɕ i-0 ɗ aː-2 t i-1 mz t͡ɕ i-5 t͡ɕ aː-1
NDBA_7_NAM_S0010_101,audio_data/train/NDBA_7_NAM_S0010_101.wav,ɓ aː-4 kz k aː-4 kz ɓ aː-4 kz n a-1 iz ɲ aː-1 v uə-0 s a-4 pz ɗ e-4 nz ɗ ə-0 iz,ɓ aː-4 kz k aː-4 kz ɓ aː-4 kz n a-1 iz ɲ aː-1 v uə-0 s a-4 pz ɗ e-4 nz ɗ ə-0 iz
DNK_7_NU_S0048_130,audio_data/train/DNK_7_NU_S0048_130.wav,t͡ɕ i-4 ŋ̟z l aː-1 t͡ɕ i-0 mz ɛ-4 nz,t͡ɕ i-4 ŋ̟z l aː-1 t͡ɕ i-0 mz ɛ-4 nz
NHM_7_NU_S0006_116,audio_data/train/NHM_7_NU_S0006_116.wav,m o-5 tz ɓ eaː-4 ŋ̟z t͡ɕ ɔ-1 nz t ɨə-5 ŋz t͡ɕ ɨ-0 ŋz t͡ɕ ɔ-0 t͡ɕ əː-1 iz m o-5 tz ɓ eaː-4 ŋ̟z v w o-0 ŋmz t ɨə-5 ŋz t͡ɕ ɨ-0 ŋz t͡ɕ ɔ-0 ɗ ə-4 tz,m o-5 tz ɓ eaː-4 ŋ̟z t͡ɕ ɔ-1 nz t ɨə-5 ŋz t͡ɕ ɨ-0 ŋz t͡ɕ ɔ-0 t͡ɕ əː-1 iz m o-5 tz ɓ eaː-4 ŋ̟z v w o-0 ŋmz t ɨə-5 ŋz t͡ɕ ɨ-0 ŋz t͡ɕ ɔ-0 ɗ ə-4 tz
LXT_Nam_6_S0008_2,audio_data/train/LXT_Nam_6_S0008_2.wav,ɗ ɨə-5 kz,ɗ ɨə-5 kz
TTD_7_NAM_S0001_47,audio_data/train/TTD_7_NAM_S0001_47.wav,z ə-5 pz z əː-1 nz t͡ɕ w iə-3 nz ɗ o-5 ŋmz l u-4 kpz l u-4 kpz l e-0 nz l u-4 kpz s w o-4 ŋmz ɲ i-5 pz ɲ aː-1 ŋz,z ə-5 pz z əː-1 nz t͡ɕ w iə-3 nz ɗ o-5 ŋmz l u-4 kpz l u-4 kpz l e-0 nz l u-4 kpz s w o-4 ŋmz ɲ i-5 pz ɲ aː-1 ŋz
CNBA_Nu_6_S0003_156,audio_data/train/CNBA_Nu_6_S0003_156.wav,t͡ɕ əː-5 tz m ɛ-5 n ɔ-4 v u-5 tz ɗ e-4 nz ɲ ɨ-0 m o-5 tz z ə-4 kz m əː-0,t͡ɕ əː-5 tz m ɛ-5 n ɔ-4 v u-5 tz ɗ e-4 nz ɲ ɨ-0 m o-5 tz z ə-4 kz m əː-0
TPA_Nu_6_S0009_34,audio_data/train/TPA_Nu_6_S0009_34.wav,m o-5 tz h o-0 mz l u-2 ɣ aː-1 m aː-4 iz t͡ɕ o-4 nz s eaː-5 k̟z,m o-5 tz h o-0 mz l u-2 ɣ aː-1 m aː-4 iz t͡ɕ o-4 nz s eaː-5 k̟z
GQM_Nam_6_S0006_107,audio_data/train/GQM_Nam_6_S0006_107.wav,tʰ ə-1 iz k aː-3 mz əː-0 nz k aː-4 kz ɓ aː-5 nz,tʰ ə-1 iz k aː-3 mz əː-0 nz k aː-4 kz ɓ aː-5 nz
PTL_7_NU_S0008_12,audio_data/train/PTL_7_NU_S0008_12.wav,ŋ ɨə-5 k ɔ-0 nz h ɨə-0 uz k ɔ-0 nz v ɔ-0 iz k ɔ-0 nz t e-0 z aː-4 kz k ɔ-0 nz tʰ i-1 t ɨ-1 ɓ ɛ-4 ɗ aː-2 f aː-3 iz t ɨ-5 ɗ i-0 tʰ ɛ-0 uz m ɛ-5,ŋ ɨə-5 k ɔ-0 nz h ɨə-0 uz k ɔ-0 nz v ɔ-0 iz k ɔ-0 nz t e-0 z aː-4 kz k ɔ-0 nz tʰ i-1 t ɨ-1 ɓ ɛ-4 ɗ aː-2 f aː-3 iz t ɨ-5 ɗ i-0 tʰ ɛ-0 uz m ɛ-5
PC_7_NAM_S0004_89,audio_data/train/PC_7_NAM_S0004_89.wav,v ə-5 iz ɓ aː-5 nz tʰ i-4 k̟z a-0 nz m ɔ-4 nz ɣ i-1 ɲ ə-4 tz,v ə-5 iz ɓ aː-5 nz tʰ i-4 k̟z a-0 nz m ɔ-4 nz ɣ i-1 ɲ ə-4 tz
THA_Nu_6_S00042_32,audio_data/train/THA_Nu_6_S00042_32.wav,ɗ o-4 tz ɓ aː-4 kz tʰ əː-5 s a-0 nz,ɗ o-4 tz ɓ aː-4 kz tʰ əː-5 s a-0 nz
THA_Nu_6_S00042_38,audio_data/train/THA_Nu_6_S00042_38.wav,ɓ əː-3 iz v i-1 k iə-4 nz ŋ aː-2 s w o-4 ŋmz h o-1,ɓ əː-3 iz v i-1 k iə-4 nz ŋ aː-2 s w o-4 ŋmz h o-1
TPA_Nu_6_S0009_90,audio_data/train/TPA_Nu_6_S0009_90.wav,ŋ ɛ-0 t͡ɕ i-5 k aː-3 n ɔ-4 iz s ɔ-0 ŋmz s ɔ-4 kpz k ɔ-0 nz z ə-5 nz z ɨ-2 m a-4 ŋz t͡ɕ i-5 k aː-3,ŋ ɛ-0 t͡ɕ i-5 k aː-3 n ɔ-4 iz s ɔ-0 ŋmz s ɔ-4 kpz k ɔ-0 nz z ə-5 nz z ɨ-2 m a-4 ŋz t͡ɕ i-5 k aː-3
DNK_7_NU_S0048_182,audio_data/train/DNK_7_NU_S0048_182.wav,ɓ e-0 nz ɓ əː-1 z aː-1 uz z ɨə-2 ɗ aː-4 mz k ɔ-3 z aː-5 iz k ɔ-4 ɓ o-0 ŋmz k u-4 kpz t͡ɕ a-4 ŋz,ɓ e-0 nz ɓ əː-1 z aː-1 uz z ɨə-2 ɗ aː-4 mz k ɔ-3 z aː-5 iz k ɔ-4 ɓ o-0 ŋmz k u-4 kpz t͡ɕ a-4 ŋz
NDBA_7_NAM_S0010_80,audio_data/train/NDBA_7_NAM_S0010_80.wav,ɲ aː-1 v uə-0 m u-1 ŋmz z əː-2 n ɔ-4 iz,ɲ aː-1 v uə-0 m u-1 ŋmz z əː-2 n ɔ-4 iz
NTM_Nam_6_S00010_10,audio_data/train/NTM_Nam_6_S00010_10.wav,k ɔ-4 l ɨ-0 ŋz h u-2 z ɨə-5 uz,k ɔ-4 l ɨ-0 ŋz h u-2 z iə-5 uz
NMA_7_NU_S0002_193,audio_data/train/NMA_7_NU_S0002_193.wav,t͡ɕ iə-1 uz v e-1 m ə-4 iz ɗ ɨə-4 t͡ɕ eaː-0 ŋ̟z ɲ a-0 uz tʰ aː-3 z iə-1 uz,t͡ɕ iə-1 uz v e-1 m ə-4 iz ɗ ɨə-4 t͡ɕ eaː-0 ŋ̟z ɲ a-0 uz tʰ aː-3 z iə-1 uz
NMA_7_NU_S0002_87,audio_data/train/NMA_7_NU_S0002_87.wav,ɲ aː-1 v uə-0 z ɔ-2 k w ə-0 nz m i-1 ŋ̟z,ɲ aː-1 v uə-0 z ɔ-2 k w ə-0 nz m i-1 ŋ̟z
PTT_7_NU_S0041_40,audio_data/train/PTT_7_NU_S0041_40.wav,n aː-1 ŋz t iə-0 nz tʰ u-0 t ɨə-5 ŋz t͡ɕ ɨ-0 ŋz t͡ɕ ɔ-0 m uə-1 tʰ u-0,n aː-1 ŋz t iə-0 nz tʰ u-0 t ɨə-5 ŋz t͡ɕ ɨ-0 ŋz t͡ɕ ɔ-0 m uə-1 tʰ u-0
HYT_Nu_6_S0005_28,audio_data/train/HYT_Nu_6_S0005_28.wav,ɗ ɔ-4 l aː-1 k ɔ-0 nz ɣ aː-1,ɗ ɔ-4 l aː-1 k ɔ-0 nz ɣ aː-1
PTT_7_NU_S0041_128,audio_data/train/PTT_7_NU_S0041_128.wav,h w aː-5 tz ɗ o-5 nz k uə-3 k ɔ-0 nz v ə-5 tz l aː-1,h w aː-5 tz ɗ o-5 nz k uə-3 k ɔ-0 nz v ə-5 tz l aː-1
NNM_Nu_6_S00045_73,audio_data/train/NNM_Nu_6_S00045_73.wav,v i-1 s aː-0 uz ɓ aː-0 t͡ɕ u-4 l əː-5 nz f aː-3 iz l aː-1 mz ɲ aː-1 əː-0,v i-1 s aː-0 uz ɓ aː-0 t͡ɕ u-4 l əː-5 nz f aː-3 iz l aː-1 mz ɲ aː-1 əː-0
LXT_Nam_6_S0008_22,audio_data/train/LXT_Nam_6_S0008_22.wav,k o-0 z ɔ-5 nz k aː-4 iz z aː-4 kz n a-1 iz ɗ i-0,k o-0 z ɔ-5 nz k aː-4 iz z aː-4 kz n a-1 iz ɗ i-0
LXT_Nam_6_S0008_130,audio_data/train/LXT_Nam_6_S0008_130.wav,ɗ e-4 nz l ɨə-5 tz t əː-4 ɗ ɔ-5 kpz ɲ ɛ-4,ɗ e-4 nz l ɨə-5 tz t əː-4 ɗ ɔ-5 kpz ɲ ɛ-4
CNBA_Nu_6_S0003_136,audio_data/train/CNBA_Nu_6_S0003_136.wav,k aː-4 m a-0 ŋz t ɨ-5 i-0 ɗ i-0 s aː-0 n e-0 nz l aː-5 kz m ɛ-5,k aː-4 m a-0 ŋz t ɨ-5 i-0 ɗ i-0 s aː-0 n e-0 nz l aː-5 kz m ɛ-5
THA_7_NU_S0043_107,audio_data/train/THA_7_NU_S0043_107.wav,s a-0 uz h o-1 iz t͡ɕ o-4 ŋmz v aː-1 uz l əː-4 pz k ə-0 iz h w aː-0 ɗ aː-2 ɗ ɨə-5 kz n a-1 mz t͡ɕ ɔ-0 ŋmz s o-0 ɲ ɨə-5,s a-0 uz h o-1 iz t͡ɕ o-4 ŋmz v aː-1 uz l əː-4 pz k ə-0 iz h w aː-0 ɗ aː-2 ɗ ɨə-5 kz n a-1 mz t͡ɕ ɔ-0 ŋmz s o-0 ɲ ɨə-5
CNBA_Nu_6_S0003_128,audio_data/train/CNBA_Nu_6_S0003_128.wav,k aː-4 m a-0 ŋz k aː-3 mz tʰ ə-4 iz tʰ e-4 n aː-1 uz,k aː-4 m a-0 ŋz k aː-3 mz tʰ ə-4 iz tʰ e-4 l aː-1 uz
PTT_7_NU_S0041_123,audio_data/train/PTT_7_NU_S0041_123.wav,t i-1 mz ɲ ɨ-2 ŋz t ɨ-1 h i-1 ŋ̟z eaː-3 ŋ̟z əː-0 x o-0 tʰ əː-0 t aː-3 v e-1 ɓ w o-3 iz t͡ɕ ɨə-0 h ɛ-1 iə-0 nz t i-2 ŋ̟z,t i-1 mz ɲ ɨ-2 ŋz t ɨ-1 h i-1 ŋ̟z eaː-3 ŋ̟z əː-0 x o-0 tʰ əː-0 t aː-3 v e-1 ɓ w o-3 iz t͡ɕ ɨə-0 h ɛ-1 iə-0 nz t i-2 ŋ̟z
PTL_7_NU_S0008_159,audio_data/train/PTL_7_NU_S0008_159.wav,t əː-4 ɲ i-1 nz tʰ ə-4 iz k ɔ-0 nz t͡ɕ ə-0 uz,t əː-4 ɲ i-1 nz tʰ ə-4 iz k ɔ-0 nz t͡ɕ ə-0 uz
TPA_Nu_6_S0009_132,audio_data/train/TPA_Nu_6_S0009_132.wav,t͡ɕ i-5 m w o-4 nz v e-1 tʰ a-0 mz m ɛ-5 m ɛ-5 ɲ ɨ-0 ŋz t͡ɕ i-5 f aː-3 iz s ɛ-0 t͡ɕ ɔ-0 s ɔ-0 ŋmz ɗ o-4 ŋmz t͡ɕ i-3 n a-1 iz ɗ aː-2,t͡ɕ i-5 m w o-4 nz v e-1 tʰ a-0 mz m ɛ-5 m ɛ-5 ɲ ɨ-0 ŋz t͡ɕ i-5 f aː-3 iz s ɛ-0 t͡ɕ ɔ-0 s ɔ-0 ŋmz ɗ o-4 ŋmz t͡ɕ i-3 n a-1 iz ɗ aː-2
TPA_Nu_6_S0009_76,audio_data/train/TPA_Nu_6_S0009_76.wav,t͡ɕ i-5 aː-0 t͡ɕ i-5 k aː-3 əː-0 iz t͡ɕ i-5 v e-1 ɲ aː-1 ɗ i-0 m ɛ-5 t͡ɕ i-5 ɗ aː-0 ŋz o-4 mz ɗ ə-4 iz,t͡ɕ i-5 aː-0 t͡ɕ i-5 k aː-3 əː-0 iz t͡ɕ i-5 v e-1 ɲ aː-1 ɗ i-0 m ɛ-5 t͡ɕ i-5 ɗ aː-0 ŋz o-4 mz ɗ ə-4 iz
PTL_7_NU_S0008_89,audio_data/train/PTL_7_NU_S0008_89.wav,k aː-4 iz v ɔ-1 iz n ɔ-4 k w o-4 nz ɗ o-3 ɲ aː-1 ɗ o-3 k ə-0 iz,k aː-4 iz v ɔ-1 ŋmz n ɔ-4 k w o-4 nz ɗ o-3 ɲ aː-1 ɗ o-3 k ə-0 iz
PTL_7_NU_S0008_152,audio_data/train/PTL_7_NU_S0008_152.wav,k ɔ-0 nz v ɔ-0 iz m aː-1 k ɔ-4 h aː-0 iz ŋ aː-1,k ɔ-0 nz v ɔ-0 iz m aː-1 k ɔ-4 h aː-0 iz ŋ aː-1
DNK_7_NU_S0048_242,audio_data/train/DNK_7_NU_S0048_242.wav,k aː-4 kz ɓ aː-5 nz ɗ ɨ-1 ŋz ɓ a-4 tz t͡ɕ i-0 mz,k aː-4 kz ɓ aː-5 nz ɗ ɨ-1 ŋz ɓ a-4 tz t͡ɕ i-0 mz
THA_7_NU_S0043_118,audio_data/train/THA_7_NU_S0043_118.wav,ə-0 iz x o-0 ŋmz v i-1 tʰ ə-1 iz t͡ɕ ɨə-0 l aː-1 mz z ɔ-2 aː-0 iz m a-4 kz l o-2 iz n a-5 ŋz h əː-0 nz,ə-0 iz x o-0 ŋmz v i-1 tʰ ə-1 iz t͡ɕ ɨə-0 l aː-1 mz z ɔ-2 aː-0 iz m a-4 kz l o-2 iz n a-5 ŋz h əː-0 nz
NTN_7_NU_S0042_61,audio_data/train/NTN_7_NU_S0042_61.wav,ɲ ɨ-2 ŋz ɗ iə-3 mz m ɨə-1 iz k o-0 t͡ɕ ɔ-0,ɲ ɨ-2 ŋz ɗ iə-3 mz m ɨə-1 iz k o-0 t͡ɕ ɔ-0
NNM_Nu_6_S00045_47,audio_data/train/NNM_Nu_6_S00045_47.wav,l əː-5 nz eaː-0 ŋ̟z ɗ aː-4 pz s ɔ-4 iz ɗ i-0 ɗ i-0,l əː-5 nz eaː-0 ŋ̟z ɗ aː-4 pz s ɔ-4 iz ɗ i-0 ɗ i-0
NHM_7_NU_S0006_47,audio_data/train/NHM_7_NU_S0006_47.wav,o-0 ŋmz h a-2 iz k o-4 ɣ a-4 ŋz l aː-1 mz s aː-0 uz ɗ e-3 t͡ɕ o-4 ŋmz l aː-5 iz ɗ ɨə-5 kz tʰ ə-1 nz z ɔ-3,o-0 ŋmz h a-2 iz k o-4 ɣ a-4 ŋz l aː-1 mz s aː-0 uz ɗ e-3 t͡ɕ o-4 ŋmz l aː-5 iz ɗ ɨə-5 kz tʰ ə-1 nz z ɔ-3
THA_Nu_6_S00042_186,audio_data/train/THA_Nu_6_S00042_186.wav,z e-0 m ɛ-5 v e-1 ɲ aː-1 x ɛ-0 nz k aː-4 kz k ɔ-0 nz tʰ e-4 n aː-1 uz,z e-0 m ɛ-5 v e-1 ɲ aː-1 x ɛ-0 nz k aː-4 kz k ɔ-0 nz tʰ e-4 n aː-1 uz
NNM_Nu_6_S00045_29,audio_data/train/NNM_Nu_6_S00045_29.wav,k u-3 s ə-0 mz n ə-4 mz m ə-1 mz s ə-0 mz k ə-1 mz,k u-3 s ə-0 mz n ə-4 mz m ə-1 mz s ə-0 mz k ə-1 mz
NMA_7_NU_S0002_61,audio_data/train/NMA_7_NU_S0002_61.wav,h w aː-0 m aː-0 iz t͡ɕ i-3 s a-0 iz,h w aː-0 m aː-0 iz t͡ɕ i-3 s a-0 iz
THA_Nu_6_S00042_234,audio_data/train/THA_Nu_6_S00042_234.wav,t iə-4 ŋz n aː-1 uz k ɔ-4 v ə-1 nz aː-4 kz a-4 pz,t iə-4 ŋz n aː-1 uz k ɔ-4 v ə-1 nz aː-4 kz a-4 pz
MK_7_NU_S0007_27,audio_data/train/MK_7_NU_S0007_27.wav,s a-0 uz ɓ w o-3 iz k a-1 iz m aː-0 iz,s a-0 uz ɓ w o-3 iz k a-1 iz m aː-0 iz
TPA_Nu_6_S0009_159,audio_data/train/TPA_Nu_6_S0009_159.wav,tʰ ə-1 iz z aː-4 uz t͡ɕ ɛ-0 uz l e-0 nz t ɨə-1 ŋz ɲ ɨ-2 ŋz ɓ ɨ-4 kz eaː-3 ŋ̟z ŋ o-5 ŋ i-2 ŋ̟z tʰ ə-1 iz t͡ɕ u-5 pz t͡ɕ u-4 ŋmz t o-0 iz,tʰ ə-1 iz z aː-4 uz t͡ɕ ɛ-0 uz l e-0 nz t ɨə-1 ŋz ɲ ɨ-2 ŋz ɓ ɨ-4 kz eaː-3 ŋ̟z ŋ o-5 ŋ i-2 ŋ̟z tʰ ə-1 iz t͡ɕ u-5 pz t͡ɕ u-4 ŋmz t o-0 iz
TPA_Nu_6_S0009_175,audio_data/train/TPA_Nu_6_S0009_175.wav,h aː-1 ŋz ŋ a-1 iz n aː-1 ŋz t͡ɕ əː-0 iz v əː-4 iz k w aː-3 ɓ ɔ-4 ŋmz t͡ɕ ɔ-0 ŋmz x u-0 v ɨə-1 nz k uə-3 l ə-0 uz ɗ aː-1 iz,h aː-1 ŋz ŋ a-1 iz n aː-1 ŋz t͡ɕ əː-0 iz v əː-4 iz k w aː-3 ɓ ɔ-4 ŋmz t͡ɕ ɔ-0 ŋmz x u-0 v ɨə-1 nz k uə-3 l ə-0 uz ɗ aː-1 iz
NDBA_7_NAM_S0010_49,audio_data/train/NDBA_7_NAM_S0010_49.wav,h a-1 ŋz ŋ a-1 iz x i-0 t əː-4 v e-1 ɲ əː-1 ɲ aː-1 n ɔ-4 t͡ɕ a-5 iz ɗ e-4 nz t͡ɕ o-2 t əː-4,h a-1 ŋz ŋ a-1 iz x i-0 t əː-4 v e-1 ɲ əː-1 ɲ aː-1 n ɔ-4 t͡ɕ a-5 iz ɗ e-4 nz t͡ɕ o-2 t əː-4
NT_7_NAM_S0009_13,audio_data/train/NT_7_NAM_S0009_13.wav,x o-0 ŋmz s aː-4 ŋz m aː-0 iz t aː-0 s ɛ-2 m əː-1 iz o-0 ŋmz v aː-1 uz,x o-0 ŋmz s aː-4 ŋz m aː-0 iz t aː-0 s ɛ-2 m əː-1 iz o-0 ŋmz v aː-1 uz
NDBA_7_NAM_S0010_33,audio_data/train/NDBA_7_NAM_S0010_33.wav,m o-5 tz h o-0 mz v ɔ-0 iz ɓ i-5 k eaː-1 ŋ̟z k ə-0 iz x o-0 t͡ɕ e-0 nz m a-5 tz ɗ ə-4 tz v ɨə-4 ŋz v aː-1 uz t͡ɕ ə-0 nz,m o-5 tz h o-0 mz v ɔ-0 iz ɓ i-5 k eaː-1 ŋ̟z k ə-0 iz x o-0 t͡ɕ e-0 nz m a-5 tz ɗ ə-4 tz v ɨə-4 ŋz v aː-1 uz t͡ɕ ə-0 nz
TPA_Nu_6_S0009_206,audio_data/train/TPA_Nu_6_S0009_206.wav,h w aː-4 z aː-0 ɗ ɔ-4 l aː-1 h w aː-1 ŋz t ɨ-3 k ɔ-0 nz v uə-0 n ɨə-4 kz l aː-4 ŋz z iə-1 ŋz ɓ i-5 f u-1 tʰ w i-3 ɓ iə-4 nz tʰ eaː-1 ŋ̟z k ɔ-0 nz e-4 k̟z s ə-4 uz s i-4,h w aː-4 z aː-0 ɗ ɔ-4 l aː-1 h w aː-1 ŋz t ɨ-3 k ɔ-0 nz v uə-0 n ɨə-4 kz l aː-4 ŋz z iə-1 ŋz ɓ i-5 f u-1 tʰ w i-3 ɓ iə-4 nz tʰ eaː-1 ŋ̟z k ɔ-0 nz e-4 k̟z s ə-4 uz s i-4
NHM_7_NU_S0006_96,audio_data/train/NHM_7_NU_S0006_96.wav,k aː-4 kz h w aː-1 ŋz t ɨ-3 x aː-4 kz ɗ e-1 uz v a-0 nz h a-0 iz v ɔ-2 z ɔ-3 iz ɲ ɨ-0 ŋz ɗ e-1 uz x o-0 ŋmz tʰ i-4 k̟z ɗ ə-4 tz t͡ɕ ə-0 nz l ə-4 mz t a-0 iz ɓ u-1 nz,k aː-4 kz h w aː-1 ŋz t ɨ-3 x aː-4 kz ɗ e-1 uz v a-0 nz h a-0 iz v ɔ-2 z ɔ-3 iz ɲ ɨ-0 ŋz ɗ e-1 uz x o-0 ŋmz tʰ i-4 k̟z ɗ ə-4 tz t͡ɕ ə-0 nz l ə-4 mz t a-0 iz ɓ u-1 nz
THA_7_NU_S0043_37,audio_data/train/THA_7_NU_S0043_37.wav,əː-0 ɗ ɔ-4 k i-4 k a-5 pz k ə-0 iz ɓ u-4 tz v aː-1 uz t͡ɕ ə-0 nz l w iə-5 nz v iə-4 tz l u-4 kpz ɗ ə-1 uz k ə-0 iz ɓ u-4 tz x o-0 ŋmz tʰ ɛ-0 uz i-0 k i-4,əː-0 ɗ ɔ-4 k i-4 k a-5 pz k ə-0 iz ɓ u-4 tz v aː-1 uz t͡ɕ ə-0 nz l w iə-5 nz v iə-4 tz l u-4 kpz ɗ ə-1 uz k ə-0 iz ɓ u-4 tz x o-0 ŋmz tʰ ɛ-0 uz i-0 k i-4
TTT_Nu_6_S00049_41,audio_data/train/TTT_Nu_6_S00049_41.wav,ɗ ə-1 mz ɗ ə-5 pz t ə-4 pz,ɗ ə-1 mz ɗ ə-5 pz t ə-4 pz
NDBA_7_NAM_S0010_194,audio_data/train/NDBA_7_NAM_S0010_194.wav,t aː-0 iz v ɔ-0 iz l aː-1 k aː-4 iz k w aː-5 tz,t aː-0 iz v ɔ-0 iz l aː-1 k aː-4 iz k w aː-5 tz
PC_7_NAM_S0004_117,audio_data/train/PC_7_NAM_S0004_117.wav,t͡ɕ ɔ-0 ŋmz k aː-4 kz l w aː-1 iz ɗ o-5 ŋmz v ə-5 tz t əː-4 tʰ ə-4 iz k ɔ-0 nz k ɔ-0 nz t͡ɕ i-0 mz k o-0 ŋmz l aː-1 ɗ ɛ-5 pz ɲ ə-4 tz,t͡ɕ ɔ-0 ŋmz k aː-4 kz l w aː-1 iz ɗ o-5 ŋmz v ə-5 tz t əː-4 tʰ ə-4 iz k ɔ-0 nz k ɔ-0 nz t͡ɕ i-0 mz k o-0 ŋmz l aː-1 ɗ ɛ-5 pz ɲ ə-4 tz
NMA_7_NU_S0002_198,audio_data/train/NMA_7_NU_S0002_198.wav,t͡ɕ əː-1 iz s eaː-0 ŋ̟z ɓ o-5 t͡ɕ ɛ-0 ɗ u-0 k ɛ-2 uz k ɛ-5 tz n a-4 ŋz ɗ ə-1 iz s ə-0 nz f əː-0 iz,t͡ɕ əː-1 iz s eaː-0 ŋ̟z ɓ o-5 t͡ɕ ɛ-0 ɗ u-0 k ɛ-2 uz k ɛ-5 tz n a-4 ŋz ɗ ə-1 iz s ə-0 nz f əː-0 iz
THA_Nu_6_S00042_125,audio_data/train/THA_Nu_6_S00042_125.wav,tʰ ɔ-3 ŋ i-2 k ɨ-4 ɗ e-3 z uə-1 ɓ ɔ-1 t aː-0 f i-0 ɲ ɨ-0 z ɔ-4 s əː-5 ɣ i-1,tʰ ɔ-3 ŋ i-2 k ɨ-4 ɗ e-3 z uə-1 ɓ ɔ-1 t aː-0 f i-0 ɲ ɨ-0 z ɔ-4 s əː-5 ɣ i-1
PTT_7_NU_S0041_50,audio_data/train/PTT_7_NU_S0041_50.wav,k o-0 k o-0 n aː-1 ŋz h aː-5 t i-0 ŋ̟z ŋ i-5 k̟z s ɛ-0 nz v aː-1 uz,k o-0 k o-0 n aː-1 ŋz h aː-5 t i-0 ŋ̟z ŋ i-5 k̟z s ɛ-0 nz v aː-1 uz
NHM_7_NU_S0006_38,audio_data/train/NHM_7_NU_S0006_38.wav,o-0 ŋmz m eaː-5 ŋ̟z t͡ɕ ɔ-0 ŋmz k ə-0 uz t͡ɕ w iə-5 nz ɗ aː-2 l aː-1 mz ɣ i-1 ɗ e-3 tʰ ə-1 nz z ɔ-4 t͡ɕ əː-3 tʰ eaː-1 ŋ̟z ɓ aː-5 nz k uə-3 m i-1 ŋ̟z,o-0 ŋmz m eaː-5 ŋ̟z t͡ɕ ɔ-0 ŋmz k ə-0 uz t͡ɕ w iə-5 nz ɗ aː-2 l aː-1 mz ɣ i-1 ɗ e-3 tʰ ə-1 nz z ɔ-4 t͡ɕ əː-3 tʰ eaː-1 ŋ̟z ɓ aː-5 nz k uə-3 m i-1 ŋ̟z
VTA_Nam_6_S0002_4,audio_data/train/VTA_Nam_6_S0002_4.wav,tʰ ɔ-3 t͡ɕ a-4 ŋz x w ɛ-0 v əː-4 iz k aː-4 kz ɓ aː-5 nz,tʰ ɔ-3 t͡ɕ a-4 ŋz x w ɛ-0 v əː-4 iz k aː-4 kz ɓ aː-5 nz
DNK_7_NU_S0048_60,audio_data/train/DNK_7_NU_S0048_60.wav,t͡ɕ i-0 əː-0 iz ɓ ə-0 iz z əː-1 t͡ɕ u-4 ŋmz t aː-0 l aː-5 iz ɗ ɔ-5 kpz ɓ aː-1 iz t͡ɕ i-0 mz z ɨ-1 ŋz t ə-0 iz ŋ w iə-0 nz,t͡ɕ i-0 əː-0 iz ɓ ə-0 iz z əː-1 t͡ɕ u-4 ŋmz t aː-0 l aː-5 iz ɗ ɔ-5 kpz ɓ aː-1 iz t͡ɕ i-0 mz z ɨ-1 ŋz t ə-0 iz ŋ w iə-0 nz
NT_7_NAM_S0009_15,audio_data/train/NT_7_NAM_S0009_15.wav,m ə-4 iz tʰ aː-4 ŋz s a-0 uz tʰ ə-1 nz z ɔ-4 ɗ e-4 nz ɲ aː-1 o-0 ŋmz m eaː-5 ŋ̟z t ɔ-3 v ɛ-3 a-0 nz n a-0 nz,m ə-4 iz tʰ aː-4 ŋz s a-0 uz tʰ ə-1 nz z ɔ-4 ɗ e-4 nz ɲ aː-1 o-0 ŋmz m eaː-5 ŋ̟z t ɔ-3 v ɛ-3 a-0 nz n a-0 nz
NNM_Nu_6_S00045_4,audio_data/train/NNM_Nu_6_S00045_4.wav,ɓ ɛ-4 t͡ɕ i-3 k ɔ-1 k ɔ-1 t i-0 v i-0 k ɔ-4 k aː-4 m ə-5 pz,ɓ ɛ-4 t͡ɕ i-3 k ɔ-1 k ɔ-1 t i-0 v i-0 k ɔ-4 k aː-4 m ə-5 pz
TTT_Nu_6_S00049_66,audio_data/train/TTT_Nu_6_S00049_66.wav,t iə-4 pz tʰ ɛ-0 uz l əː-5 nz eaː-0 ŋ̟z t͡ɕ a-5 iz s aː-0 ŋz ɲ aː-1 k uə-3 l əː-5 nz ɲ əː-2,t iə-4 pz tʰ ɛ-0 uz l əː-5 nz eaː-0 ŋ̟z t͡ɕ a-5 iz s aː-0 ŋz ɲ aː-1 k uə-3 l əː-5 nz ɲ əː-2
NTN_7_NU_S0042_69,audio_data/train/NTN_7_NU_S0042_69.wav,z ɔ-4 ɗ ɨə-0 tʰ w aː-3 ŋz h ɨə-0 ŋz ɲ aː-1 iz,z ɔ-4 ɗ ɨə-0 tʰ w aː-3 ŋz h ɨə-0 ŋz ɲ aː-1 iz
PC_7_NAM_S0004_4,audio_data/train/PC_7_NAM_S0004_4.wav,h aː-5 k eaː-4 ŋ̟z z ɛ-0 uz m ɨ-1 ŋz,h aː-5 k eaː-4 ŋ̟z z ɛ-0 uz m ɨ-1 ŋz
PC_7_NAM_S0004_111,audio_data/train/PC_7_NAM_S0004_111.wav,m ɛ-5 t əː-4 t͡ɕ o-1 ŋmz z ə-4 tz ɲ iə-1 uz h w aː-0 h o-1 ŋmz,m ɛ-5 t əː-4 t͡ɕ o-1 ŋmz z ə-4 tz ɲ iə-1 uz h w aː-0 h o-1 ŋmz
LXT_Nam_6_S0008_111,audio_data/train/LXT_Nam_6_S0008_111.wav,m ɛ-5 t o-0 iz z a-5 nz,m ɛ-5 t o-0 iz z a-5 nz
TPA_Nu_6_S0009_166,audio_data/train/TPA_Nu_6_S0009_166.wav,m a-4 tz aː-0 iz k u-2 ŋmz ɗ ɔ-3 h w ɛ-0,m a-4 tz aː-0 iz k u-2 ŋmz ɗ ɔ-3 h w ɛ-0
CNBA_Nu_6_S0003_23,audio_data/train/CNBA_Nu_6_S0003_23.wav,k ɔ-0 nz l aː-1 k o-0 ŋmz t͡ɕ uə-4 x o-0 ŋmz tʰ e-3 n w o-4 tz l əː-1 iz h ɨə-4 ɗ ɨə-5 kz,k ɔ-0 nz l aː-1 k o-0 ŋmz t͡ɕ uə-4 x o-0 ŋmz tʰ e-3 n w o-4 tz l əː-1 iz h ɨə-4 ɗ ɨə-5 kz
NDBA_7_NAM_S0010_39,audio_data/train/NDBA_7_NAM_S0010_39.wav,ɓ ə-0 iz z əː-1 m əː-4 iz ɓ iə-4 tz m i-1 ŋ̟z k ɔ-4 t͡ɕ iə-4 kz m w i-2 z ə-4 tz k ɔ-4 i-4 k̟z tʰ ə-5 tz t w iə-5 tz,ɓ ə-0 iz z əː-1 m əː-4 iz ɓ iə-4 tz m i-1 ŋ̟z k ɔ-4 t͡ɕ iə-4 kz m w i-2 z ə-4 tz k ɔ-4 i-4 k̟z tʰ ə-5 tz t w iə-5 tz
PC_7_NAM_S0004_57,audio_data/train/PC_7_NAM_S0004_57.wav,ɲ aː-1 k ə-5 uz k ɔ-4 t͡ɕ o-1 ŋmz l w aː-1 iz k ə-0 iz s eaː-0 ŋ̟z n aː-1 uz x o-0 ŋmz,ɲ aː-1 k ə-5 uz k ɔ-4 t͡ɕ o-1 ŋmz l w aː-1 iz k ə-0 iz s eaː-0 ŋ̟z n aː-1 uz x o-0 ŋmz
PC_7_NAM_S0004_74,audio_data/train/PC_7_NAM_S0004_74.wav,t əː-4 tʰ i-4 k̟z ɲ ə-4 tz m ɛ-5 t əː-4 ɓ o-4 t əː-4 v aː-1 o-0 ŋmz ɓ aː-1 n o-5 iz,t əː-4 tʰ i-4 k̟z ɲ ə-4 tz m ɛ-5 t əː-4 ɓ o-4 t əː-4 v aː-1 o-0 ŋmz ɓ aː-1 n o-5 iz
DNK_7_NU_S0048_192,audio_data/train/DNK_7_NU_S0048_192.wav,n ɔ-4 v ə-2 nz x o-0 ŋmz ɗ o-5 ŋmz ɗ e-4 nz ɓ o-0 ŋmz h w aː-0,n ɔ-4 v ə-2 nz x o-0 ŋmz ɗ o-5 ŋmz ɗ e-4 nz ɓ o-0 ŋmz h w aː-0
NMA_7_NU_S0002_122,audio_data/train/NMA_7_NU_S0002_122.wav,z e-2 k ə-0 iz n o-3 iz l e-0 nz ɗ ə-4 tz tʰ eaː-1 ŋ̟z ɲ ɨ-2 ŋz h i-1 h i-1 ŋ̟z tʰ u-1 k w aː-4 iz l aː-5 ɲ ɨ-0 ɲ ɨ-2 ŋz k ɔ-0 nz z a-4 nz h o-3 m aː-0 ŋz z ə-5 nz z ɨ-2,z e-2 k ə-0 iz l o-3 iz l e-0 nz ɗ ə-4 tz tʰ eaː-1 ŋ̟z ɲ ɨ-2 ŋz h i-1 h i-1 ŋ̟z tʰ u-1 k w aː-4 iz l aː-5 ɲ ɨ-0 ɲ ɨ-2 ŋz k ɔ-0 nz z a-4 nz h o-3 m aː-0 ŋz z ə-5 nz z ɨ-2
NDBA_7_NAM_S0010_108,audio_data/train/NDBA_7_NAM_S0010_108.wav,l aː-5 iz n ɔ-4 iz v e-1 t͡ɕ u-4 m ɛ-1 uz ɗ aː-0 ŋz t͡ɕ a-5 iz f iə-4 t͡ɕ ɨə-4 kz l ə-1 nz n a-1 iz m ɛ-1 uz ɗ e-4 nz l ə-0 uz ɗ aː-5 iz k uə-3 m o-5 tz l aː-2 uz f u-1 tʰ w i-3 t i-0 ŋ̟z tʰ o-0 ŋmz m aː-0 tʰ w ə-5 tz,l aː-5 iz n ɔ-4 iz v e-1 t͡ɕ u-4 m ɛ-1 uz ɗ aː-0 ŋz t͡ɕ a-5 iz f iə-4 t͡ɕ ɨə-4 kz l ə-1 nz n a-1 iz m ɛ-1 uz ɗ e-4 nz l ə-0 uz ɗ aː-5 iz k uə-3 m o-5 tz l aː-2 uz f u-1 tʰ w i-3 t i-0 ŋ̟z tʰ o-0 ŋmz m aː-0 tʰ w ə-5 tz
VTA_Nam_6_S0002_28,audio_data/train/VTA_Nam_6_S0002_28.wav,tʰ ɛ-0 uz x aː-0 ŋz tʰ i-1 ɲ ɨ-2 ŋz i-0 n aː-1 uz ɗ u-4 ŋmz,tʰ ɛ-0 uz x aː-0 ŋz tʰ i-1 ɲ ɨ-2 ŋz i-0 n aː-1 uz ɗ u-4 ŋmz
THA_Nu_6_S00042_188,audio_data/train/THA_Nu_6_S00042_188.wav,ɗ u-4 ŋmz z o-1 iz k ə-5 uz z ɔ-3 iz k w aː-4,ɗ u-4 ŋmz z o-1 iz k ə-5 uz z ɔ-3 iz k w aː-4
THA_7_NU_S0043_82,audio_data/train/THA_7_NU_S0043_82.wav,m o-2 iz l ə-1 nz k ɔ-4 aː-0 iz x ɛ-0 nz ɲ ɨ-2 ŋz t͡ɕ ə-5 uz s ɛ-0 nz ɗ aː-4,m o-2 iz l ə-1 nz k ɔ-4 aː-0 iz x ɛ-0 nz ɲ ɨ-2 ŋz t͡ɕ ə-5 uz s ɛ-0 nz ɗ aː-4
NDBA_7_NAM_S0010_45,audio_data/train/NDBA_7_NAM_S0010_45.wav,əː-0 ɲ aː-1 k ə-5 uz n w o-0 iz k ɔ-0 nz v ə-5 tz ɣ i-1,əː-0 ɲ aː-1 k ə-5 uz n w o-0 iz k ɔ-0 nz v ə-5 tz ɣ i-1
TTD_7_NAM_S0001_79,audio_data/train/TTD_7_NAM_S0001_79.wav,z o-1 iz z əː-1 tʰ i-1 t͡ɕ u-4 ŋmz m i-1 ŋ̟z k u-1 ŋmz tʰ aː-3 uz l w ə-5 nz ɲ əː-4,z o-1 iz z əː-1 tʰ i-1 t͡ɕ u-4 ŋmz m i-1 ŋ̟z k u-1 ŋmz tʰ aː-3 uz l w ə-5 nz ɲ əː-4
PTL_7_NU_S0008_122,audio_data/train/PTL_7_NU_S0008_122.wav,k u-1 ŋmz t͡ɕ aː-0 uz ɗ o-3 iz n aː-1 uz,k u-1 ŋmz t͡ɕ aː-0 uz ɗ o-3 iz n aː-1 uz
THA_Nu_6_S00042_106,audio_data/train/THA_Nu_6_S00042_106.wav,l u-2 ɣ aː-1 l u-2 ɣ aː-1 ŋ əː-2 t͡ɕ ɔ-4 s u-1 l aː-1 s ɨ-0 t ɨ-3,l u-2 ɣ aː-1 l u-2 ɣ aː-1 ŋ əː-2 t͡ɕ ɔ-4 s u-1 l aː-1 s ɨ-0 t ɨ-3
CNBA_Nu_6_S0003_91,audio_data/train/CNBA_Nu_6_S0003_91.wav,n ɨə-3 tʰ ə-0 nz k iə-0 l aː-1 k aː-4,n ɨə-3 tʰ ə-0 nz k iə-0 l aː-1 k aː-4
TTT_Nu_6_S00049_73,audio_data/train/TTT_Nu_6_S00049_73.wav,n e-0 nz ɛ-0 mz u-4 tz ɓ aː-3 uz,n e-0 nz ɛ-0 mz u-4 tz ɓ aː-3 uz
HYT_Nu_6_S0005_72,audio_data/train/HYT_Nu_6_S0005_72.wav,n ɨə-3 tʰ ə-0 nz k iə-0 l aː-1 k aː-4,n ɨə-3 tʰ ə-0 nz k iə-0 l aː-1 k aː-4
NHM_7_NU_S0006_143,audio_data/train/NHM_7_NU_S0006_143.wav,ɲ ə-0 nz v ə-5 tz ɗ ɔ-4 z ə-4 tz l aː-1 z u-2 ŋmz k aː-3 mz v aː-1 t w iə-5 tz v əː-1 iz,ɲ ə-0 nz v ə-5 tz ɗ ɔ-4 z ə-4 tz l aː-1 z u-2 ŋmz k aː-3 mz v aː-1 t w iə-5 tz v əː-1 iz
DNK_7_NU_S0048_63,audio_data/train/DNK_7_NU_S0048_63.wav,t͡ɕ i-0 mz z ɨ-1 ŋz t ə-0 iz ŋ w iə-0 nz,t͡ɕ i-0 mz z ɨ-1 ŋz t ə-0 iz ŋ w iə-0 nz
VTA_Nam_6_S0002_2,audio_data/train/VTA_Nam_6_S0002_2.wav,k ə-5 uz ɗ ɔ-5 kpz ɗ i-0,k ə-5 uz ɗ ɔ-5 kpz ɗ i-0
CNBA_Nu_6_S0003_56,audio_data/train/CNBA_Nu_6_S0003_56.wav,tʰ ɔ-3 s əː-5 ɨə-4 tz əː-0 t͡ɕ e-0 nz ɓ əː-1 k o-3 v u-2,tʰ ɔ-3 s əː-5 ɨə-4 tz əː-0 t͡ɕ e-0 nz ɓ əː-1 k o-3 v u-2
NNM_Nu_6_S00045_114,audio_data/train/NNM_Nu_6_S00045_114.wav,v aː-1 t͡ɕ a-5 iz ɓ iə-4 nz m ə-4 tz v aː-1 uz z ɨ-1 ŋz,v aː-1 t͡ɕ a-5 iz ɓ iə-4 nz m ə-4 tz v aː-1 uz z ɨ-1 ŋz
PTL_7_NU_S0008_129,audio_data/train/PTL_7_NU_S0008_129.wav,ɓ aː-5 nz x o-0 ŋmz n e-0 nz z u-3 ɛ-0 mz t͡ɕ e-0 uz t͡ɕ ɔ-5 kpz m o-5 tz k ɔ-0 nz v ə-5 tz t͡ɕ ɔ-0 ŋmz v ɨə-1 nz tʰ u-4,ɓ aː-5 nz x o-0 ŋmz l e-0 nz z u-3 ɛ-0 mz t͡ɕ e-0 uz t͡ɕ ɔ-5 kpz m o-5 tz k ɔ-0 nz v ə-5 tz t͡ɕ ɔ-0 ŋmz v ɨə-1 nz tʰ u-4
DNK_7_NU_S0048_98,audio_data/train/DNK_7_NU_S0048_98.wav,h ɔ-4 tz l e-0 nz l eaː-0 ŋ̟z l eaː-3 ŋ̟z ŋ ɛ-0 ɲ ɨ-0 t iə-4 ŋz s aː-4 uz,h ɔ-4 tz l e-0 nz l eaː-0 ŋ̟z l eaː-3 ŋ̟z ŋ ɛ-0 ɲ ɨ-0 t iə-4 ŋz s aː-4 uz
NDBA_7_NAM_S0010_73,audio_data/train/NDBA_7_NAM_S0010_73.wav,ɗ i-0 h iə-0 v aː-1 uz m ɛ-1 uz tʰ aː-3 ɓ o-5 tʰ ɔ-0 ŋmz z ɔ-0 ŋmz ɗ ə-1 iz h eaː-2 ŋ̟z z iə-5 nz,ɗ i-0 h iə-0 v aː-1 uz m ɛ-1 uz tʰ aː-3 ɓ o-5 tʰ ɔ-0 ŋmz z ɔ-0 ŋmz ɗ ə-1 iz h eaː-2 ŋ̟z z iə-5 tz
TTD_7_NAM_S0001_149,audio_data/train/TTD_7_NAM_S0001_149.wav,ŋ a-1 iz m aː-0 iz k a-1 iz t͡ɕ ɔ-0 x w ɛ-3,ŋ a-1 iz m aː-0 iz k a-1 iz t͡ɕ ɔ-0 x w ɛ-3
NDBA_7_NAM_S0010_117,audio_data/train/NDBA_7_NAM_S0010_117.wav,m ɛ-1 uz l aː-5 iz h ɔ-3 iz,m ɛ-1 uz l aː-5 iz h ɔ-3 iz
NNM_Nu_6_S00045_85,audio_data/train/NNM_Nu_6_S00045_85.wav,v i-1 k a-0 nz ɲ aː-1 k uə-3 l əː-5 nz u-4 tz ɗ ɨə-5 kz l aː-1 mz ɓ a-1 ŋz ɣ eaː-5 k̟z z ə-4 tz v ɨ-2 ŋz t͡ɕ a-4 kz,v i-1 k a-0 nz ɲ aː-1 k uə-3 l əː-5 nz u-4 tz ɗ ɨə-5 kz l aː-1 mz ɓ a-1 ŋz ɣ eaː-5 k̟z z ə-4 tz v ɨ-2 ŋz t͡ɕ a-4 kz
LXT_Nam_6_S0008_7,audio_data/train/LXT_Nam_6_S0008_7.wav,ŋ ɛ-0 t iə-4 ŋz ɣ a-4 iz aː-0 iz k u-2 ŋmz t i-3 ŋ̟z z ə-4 kz,ŋ ɛ-0 t iə-4 ŋz ɣ a-4 iz aː-0 iz k u-2 ŋmz t i-3 ŋ̟z z ə-4 kz
CNBA_Nu_6_S0003_94,audio_data/train/CNBA_Nu_6_S0003_94.wav,n aː-1 ŋz t͡ɕ i-3 t͡ɕ ɨə-0 ɓ iə-4 tz ɗ ə-4 tz l iə-1 nz,n aː-1 ŋz t͡ɕ i-3 t͡ɕ ɨə-0 ɓ iə-4 tz ɗ ə-4 tz l iə-1 nz
CNBA_Nu_6_S0003_17,audio_data/train/CNBA_Nu_6_S0003_17.wav,m o-5 tz l u-4 kpz s a-0 uz n ɔ-4 m aː-0 ŋz k w aː-3 ɓ ɔ-4 ŋmz l e-0 nz,m o-5 tz l u-4 kpz s a-0 uz l ɔ-4 m aː-0 ŋz k w aː-3 ɓ ɔ-4 ŋmz l e-0 nz
THA_Nu_6_S00042_87,audio_data/train/THA_Nu_6_S00042_87.wav,t͡ɕ i-5 t͡ɕ aː-1 z o-2 ɓ ɛ-4 ɲ ɨ-0 tʰ e-4 n aː-1 uz,t͡ɕ i-5 t͡ɕ aː-1 z o-2 ɓ ɛ-4 ɲ ɨ-0 tʰ e-4 n aː-1 uz
LXT_Nam_6_S0008_71,audio_data/train/LXT_Nam_6_S0008_71.wav,z e-0 k ɔ-0 nz ɗ aː-0 ŋz ɣ a-5 mz k ɔ-3 ɓ o-2 ŋmz tʰ ə-4 iz s ɔ-4 iz əː-0 ŋ a-0 iz t͡ɕ ɨə-4 kz m a-5 tz,z e-0 k ɔ-0 nz ɗ aː-0 ŋz ɣ a-5 mz k ɔ-3 ɓ o-2 ŋmz tʰ ə-4 iz s ɔ-4 iz əː-0 ŋ a-0 iz t͡ɕ ɨə-4 kz m a-5 tz
TPA_Nu_6_S0009_105,audio_data/train/TPA_Nu_6_S0009_105.wav,s ɨə-0 ŋ a-1 iz s ɨə-0 k ɔ-4 m o-5 tz ɓ aː-1 m ɛ-5 s i-0 ŋ̟z ɗ ɨə-5 kz ɓ aː-0 k o-0 k ɔ-0 nz ɣ aː-4 iz,s ɨə-0 ŋ a-1 iz s ɨə-0 k ɔ-4 m o-5 tz ɓ aː-1 m ɛ-5 s i-0 ŋ̟z ɗ ɨə-5 kz ɓ aː-0 k o-0 k ɔ-0 nz ɣ aː-4 iz
PTT_7_NU_S0041_139,audio_data/train/PTT_7_NU_S0041_139.wav,s e-0 t iə-4 ŋz m ɨə-0 z aː-1 uz,s e-0 t iə-4 ŋz m ɨə-0 z aː-1 uz
TPA_Nu_6_S0009_84,audio_data/train/TPA_Nu_6_S0009_84.wav,ŋ a-0 iz l u-4 kpz ɗ ɔ-4 k o-0 t͡ɕ i-5 ŋ aː-2 l a-0 nz z aː-0 ɗ ə-4 tz ɓ iə-4 nz tʰ eaː-1 ŋ̟z m o-5 tz k ɔ-0 nz z uə-1 t ɔ-0 ɓ ɔ-1 z aː-0 x ɔ-3 iz ɲ aː-1 ɗ i-0 m aː-2 iz,ŋ a-0 iz l u-4 kpz ɗ ɔ-4 k o-0 t͡ɕ i-5 ŋ aː-2 l a-0 nz z aː-0 ɗ ə-4 tz ɓ iə-4 nz tʰ eaː-1 ŋ̟z m o-5 tz k ɔ-0 nz z uə-1 t ɔ-0 ɓ ɔ-1 z aː-0 x ɔ-3 iz ɲ aː-1 ɗ i-0 m aː-2 iz
THA_Nu_6_S00042_96,audio_data/train/THA_Nu_6_S00042_96.wav,ɗ u-4 ŋmz z o-1 iz k ə-5 uz z ɔ-3 iz k w aː-4,ɗ u-4 ŋmz z o-1 iz k ə-5 uz z ɔ-3 iz k w aː-4
PC_7_NAM_S0004_83,audio_data/train/PC_7_NAM_S0004_83.wav,t əː-4 k u-2 ŋmz ɗ aː-2 ɗ i-0 əː-0 ɗ ɔ-4 v aː-1 t əː-4 ɗ i-0 k aː-3 ɗ aː-1 n a-2 ŋz,t əː-4 k u-2 ŋmz ɗ aː-2 ɗ i-0 əː-0 ɗ ɔ-4 v aː-1 t əː-4 ɗ i-0 k aː-3 ɗ aː-1 n a-2 ŋz
TPA_Nu_6_S0009_71,audio_data/train/TPA_Nu_6_S0009_71.wav,ɓ iə-4 tz m i-1 ŋ̟z t͡ɕ a-3 ŋz s o-4 ŋmz ɗ ɨə-5 kz ɓ aː-0 uz l ə-0 uz n ɨə-2 ɓ aː-1 ɲ əː-1 ɓ aː-1 ɲ əː-4 k aː-4 kz k ɔ-0 nz ɲ ɨ-0 ŋz k aː-3 ɓ aː-0 k o-0 ɗ e-1 uz əː-0 s aː-0,ɓ iə-4 tz m i-1 ŋ̟z t͡ɕ a-3 ŋz s o-4 ŋmz ɗ ɨə-5 kz ɓ aː-0 uz l ə-0 uz n ɨə-2 ɓ aː-1 ɲ əː-1 ɓ aː-1 ɲ əː-4 k aː-4 kz k ɔ-0 nz ɲ ɨ-0 ŋz k aː-3 ɓ aː-0 k o-0 ɗ e-1 uz əː-0 s aː-0
DNK_7_NU_S0048_179,audio_data/train/DNK_7_NU_S0048_179.wav,ɓ ə-0 iz z əː-1 ɗ ɔ-5 kpz t͡ɕ ɔ-0 t əː-4 ŋ ɛ-0 ɓ aː-1 iz t͡ɕ i-0 mz s əː-0 nz k aː-0 v aː-1 ɓ o-0 ŋmz k u-4 kpz t͡ɕ a-4 ŋz ɲ ɛ-4,ɓ ə-0 iz z əː-1 ɗ ɔ-5 kpz t͡ɕ ɔ-0 t əː-4 ŋ ɛ-0 ɓ aː-1 iz t͡ɕ i-0 mz s əː-0 nz k aː-0 v aː-1 ɓ o-0 ŋmz k u-4 kpz t͡ɕ a-4 ŋz ɲ ɛ-4
DNK_7_NU_S0048_38,audio_data/train/DNK_7_NU_S0048_38.wav,t͡ɕ əː-1 iz z a-4 kz ɓ w i-5 m ɨə-0 z əː-0 iz,t͡ɕ əː-1 iz z a-4 kz ɓ w i-5 m ɨə-0 z əː-0 iz
PTL_7_NU_S0008_136,audio_data/train/PTL_7_NU_S0008_136.wav,k ɔ-0 nz ɣ i-1 k ɔ-4 ɓ ɨə-4 uz t͡ɕ e-0 nz l ɨ-0 ŋz,k ɔ-0 nz ɣ i-1 k ɔ-4 ɓ iə-4 uz t͡ɕ e-0 nz l ɨ-0 ŋz
PTT_7_NU_S0041_13,audio_data/train/PTT_7_NU_S0041_13.wav,x o-0 ŋmz k ɔ-4 tʰ u-0 l aː-1 mz s aː-0 uz k ɔ-4 ɗ e-0 mz ɗ e-0 mz t͡ɕ a-0 ŋz z ɨə-4 kz ɗ ɛ-1 nz f aː-4 k o-2,x o-0 ŋmz k ɔ-4 tʰ u-0 l aː-1 mz s aː-0 uz k ɔ-4 ɗ e-0 mz ɗ e-0 mz t͡ɕ a-0 ŋz z ɨə-4 kz ɗ ɛ-1 nz f aː-4 k o-2
PTL_7_NU_S0008_96,audio_data/train/PTL_7_NU_S0008_96.wav,t əː-4 m aː-0 ŋz t əː-4 m aː-0 ŋz m o-5 tz k ɔ-0 nz s ɔ-4 iz,t əː-4 m aː-0 ŋz t əː-4 m aː-0 ŋz m o-5 tz k ɔ-0 nz s ɔ-4 iz
NHM_7_NU_S0006_101,audio_data/train/NHM_7_NU_S0006_101.wav,t e-4 tz ɗ ə-1 uz n a-0 mz n a-0 iz aː-0 iz t i-1 mz ɗ ɨə-5 kz k uə-3 ŋ ɔ-0 nz v ə-5 tz l aː-5 ɲ ə-4 tz s ɛ-2 ɗ ɨə-5 kz t aː-0 t e-4 t͡ɕ əː-1 iz ɗ ə-4 tz tʰ i-1 s ɛ-2 ɗ ɨə-5 kz ɲ ɨə-1 ŋz ŋ o-0 iz,t e-4 tz ɗ ə-1 uz n a-0 mz n a-0 iz aː-0 iz t i-1 mz ɗ ɨə-5 kz k uə-3 ŋ ɔ-0 nz v ə-5 tz l aː-5 ɲ ə-4 tz s ɛ-2 ɗ ɨə-5 kz t aː-0 t e-4 t͡ɕ əː-1 iz ɗ ə-4 tz tʰ i-1 s ɛ-2 ɗ ɨə-5 kz ɲ ɨə-1 ŋz ŋ o-0 iz
MK_7_NU_S0007_32,audio_data/train/MK_7_NU_S0007_32.wav,k ɔ-0 nz ɓ ɨə-4 mz t͡ɕ ə-5 pz t͡ɕ əː-1 nz,k ɔ-0 nz ɓ ɨə-4 mz t͡ɕ ə-5 pz t͡ɕ əː-1 nz
PTT_7_NU_S0041_103,audio_data/train/PTT_7_NU_S0041_103.wav,t͡ɕ ɔ-0 ŋmz v ɨə-1 nz e-0 mz aː-0,t͡ɕ ɔ-0 ŋmz v ɨə-1 nz e-0 mz aː-0
PTL_7_NU_S0008_104,audio_data/train/PTL_7_NU_S0008_104.wav,t əː-4 tʰ ə-4 iz m o-5 tz k ɔ-0 nz z a-4 nz,t əː-4 tʰ ə-4 iz m o-5 tz k ɔ-0 nz z a-4 nz
VTA_Nam_6_S0002_9,audio_data/train/VTA_Nam_6_S0002_9.wav,tʰ ɔ-3 tʰ ə-4 iz v ə-5 iz ɓ ɛ-1 nz ɲ a-3 iz l e-0 nz m o-0 ɗ ə-4 tz t͡ɕ ɨə-4 kz m a-5 tz t͡ɕ ɔ-4,tʰ ɔ-3 tʰ ə-4 iz v ə-5 iz ɓ ɛ-1 nz ɲ a-3 iz l e-0 nz m o-0 ɗ ə-4 tz t͡ɕ ɨə-4 kz m a-5 tz t͡ɕ ɔ-4
LXT_Nam_6_S0008_125,audio_data/train/LXT_Nam_6_S0008_125.wav,h aː-5 tz n a-4 ŋz ɣ a-5 pz ɓ o-0 ŋmz h o-1 ŋmz ɓ i-5 ɣ a-2 iz k eaː-1 ŋ̟z ɗ aː-0 ŋz s u-5 tz s w i-1 x ɔ-4 kpz,h aː-5 tz n a-4 ŋz ɣ a-5 pz ɓ o-0 ŋmz h o-1 ŋmz ɓ i-5 ɣ a-2 iz k eaː-1 ŋ̟z ɗ aː-0 ŋz s u-5 tz s w i-1 x ɔ-4 kpz
LXT_Nam_6_S0008_30,audio_data/train/LXT_Nam_6_S0008_30.wav,aː-0 k aː-4 iz n a-1 iz m i-1 ŋ̟z ɓ iə-4 tz z o-1 iz,aː-0 k aː-4 iz n a-1 iz m i-1 ŋ̟z ɓ iə-4 tz z o-1 iz
PTT_7_NU_S0041_122,audio_data/train/PTT_7_NU_S0041_122.wav,t əː-4 h ɔ-3 iz k ə-5 uz m o-5 tz k ə-0 uz,t əː-4 h ɔ-3 iz k ə-5 uz m o-5 tz k ə-0 uz
NMA_7_NU_S0002_192,audio_data/train/NMA_7_NU_S0002_192.wav,ɓ w o-3 iz t͡ɕ ɨə-0 t͡ɕ a-4 uz m aː-3 iz ɗ i-0 k ə-0 uz,ɓ w o-3 iz t͡ɕ ɨə-0 t͡ɕ a-4 uz m aː-3 iz ɗ i-0 k ə-0 uz
TPA_Nu_6_S0009_133,audio_data/train/TPA_Nu_6_S0009_133.wav,ŋ ɛ-0 t͡ɕ i-5 k aː-3 n ɔ-4 iz s ɔ-0 ŋmz s ɔ-4 kpz k ɔ-0 nz z ə-5 nz z ɨ-2 m a-4 ŋz t͡ɕ i-5 k aː-3,ŋ ɛ-0 t͡ɕ i-5 k aː-3 n ɔ-4 iz s ɔ-0 ŋmz s ɔ-4 kpz k ɔ-0 nz k ə-5 nz z ɨ-2 m a-4 ŋz t͡ɕ i-5 k aː-3
PTT_7_NU_S0041_77,audio_data/train/PTT_7_NU_S0041_77.wav,ɓ w o-3 iz t͡ɕ ɨə-0 l e-0 nz ɓ w o-3 iz t͡ɕ ɨə-0 h ɛ-1,ɓ w o-3 iz t͡ɕ ɨə-0 l e-0 nz ɓ w o-3 iz t͡ɕ ɨə-0 h ɛ-1
TTD_7_NAM_S0001_96,audio_data/train/TTD_7_NAM_S0001_96.wav,x o-0 ŋmz k ə-5 uz n ɔ-4 iz tʰ e-4 tʰ i-1 s aː-0 iz z o-1 iz,x o-0 ŋmz k ə-5 uz n ɔ-4 iz tʰ e-4 tʰ i-1 s aː-0 iz z o-1 iz
PTT_7_NU_S0041_71,audio_data/train/PTT_7_NU_S0041_71.wav,v aː-1 k ɔ-1 nz m uə-1 h aː-5 v i-1 s aː-0 uz ɗ aː-4 mz iə-0 uz l aː-1 ɓ əː-3 iz v i-1,v aː-1 k ɔ-1 nz m uə-1 h aː-5 v i-1 s aː-0 uz ɗ aː-4 mz iə-0 uz l aː-1 ɓ əː-3 iz v i-1
NMA_7_NU_S0002_102,audio_data/train/NMA_7_NU_S0002_102.wav,ɣ ə-4 uz t u-4,ɣ ə-4 uz t u-4
PTL_7_NU_S0008_147,audio_data/train/PTL_7_NU_S0008_147.wav,ɗ ə-1 uz t aː-0 iz x o-0 ŋmz k ɔ-4 ɓ ɔ-1 ŋ aː-0 ŋz k aː-3 ɗ əː-1 iz,ɗ ə-1 uz t aː-0 iz x o-0 ŋmz k ɔ-4 ɓ ɔ-1 ŋ aː-0 ŋz k aː-3 ɗ əː-1 iz
DNK_7_NU_S0048_270,audio_data/train/DNK_7_NU_S0048_270.wav,t o-4 iz z o-1 iz t͡ɕ aː-3 aː-0 iz t͡ɕ ɔ-0 k ɔ-0 nz t͡ɕ i-0 mz x o-4 nz x o-3 m o-5 tz z ɔ-5 tz n ɨə-4 kz,t o-4 iz z o-1 iz t͡ɕ aː-3 aː-0 iz t͡ɕ ɔ-0 k ɔ-0 nz t͡ɕ i-0 mz x o-4 nz x o-3 m o-5 tz z ɔ-5 tz n ɨə-4 kz
NHM_7_NU_S0006_125,audio_data/train/NHM_7_NU_S0006_125.wav,ɣ ɔ-4 iz s ɔ-0 ŋmz ɓ eaː-4 ŋ̟z h i-1 ŋ̟z m a-5 tz ɗ ə-4 tz h aː-0 iz v əː-5 t͡ɕ o-1 ŋmz l aː-0 ŋz l iə-0 uz s e-4 pz ɓ eaː-4 ŋ̟z v aː-1 uz n o-1 iz t ɔ-0 ɲ ɔ-4 mz l ɨə-3 ɗ u-0 nz k i-2,ɣ ɔ-4 iz s ɔ-0 ŋmz ɓ eaː-4 ŋ̟z h i-1 ŋ̟z m a-5 tz ɗ ə-4 tz h aː-0 iz v əː-5 t͡ɕ o-1 ŋmz l aː-0 ŋz l iə-0 uz s e-4 pz ɓ eaː-4 ŋ̟z v aː-1 uz n o-1 iz t ɔ-0 ɲ ɔ-4 mz l ɨə-3 ɗ u-0 nz k i-2
TTT_Nu_6_S00049_23,audio_data/train/TTT_Nu_6_S00049_23.wav,k aː-3 mz əː-0 nz ɓ aː-5 nz,k aː-3 mz əː-0 nz ɓ aː-5 nz
NMA_7_NU_S0002_277,audio_data/train/NMA_7_NU_S0002_277.wav,t͡ɕ iə-4 nz k ə-0 nz n a-1 iz ɗ e-3 z u-4 pz f aː-4 tz h iə-5 nz ɲ ɨ-2 ŋz s aː-3 nz f ə-3 mz x o-0 ŋmz aː-0 nz t w aː-1 nz t͡ɕ ɔ-0 s ɨ-4 kz x w ɛ-3 k ɔ-0 nz ŋ ɨə-1 iz,t͡ɕ iə-4 nz k ə-0 nz l a-1 iz ɗ e-3 z u-4 pz f aː-4 tz h iə-5 nz ɲ ɨ-2 ŋz s aː-3 nz f ə-3 mz x o-0 ŋmz aː-0 nz t w aː-1 nz t͡ɕ ɔ-0 s ɨ-4 kz x w ɛ-3 k ɔ-0 nz ŋ ɨə-1 iz
PTL_7_NU_S0008_81,audio_data/train/PTL_7_NU_S0008_81.wav,t͡ɕ u-4 ŋmz m i-1 ŋ̟z k u-1 ŋmz ɗ ɔ-5 kpz ɓ aː-1 iz k aː-4 kz k ɔ-0 nz v ə-5 tz ɲ ɛ-4,t͡ɕ u-4 ŋmz m i-1 ŋ̟z k u-1 ŋmz ɗ ɔ-5 kpz ɓ aː-1 iz k aː-4 kz k ɔ-0 nz v ə-5 tz ɲ ɛ-4
LDMT_Nam_6_S00047_39,audio_data/train/LDMT_Nam_6_S00047_39.wav,h ɔ-5 pz l əː-4 pz,h ɔ-5 pz l əː-4 pz
TTD_7_NAM_S0001_67,audio_data/train/TTD_7_NAM_S0001_67.wav,ɓ o-1 k ə-0 uz t u-0 ŋmz k eaː-4 ŋ̟z,ɓ o-1 k ə-0 uz t u-0 ŋmz k eaː-4 ŋ̟z
TTD_7_NAM_S0001_136,audio_data/train/TTD_7_NAM_S0001_136.wav,t͡ɕ ə-0 nz ɗ i-0 ɲ ɨ-0 ɗ ə-5 pz ɗ ə-4 tz,t͡ɕ ə-0 nz ɗ i-0 ɲ ɨ-0 ɗ ə-5 pz ɗ ə-4 tz
NT_7_NAM_S0009_72,audio_data/train/NT_7_NAM_S0009_72.wav,ɓ e-0 ɲ i-1 nz ŋ ɨə-1 iz z aː-0 uz v iə-5 kz,ɓ e-0 ɲ i-1 nz ŋ ɨə-1 iz z aː-0 uz v iə-5 kz
NMA_7_NU_S0002_103,audio_data/train/NMA_7_NU_S0002_103.wav,ɲ ɨ-2 ŋz k ɔ-0 nz v ə-5 tz n aː-1 uz k ɔ-2 ŋmz h w a-5 kz ɗ i-5 uz k ɔ-0 nz ɓ a-1 ŋz l ɨ-0 ŋz ɓ a-1 ŋz t͡ɕ iə-4 kz t w i-4 z aː-0 ɓ u-5 ŋmz,ɲ ɨ-2 ŋz k ɔ-0 nz v ə-5 tz n aː-1 uz k ɔ-2 ŋmz h w a-5 kz ɗ i-5 uz k ɔ-0 nz ɓ a-1 ŋz l ɨ-0 ŋz ɓ a-1 ŋz t͡ɕ iə-4 kz t w i-4 z aː-0 ɓ u-5 ŋmz
THA_Nu_6_S00042_115,audio_data/train/THA_Nu_6_S00042_115.wav,ɓ aː-5 nz ɗ aː-2 ɓ aː-0 uz z əː-1 ɗ ɨə-5 kz s ɛ-0 mz k ɨ-3 t aː-5 t͡ɕ ɨə-0,ɓ aː-5 nz ɗ aː-2 ɓ aː-0 uz z əː-1 ɗ ɨə-5 kz s ɛ-0 mz k ɨ-3 t aː-5 t͡ɕ ɨə-0
NHM_7_NU_S0006_190,audio_data/train/NHM_7_NU_S0006_190.wav,ɗ e-4 nz m o-5 tz k eaː-4 ŋ̟z ɗ o-1 ŋmz l əː-4 nz m ɛ-1 uz k ɔ-4 m o-5 tz s o-4 ŋ ɨə-1 iz l aː-1 mz əː-0 ɗ ɔ-4,ɗ e-4 nz m o-5 tz k eaː-4 ŋ̟z ɗ o-1 ŋmz l əː-4 nz m ɛ-1 uz k ɔ-4 m o-5 tz s o-4 ŋ ɨə-1 iz l aː-1 mz əː-0 ɗ ɔ-4
TGH_7_NU_S0046_119,audio_data/train/TGH_7_NU_S0046_119.wav,t əː-4 t͡ɕ ɨə-4 kz,t əː-4 t͡ɕ ɨə-4 kz
HYT_Nu_6_S0005_39,audio_data/train/HYT_Nu_6_S0005_39.wav,t əː-4 ɗ o-4 ɓ aː-5 nz t͡ɕ w o-5 tz m ɛ-5 f aː-3 nz ɨ-4 ŋz ɲ ɨ-0 tʰ e-4 n aː-1 uz,t əː-4 ɗ o-4 ɓ aː-5 nz t͡ɕ w o-5 tz m ɛ-5 f aː-3 iz ɨ-4 ŋz ɲ ɨ-0 tʰ e-4 n aː-1 uz
NMA_7_NU_S0002_51,audio_data/train/NMA_7_NU_S0002_51.wav,k ɔ-4 k ɔ-4 ɗ w o-0 iz l aː-1 mz ɗ o-1 t͡ɕ əː-0 iz,k ɔ-4 k ɔ-4 ɗ w o-0 iz l aː-1 mz ɗ o-1 t͡ɕ əː-0 iz
DNK_7_NU_S0048_32,audio_data/train/DNK_7_NU_S0048_32.wav,l ɨə-5 nz ɓ a-0 iz ɲ ɨ-0 z ə-2 nz l o-4 iz,l ɨə-5 nz ɓ a-0 iz ɲ ɨ-0 z ə-2 nz l o-4 iz
NT_7_NAM_S0009_26,audio_data/train/NT_7_NAM_S0009_26.wav,t͡ɕ ɔ-0 ŋmz h aː-0 iz ɲ ə-0 nz v ə-5 tz ɲ ə-0 nz v ə-5 tz n aː-1 uz t ɨə-5 ŋz t͡ɕ ɨ-0 ŋz t͡ɕ ɔ-0 s ɨ-4 kz m eaː-5 ŋ̟z k uə-3 k ɔ-0 nz ŋ ɨə-1 iz,t͡ɕ ɔ-0 ŋmz h aː-0 iz ɲ ə-0 nz v ə-5 tz ɲ ə-0 nz v ə-5 tz l aː-1 uz t ɨə-5 ŋz t͡ɕ ɨ-0 ŋz t͡ɕ ɔ-0 s ɨ-4 kz m eaː-5 ŋ̟z k uə-3 k ɔ-0 nz ŋ ɨə-1 iz
NMA_7_NU_S0002_218,audio_data/train/NMA_7_NU_S0002_218.wav,m o-5 tz h o-0 mz l aː-5 kz l ɔ-0 ŋmz k w ə-0 nz ɓ aː-1 nz v əː-4 iz ə-0 uz k əː-0,m o-5 tz h o-0 mz l aː-5 kz l ɔ-0 ŋmz k w ə-0 nz ɓ aː-1 nz v əː-4 iz ə-0 uz k əː-0
NNM_Nu_6_S00045_16,audio_data/train/NNM_Nu_6_S00045_16.wav,m ɛ-5 ɗ aː-2 aː-0 nz w i-3 ɓ ɛ-4 ɲ ɨ-0 tʰ e-4 n aː-1 uz,m ɛ-5 ɗ aː-2 aː-0 nz w i-3 ɓ ɛ-4 ɲ ɨ-0 tʰ e-4 n aː-1 uz
PTL_7_NU_S0008_124,audio_data/train/PTL_7_NU_S0008_124.wav,x o-0 ŋmz ɗ ɨə-5 kz l aː-1 mz tʰ e-4 ɗ ə-0 uz ɲ ɛ-4 v i-1 n ɔ-4 s ɛ-2 z ɨ-2 t͡ɕ ɔ-0 m o-0 iz t͡ɕ ɨə-1 ŋz aː-0 nz t w aː-1 nz h əː-0 nz,x o-0 ŋmz ɗ ɨə-5 kz l aː-1 mz tʰ e-4 ɗ ə-0 uz ɲ ɛ-4 v i-1 n ɔ-4 s ɛ-2 z ɨ-2 t͡ɕ ɔ-0 m o-0 iz t͡ɕ ɨə-1 ŋz aː-0 nz t w aː-1 nz h əː-0 nz
CNBA_Nu_6_S0003_87,audio_data/train/CNBA_Nu_6_S0003_87.wav,h o-0 mz n a-0 iz k ɔ-0 nz s ɛ-2 ɗ ɔ-5 kpz ɓ aː-1 iz n aː-1 ŋz t iə-0 nz k aː-4,h o-0 mz n a-0 iz k ɔ-0 nz s ɛ-2 ɗ ɔ-5 kpz ɓ aː-1 iz n aː-1 ŋz t iə-0 nz k aː-4
NTM_Nam_6_S00010_9,audio_data/train/NTM_Nam_6_S00010_9.wav,k ɔ-4 ɗ e-5 pz ɓ eaː-4 ŋ̟z t͡ɕ ɨ-0 ŋz,k ɔ-4 ɗ e-5 pz ɓ eaː-4 ŋ̟z t͡ɕ ɨ-0 ŋz
THA_Nu_6_S00042_112,audio_data/train/THA_Nu_6_S00042_112.wav,t u-3 ɗ u-0 ɗ u-3 k aː-4 tʰ u-0,t u-3 ɗ u-0 ɗ u-3 k aː-4 tʰ u-0
PC_7_NAM_S0004_23,audio_data/train/PC_7_NAM_S0004_23.wav,ɗ ɔ-4 l aː-1 k ə-0 uz tʰ əː-0,ɗ ɔ-4 l aː-1 k ə-0 uz tʰ əː-0
DNK_7_NU_S0048_219,audio_data/train/DNK_7_NU_S0048_219.wav,ə-0 iz k ə-5 uz ɗ ɨ-1 ŋz ɓ a-4 tz t͡ɕ i-0 mz h a-2 iz ɗ e-3 n ɔ-4 t ɨ-5 z ɔ-0,ə-0 iz k ə-5 uz ɗ ɨ-1 ŋz ɓ a-4 tz t͡ɕ i-0 mz h a-2 iz ɗ e-3 n ɔ-4 t ɨ-5 z ɔ-0
GQM_Nam_6_S0006_12,audio_data/train/GQM_Nam_6_S0006_12.wav,t͡ɕ w o-5 tz t əː-4 t əː-4 ɗ ɔ-5 kpz ɓ aː-1 iz t͡ɕ w o-5 tz u-4 tz h aː-0 iz ɲ ɛ-4,t͡ɕ w o-5 tz t əː-4 t əː-4 ɗ ɔ-5 kpz ɓ aː-1 iz t͡ɕ w o-5 tz u-4 tz h aː-0 iz ɲ ɛ-4
TTD_7_NAM_S0001_160,audio_data/train/TTD_7_NAM_S0001_160.wav,ɓ aː-0 l aː-1 n ɔ-4 k aː-0 uz l əː-4 nz l e-0 nz x e-0 ŋ̟z v əː-4 iz k aː-3 ɓ o-4 nz l aː-1 t͡ɕ ə-0 nz ɗ i-0 ɲ ɨ-0 ɗ aː-5 pz ɗ ə-4 tz,ɓ aː-0 l aː-1 n ɔ-4 k aː-0 uz l əː-4 nz l e-0 nz x e-0 ŋ̟z v əː-4 iz k aː-3 ɓ o-4 nz l aː-1 t͡ɕ ə-0 nz ɗ i-0 ɲ ɨ-0 ɗ aː-5 pz ɗ ə-4 tz
DNK_7_NU_S0048_247,audio_data/train/DNK_7_NU_S0048_247.wav,t o-5 iz ŋ iə-5 pz n ɔ-4 l a-4 mz,t o-5 iz ŋ iə-5 pz n ɔ-4 l a-4 mz
DNK_7_NU_S0048_299,audio_data/train/DNK_7_NU_S0048_299.wav,m aː-1 x o-0 ŋmz k ə-1 nz ɓ iə-4 tz,m aː-1 x o-0 ŋmz k ə-1 nz ɓ iə-4 tz
THA_Nu_6_S00042_214,audio_data/train/THA_Nu_6_S00042_214.wav,m əː-1 iz ɓ aː-5 nz ɗ ɔ-5 kpz ɓ aː-1 iz,m əː-1 iz ɓ aː-5 nz ɗ ɔ-5 kpz ɓ aː-1 iz
TTD_7_NAM_S0001_30,audio_data/train/TTD_7_NAM_S0001_30.wav,k ɔ-0 nz ɓ iə-4 nz v aː-1 uz t͡ɕ ɔ-0 ŋmz,k ɔ-0 nz ɓ iə-4 nz v aː-1 uz t͡ɕ ɔ-0 ŋmz
PTL_7_NU_S0008_133,audio_data/train/PTL_7_NU_S0008_133.wav,z əː-4 iz tʰ iə-5 uz s eaː-4 k̟z ɓ aː-4 uz v əː-4 iz k aː-4 kz ɓ aː-5 nz t͡ɕ ɔ-0 ŋmz ɲ ɔ-4 mz ɲ ɛ-4,z əː-4 iz tʰ iə-5 uz s eaː-4 k̟z ɓ aː-4 uz v əː-4 iz k aː-4 kz ɓ aː-5 nz t͡ɕ ɔ-0 ŋmz ɲ ɔ-4 mz ɲ ɛ-4
DNK_7_NU_S0048_152,audio_data/train/DNK_7_NU_S0048_152.wav,m o-5 tz t͡ɕ u-4 ɓ ɔ-4 iz k aː-4,m o-5 tz t͡ɕ u-4 ɓ ɔ-4 iz k aː-4
THA_Nu_6_S00042_34,audio_data/train/THA_Nu_6_S00042_34.wav,k ɔ-1 ŋ ɛ-0 tʰ ə-4 iz t͡ɕ a-5 iz m ə-4 tz,k ɔ-1 ŋ ɛ-0 tʰ ə-4 iz t͡ɕ a-5 iz m ə-4 tz
NMA_7_NU_S0002_24,audio_data/train/NMA_7_NU_S0002_24.wav,t͡ɕ ɔ-0 ŋmz z ɨ-1 ŋz ɗ i-0 ɲ ɨ-0 t͡ɕ əː-0 iz,t͡ɕ ɔ-0 ŋmz z ɨ-1 ŋz ɗ i-0 ɲ ɨ-0 t͡ɕ əː-0 iz
THA_7_NU_S0043_33,audio_data/train/THA_7_NU_S0043_33.wav,ɓ ə-4 tz t͡ɕ əː-5 tz k o-0 tʰ ə-4 iz k i-4 ŋ o-1 iz əː-0 z ɨə-2 s ə-0 nz tʰ e-4 x w a-4 iz z u-1 ŋmz t͡ɕ ə-0 nz t ə-5 pz v iə-4 tz,ɓ ə-4 tz t͡ɕ əː-5 tz k o-0 tʰ ə-4 iz k i-4 ŋ o-1 iz əː-0 z ɨə-2 s ə-0 nz tʰ e-4 x w a-4 iz z u-1 ŋmz t͡ɕ ə-0 nz t ə-5 pz v iə-4 tz
NHM_7_NU_S0006_30,audio_data/train/NHM_7_NU_S0006_30.wav,t͡ɕ ɔ-0 ŋmz h aː-0 iz ɲ ə-0 nz v ə-5 tz ɲ ə-0 nz v ə-5 tz n aː-1 uz t ɨə-5 ŋz t͡ɕ ɨ-0 ŋz t͡ɕ ɔ-0 s ɨ-4 kz m eaː-5 ŋ̟z k ɔ-0 nz ŋ ɨə-1 iz,t͡ɕ ɔ-0 ŋmz h aː-0 iz ɲ ə-0 nz v ə-5 tz ɲ ə-0 nz v ə-5 tz n aː-1 uz t ɨə-5 ŋz t͡ɕ ɨ-0 ŋz t͡ɕ ɔ-0 s ɨ-4 kz m eaː-5 ŋ̟z k ɔ-0 nz ŋ ɨə-1 iz
DGB_7_NAM_S0003_39,audio_data/train/DGB_7_NAM_S0003_39.wav,k ə-5 uz ɗ ɔ-5 kpz t͡ɕ ɨə-4 kz ɗ i-0,k ə-5 uz ɗ ɔ-5 kpz t͡ɕ ɨə-4 kz ɗ i-0
HYT_Nu_6_S0005_62,audio_data/train/HYT_Nu_6_S0005_62.wav,t əː-4 t əː-4 ɗ i-0 v əː-4 iz k aː-3 ɲ aː-1 t əː-4,t əː-4 t əː-4 ɗ i-0 v əː-4 iz k aː-3 ɲ aː-1 t əː-4
TTD_7_NAM_S0001_49,audio_data/train/TTD_7_NAM_S0001_49.wav,ɲ aː-1 t əː-4 ɲ aː-1 t əː-4 n w o-0 iz m o-5 tz n w o-0 iz h aː-0 iz k ɔ-0 nz t͡ɕ ɔ-4 v əː-4 iz k aː-3 l aː-1 m o-5 tz k ɔ-0 nz m ɛ-1 uz,ɲ aː-1 t əː-4 ɲ aː-1 t əː-4 n w o-0 iz m o-5 tz n w o-0 iz h aː-0 iz k ɔ-0 nz t͡ɕ ɔ-4 v əː-4 iz k aː-3 l aː-1 m o-5 tz k ɔ-0 nz m ɛ-1 uz
THA_7_NU_S0043_126,audio_data/train/THA_7_NU_S0043_126.wav,l ɨə-5 nz ɓ a-0 iz ɲ ɨ-0 z ə-2 nz l o-4 iz,l ɨə-5 nz ɓ a-0 iz ɲ ɨ-0 z ə-2 nz l o-4 iz
LXT_Nam_6_S0008_50,audio_data/train/LXT_Nam_6_S0008_50.wav,ɲ i-1 nz ɓ aː-4 kz t͡ɕ ɔ-4 ɗ aː-0 ŋz ŋ e-4 k̟z m ɔ-2 mz n a-1 mz z aː-1 iz t͡ɕ e-0 nz s ə-0 nz t a-4 mz n a-4 ŋz t͡ɕ u-4 ɓ ɛ-1 nz l aː-5 iz ɣ ə-1 nz l a-0 iz l a-0 iz,ɲ i-1 nz ɓ aː-4 kz t͡ɕ ɔ-4 ɗ aː-0 ŋz ŋ e-2 ŋ̟z m ɔ-2 mz n a-1 mz z aː-1 iz t͡ɕ e-0 nz s ə-0 nz t a-4 mz n a-4 ŋz t͡ɕ u-4 ɓ ɛ-1 nz l aː-5 iz ɣ ə-1 nz l a-0 iz l a-0 iz
PTT_7_NU_S0041_56,audio_data/train/PTT_7_NU_S0041_56.wav,s aː-0 uz m ɔ-5 iz ŋ ɨə-1 iz l aː-5 iz x o-0 ŋmz tʰ i-4 k̟z ɛ-0 mz ɗ ɨə-5 kz,s aː-0 uz m ɔ-5 iz ŋ ɨə-1 iz l aː-5 iz x o-0 ŋmz tʰ i-4 k̟z ɛ-0 mz ɗ ɨə-5 kz
GQM_Nam_6_S0006_41,audio_data/train/GQM_Nam_6_S0006_41.wav,t͡ɕ w o-5 tz m ɛ-5 l aː-0 l əː-4 nz,t͡ɕ w o-5 tz m ɛ-5 l aː-0 l əː-4 nz
DNK_7_NU_S0048_19,audio_data/train/DNK_7_NU_S0048_19.wav,t͡ɕ i-0 mz ɛ-4 nz ɓ ə-5 nz ɗ i-0 ɗ ə-0 uz,t͡ɕ i-0 mz ɛ-4 nz ɓ ə-5 nz ɗ i-0 ɗ ə-0 uz
PC_7_NAM_S0004_19,audio_data/train/PC_7_NAM_S0004_19.wav,o-0 t͡ɕ ɛ-0 z ə-4 tz m aː-4 tz,o-0 t͡ɕ ɛ-0 z ə-4 tz m aː-4 tz
NTN_7_NU_S0042_83,audio_data/train/NTN_7_NU_S0042_83.wav,s aː-4 ŋz n aː-1 uz ɛ-0 mz ɗ e-4 nz l əː-4 pz,s aː-4 ŋz n aː-1 uz ɛ-0 mz ɗ e-4 nz l əː-4 pz
TPA_Nu_6_S0009_193,audio_data/train/TPA_Nu_6_S0009_193.wav,k o-0 ŋmz t͡ɕ uə-4 ɗ eaː-1 ŋ̟z z aː-0 m əː-3 k ɨə-3,k o-0 ŋmz t͡ɕ uə-4 ɗ eaː-1 ŋ̟z z aː-0 m əː-3 k ɨə-3
MK_7_NAM_S0005_7,audio_data/train/MK_7_NAM_S0005_7.wav,t͡ɕ əː-1 iz k aː-0 uz l o-1 ŋmz l o-5 ŋmz l o-1 ŋmz l o-5 ŋmz z ɔ-4 m ə-0 iz,t͡ɕ əː-1 iz k aː-0 uz l o-1 ŋmz l o-5 ŋmz l o-1 ŋmz l o-5 ŋmz z ɔ-4 m ə-0 iz
PC_7_NAM_S0004_7,audio_data/train/PC_7_NAM_S0004_7.wav,ɗ e-4 nz t͡ɕ əː-0 iz i-0 mz l a-5 ŋz,ɗ e-4 nz t͡ɕ əː-0 iz i-0 mz l a-5 ŋz
MK_7_NAM_S0005_35,audio_data/train/MK_7_NAM_S0005_35.wav,tʰ e-4 k ə-5 uz k ɔ-4 m w o-4 nz a-0 nz x o-0 ŋmz,tʰ e-4 k ə-5 uz k ɔ-4 m w o-4 nz a-0 nz x o-0 ŋmz
PTL_7_NU_S0008_179,audio_data/train/PTL_7_NU_S0008_179.wav,tʰ iə-0 nz ŋ aː-0 m ɛ-5 k ɔ-2 ŋmz k ɔ-0 nz t͡ɕ e-0 nz l ɨ-0 ŋz ɓ əː-0 iz ɗ i-0 ɗ ə-0 iz ɗ ɔ-4,tʰ iə-0 nz ŋ aː-0 m ɛ-5 k ɔ-2 ŋmz k ɔ-0 nz t͡ɕ e-0 nz l ɨ-0 ŋz ɓ əː-0 iz ɗ i-0 ɗ ə-0 iz ɗ ɔ-4
PTT_7_NU_S0041_133,audio_data/train/PTT_7_NU_S0041_133.wav,ɓ aː-1 z ə-5 iz ɓ aː-1 z ə-5 iz tʰ a-0 iz l aː-3,ɓ aː-1 z ə-5 iz ɓ aː-1 z ə-5 iz tʰ a-0 iz l aː-3
LDMT_Nam_6_S00047_29,audio_data/train/LDMT_Nam_6_S00047_29.wav,n ɔ-4 h ɨə-4 s ɛ-2 s ɨə-3 t͡ɕ ɨə-2,n ɔ-4 h ɨə-4 s ɛ-2 s ɨə-3 t͡ɕ ɨə-2
MK_7_NAM_S0005_21,audio_data/train/MK_7_NAM_S0005_21.wav,aː-0 k w e-0 k uə-3 t əː-4 k ɔ-4 t͡ɕ w iə-1 nz tʰ w iə-4 tz tʰ eaː-4 ŋ̟z z ɔ-4 ŋmz,aː-0 k w e-0 k uə-3 t əː-4 k ɔ-4 t͡ɕ w iə-1 nz tʰ w iə-4 tz tʰ eaː-4 ŋ̟z z ɔ-4 ŋmz
CNBA_Nu_6_S0003_11,audio_data/train/CNBA_Nu_6_S0003_11.wav,ɗ o-5 tz ɲ iə-0 nz k w aː-3 ɓ ɔ-4 ŋmz t w o-5 tz x ɔ-3 iz t a-0 iz n aː-1 ŋz l a-0 nz s w o-4 ŋmz z iə-4 ŋz,ɗ o-5 tz ɲ iə-0 nz k w aː-3 ɓ ɔ-4 ŋmz t w o-5 tz x ɔ-3 iz t a-0 iz n aː-1 ŋz l a-0 nz s w o-4 ŋmz z iə-4 ŋz
NDBA_7_NAM_S0010_91,audio_data/train/NDBA_7_NAM_S0010_91.wav,m ɛ-1 uz l ə-4 iz ŋ aː-0 iz k w ə-1 nz aː-4 uz m aː-0 ŋz ɗ i-0 z ə-4 uz m o-5 tz t͡ɕ o-2 z o-1 iz h ɛ-4 tz tʰ o-4 ŋmz tʰ iə-4 tz,m ɛ-1 uz l ə-4 iz ŋ aː-0 iz k w ə-1 nz aː-4 uz m aː-0 ŋz ɗ i-0 z ə-4 uz m o-5 tz t͡ɕ o-2 z o-1 iz h ɛ-4 tz tʰ o-4 ŋmz tʰ iə-4 tz
NHM_7_NU_S0006_17,audio_data/train/NHM_7_NU_S0006_17.wav,m ə-4 iz tʰ aː-4 ŋz s a-0 uz tʰ ə-1 nz z ɔ-4 ɗ e-4 nz ɲ aː-1 o-0 ŋmz m eaː-5 ŋ̟z t ɔ-3 v ɛ-3 a-0 nz n a-0 nz,m ə-4 iz tʰ aː-4 ŋz s a-0 uz tʰ ə-1 nz z ɔ-4 ɗ e-4 nz ɲ aː-1 o-0 ŋmz m eaː-5 ŋ̟z t ɔ-3 v ɛ-3 a-0 nz l a-0 nz
NT_7_NAM_S0009_73,audio_data/train/NT_7_NAM_S0009_73.wav,s e-0 aː-0 iz k u-2 ŋmz k ɔ-4 i-4 k̟z,s e-0 aː-0 iz k u-2 ŋmz k ɔ-4 i-4 k̟z
DNK_7_NU_S0048_82,audio_data/train/DNK_7_NU_S0048_82.wav,ɲ ɨ-2 ŋz k ɔ-0 nz t͡ɕ i-0 mz k əː-0 ɓ u-4 kpz m i-1 ŋ̟z ɗ ɔ-3 t͡ɕ ɔ-4 tz v aː-1 ɲ ɔ-3 ɲ ɨ-0 k w aː-3 əː-4 tz k o-4 z ɨə-4 nz k a-5 pz m əː-3 tʰ eaː-0 ŋ̟z m eaː-3 ŋ̟z k uə-3 m i-1 ŋ̟z,ɲ ɨ-2 ŋz k ɔ-0 nz t͡ɕ i-0 mz k əː-0 ɓ u-4 kpz m i-1 ŋ̟z ɗ ɔ-3 t͡ɕ ɔ-4 tz v aː-1 ɲ ɔ-3 ɲ ɨ-0 k w aː-3 əː-4 tz k o-4 z ɨə-4 nz k a-5 pz m əː-3 tʰ eaː-0 ŋ̟z m eaː-3 ŋ̟z k uə-3 m i-1 ŋ̟z
NMA_7_NU_S0002_125,audio_data/train/NMA_7_NU_S0002_125.wav,ɓ ɛ-4 s ɛ-0 mz t͡ɕ eaː-0 ŋ̟z,ɓ ɛ-4 s ɛ-0 mz t͡ɕ eaː-0 ŋ̟z
NHM_7_NU_S0006_39,audio_data/train/NHM_7_NU_S0006_39.wav,o-0 ŋmz m eaː-5 ŋ̟z ɗ aː-2 aː-0 nz w i-3 tʰ ə-1 nz z ɔ-4 v aː-1 m əː-1 iz tʰ ə-1 nz z ɔ-4 l u-4 kpz n aː-1 uz k u-2 ŋmz k ɔ-4 tʰ e-3 ɣ ɛ-4 t͡ɕ əː-0 iz,o-0 ŋmz m eaː-5 ŋ̟z ɗ aː-2 aː-0 nz w i-3 tʰ ə-1 nz z ɔ-4 v aː-1 m əː-1 iz tʰ ə-1 nz z ɔ-4 l u-4 kpz n aː-1 uz k u-2 ŋmz k ɔ-4 tʰ e-3 ɣ ɛ-4 t͡ɕ əː-0 iz
NMA_7_NU_S0002_21,audio_data/train/NMA_7_NU_S0002_21.wav,z ɨ-1 ŋz k ə-0 iz k ə-0 iz s u-4 mz s i-4 tz,z ɨ-1 ŋz k ə-0 iz k ə-0 iz s u-4 mz s i-4 tz
NTM_Nam_6_S00010_26,audio_data/train/NTM_Nam_6_S00010_26.wav,k ɔ-4 v aː-4 nz k əː-0 mz s o-0 iz,k ɔ-4 v aː-4 nz k əː-0 mz s o-0 iz
NHM_7_NU_S0006_140,audio_data/train/NHM_7_NU_S0006_140.wav,m i-1 ŋ̟z z ə-4 tz tʰ i-4 k̟z ɲ ə-0 nz v ə-5 tz m i-1 ŋ̟z z ə-4 tz tʰ i-4 k̟z ɲ ə-0 nz v ə-5 tz l aː-0 ŋz l iə-0 uz,m i-1 ŋ̟z z ə-4 tz tʰ i-4 k̟z ɲ ə-0 nz v ə-5 tz m i-1 ŋ̟z z ə-4 tz tʰ i-4 k̟z ɲ ə-0 nz v ə-5 tz l aː-0 ŋz l iə-0 uz
MK_7_NAM_S0005_26,audio_data/train/MK_7_NAM_S0005_26.wav,əː-0 k w e-0 t əː-4 k ɔ-1 nz ɗ ɨə-5 kz o-0 ŋmz ɓ aː-1 z ə-2 nz ɗ i-0 t a-4 mz z iə-4 ŋz l aː-1 ŋz,əː-0 k w e-0 t əː-4 k ɔ-1 nz ɗ ɨə-5 kz o-0 ŋmz ɓ aː-1 z ə-2 nz ɗ i-0 t a-4 mz z iə-4 ŋz l aː-1 ŋz
THA_7_NU_S0043_105,audio_data/train/THA_7_NU_S0043_105.wav,ŋ a-1 iz m aː-0 iz t͡ɕ u-4 ŋmz t aː-0 s ɛ-2 t i-1 mz t͡ɕ ɔ-0 n ɔ-4 m o-5 tz k aː-4 iz t͡ɕ ə-5 uz m əː-4 iz ɗ ɨə-5 kz x o-0 ŋmz n aː-1 uz,ŋ a-1 iz m aː-0 iz t͡ɕ u-4 ŋmz t aː-0 s ɛ-2 t i-1 mz t͡ɕ ɔ-0 n ɔ-4 m o-5 tz k aː-4 iz t͡ɕ ə-5 uz m əː-4 iz ɗ ɨə-5 kz x o-0 ŋmz n aː-1 uz
GQM_Nam_6_S0006_49,audio_data/train/GQM_Nam_6_S0006_49.wav,l ɨə-4 tz v aː-4 nz,l ɨə-4 tz v aː-4 nz
TTT_Nu_6_S00049_51,audio_data/train/TTT_Nu_6_S00049_51.wav,əː-0 m o-5 tz x u-0 z ɨ-1 ŋz n ɔ-5,əː-0 m o-5 tz x u-0 z ɨ-1 ŋz n ɔ-5
PTL_7_NU_S0008_168,audio_data/train/PTL_7_NU_S0008_168.wav,t əː-4 ɲ i-1 nz tʰ ə-4 iz k ɔ-0 nz k aː-4 uz,t əː-4 ɲ i-1 nz tʰ ə-4 iz k ɔ-0 nz k aː-4 uz
CNBA_Nu_6_S0003_108,audio_data/train/CNBA_Nu_6_S0003_108.wav,m o-5 tz h o-0 mz m ɨə-0 t ɔ-0 z ɔ-4 l əː-4 nz k aː-4 m a-0 ŋz l aː-5 kz m ɛ-5,m o-5 tz h o-0 mz m ɨə-0 t ɔ-0 z ɔ-4 l əː-4 nz k aː-4 m a-0 ŋz l aː-5 kz m ɛ-5
CNBA_Nu_6_S0003_147,audio_data/train/CNBA_Nu_6_S0003_147.wav,t͡ɕ əː-5 tz m ɛ-5 n ɔ-4 v u-5 tz ɗ e-4 nz ɲ ɨ-0 m o-5 tz z ə-4 kz m əː-0,t͡ɕ əː-5 tz m ɛ-5 n ɔ-4 v u-5 tz ɗ e-4 nz ɲ ɨ-0 m o-5 tz z ə-4 kz m əː-0
TPA_Nu_6_S0009_48,audio_data/train/TPA_Nu_6_S0009_48.wav,ɣ aː-1 t͡ɕ o-4 ŋmz s əː-5 h e-4 tz h o-1 nz t͡ɕ a-5 iz m ə-4 tz,ɣ aː-1 t͡ɕ o-4 ŋmz s əː-5 h e-4 tz h o-1 nz t͡ɕ a-5 iz m ə-4 tz
LXT_Nam_6_S0008_25,audio_data/train/LXT_Nam_6_S0008_25.wav,k ɨ-4 tʰ e-4 t͡ɕ u-4 s aː-0 iz x iə-4 nz z a-5 iz z o-2 t ə-4 tz k aː-3,k ɨ-4 tʰ e-4 t͡ɕ u-4 s aː-0 iz x iə-4 nz z a-5 iz z o-2 t ə-4 tz k aː-3
THA_Nu_6_S00042_23,audio_data/train/THA_Nu_6_S00042_23.wav,ɓ ə-0 iz z əː-1 t əː-4 s ɛ-2 k e-3 t͡ɕ ɔ-0 k ə-5 uz k ə-0 uz t͡ɕ w iə-5 nz k iə-4 nz v aː-1 ɓ o-1 k ə-0 uz,ɓ ə-0 iz z əː-1 t əː-4 s ɛ-2 k e-3 t͡ɕ ɔ-0 k ə-5 uz k ə-0 uz t͡ɕ w iə-5 nz k iə-4 nz v aː-1 ɓ o-1 k ə-0 uz
THA_Nu_6_S00042_194,audio_data/train/THA_Nu_6_S00042_194.wav,aː-0 m aː-4 ɗ aː-2 k ɔ-4 ɓ ɛ-4 l e-0 ɓ ɛ-4 h aː-1 l aː-1 k w aː-1 k w i-4,aː-0 m aː-4 ɗ aː-2 k ɔ-4 ɓ ɛ-4 l e-0 ɓ ɛ-4 h aː-1 l aː-1 k w aː-1 k w i-4
PTL_7_NU_S0008_51,audio_data/train/PTL_7_NU_S0008_51.wav,t w aː-1 nz tʰ ə-0 nz n ɔ-4 m a-1 uz n ə-0 uz ɲ aː-5 tz m a-4 tz ɗ ɛ-0 nz m w i-2 ɗ ɛ-0 nz,t w aː-1 nz tʰ ə-0 nz n ɔ-4 m a-1 uz n ə-0 uz ɲ aː-5 tz m a-4 tz ɗ ɛ-0 nz m w i-2 ɗ ɛ-0 nz
TPA_Nu_6_S0009_148,audio_data/train/TPA_Nu_6_S0009_148.wav,k ɔ-1 nz t͡ɕ u-4 ŋmz t o-0 iz h i-4 h w i-4 l aː-1 mz ɲ ɨ-2 ŋz t͡ɕ iə-4 kz t w i-4 ɓ i-4 m ə-5 tz k uə-3 m i-1 ŋ̟z,k ɔ-1 nz t͡ɕ u-4 ŋmz t o-0 iz h i-4 h w i-4 l aː-1 mz ɲ ɨ-2 ŋz t͡ɕ iə-4 kz t w i-4 ɓ i-4 m ə-5 tz k uə-3 m i-1 ŋ̟z
THA_Nu_6_S00042_221,audio_data/train/THA_Nu_6_S00042_221.wav,m uə-1 tʰ u-0 k w aː-0 k ɔ-3 l aː-4 x o-0,m uə-1 tʰ u-0 k w aː-0 k ɔ-3 l aː-4 x o-0
GQM_Nam_6_S0006_18,audio_data/train/GQM_Nam_6_S0006_18.wav,t͡ɕ w o-5 tz m ɛ-5 l aː-0 l əː-4 nz,t͡ɕ w o-5 tz m ɛ-5 l aː-0 l əː-4 nz
LXT_Nam_6_S0008_85,audio_data/train/LXT_Nam_6_S0008_85.wav,ɓ ə-0 iz z əː-1 t͡ɕ ɔ-5 ŋmz əː-0 iz ɓ ə-0 iz z əː-1 t əː-4 v əː-4 iz ɓ aː-5 nz ɗ ɔ-5 kpz ɓ aː-1 iz ɔ-0 ŋmz v aː-1 ɓ ɨə-4 mz ɗ i-0,ɓ ə-0 iz z əː-1 t͡ɕ ɔ-5 ŋmz əː-0 iz ɓ ə-0 iz z əː-1 t əː-4 v əː-4 iz ɓ aː-5 nz ɗ ɔ-5 kpz ɓ aː-1 iz ɔ-0 ŋmz v aː-1 ɓ ɨə-4 mz ɗ i-0
NMA_7_NU_S0002_62,audio_data/train/NMA_7_NU_S0002_62.wav,n a-4 ŋz f aː-0 t͡ɕ u-4 tz z ɔ-4,l a-4 ŋz f aː-0 t͡ɕ u-4 tz z ɔ-4
PC_7_NAM_S0004_67,audio_data/train/PC_7_NAM_S0004_67.wav,t͡ɕ ɔ-0 ŋmz k aː-4 kz k o-0 z a-5 iz əː-0 t͡ɕ ɨə-1 ŋz t əː-4 tʰ i-4 k̟z ɲ ə-4 tz l aː-1 k o-0 h aː-1,t͡ɕ ɔ-0 ŋmz k aː-4 kz k o-0 z a-5 iz əː-0 t͡ɕ ɨə-1 ŋz t əː-4 tʰ i-4 k̟z ɲ ə-4 tz l aː-1 k o-0 h aː-1
VTA_Nam_6_S0002_29,audio_data/train/VTA_Nam_6_S0002_29.wav,ə-0 iz tʰ ɔ-3 t͡ɕ e-0 k w aː-5 x w aː-4 kz l aː-4 kz,ə-0 iz tʰ ɔ-3 t͡ɕ e-0 k w aː-5 x w aː-4 kz l aː-4 kz
GQM_Nam_6_S0006_106,audio_data/train/GQM_Nam_6_S0006_106.wav,tʰ ə-1 iz ɛ-0 mz tʰ ɨə-0 tʰ ə-1 iz z ə-0 nz ɗ i-0 ɓ iə-3 nz ŋ ɛ-0 h aː-4 tz k w e-0 nz k aː-3 m e-5 tz k aː-3 ɓ w o-1 nz,tʰ ə-1 iz ɛ-0 mz tʰ ɨə-0 tʰ ə-1 iz z ə-0 nz ɗ i-0 ɓ iə-3 nz ŋ ɛ-0 h aː-4 tz k w e-0 nz k aː-3 m e-5 tz k aː-3 ɓ w o-1 nz
DNK_7_NU_S0048_226,audio_data/train/DNK_7_NU_S0048_226.wav,ɛ-0 mz z ə-4 tz ɗ o-1 ŋmz t i-1 ŋ̟z v əː-4 iz i-0 k iə-4 nz x o-0 ŋmz t əː-4 x o-0 ŋmz ɓ a-4 tz t͡ɕ i-0 mz ɗ ə-0 uz t o-5 iz ŋ iə-5 pz n ɔ-4,ɛ-0 mz z ə-4 tz ɗ o-1 ŋmz t i-1 ŋ̟z v əː-4 iz i-0 k iə-4 nz x o-0 ŋmz t əː-4 x o-0 ŋmz ɓ a-4 tz t͡ɕ i-0 mz ɗ ə-0 uz t o-5 iz ŋ iə-5 pz n ɔ-4
TTD_7_NAM_S0001_62,audio_data/train/TTD_7_NAM_S0001_62.wav,ɓ ə-0 iz z əː-1 k ə-5 uz ɗ ɔ-5 kpz x o-3 m o-5 tz h a-0 iz l aː-1 t əː-4 ɗ ɔ-5 kpz x o-3 m o-5 tz,ɓ ə-0 iz z əː-1 k ə-5 uz ɗ ɔ-5 kpz x o-3 m o-5 tz h a-0 iz l aː-1 t əː-4 ɗ ɔ-5 kpz x o-3 m o-5 tz
NTN_7_NU_S0042_19,audio_data/train/NTN_7_NU_S0042_19.wav,ɲ ɨ-0 ŋz tʰ i-4 k̟z h əː-0 nz k aː-3 l aː-1 h aː-1 ŋz ɣ e-4 ɗ aː-4 tʰ ɨ-0 v iə-5 nz s eaː-0 ŋ̟z x u-0 v e-5 s i-0 ŋ̟z ɓ əː-3 iz v i-1 ɣ e-4 ɗ aː-4 k ɔ-4 m aː-4 iz t͡ɕ ɛ-0 ɗ ɨə-5 kz v ɛ-2 z ə-4 tz ɗ ɛ-5 pz,ɲ ɨ-0 ŋz tʰ i-4 k̟z h əː-0 nz k aː-3 l aː-1 h aː-1 ŋz ɣ e-4 ɗ aː-4 tʰ ɨ-0 v iə-5 nz s eaː-0 ŋ̟z x u-0 v e-5 s i-0 ŋ̟z ɓ əː-3 iz v i-1 ɣ e-4 ɗ aː-4 k ɔ-4 m aː-4 iz t͡ɕ ɛ-0 ɗ ɨə-5 kz v ɛ-2 z ə-4 tz ɗ ɛ-5 pz
LXT_Nam_6_S0008_55,audio_data/train/LXT_Nam_6_S0008_55.wav,ɓ ə-0 iz z əː-1 ɓ aː-5 nz k ɔ-4 tʰ e-3 s a-4 pz s e-4 pz k aː-4 kz i-0 tʰ ɛ-0 uz ɗ u-4 ŋmz n o-5 iz z u-0 ŋmz t͡ɕ w iə-5 nz ɗ ɨə-5 kz x o-0 ŋmz,ɓ ə-0 iz z əː-1 ɓ aː-5 nz k ɔ-4 tʰ e-3 s a-4 pz s e-4 pz k aː-4 kz i-0 tʰ ɛ-0 uz ɗ u-4 ŋmz n o-5 iz z u-0 ŋmz t͡ɕ w iə-5 nz ɗ ɨə-5 kz x o-0 ŋmz
NHM_7_NU_S0006_86,audio_data/train/NHM_7_NU_S0006_86.wav,ɗ ɨə-5 kz v ə-5 iz t i-1 mz m o-5 tz ɓ o-5 f ə-5 nz ɗ e-3 t͡ɕ aː-3 l əː-1 iz k ə-0 uz h ɔ-3 iz tʰ e-4 n aː-1 uz,ɗ ɨə-5 kz v ə-5 iz t i-1 mz m o-5 tz ɓ o-5 f ə-5 nz ɗ e-3 t͡ɕ aː-3 l əː-1 iz k ə-0 uz h ɔ-3 iz tʰ e-4 n aː-1 uz
TTD_7_NAM_S0001_19,audio_data/train/TTD_7_NAM_S0001_19.wav,ɗ ɨə-5 kz z u-1 ŋmz ɗ e-3 t aː-3 ɗ a-5 kz ɗ iə-3 mz k uə-3 k ɔ-0 nz ɣ aː-1,ɗ ɨə-5 kz z u-1 ŋmz ɗ e-3 t aː-3 ɗ a-5 kz ɗ iə-3 mz k uə-3 k ɔ-0 nz ɣ aː-1
NMA_7_NU_S0002_246,audio_data/train/NMA_7_NU_S0002_246.wav,t͡ɕ ɔ-0 z a-5 kz m ɨə-5 nz ɗ ɨə-1 ŋz l aː-1 m ə-4 tz n ɨə-4 kz,t͡ɕ ɔ-0 z a-5 kz m ɨə-5 nz ɗ ɨə-1 ŋz l aː-1 m ə-4 tz n ɨə-4 kz
THA_7_NU_S0043_106,audio_data/train/THA_7_NU_S0043_106.wav,ŋ ɛ-0 tʰ ə-4 iz n ɔ-4 iz l ə-0 nz k u-2 ŋmz ɲ ə-5 nz l o-2 iz l ə-0 nz s i-0 nz l o-2 iz tʰ ə-1 iz v aː-1 k aː-4 kz ɓ aː-5 nz,ŋ ɛ-0 tʰ ə-4 iz n ɔ-4 iz l ə-0 nz k u-2 ŋmz ɲ ə-5 nz l o-2 iz l ə-0 nz s i-0 nz l o-2 iz tʰ ə-1 iz v aː-1 k aː-4 kz ɓ aː-5 nz
DNK_7_NU_S0048_167,audio_data/train/DNK_7_NU_S0048_167.wav,t əː-4 h ɔ-3 iz t iə-4 pz ɲ ɛ-4,t əː-4 h ɔ-3 iz t iə-4 pz ɲ ɛ-4
TTD_7_NAM_S0001_5,audio_data/train/TTD_7_NAM_S0001_5.wav,ɗ aː-1 nz ɣ aː-1 m ɛ-5 v aː-1 ɣ aː-1 k ɔ-0 nz,ɗ aː-1 nz ɣ aː-1 m ɛ-5 v aː-1 ɣ aː-1 k ɔ-0 nz
PTT_7_NU_S0041_141,audio_data/train/PTT_7_NU_S0041_141.wav,t əː-4 h ɔ-3 iz k ə-5 uz v i-1 s aː-0 uz z ɨə-2 ɓ w o-3 iz t͡ɕ ɨə-0 h ɛ-1,t əː-4 h ɔ-3 iz k ə-5 uz v i-1 s aː-0 uz z ɨə-2 ɓ w o-3 iz t͡ɕ ɨə-0 h ɛ-1
NMA_7_NU_S0002_104,audio_data/train/NMA_7_NU_S0002_104.wav,t͡ɕ w o-5 tz t͡ɕ u-5 tz t w i-4 t͡ɕ w o-5 tz t w i-4 ɣ ə-4 uz t w i-4,t͡ɕ w o-5 tz t͡ɕ u-5 tz t w i-4 t͡ɕ w o-5 tz t w i-4 ɣ ə-4 uz t w i-4
CNBA_Nu_6_S0003_22,audio_data/train/CNBA_Nu_6_S0003_22.wav,ɲ aː-1 v uə-0 z ə-5 nz z ɨ-2,ɲ aː-1 v uə-0 z ə-5 nz z ɨ-2
TTT_Nu_6_S00049_9,audio_data/train/TTT_Nu_6_S00049_9.wav,k aː-4 m ə-5 pz əː-0 t i-0 v i-0 m aː-1,k aː-4 m ə-5 pz əː-0 t i-0 v i-0 m aː-1
NTM_Nam_6_S00010_56,audio_data/train/NTM_Nam_6_S00010_56.wav,t iə-4 nz v ə-5 iz n o-5 iz,t iə-4 nz v ə-5 iz n o-5 iz
MK_7_NAM_S0005_30,audio_data/train/MK_7_NAM_S0005_30.wav,k w e-0 t əː-4 əː-0 ɓ a-4 kz ɓ a-4 kz z aː-0 ŋz,k w e-0 t əː-4 əː-0 ɓ a-4 kz ɓ a-4 kz z aː-0 ŋz
THA_7_NU_S0043_19,audio_data/train/THA_7_NU_S0043_19.wav,tʰ ə-1 iz z aː-4 uz m aː-0 ŋz z ɔ-3 t͡ɕ aː-4 iz k ə-0 iz ɗ e-4 nz l əː-4 pz ɗ ɛ-3 h ɔ-5 kpz s i-0 ŋ̟z k w aː-0 nz s aː-4 tz z o-1 iz v iə-4 tz ɗ w aː-5 nz v a-0 nz t aː-3 l w aː-5 iz t͡ɕ aː-4 iz k ə-0 iz m aː-1 m i-1 ŋ̟z iə-0 uz tʰ i-4 k̟z,tʰ ə-1 iz z aː-4 uz m aː-0 ŋz z ɔ-3 t͡ɕ aː-4 iz k ə-0 iz ɗ e-4 nz l əː-4 pz ɗ ɛ-3 h ɔ-5 kpz s i-0 ŋ̟z k w aː-0 nz s aː-4 tz z o-1 iz v iə-4 tz ɗ w aː-5 nz v a-0 nz t aː-3 l w aː-5 iz t͡ɕ aː-4 iz k ə-0 iz m aː-1 m i-1 ŋ̟z iə-0 uz tʰ i-4 k̟z
NDBA_7_NAM_S0010_96,audio_data/train/NDBA_7_NAM_S0010_96.wav,ŋ aː-1 iz l ə-5 pz t ɨ-4 kz z aː-0 l e-5 ŋ̟z t͡ɕ ɔ-0 m o-5 tz t e-0 nz h ə-1 uz ɗ e-4 nz z u-4 pz eaː-0 ŋ̟z t͡ɕ aː-1 ŋz k iə-0 l e-0 nz x ɔ-3 iz h o-1 z o-1 iz m aː-0 ŋz ɗ i-0 m o-5 tz ɓ o-5 k w ə-1 nz aː-4 uz m əː-4 iz t͡ɕ ɔ-0 t͡ɕ aː-1 ŋz m a-5 kz,ŋ aː-1 iz l ə-5 pz t ɨ-4 kz z aː-0 l e-5 ŋ̟z t͡ɕ ɔ-0 m o-5 tz t e-0 nz h ə-1 uz ɗ e-4 nz z u-4 pz eaː-0 ŋ̟z t͡ɕ aː-1 ŋz k iə-0 l e-0 nz x ɔ-3 iz h o-1 z o-1 iz m aː-0 ŋz ɗ i-0 m o-5 tz ɓ o-5 k w ə-1 nz aː-4 uz m əː-4 iz t͡ɕ ɔ-0 t͡ɕ aː-1 ŋz m a-5 kz
DNK_7_NU_S0048_121,audio_data/train/DNK_7_NU_S0048_121.wav,h aː-0 iz t͡ɕ ə-0 nz k ɔ-1 tʰ a-0 iz ɲ a-0 uz k ɔ-0 l e-0 nz t͡ɕ ɔ-0 ɗ əː-2 m ɔ-3 iz,h aː-0 iz t͡ɕ ə-0 nz k ɔ-1 tʰ a-0 iz ɲ a-0 uz k ɔ-0 l e-0 nz t͡ɕ ɔ-0 ɗ əː-2 m ɔ-3 iz
CNBA_Nu_6_S0003_6,audio_data/train/CNBA_Nu_6_S0003_6.wav,ŋ a-1 iz s ɨə-0 k ɔ-4 m o-5 tz n aː-1 ŋz k o-0 ŋmz t͡ɕ uə-4 z ə-4 tz s i-0 ŋ̟z ɗ ɛ-5 pz ɲ ɨ-0 ŋz i-4 k̟z k i-1 v aː-1 t͡ɕ i-3 tʰ i-4 k̟z l aː-1 mz ɗ ɛ-5 pz tʰ i-4 k̟z ɗ o-1 ɗ ɛ-5 pz tʰ o-0 iz,ŋ a-1 iz s ɨə-0 k ɔ-4 m o-5 tz n aː-1 ŋz k o-0 ŋmz t͡ɕ uə-4 z ə-4 tz s i-0 ŋ̟z ɗ ɛ-5 pz ɲ ɨ-0 ŋz i-4 k̟z k i-1 v aː-1 t͡ɕ i-3 tʰ i-4 k̟z l aː-1 mz ɗ ɛ-5 pz tʰ i-4 k̟z ɗ o-1 ɗ ɛ-5 pz tʰ o-0 iz
NHM_7_NU_S0006_1,audio_data/train/NHM_7_NU_S0006_1.wav,ɓ aː-5 nz əː-0 iz z əː-1 ɓ ɔ-5 nz m i-1 ŋ̟z k u-1 ŋmz ɗ ɔ-5 kpz n o-4 iz t iə-4 pz ɗ w aː-5 nz ɓ aː-1 iz o-0 ŋmz m eaː-5 ŋ̟z tʰ a-4 ŋz tʰ ə-1 nz z ɔ-4 ɲ ɛ-4,ɓ aː-5 nz əː-0 iz z əː-1 ɓ ɔ-5 nz m i-1 ŋ̟z k u-1 ŋmz ɗ ɔ-5 kpz n o-4 iz t iə-4 pz ɗ w aː-5 nz ɓ aː-1 iz o-0 ŋmz m eaː-5 ŋ̟z tʰ a-4 ŋz tʰ ə-1 nz z ɔ-4 ɲ ɛ-4
LXT_Nam_6_S0008_47,audio_data/train/LXT_Nam_6_S0008_47.wav,t͡ɕ u-4 k w aː-1 t͡ɕ u-4 ɣ aː-1 k w aː-0 nz t͡ɕ ɔ-5 ŋmz,t͡ɕ u-4 k w aː-1 t͡ɕ u-4 ɣ aː-1 k w aː-0 nz t͡ɕ ɔ-5 ŋmz
THA_7_NU_S0043_39,audio_data/train/THA_7_NU_S0043_39.wav,k i-4 k w a-3 ŋz ɓ u-4 tz t͡ɕ i-1 v aː-1 uz ɣ ɔ-4 kpz l əː-4 pz t͡ɕ aː-4 nz n aː-3 nz ɲ ɨ-0 ŋz ɲ əː-1 k o-0 z aː-4 uz v aː-1 k aː-4 kz ɓ aː-5 nz ɗ o-5 ŋmz v iə-0 nz tʰ i-1 l aː-5 iz l aː-0 uz v aː-1 uz,k i-4 k w a-3 ŋz ɓ u-4 tz t͡ɕ i-1 v aː-1 uz ɣ ɔ-4 kpz l əː-4 pz t͡ɕ aː-4 nz n aː-3 nz ɲ ɨ-0 ŋz ɲ əː-1 k o-0 z aː-4 uz v aː-1 k aː-4 kz ɓ aː-5 nz ɗ o-5 ŋmz v iə-0 nz tʰ i-1 l aː-5 iz l aː-0 uz v aː-1 uz
LDMT_Nam_6_S00047_37,audio_data/train/LDMT_Nam_6_S00047_37.wav,n ɔ-4 s a-4 pz k ɔ-4 l u-2 k uə-0 ɓ ɛ-4 t i-4 ɓ ɔ-1 x a-4 pz h o-1,n ɔ-4 s a-4 pz k ɔ-4 l u-2 k uə-0 ɓ ɛ-4 t i-4 ɓ ɔ-1 x a-4 pz h o-1
NTN_7_NU_S0042_36,audio_data/train/NTN_7_NU_S0042_36.wav,t əː-4 k aː-3 mz tʰ ə-4 iz z ə-4 tz v w i-0 x i-0 ɗ ɨə-5 kz k aː-4 kz k o-0 z aː-4 uz ɗ ɔ-4 nz t͡ɕ u-4 ŋmz m i-1 ŋ̟z v aː-1 uz s e-4 pz h aː-1 ŋz,t əː-4 k aː-3 mz tʰ ə-4 iz z ə-4 tz v w i-0 x i-0 ɗ ɨə-5 kz k aː-4 kz k o-0 z aː-4 uz ɗ ɔ-4 nz t͡ɕ u-4 ŋmz m i-1 ŋ̟z v aː-1 uz s e-4 pz h aː-1 ŋz
TPA_Nu_6_S0009_118,audio_data/train/TPA_Nu_6_S0009_118.wav,tʰ ə-4 iz k o-0 t͡ɕ i-5 ɗ aː-0 ŋz k ɔ-5 t͡ɕ ə-5 uz s ɔ-4 kpz k ɔ-0 nz ɗ ɨə-0 tʰ ɨ-0 t͡ɕ ɔ-0 m o-5 tz ɗ ɨə-0 tʰ ɨ-0 t͡ɕ ɔ-0 k o-0 t͡ɕ i-5 k aː-3 v aː-1 n ɔ-4 iz,tʰ ə-4 iz k o-0 t͡ɕ i-5 ɗ aː-0 ŋz k ɔ-5 t͡ɕ ə-5 uz s ɔ-4 kpz k ɔ-0 nz ɗ ɨə-0 tʰ ɨ-0 t͡ɕ ɔ-0 m o-5 tz ɗ ɨə-0 tʰ ɨ-0 t͡ɕ ɔ-0 k o-0 t͡ɕ i-5 k aː-3 v aː-1 n ɔ-4 iz
TTT_Nu_6_S00049_15,audio_data/train/TTT_Nu_6_S00049_15.wav,ɓ ɛ-4 l e-0 tʰ i-4 k̟z l aː-1 mz ɣ i-1,ɓ ɛ-4 l e-0 tʰ i-4 k̟z l aː-1 mz ɣ i-1
TTD_7_NAM_S0001_83,audio_data/train/TTD_7_NAM_S0001_83.wav,k aː-3 mz əː-0 nz k ə-5 uz t əː-4 z ə-4 tz v w i-0 x i-0 k ə-5 uz n ɔ-4 iz ɲ ɨ-0 tʰ e-4,k aː-3 mz əː-0 nz k ə-5 uz t əː-4 z ə-4 tz v w i-0 x i-0 k ə-5 uz n ɔ-4 iz ɲ ɨ-0 tʰ e-4
HYT_Nu_6_S0005_124,audio_data/train/HYT_Nu_6_S0005_124.wav,t͡ɕ u-4 ɗ aː-0 ŋz k o-4 t i-1 mz m ɛ-5 tʰ i-1 t ɨ-1 ɗ a-1 ŋz s aː-0 t͡ɕ əː-5 tz h iə-5 nz z aː-0 m o-5 tz k ɔ-0 nz k aː-4 m ə-5 pz,t͡ɕ u-4 ɗ aː-0 ŋz k o-4 t i-1 mz m ɛ-5 tʰ i-1 t ɨ-1 ɗ a-1 ŋz s aː-0 t͡ɕ əː-5 tz h iə-5 nz z aː-0 m o-5 tz k ɔ-0 nz k aː-4 m ə-5 pz
HYT_Nu_6_S0005_36,audio_data/train/HYT_Nu_6_S0005_36.wav,n ɔ-4 l w o-0 nz l iə-4 mz t͡ɕ ə-0 nz l iə-4 mz k o-3 v aː-1 ɲ i-1 nz k ɔ-0 nz z ə-4 tz tʰ ə-0 nz tʰ iə-5 nz,n ɔ-4 l w o-0 nz l iə-4 mz t͡ɕ ə-0 nz l iə-4 mz k o-3 v aː-1 ɲ i-1 nz k ɔ-0 nz z ə-4 tz tʰ ə-0 nz tʰ iə-5 nz
THA_7_NU_S0043_42,audio_data/train/THA_7_NU_S0043_42.wav,t͡ɕ ɨ-2 k uə-3 k i-4 m o-2 iz ŋ a-1 iz ɗ ɛ-5 pz h əː-0 nz,t͡ɕ ɨ-2 k uə-3 k i-4 m o-2 iz ŋ a-1 iz ɗ ɛ-5 pz h əː-0 nz
DNK_7_NU_S0048_77,audio_data/train/DNK_7_NU_S0048_77.wav,z o-4 ŋmz ɲ ɨ-0 k ɔ-4 h aː-1 ŋz t͡ɕ a-0 mz t iə-4 ŋz ɗ aː-1 nz k u-1 ŋmz h w aː-1 ə-0 mz,z o-4 ŋmz ɲ ɨ-0 k ɔ-4 h aː-1 ŋz t͡ɕ a-0 mz t iə-3 ŋz ɗ aː-1 nz k u-1 ŋmz h w aː-1 ə-0 mz
MK_7_NAM_S0005_36,audio_data/train/MK_7_NAM_S0005_36.wav,t əː-4 k ɔ-4 t͡ɕ ɨ-4 ɓ aː-0 uz z əː-1 k ə-5 uz ɲ əː-4 ɗ e-3 z eaː-1 ŋ̟z l aː-5 iz t͡ɕ ɔ-0 t əː-4 a-0 nz ɲ ɛ-4,t əː-4 k ɔ-4 t͡ɕ ɨ-4 ɓ aː-0 uz z əː-1 k ə-5 uz ɲ əː-4 ɗ e-3 z eaː-1 ŋ̟z l aː-5 iz t͡ɕ ɔ-0 t əː-4 a-0 nz ɲ ɛ-4
PC_7_NAM_S0004_22,audio_data/train/PC_7_NAM_S0004_22.wav,k ə-0 uz tʰ əː-0 n aː-1 uz t͡ɕ ɔ-0 tʰ ə-4 iz ɓ əː-1 t͡ɕ ɛ-0 z ə-4 tz v w i-0 x i-0 k ɔ-4 x eaː-4 k̟z ɗ e-4 nz,k ə-0 uz tʰ əː-0 n aː-1 uz t͡ɕ ɔ-0 tʰ ə-4 iz ɓ əː-1 t͡ɕ ɛ-0 z ə-4 tz v w i-0 x i-0 k ɔ-4 x eaː-4 k̟z ɗ e-4 nz
VTA_Nam_6_S0002_43,audio_data/train/VTA_Nam_6_S0002_43.wav,l u-4 kpz ɗ ɨə-5 kz ɲ aː-1 v uə-0 ɣ a-4 nz h w ə-0 nz t͡ɕ ɨə-0 ŋz m ɛ-1 uz x w aː-4 iz t͡ɕ i-4 ɓ w o-5 tz m iə-5 ŋz k e-0 uz m ɛ-0 uz,l u-4 kpz ɗ ɨə-5 kz ɲ aː-1 v uə-0 ɣ a-4 nz h w ə-0 nz t͡ɕ ɨə-0 ŋz m ɛ-1 uz x w aː-4 iz t͡ɕ i-4 ɓ w o-5 tz m iə-5 ŋz k e-0 uz m ɛ-0 uz
NMA_7_NU_S0002_266,audio_data/train/NMA_7_NU_S0002_266.wav,k w o-4 kpz t w aː-1 nz k ɔ-1 nz t͡ɕ ɛ-3 m aː-1 ɓ iə-4 tz l ɔ-0 v iə-5 kz n ɨə-4 kz t aː-0 t aː-0 k ɔ-4 l əː-1 iz x ɛ-0 nz,k w o-4 kpz t w aː-1 nz k ɔ-1 nz t͡ɕ ɛ-3 m aː-1 ɓ iə-4 tz l ɔ-0 v iə-5 kz n ɨə-4 kz t aː-0 t aː-0 k ɔ-4 l əː-1 iz x ɛ-0 nz
TTD_7_NAM_S0001_80,audio_data/train/TTD_7_NAM_S0001_80.wav,ɓ ə-0 iz z əː-1 t əː-4 h ɔ-3 iz k ə-5 uz ɲ əː-4,ɓ ə-0 iz z əː-1 t əː-4 h ɔ-3 iz k ə-5 uz ɲ əː-4
LDMT_Nam_6_S00047_51,audio_data/train/LDMT_Nam_6_S00047_51.wav,k w aː-5 t ɔ-0 v aː-1 z ɨ-2,k w aː-5 t ɔ-0 v aː-1 z ɨ-2
TPA_Nu_6_S0009_194,audio_data/train/TPA_Nu_6_S0009_194.wav,e-4 k̟z ɲ a-3 iz v ə-5 iz ɗ e-4 nz ɓ aː-1 nz ŋ o-1 iz a-0 nz k eaː-5 ŋ̟z n aː-1 ŋz,e-4 k̟z ɲ a-3 iz v ə-5 iz ɗ e-4 nz ɓ aː-1 nz ŋ o-1 iz a-0 nz k eaː-5 ŋ̟z n aː-1 ŋz
NTN_7_NU_S0042_26,audio_data/train/NTN_7_NU_S0042_26.wav,t͡ɕ ɔ-0 ŋmz t͡ɕ ɨə-1 ŋz t əː-4 t əː-4 k u-2 ŋmz tʰ i-4 k̟z tʰ ɨ-0 v iə-5 nz v aː-1 ɣ ɔ-4 kpz v ɨə-1 nz t͡ɕ ɨə-1 ŋz,t͡ɕ ɔ-0 ŋmz t͡ɕ ɨə-1 ŋz t əː-4 t əː-4 k u-2 ŋmz tʰ i-4 k̟z tʰ ɨ-0 v iə-5 nz v aː-1 ɣ ɔ-4 kpz v ɨə-1 nz t͡ɕ ɨə-1 ŋz
CNBA_Nu_6_S0003_104,audio_data/train/CNBA_Nu_6_S0003_104.wav,s a-0 uz ɗ ə-0 iz t əː-4 s ɛ-2 ɗ ɔ-5 kpz ɓ aː-1 iz k aː-4 m a-0 ŋz l aː-5 kz m ɛ-5,s a-0 uz ɗ ə-0 iz t əː-4 s ɛ-2 ɗ ɔ-5 kpz ɓ aː-1 iz k aː-4 m a-0 ŋz l aː-5 kz m ɛ-5
NMA_7_NU_S0002_35,audio_data/train/NMA_7_NU_S0002_35.wav,v ɔ-0 iz k u-2 ŋmz ɓ w o-1 nz m o-5 tz t i-4,v ɔ-0 iz k u-2 ŋmz ɓ w o-1 nz m o-5 tz t i-4
PTL_7_NU_S0008_90,audio_data/train/PTL_7_NU_S0008_90.wav,k ɔ-0 nz t͡ɕ i-0 mz m aː-1 k ɔ-4 k eaː-4 ŋ̟z ɓ a-0 iz,k ɔ-0 nz t͡ɕ i-0 mz m aː-1 k ɔ-4 k eaː-4 ŋ̟z ɓ a-0 iz
THA_7_NU_S0043_12,audio_data/train/THA_7_NU_S0043_12.wav,tʰ ə-1 iz v w i-0 v ɛ-5 nz n ɔ-4 iz m o-2 iz l w aː-5 iz t͡ɕ aː-4 iz k ə-0 iz k ɔ-4 h i-1 ŋ̟z z aː-4 ŋz m a-1 uz s a-4 kz v aː-1 h ɨə-0 ŋz v e-5 z iə-0 ŋz,tʰ ə-1 iz v w i-0 v ɛ-5 nz n ɔ-4 iz m o-2 iz l w aː-5 iz t͡ɕ aː-4 iz k ə-0 iz k ɔ-4 h i-1 ŋ̟z z aː-4 ŋz m a-1 uz s a-4 kz v aː-1 h ɨə-0 ŋz v e-5 z iə-0 ŋz
CNBA_Nu_6_S0003_186,audio_data/train/CNBA_Nu_6_S0003_186.wav,ɗ e-3 t əː-4 ɗ ɔ-5 kpz ɲ ɛ-4,ɗ e-3 t əː-4 ɗ ɔ-5 kpz ɲ ɛ-4
NNM_Nu_6_S00045_67,audio_data/train/NNM_Nu_6_S00045_67.wav,s ɔ-4 iz v əː-4 iz v aː-1 uz tʰ u-1 ŋmz n ɨə-4 kz s o-0 iz,s ɔ-4 iz v əː-4 iz v aː-1 uz tʰ u-1 ŋmz n ɨə-4 kz s o-0 iz
THA_7_NU_S0043_89,audio_data/train/THA_7_NU_S0043_89.wav,t͡ɕ ə-5 uz h w aː-0,t͡ɕ ə-5 uz h w aː-0
DNK_7_NU_S0048_166,audio_data/train/DNK_7_NU_S0048_166.wav,k ɔ-4 ɓ aː-4 kz ɓ o-1 n o-0 ŋmz m o-5 tz t͡ɕ u-4 ɓ ɔ-4 iz k aː-4 k aː-3 t w aː-4 nz t͡ɕ i-0 mz k u-0,k ɔ-4 ɓ aː-4 kz ɓ o-1 n o-0 ŋmz m o-5 tz t͡ɕ u-4 ɓ ɔ-4 iz k aː-4 k aː-3 t aː-4 nz t͡ɕ i-0 mz k u-0
CNBA_Nu_6_S0003_73,audio_data/train/CNBA_Nu_6_S0003_73.wav,k ɔ-4 ɓ aː-1 t əː-4 k ɔ-4 o-0 ŋmz t əː-4 k aː-3 ɓ o-4 m ɛ-5 t əː-4 v aː-1 t ɨ-1 l u-4 kpz ɗ ɔ-4 ɗ e-4 nz n əː-0 iz t əː-4 tʰ ə-4 iz ɗ ɛ-5 pz l a-4 mz,k ɔ-4 ɓ aː-1 t əː-4 k ɔ-4 o-0 ŋmz t əː-4 k aː-3 ɓ o-4 m ɛ-5 t əː-4 v aː-1 t ɨ-1 l u-4 kpz ɗ ɔ-4 ɗ e-4 nz l əː-0 iz t əː-4 tʰ ə-4 iz ɗ ɛ-5 pz l a-4 mz
HYT_Nu_6_S0005_88,audio_data/train/HYT_Nu_6_S0005_88.wav,z ə-0 nz ɗ i-0 ɓ iə-3 nz ŋ ɛ-0 n aː-1 ŋz h aː-4 tz k w e-0 nz k aː-3 m e-5 tz k aː-3 ɓ w o-1 nz,z ə-0 nz ɗ i-0 ɓ iə-3 nz ŋ ɛ-0 n aː-1 ŋz h aː-4 tz k w e-0 nz k aː-3 m e-5 tz k aː-3 ɓ w o-1 nz
PC_7_NAM_S0004_138,audio_data/train/PC_7_NAM_S0004_138.wav,v ə-5 iz əː-0 t͡ɕ ɨə-1 ŋz k ə-5 uz k ɔ-4 ɲ ɨ-2 ŋz ɣ i-1 tʰ i-4 k̟z tʰ u-4 x o-0 ŋmz,v ə-5 iz əː-0 t͡ɕ ɨə-1 ŋz k ə-5 uz k ɔ-4 ɲ ɨ-2 ŋz ɣ i-1 tʰ i-4 k̟z tʰ u-4 x o-0 ŋmz
PTT_7_NU_S0041_69,audio_data/train/PTT_7_NU_S0041_69.wav,ɗ e-0 v i-1 s aː-0 uz m uə-1 ɗ o-0 ŋmz ɗ aː-4 ŋz iə-0 uz,ɗ e-0 v i-1 s aː-0 uz m uə-1 ɗ o-0 ŋmz ɗ aː-4 ŋz iə-0 uz
CNBA_Nu_6_S0003_77,audio_data/train/CNBA_Nu_6_S0003_77.wav,k ɔ-0 nz t e-0 nz l aː-1 t͡ɕ u-0 ŋ w iə-2 nz ɓ aː-3 uz aː-0 nz s a-0 uz ɗ ə-0 iz k ɔ-0 nz s ɛ-2 ɗ ɔ-5 kpz ɓ aː-1 iz n aː-1 ŋz t iə-0 nz k aː-4,k ɔ-0 nz t e-0 nz l aː-1 t͡ɕ u-0 ŋ w iə-2 nz ɓ aː-3 uz aː-0 nz s a-0 uz ɗ ə-0 iz k ɔ-0 nz s ɛ-2 ɗ ɔ-5 kpz ɓ aː-1 iz l aː-1 ŋz t iə-0 nz k aː-4
TPA_Nu_6_S0009_180,audio_data/train/TPA_Nu_6_S0009_180.wav,e-4 k̟z h ɨə-4 l ə-4 iz t͡ɕ aː-4 iz ɓ ɔ-4 ŋmz t ɨ-1 z iə-4 ŋz l e-0 nz t͡ɕ ɔ-0 n aː-1 ŋz t͡ɕ i-3 k ə-1 nz n aː-1 ŋz ɗ o-1 ŋmz i-0 l aː-1 mz ɓ aː-5 nz n ɔ-4 t͡ɕ ɔ-0 n ɔ-4 a-0 nz k u-1 ŋmz əː-0 k u-1 ŋmz,e-4 k̟z h ɨə-4 l ə-4 iz t͡ɕ aː-4 iz ɓ ɔ-4 ŋmz t ɨ-1 z iə-4 ŋz l e-0 nz t͡ɕ ɔ-0 n aː-1 ŋz t͡ɕ i-3 k ə-1 nz n aː-1 ŋz ɗ o-1 ŋmz i-0 l aː-1 mz ɓ aː-5 nz n ɔ-4 t͡ɕ ɔ-0 n ɔ-4 a-0 nz k u-1 ŋmz əː-0 k u-1 ŋmz
PTL_7_NU_S0008_113,audio_data/train/PTL_7_NU_S0008_113.wav,t əː-4 m aː-0 ŋz x u-3 ŋmz l ɔ-0 ŋmz m w o-0 nz tʰ u-4 t iə-1 nz s ɨ-3 t əː-4 iz n ɛ-1,t əː-4 m aː-0 ŋz x u-3 ŋmz l ɔ-0 ŋmz m w o-0 nz tʰ u-4 t iə-1 nz s ɨ-3 t əː-4 iz n ɛ-1
TPA_Nu_6_S0009_162,audio_data/train/TPA_Nu_6_S0009_162.wav,tʰ ə-1 iz tʰ ə-1 iz ɗ a-5 tz tʰ e-0 mz v aː-1 uz ɗ ɔ-4 ɓ aː-3 nz ɲ ə-5 nz s ɛ-4 tz k uə-3 tʰ ə-1 iz,tʰ ə-1 iz tʰ ə-1 iz ɗ a-5 tz tʰ e-0 mz v aː-1 uz ɗ ɔ-4 ɓ aː-3 nz ɲ ə-5 nz s ɛ-4 tz k uə-3 tʰ ə-1 iz
THA_Nu_6_S00042_119,audio_data/train/THA_Nu_6_S00042_119.wav,v aː-1 z əː-1 t əː-4 s ɛ-2 k e-3 t͡ɕ ɔ-0 k ə-5 uz ŋ ɛ-0 k ə-0 uz t͡ɕ w iə-5 nz,v aː-1 z əː-1 t əː-4 s ɛ-2 k e-3 t͡ɕ ɔ-0 k ə-5 uz ŋ ɛ-0 k ə-0 uz t͡ɕ w iə-5 nz
TPA_Nu_6_S0009_77,audio_data/train/TPA_Nu_6_S0009_77.wav,ŋ ɛ-0 s ɔ-4 kpz k ɔ-0 nz n ɔ-4 iz v ə-5 iz t͡ɕ i-5 k aː-3 v o-5 iz ɗ aː-4 pz,ŋ ɛ-0 s ɔ-4 kpz k ɔ-0 nz n ɔ-4 iz v ə-5 iz t͡ɕ i-5 k aː-3 v o-5 iz ɗ aː-4 pz
PC_7_NAM_S0004_30,audio_data/train/PC_7_NAM_S0004_30.wav,ɓ ə-1 iz t͡ɕ i-0 mz k u-0 ɣ ə-5 tz ɣ u-1 k aː-0 h aː-4 tz,ɓ ə-1 iz t͡ɕ i-0 mz k u-0 ɣ ə-5 tz ɣ u-1 k aː-0 h aː-4 tz
NHM_7_NU_S0006_43,audio_data/train/NHM_7_NU_S0006_43.wav,v i-1 s aː-0 uz tʰ ə-1 nz v i-1 s aː-0 uz o-0 ŋmz v i-1 s aː-0 uz tʰ ə-1 nz z ɔ-4 l aː-5 iz a-0 nz n a-0 nz t ɔ-3 v ɛ-3 a-0 nz n a-0 nz,v i-1 s aː-0 uz tʰ ə-1 nz v i-1 s aː-0 uz o-0 ŋmz v i-1 s aː-0 uz tʰ ə-1 nz z ɔ-4 l aː-5 iz a-0 nz l a-0 nz t ɔ-3 v ɛ-3 a-0 nz l a-0 nz
TPA_Nu_6_S0009_163,audio_data/train/TPA_Nu_6_S0009_163.wav,ɗ ɔ-4 s ɛ-2 l aː-1 m ɔ-4 nz t a-5 ŋz m ɔ-4 nz k w aː-1 t a-5 ŋz x i-0 t͡ɕ aː-0 m ɛ-5 t͡ɕ u-4 ŋmz t o-0 iz ɗ e-4 nz z ɨ-5 ɓ w o-3 iz h ɔ-5 kpz,ɗ ɔ-4 s ɛ-2 l aː-1 m ɔ-4 nz t a-5 ŋz m ɔ-4 nz k w aː-1 t a-5 ŋz x i-0 t͡ɕ aː-0 m ɛ-5 t͡ɕ u-4 ŋmz t o-0 iz ɗ e-4 nz z ɨ-5 ɓ w o-3 iz h ɔ-5 kpz
NHM_7_NU_S0006_139,audio_data/train/NHM_7_NU_S0006_139.wav,t͡ɕ ɔ-0 ŋmz ɗ ə-0 iz ɓ aː-5 nz tʰ i-4 k̟z ɲ ə-4 tz ɲ ə-0 nz v ə-5 tz n aː-1 uz,t͡ɕ ɔ-0 ŋmz ɗ ə-0 iz ɓ aː-5 nz tʰ i-4 k̟z ɲ ə-4 tz ɲ ə-0 nz v ə-5 tz n aː-1 uz
THA_Nu_6_S0001_22,audio_data/train/THA_Nu_6_S0001_22.wav,ɗ o-1 ŋmz z aː-0 uz,ɗ o-1 ŋmz z aː-0 uz
GQM_Nam_6_S0006_87,audio_data/train/GQM_Nam_6_S0006_87.wav,z ə-0 nz ɗ i-0 ɓ iə-3 nz ŋ ɛ-0 n aː-1 ŋz h aː-4 tz k w e-0 nz k aː-3 m e-5 tz k aː-3 ɓ w o-1 nz,z ə-0 nz ɗ i-0 ɓ iə-3 nz ŋ ɛ-0 n aː-1 ŋz h aː-4 tz k w e-0 nz k aː-3 m e-5 tz k aː-3 ɓ w o-1 nz
THA_7_NU_S0043_25,audio_data/train/THA_7_NU_S0043_25.wav,k ə-5 uz ɗ ɔ-5 kpz z u-4 pz t əː-4 ɓ aː-1 iz ɓ aː-1 nz t͡ɕ ə-0 nz k i-1 z iə-5 uz,k ə-5 uz ɗ ɔ-5 kpz z u-4 pz t əː-4 ɓ aː-1 iz ɓ aː-1 nz t͡ɕ ə-0 nz k i-1 z iə-5 uz
CNBA_Nu_6_S0003_163,audio_data/train/CNBA_Nu_6_S0003_163.wav,v i-1 s aː-0 uz k aː-4 m a-0 ŋz ɓ ɔ-3 k aː-4 m ə-5 pz,v i-1 s aː-0 uz k aː-4 m a-0 ŋz ɓ ɔ-3 k aː-4 m ə-5 pz
PTL_7_NU_S0008_139,audio_data/train/PTL_7_NU_S0008_139.wav,t e-0 z aː-4 kz k ɔ-0 nz t e-0 z aː-4 kz aː-0,t e-0 z aː-4 kz k ɔ-0 nz t e-0 z aː-4 kz aː-0
MK_7_NAM_S0005_15,audio_data/train/MK_7_NAM_S0005_15.wav,t͡ɕ iə-1 uz v e-1 m ə-4 iz ɗ ɨə-4 t͡ɕ eaː-0 ŋ̟z ɲ a-0 uz tʰ aː-3 z iə-1 uz,t͡ɕ iə-1 uz v e-1 m ə-4 iz ɗ ɨə-4 t͡ɕ eaː-0 ŋ̟z ɲ a-0 uz tʰ aː-3 z iə-1 uz
MK_7_NU_S0007_37,audio_data/train/MK_7_NU_S0007_37.wav,k aː-3 ɓ w o-3 iz t͡ɕ ɨə-0 h ɛ-1,k aː-3 ɓ w o-3 iz t͡ɕ ɨə-0 h ɛ-1
PTL_7_NU_S0008_43,audio_data/train/PTL_7_NU_S0008_43.wav,m i-1 ŋ̟z tʰ ə-4 iz ɓ aː-5 nz tʰ ə-4 iz k ɔ-0 nz ɣ i-1 tʰ ɨ-4 ɓ aː-0,m i-1 ŋ̟z tʰ ə-4 iz ɓ aː-5 nz tʰ ə-4 iz k ɔ-0 nz ɣ i-1 tʰ ɨ-4 ɓ aː-0
CNBA_Nu_6_S0003_30,audio_data/train/CNBA_Nu_6_S0003_30.wav,k o-0 ŋmz t͡ɕ uə-4 x o-0 ŋmz m w o-4 nz ɗ ɛ-0 mz k ɔ-0 nz e-4 k̟z s ə-4 uz s i-4 v aː-1 uz f ɔ-1 ŋmz k uə-3 m i-1 ŋ̟z,k o-0 ŋmz t͡ɕ uə-4 x o-0 ŋmz m w o-4 nz ɗ ɛ-0 mz k ɔ-0 nz e-4 k̟z s ə-4 uz s i-4 v aː-1 uz f ɔ-1 ŋmz k uə-3 m i-1 ŋ̟z
THA_Nu_6_S00042_206,audio_data/train/THA_Nu_6_S00042_206.wav,l aː-1 mz tʰ i-1 k ɔ-4 ɣ i-1 tʰ u-4 v i-5 ɲ i-3,l aː-1 mz tʰ i-1 k ɔ-4 ɣ i-1 tʰ u-4 v i-5 ɲ i-3
HYT_Nu_6_S0005_119,audio_data/train/HYT_Nu_6_S0005_119.wav,k aː-4 m a-0 ŋz l aː-5 kz m ɛ-5,k aː-4 m a-0 ŋz l aː-5 kz m ɛ-5
PTT_7_NU_S0041_126,audio_data/train/PTT_7_NU_S0041_126.wav,ə-0 iz h w aː-5 tz ɗ o-5 ŋmz k uə-3 k ɔ-0 nz v ə-5 tz,ə-0 iz h w aː-5 tz ɗ o-5 ŋmz k uə-3 k ɔ-0 nz v ə-5 tz
CNBA_Nu_6_S0003_10,audio_data/train/CNBA_Nu_6_S0003_10.wav,m o-5 tz t͡ɕ iə-1 uz k o-0 ŋmz t͡ɕ uə-4 ɗ aː-0 ŋz t͡ɕ əː-0 iz ɓ ɔ-4 ŋmz,m o-5 tz t͡ɕ iə-1 uz k o-0 ŋmz t͡ɕ uə-4 ɗ aː-0 ŋz t͡ɕ əː-0 iz ɓ ɔ-4 ŋmz
HYT_Nu_6_S0005_78,audio_data/train/HYT_Nu_6_S0005_78.wav,k ɔ-0 nz t e-0 nz l aː-1 t͡ɕ ə-1 nz t u-1 ŋmz l ə-0 mz,k ɔ-0 nz t e-0 nz l aː-1 t͡ɕ ə-1 nz t u-1 ŋmz l ə-0 mz
HYT_Nu_6_S0005_89,audio_data/train/HYT_Nu_6_S0005_89.wav,t əː-4 ɗ o-4 t u-1 ŋmz l ə-0 mz n aː-1 ŋz t iə-0 nz k aː-4 k ɔ-4 ɲ ɨ-2 ŋz h i-1 ŋ̟z z aː-5 ŋz ɣ i-1,t əː-4 ɗ o-4 t u-1 ŋmz l ə-0 mz n aː-1 ŋz t iə-0 nz k aː-4 k ɔ-4 ɲ ɨ-2 ŋz h i-1 ŋ̟z z aː-5 ŋz ɣ i-1
MK_7_NU_S0007_8,audio_data/train/MK_7_NU_S0007_8.wav,m ɛ-5 n ə-4 uz k əː-0 mz,m ɛ-5 n ə-4 uz k əː-0 mz
PTT_7_NU_S0041_15,audio_data/train/PTT_7_NU_S0041_15.wav,aː-0 iz iə-0 uz tʰ u-0 ɗ a-5 tz t a-0 iz l e-0 nz v aː-0 iz ɗ o-0 ŋmz tʰ u-3 tʰ i-3,aː-0 iz iə-0 uz tʰ u-0 ɗ a-5 tz t a-0 iz l e-0 nz v aː-0 iz ɗ o-0 ŋmz tʰ u-3 tʰ i-3
NMA_7_NU_S0002_60,audio_data/train/NMA_7_NU_S0002_60.wav,l ə-4 mz l ə-4 mz t ə-4 mz m ɨə-0 ɓ a-0 iz,l ə-4 mz l ə-4 mz t ə-4 mz m ɨə-0 ɓ a-0 iz
NMA_7_NU_S0002_44,audio_data/train/NMA_7_NU_S0002_44.wav,m w o-2 mz z ɨ-1 ŋz ɲ iə-1 uz k w aː-5 tz ɓ a-0 iz,m w o-2 mz z ɨ-1 ŋz ɲ iə-1 uz k w aː-5 tz ɓ a-0 iz
DNK_7_NU_S0048_89,audio_data/train/DNK_7_NU_S0048_89.wav,ɓ ə-1 uz t͡ɕ əː-1 iz t͡ɕ ɔ-0 ŋmz s eaː-0 ŋ̟z s ɔ-0 iz ɓ ɔ-4 ŋmz s w o-4 ŋmz,ɓ ə-1 uz t͡ɕ əː-1 iz t͡ɕ ɔ-0 ŋmz s eaː-0 ŋ̟z s ɔ-0 iz ɓ ɔ-4 ŋmz s w o-4 ŋmz
NHM_7_NU_S0006_62,audio_data/train/NHM_7_NU_S0006_62.wav,z a-1 mz tʰ aː-4 ŋz ɓ a-3 iz n ɨə-4 kz ɲ a-3 iz l e-0 nz ɓ əː-1,z a-1 mz tʰ aː-4 ŋz ɓ a-3 iz n ɨə-4 kz ɲ a-3 iz l e-0 nz ɓ əː-1
THA_7_NU_S0043_75,audio_data/train/THA_7_NU_S0043_75.wav,ɓ ə-0 iz z əː-1 k ə-5 uz t͡ɕ aː-3 l əː-1 iz s w ə-4 tz t əː-4 ɲ ɨ-2 ŋz k ə-0 uz h ɔ-3 iz n a-1 iz ɲ ɛ-4,ɓ ə-0 iz z əː-1 k ə-5 uz t͡ɕ aː-3 l əː-1 iz s w ə-4 tz t əː-4 ɲ ɨ-2 ŋz k ə-0 uz h ɔ-3 iz n a-1 iz ɲ ɛ-4
THA_7_NU_S0043_43,audio_data/train/THA_7_NU_S0043_43.wav,ɓ aː-0 uz n a-0 mz x ə-3 uz l w iə-5 nz k i-4 ɗ aː-2 t o-4 tz ŋ iə-5 pz f o-3 tʰ o-0 ŋmz v aː-1 tʰ i-0 ɗ ə-5 uz v aː-1 uz t͡ɕ ɨə-1 ŋz ɗ aː-5 iz h ɔ-5 kpz t o-3 ŋmz h əː-5 pz,ɓ aː-0 uz n a-0 mz x ə-3 uz l w iə-5 nz k i-4 ɗ aː-2 t o-4 tz ŋ iə-5 pz f o-3 tʰ o-0 ŋmz v aː-1 tʰ i-0 ɗ ə-5 uz v aː-1 uz t͡ɕ ɨə-1 ŋz ɗ aː-5 iz h ɔ-5 kpz t o-3 ŋmz h əː-5 pz
NTN_7_NU_S0042_13,audio_data/train/NTN_7_NU_S0042_13.wav,m ɔ-5 iz ŋ ɨə-1 iz l w o-0 nz iə-0 uz tʰ ɨə-0 ŋz v aː-1 ɣ a-4 nz ɓ ɔ-4 v əː-4 iz ɲ a-0 uz,m ɔ-5 iz ŋ ɨə-1 iz l w o-0 nz iə-0 uz tʰ ɨə-0 ŋz v aː-1 ɣ a-4 nz ɓ ɔ-4 v əː-4 iz ɲ a-0 uz
NMA_7_NU_S0002_244,audio_data/train/NMA_7_NU_S0002_244.wav,v ɨə-1 l u-4 kpz ə-4 iz v uə-0 k u-1 ŋmz k aː-4 kz v ɨə-0 ŋz h ə-1 uz ɓ ɨə-4 kz z aː-0 ŋ w aː-1 iz m w i-0 tʰ w iə-1 nz,v ɨə-1 l u-4 kpz ə-4 iz v uə-0 k u-1 ŋmz k aː-4 kz v ɨə-0 ŋz h ə-1 uz ɓ ɨə-4 kz z aː-0 ŋ w aː-1 iz m w i-0 tʰ w iə-1 nz
PC_7_NAM_S0004_62,audio_data/train/PC_7_NAM_S0004_62.wav,v ə-5 iz əː-0 t͡ɕ ɨə-1 ŋz ɓ aː-5 nz tʰ i-4 k̟z t͡ɕ əː-0 iz v əː-4 iz aː-0 iz ɲ ə-4 tz,v ə-5 iz əː-0 t͡ɕ ɨə-1 ŋz ɓ aː-5 nz tʰ i-4 k̟z t͡ɕ əː-0 iz v əː-4 iz aː-0 iz ɲ ə-4 tz
THA_7_NU_S0043_18,audio_data/train/THA_7_NU_S0043_18.wav,tʰ ə-1 iz z aː-4 uz m aː-0 ŋz z ɔ-3 t͡ɕ aː-4 iz k ə-0 iz ɗ e-4 nz l əː-4 pz ɗ e-3 l aː-1 mz ɣ i-1,tʰ ə-1 iz z aː-4 uz m aː-0 ŋz z ɔ-3 t͡ɕ aː-4 iz k ə-0 iz ɗ e-4 nz l əː-4 pz ɗ e-3 l aː-1 mz ɣ i-1
GQM_Nam_6_S0006_109,audio_data/train/GQM_Nam_6_S0006_109.wav,k aː-4 m a-0 ŋz l aː-5 kz m ɛ-5,k aː-4 m a-0 ŋz l aː-5 kz m ɛ-5
TPA_Nu_6_S0009_152,audio_data/train/TPA_Nu_6_S0009_152.wav,tʰ ə-1 iz z aː-4 uz t aː-5 mz ɓ iə-5 tz t ɨ-1 ŋz ɗ ɨə-4 t͡ɕ u-4 ŋmz t o-0 iz,tʰ ə-1 iz z aː-4 uz t aː-5 mz ɓ iə-5 tz t ɨ-1 ŋz ɗ ɨə-4 t͡ɕ u-4 ŋmz t o-0 iz
TPA_Nu_6_S0009_22,audio_data/train/TPA_Nu_6_S0009_22.wav,t͡ɕ i-5 ɗ aː-2 t͡ɕ ɔ-0 ɓ ɔ-5 nz t͡ɕ ɛ-3 a-0 nz t͡ɕ ɨə-0,t͡ɕ i-5 ɗ aː-2 t͡ɕ ɔ-0 ɓ ɔ-5 nz t͡ɕ ɛ-3 a-0 nz t͡ɕ ɨə-0
NNM_Nu_6_S00045_102,audio_data/train/NNM_Nu_6_S00045_102.wav,ɗ e-3 z w aː-5 tʰ ɔ-3 t͡ɕ ɔ-0 v w i-0,ɗ e-3 z w aː-5 tʰ ɔ-3 t͡ɕ ɔ-0 v w i-0
TPA_Nu_6_S0009_205,audio_data/train/TPA_Nu_6_S0009_205.wav,e-4 k̟z ɓ iə-4 nz h i-1 ŋ̟z m o-5 tz t͡ɕ aː-1 ŋz h w aː-1 ŋz t ɨ-3 m o-5 tz t͡ɕ aː-1 ŋz t͡ɕ aː-0 iz x o-0 iz ŋ o-0 t w ə-4 nz t u-4,e-4 k̟z ɓ iə-4 nz h i-1 ŋ̟z m o-5 tz t͡ɕ aː-1 ŋz h w aː-1 ŋz t ɨ-3 m o-5 tz t͡ɕ aː-1 ŋz t͡ɕ aː-0 iz x o-0 iz ŋ o-0 t w ə-4 nz t u-4
LDMT_Nam_6_S00047_17,audio_data/train/LDMT_Nam_6_S00047_17.wav,s a-0 uz ɗ ə-0 iz t əː-4 s ɛ-2 ɗ ɔ-5 kpz h ɨə-4 v aː-1 l aː-1 mz,s a-0 uz ɗ ə-0 iz t əː-4 s ɛ-2 ɗ ɔ-5 kpz h ɨə-4 v aː-1 l aː-1 mz
TTT_Nu_6_S00049_70,audio_data/train/TTT_Nu_6_S00049_70.wav,z u-1 ŋmz t͡ɕ ə-0 nz ɗ aː-5 pz m o-5 tz k aː-4 iz,z u-1 ŋmz t͡ɕ ə-0 nz ɗ aː-5 pz m o-5 tz k aː-4 iz
CNBA_Nu_6_S0003_117,audio_data/train/CNBA_Nu_6_S0003_117.wav,k aː-4 m a-0 ŋz l ɔ-0 l a-4 ŋz l a-4 mz,k aː-4 m a-0 ŋz l ɔ-0 l a-4 ŋz l a-4 mz
NHM_7_NU_S0006_20,audio_data/train/NHM_7_NU_S0006_20.wav,ɓ ə-0 iz z əː-1 m i-1 ŋ̟z ɗ o-4 ɓ aː-5 nz ɗ o-1 ŋmz ɓ a-1 ŋz l aː-1 ɣ i-1,ɓ ə-0 iz z əː-1 m i-1 ŋ̟z ɗ o-4 ɓ aː-5 nz ɗ o-1 ŋmz ɓ a-1 ŋz l aː-1 ɣ i-1
HYT_Nu_6_S0005_79,audio_data/train/HYT_Nu_6_S0005_79.wav,h o-0 mz n a-0 iz k ɔ-0 nz s ɛ-2 ɗ ɔ-5 kpz ɓ aː-1 iz n aː-1 ŋz t iə-0 nz k aː-4,h o-0 mz n a-0 iz k ɔ-0 nz s ɛ-2 ɗ ɔ-5 kpz ɓ aː-1 iz n aː-1 ŋz t iə-0 nz k aː-4
PTL_7_NU_S0008_151,audio_data/train/PTL_7_NU_S0008_151.wav,k aː-4 iz k o-3 tʰ u-5 tz ŋ a-4 nz tʰ u-5 tz z aː-1 iz v aː-1 uz z aː-0,k aː-4 iz k o-3 tʰ u-5 tz ŋ a-4 nz tʰ u-5 tz z aː-1 iz v aː-1 uz z aː-0
LXT_Nam_6_S0008_38,audio_data/train/LXT_Nam_6_S0008_38.wav,m o-5 tz h o-0 mz l u-2 ɣ aː-1 m aː-4 iz t͡ɕ o-4 nz s eaː-5 k̟z,m o-5 tz h o-0 mz l u-2 ɣ aː-1 m aː-4 iz t͡ɕ o-4 nz s eaː-5 k̟z
PTT_7_NU_S0041_84,audio_data/train/PTT_7_NU_S0041_84.wav,k ɔ-4 ɣ i-1 ŋ ə-2 mz ŋ i-2,k ɔ-4 ɣ i-1 ŋ ə-2 mz ŋ i-2
CNBA_Nu_6_S0003_161,audio_data/train/CNBA_Nu_6_S0003_161.wav,t ɨ-5 ɲ iə-0 nz m ə-4 tz h u-4 tz k aː-4 m a-0 ŋz k aː-4 m ə-5 pz ŋ əː-4 z aː-0,t ɨ-5 ɲ iə-0 nz m ə-4 tz h u-4 tz k aː-4 m a-0 ŋz k aː-4 m ə-5 pz ŋ əː-4 z aː-0
TTD_7_NAM_S0001_33,audio_data/train/TTD_7_NAM_S0001_33.wav,ɓ ə-0 iz z əː-1 tʰ ɔ-0 ŋmz tʰ aː-3,ɓ ə-0 iz z əː-1 tʰ ɔ-0 ŋmz tʰ aː-3
CNBA_Nu_6_S0003_1,audio_data/train/CNBA_Nu_6_S0003_1.wav,s i-0 nz t͡ɕ aː-1 uz ɓ aː-5 nz t əː-4 t e-0 nz l aː-1 t͡ɕ u-0 ŋ w iə-2 nz ɓ aː-3 uz aː-0 nz,s i-0 nz t͡ɕ aː-1 uz ɓ aː-5 nz t əː-4 t e-0 nz l aː-1 t͡ɕ u-0 ŋ w iə-2 nz ɓ aː-3 uz aː-0 nz
NDBA_7_NAM_S0010_38,audio_data/train/NDBA_7_NAM_S0010_38.wav,i-0 t əː-4 l aː-1,i-0 t əː-4 l aː-1
DNK_7_NU_S0048_145,audio_data/train/DNK_7_NU_S0048_145.wav,h aː-5 k eaː-4 ŋ̟z z ɛ-0 uz m ɨ-1 ŋz,h aː-5 k eaː-4 ŋ̟z z ɛ-0 uz m ɨ-1 ŋz
NTN_7_NU_S0042_20,audio_data/train/NTN_7_NU_S0042_20.wav,tʰ ɨ-0 v iə-5 nz s eaː-0 ŋ̟z v əː-4 iz ɲ ɨ-2 ŋz k w o-4 nz s eaː-4 k̟z h a-0 iz,tʰ ɨ-0 v iə-5 nz s eaː-0 ŋ̟z v əː-4 iz ɲ ɨ-2 ŋz k w o-4 nz s eaː-4 k̟z h a-0 iz
DNK_7_NU_S0048_297,audio_data/train/DNK_7_NU_S0048_297.wav,h aː-0 iz k ə-5 uz k ə-1 mz z aː-0 uz k aː-4 tz k aː-3 ɗ aː-4 mz k ɔ-3 l ə-2 nz ɓ o-0 ŋmz h w aː-0 k u-4 kpz,h aː-0 iz k ə-5 uz k ə-1 mz z aː-0 uz k aː-4 tz k aː-3 ɗ aː-4 mz k ɔ-3 l ə-1 nz ɓ o-0 ŋmz h w aː-0 k u-4 kpz
CNBA_Nu_6_S0003_112,audio_data/train/CNBA_Nu_6_S0003_112.wav,ɗ e-3 t əː-4 ɗ ɔ-5 kpz l aː-5 iz ɓ aː-1 iz t͡ɕ ɔ-0 k ə-5 uz ŋ ɛ-0 ɲ ɛ-4,ɗ e-3 t əː-4 ɗ ɔ-5 kpz l aː-5 iz ɓ aː-1 iz t͡ɕ ɔ-0 k ə-5 uz ŋ ɛ-0 ɲ ɛ-4
NMA_7_NU_S0002_120,audio_data/train/NMA_7_NU_S0002_120.wav,k eaː-1 ŋ̟z k ə-0 iz l əː-4 nz h əː-0 nz k o-5 tz ɗ i-1 ŋ̟z,k eaː-1 ŋ̟z k ə-0 iz l əː-4 nz h əː-0 nz k o-5 tz ɗ i-1 ŋ̟z
CNBA_Nu_6_S0003_176,audio_data/train/CNBA_Nu_6_S0003_176.wav,ŋ w aː-0 nz,ŋ w aː-0 nz
CNBA_Nu_6_S0003_70,audio_data/train/CNBA_Nu_6_S0003_70.wav,ŋ w iə-0 nz x aː-0 ŋz əː-0 iz k ə-5 uz ɗ aː-2 ɗ ɨə-5 kz ɗ i-0 ɓ iə-3 nz t͡ɕ ɨə-0,ŋ w iə-0 nz x aː-0 ŋz əː-0 iz k ə-5 uz ɗ aː-2 ɗ ɨə-5 kz ɗ i-0 ɓ iə-3 nz t͡ɕ ɨə-0
NMA_7_NU_S0002_238,audio_data/train/NMA_7_NU_S0002_238.wav,k ɔ-0 nz t͡ɕ a-4 uz k uə-3 z o-1 ŋmz t͡ɕ a-4 uz t iə-0 nz,k ɔ-0 nz t͡ɕ a-4 uz k uə-3 z o-1 ŋmz t͡ɕ a-4 uz t iə-0 nz
NMA_7_NU_S0002_90,audio_data/train/NMA_7_NU_S0002_90.wav,m ɛ-1 uz h o-3 ɓ aː-4 uz s ɨ-0 t ɨ-3 tʰ aː-0 k ɔ-0 nz z o-4 ŋmz ɲ ɨ-0 tʰ aː-0 k ɔ-0 nz m o-1 iz,m ɛ-1 uz h o-3 ɓ aː-4 uz s ɨ-0 t ɨ-3 tʰ aː-0 k ɔ-0 nz z o-4 ŋmz ɲ ɨ-0 tʰ aː-0 k ɔ-0 nz m o-1 iz
PC_7_NAM_S0004_122,audio_data/train/PC_7_NAM_S0004_122.wav,k ɔ-0 nz m ɛ-1 uz ɲ aː-1 t əː-4 z ə-4 tz ɗ aː-4 ŋz iə-0 uz,k ɔ-0 nz m ɛ-1 uz ɲ aː-1 t əː-4 z ə-4 tz ɗ aː-4 ŋz iə-0 uz
TPA_Nu_6_S0009_211,audio_data/train/TPA_Nu_6_S0009_211.wav,t aː-0 s a-2 nz s aː-1 ŋz tʰ aː-0 tʰ ɨ-4 n e-4 uz n aː-1 ŋz h ɨə-4 v əː-4 iz t aː-0 t ɨ-1 n a-0 iz n aː-1 ŋz x o-0 ŋmz ɓ aː-0 uz z əː-1 ɗ eaː-4 ŋ̟z z aː-4 ŋ ɨə-1 iz x aː-4 kz k w aː-0 v ɛ-3 ɓ e-1 ŋ w aː-1 iz n ɨə-2,t aː-0 s a-2 nz s aː-1 ŋz tʰ aː-0 tʰ ɨ-4 n e-4 uz n aː-1 ŋz h ɨə-4 v əː-4 iz t aː-0 t ɨ-1 n a-0 iz n aː-1 ŋz x o-0 ŋmz ɓ aː-0 uz z əː-1 ɗ eaː-4 ŋ̟z z aː-4 ŋ ɨə-1 iz x aː-4 kz k w aː-0 v ɛ-3 ɓ e-1 ŋ w aː-1 iz n ɨə-2
NHM_7_NU_S0006_136,audio_data/train/NHM_7_NU_S0006_136.wav,ɗ ɔ-4 l aː-1 h aː-0 iz tʰ ɨ-4 x o-0 ŋmz tʰ e-3 tʰ iə-4 uz k uə-3 k ɔ-0 nz ŋ ɨə-1 iz z ə-0 nz v iə-5 tz n aː-0 mz m o-2 iz x i-0 t e-4 tz ɗ e-4 nz s w ə-0 nz v e-1,ɗ ɔ-4 l aː-1 h aː-0 iz tʰ ɨ-4 x o-0 ŋmz tʰ e-3 tʰ iə-4 uz k uə-3 k ɔ-0 nz ŋ ɨə-1 iz z ə-0 nz v iə-5 tz n aː-0 mz m o-2 iz x i-0 t e-4 tz ɗ e-4 nz s w ə-0 nz v e-1
MK_7_NAM_S0005_3,audio_data/train/MK_7_NAM_S0005_3.wav,tʰ ɛ-0 uz o-0 ŋmz t͡ɕ a-4 uz ɗ ɨə-5 kz v e-1 k w e-0,tʰ ɛ-0 uz o-0 ŋmz t͡ɕ a-4 uz ɗ ɨə-5 kz v e-1 k w e-0
LXT_Nam_6_S0008_5,audio_data/train/LXT_Nam_6_S0008_5.wav,t͡ɕ u-4 ɣ aː-1 k o-0 ŋmz k w aː-0 nz t͡ɕ ɔ-5 ŋmz,t͡ɕ u-4 ɣ aː-1 k o-0 ŋmz k w aː-0 nz t͡ɕ ɔ-5 ŋmz
TTD_7_NAM_S0001_72,audio_data/train/TTD_7_NAM_S0001_72.wav,x i-0 t͡ɕ i-0 mz k ɔ-0 nz m əː-4 iz z aː-0 ɗ əː-1 iz ɓ o-4 m ɛ-5 x o-0 ŋmz m əː-4 mz m o-1 iz m aː-1 m əː-4 mz s ɨə-2 t͡ɕ ɨə-4 t͡ɕ ɔ-0 ŋmz z iə-1 uz t͡ɕ ɔ-0 k ɔ-0 nz,x i-0 t͡ɕ i-0 mz k ɔ-0 nz m əː-4 iz z aː-0 ɗ əː-1 iz ɓ o-4 m ɛ-5 x o-0 ŋmz m əː-4 mz m o-1 iz m aː-1 m əː-4 mz s ɨə-2 t͡ɕ ɨə-4 t͡ɕ ɔ-0 ŋmz z iə-1 uz t͡ɕ ɔ-0 k ɔ-0 nz
PTL_7_NU_S0008_78,audio_data/train/PTL_7_NU_S0008_78.wav,tʰ iə-0 nz ŋ aː-0 m ɛ-5 k ɔ-2 ŋmz k ɔ-0 nz t͡ɕ e-0 nz l ɨ-0 ŋz ɓ əː-0 iz ɗ i-0 ɗ ə-0 iz ɗ ɔ-4,tʰ iə-0 nz ŋ aː-0 m ɛ-5 k ɔ-2 ŋmz k ɔ-0 nz t͡ɕ e-0 nz l ɨ-0 ŋz ɓ əː-0 iz ɗ i-0 ɗ ə-0 iz ɗ ɔ-4
PC_7_NAM_S0004_79,audio_data/train/PC_7_NAM_S0004_79.wav,v ə-5 iz tʰ i-1 ɓ aː-5 nz tʰ i-4 k̟z ɗ i-0 z u-0 l i-5 k̟z əː-0 ɗ ə-0 uz,v ə-5 iz tʰ i-1 ɓ aː-5 nz tʰ i-4 k̟z ɗ i-0 z u-0 l i-5 k̟z əː-0 ɗ ə-0 uz
TPA_Nu_6_S0009_165,audio_data/train/TPA_Nu_6_S0009_165.wav,tʰ ə-1 iz z aː-4 uz t aː-5 mz ɓ iə-5 tz t ɨ-1 ŋz ɗ ɨə-4 t͡ɕ u-4 ŋmz t o-0 iz,tʰ ə-1 iz z aː-4 uz t aː-5 mz ɓ iə-5 tz t ɨ-1 ŋz ɗ ɨə-4 t͡ɕ u-4 ŋmz t o-0 iz
NT_7_NAM_S0009_57,audio_data/train/NT_7_NAM_S0009_57.wav,s w ə-4 tz k w ə-0 nz ɗ ɨə-0 k w ə-0 nz ɗ i-0 ɗ eaː-4 ŋ̟z z a-5 kz,s w ə-4 tz k w ə-0 nz ɗ ɨə-0 k w ə-0 nz ɗ i-0 ɗ eaː-4 ŋ̟z z a-5 kz
THA_7_NU_S0043_138,audio_data/train/THA_7_NU_S0043_138.wav,x i-0 l əː-4 nz tʰ e-0 mz m o-5 tz t w o-3 iz,x i-0 l əː-4 nz tʰ e-0 mz m o-5 tz t w o-3 iz
NMA_7_NU_S0002_182,audio_data/train/NMA_7_NU_S0002_182.wav,l u-2 k ɔ-0 nz t͡ɕ iə-0 mz t͡ɕ iə-4 pz tʰ ɛ-0 uz l iə-1 nz ɗ a-1 ŋz s a-0 uz,l u-2 k ɔ-0 nz t͡ɕ iə-0 mz t͡ɕ iə-4 pz tʰ ɛ-0 uz l iə-0 nz ɗ a-1 ŋz s a-0 uz
NMA_7_NU_S0002_26,audio_data/train/NMA_7_NU_S0002_26.wav,l ɔ-1 ŋmz s w o-4 iz ɲ iə-1 uz ɗ aː-4 s a-4 kz,l ɔ-1 ŋmz s w o-4 iz ɲ iə-1 uz ɗ aː-4 s a-4 kz
PC_7_NAM_S0004_128,audio_data/train/PC_7_NAM_S0004_128.wav,k ɔ-1 nz k ɔ-0 nz m ɛ-1 uz k uə-3 t əː-4 tʰ i-1 t e-0 nz l aː-1 m i-0 uz,k ɔ-1 nz k ɔ-0 nz m ɛ-1 uz k uə-3 t əː-4 tʰ i-1 t e-0 nz l aː-1 m i-0 uz
TTD_7_NAM_S0001_52,audio_data/train/TTD_7_NAM_S0001_52.wav,m o-2 iz m o-5 tz ɲ aː-1 t əː-4 k ɔ-4 ɓ o-4 nz t ə-1 ŋz tʰ i-1 m o-2 iz t ə-1 ŋz ɗ e-3 m o-5 tz k ɔ-0 nz m ɛ-1 uz,m o-2 iz m o-5 tz ɲ aː-1 t əː-4 k ɔ-4 ɓ o-4 nz t ə-1 ŋz tʰ i-1 m o-2 iz t ə-1 ŋz ɗ e-3 m o-5 tz k ɔ-0 nz m ɛ-1 uz
PTT_7_NU_S0041_14,audio_data/train/PTT_7_NU_S0041_14.wav,ɗ o-1 ŋmz z ɔ-5 ŋmz ɓ w o-1 nz ɓ w o-1 nz t͡ɕ i-3 k ɔ-4 ɛ-0 mz l aː-1 t͡ɕ a-3 ŋz aː-0 iz iə-0 uz,ɗ o-1 ŋmz z ɔ-5 ŋmz ɓ w o-1 nz ɓ w o-1 nz t͡ɕ i-3 k ɔ-4 ɛ-0 mz l aː-1 t͡ɕ a-3 ŋz aː-0 iz iə-0 uz
NMA_7_NU_S0002_164,audio_data/train/NMA_7_NU_S0002_164.wav,v ɛ-2 v e-1 l aː-1 ŋz t aː-0,v ɛ-2 v e-1 l aː-1 ŋz t aː-0
LDMT_Nam_6_S00047_19,audio_data/train/LDMT_Nam_6_S00047_19.wav,x i-0 ɗ i-0 n ɔ-4 h ɨə-4 s ɛ-2 ɗ ɛ-0 mz v e-1 ɗ u-3 tʰ ɨ-4 k ɔ-3 l aː-5 k w aː-3 tʰ əː-0 mz v aː-1 l aː-1 mz k w aː-1 t͡ɕ ɔ-0 tʰ ɔ-3 v aː-1 ɲ i-4 mz,x i-0 ɗ i-0 n ɔ-4 h ɨə-4 s ɛ-2 ɗ ɛ-0 mz v e-1 ɗ u-3 tʰ ɨ-4 k ɔ-3 l aː-5 k w aː-3 tʰ əː-0 mz v aː-1 l aː-1 mz k w aː-1 t͡ɕ ɔ-0 tʰ ɔ-3 v aː-1 ɲ i-4 mz
NNM_Nu_6_S00045_48,audio_data/train/NNM_Nu_6_S00045_48.wav,tʰ e-4 l aː-1 s ɔ-4 iz z ɨ-5 tz m o-5 tz k aː-4 iz tʰ ə-5 tz m eaː-5 ŋ̟z,tʰ e-4 l aː-1 s ɔ-4 iz z ɨ-5 tz m o-5 tz k aː-4 iz tʰ ə-5 tz m eaː-5 ŋ̟z
NNM_Nu_6_S00045_83,audio_data/train/NNM_Nu_6_S00045_83.wav,s ɔ-4 iz l aː-5 iz tʰ o-3 iz ɓ a-0 iz ɲ aː-1 l əː-5 nz ɲ əː-2,s ɔ-4 iz l aː-5 iz tʰ o-3 iz ɓ a-0 iz ɲ aː-1 l əː-5 nz ɲ əː-2
CNBA_Nu_6_S0003_29,audio_data/train/CNBA_Nu_6_S0003_29.wav,t o-0 iz ɓ w o-1 nz ŋ u-3,t o-0 iz ɓ w o-1 nz ŋ u-3
NTM_Nam_6_S00010_11,audio_data/train/NTM_Nam_6_S00010_11.wav,k ɔ-4 x ɨə-4 uz ɗ eaː-4 ŋ̟z ɗ u-0,k ɔ-4 x iə-4 uz ɗ eaː-4 ŋ̟z ɗ u-0
NHM_7_NU_S0006_138,audio_data/train/NHM_7_NU_S0006_138.wav,ɓ aː-5 nz əː-0 iz m i-1 ŋ̟z h ɔ-3 iz ɓ aː-5 nz t͡ɕ ɨə-4 kz ɗ aː-2,ɓ aː-5 nz əː-0 iz m i-1 ŋ̟z h ɔ-3 iz ɓ aː-5 nz t͡ɕ ɨə-4 kz ɗ aː-2
THA_Nu_6_S00042_166,audio_data/train/THA_Nu_6_S00042_166.wav,aː-0 iz k u-2 ŋmz t͡ɕ eaː-0 ŋ̟z ɲ a-0 uz k e-3 t͡ɕ ɔ-0 m ɛ-5 ŋ ɛ-0 v iə-5 kz m i-1 ŋ̟z l aː-1 mz,aː-0 iz k u-2 ŋmz t͡ɕ eaː-0 ŋ̟z ɲ a-0 uz k e-3 t͡ɕ ɔ-0 m ɛ-5 ŋ ɛ-0 v iə-5 kz m i-1 ŋ̟z l aː-1 mz
NMA_7_NU_S0002_88,audio_data/train/NMA_7_NU_S0002_88.wav,ɲ i-1 nz ɲ ɨ-0 z aː-0 uz v iə-5 kz tʰ o-0 ŋmz m i-0 ŋ̟z ɗ u-4 ŋmz t aː-1 iz,ɲ i-1 nz ɲ ɨ-0 z aː-0 uz v iə-5 kz tʰ o-0 ŋmz m i-0 ŋ̟z ɗ u-4 ŋmz t aː-1 iz
NMA_7_NU_S0002_222,audio_data/train/NMA_7_NU_S0002_222.wav,əː-0 ə-0 uz k əː-0 k u-1 ŋmz n a-0 mz m ɨə-0 iz k ɔ-0 nz s i-0 ŋ̟z s i-0 ŋ̟z s o-4 ŋmz t͡ɕ e-0 nz ɗ ə-4 tz l iə-1 nz,əː-0 ə-0 uz k əː-0 k u-1 ŋmz n a-0 mz m ɨə-0 iz k ɔ-0 nz s i-0 ŋ̟z s o-4 ŋmz t͡ɕ e-0 nz ɗ ə-4 tz l iə-1 nz
TTD_7_NAM_S0001_172,audio_data/train/TTD_7_NAM_S0001_172.wav,z o-1 iz z əː-1 tʰ i-1 m i-1 ŋ̟z ɗ ɔ-5 kpz ɓ aː-1 nz tʰ əː-0 t͡ɕ ə-0 uz əː-0 iz ɲ aː-4,z o-1 iz z əː-1 tʰ i-1 m i-1 ŋ̟z ɗ ɔ-5 kpz ɓ aː-1 nz tʰ əː-0 t͡ɕ ə-0 uz əː-0 iz ɲ aː-4
GQM_Nam_6_S0006_88,audio_data/train/GQM_Nam_6_S0006_88.wav,t əː-4 ɗ o-4 k w aː-0 ŋz m i-0 ŋ̟z n aː-1 ŋz t iə-0 nz k aː-4 k ɔ-4 ɲ ɨ-2 ŋz ɲ ɨ-2 ŋz h i-1 ŋ̟z z aː-5 ŋz ɣ i-1,t əː-4 ɗ o-4 k w aː-0 ŋz m i-0 ŋ̟z n aː-1 ŋz t iə-0 nz k aː-4 k ɔ-4 ɲ ɨ-2 ŋz ɲ ɨ-2 ŋz h i-1 ŋ̟z z aː-5 ŋz ɣ i-1
MK_7_NU_S0007_26,audio_data/train/MK_7_NU_S0007_26.wav,ɓ ɔ-1 əː-0 iz ɓ ɔ-1 ŋ i-3,ɓ ɔ-1 əː-0 iz ɓ ɔ-1 ŋ i-2
TPA_Nu_6_S0009_73,audio_data/train/TPA_Nu_6_S0009_73.wav,s ɔ-4 kpz k ɔ-0 nz v ə-0 ŋz l əː-1 iz ɓ aː-1 m aː-0 ŋz tʰ ɨ-0 ɗ i-0,s ɔ-4 kpz k ɔ-0 nz v ə-0 ŋz l əː-1 iz ɓ aː-1 m aː-0 ŋz tʰ ɨ-0 ɗ i-0
PC_7_NAM_S0004_110,audio_data/train/PC_7_NAM_S0004_110.wav,m ɛ-5 t əː-4 t͡ɕ o-1 ŋmz əː-0 ɲ aː-1 m ɛ-5 t əː-4,m ɛ-5 t əː-4 t͡ɕ o-1 ŋmz əː-0 ɲ aː-1 m ɛ-5 t əː-4
LXT_Nam_6_S0008_1,audio_data/train/LXT_Nam_6_S0008_1.wav,tʰ aː-3 uz aː-0 nz əː-0 iz t͡ɕ u-4 ŋmz m i-1 ŋ̟z k u-1 ŋmz ɗ ɔ-5 kpz ɓ aː-1 iz t͡ɕ u-4 ɣ aː-1 k w aː-0 nz t͡ɕ ɔ-5 ŋmz f ə-1 nz m o-5 tz ɲ ɛ-4,tʰ aː-3 uz aː-0 nz əː-0 iz t͡ɕ u-4 ŋmz m i-1 ŋ̟z k u-1 ŋmz ɗ ɔ-5 kpz ɓ aː-1 iz t͡ɕ u-4 ɣ aː-1 k w aː-0 nz t͡ɕ ɔ-5 ŋmz f ə-1 nz m o-5 tz ɲ ɛ-4
GQM_Nam_6_S0006_70,audio_data/train/GQM_Nam_6_S0006_70.wav,n aː-1 ŋz t iə-0 nz k aː-4 l aː-1 k ɔ-0 nz v uə-0 ɓ iə-3 nz,n aː-1 ŋz t iə-0 nz k aː-4 l aː-1 k ɔ-0 nz v uə-0 ɓ iə-3 nz
NMA_7_NU_S0002_124,audio_data/train/NMA_7_NU_S0002_124.wav,k ə-0 iz ɗ aː-0 ŋ i-1 nz n a-0 mz ɗ aː-2 ɣ a-4 nz l iə-1 nz v əː-4 iz tʰ əː-1 iz tʰ əː-0 ə-4 uz k uə-3 t͡ɕ u-4 ŋmz t o-0 iz,k ə-0 iz ɗ aː-0 ŋ i-1 nz n a-0 mz ɗ aː-2 ɣ a-4 nz l iə-1 nz v əː-4 iz tʰ əː-1 iz tʰ əː-0 ə-4 uz k uə-3 t͡ɕ u-4 ŋmz t o-0 iz
PTL_7_NU_S0008_134,audio_data/train/PTL_7_NU_S0008_134.wav,v aː-1 t ɨ-5 ɗ ɔ-5 kpz m o-5 tz t͡ɕ w iə-5 nz h w a-5 kz ɓ aː-1 iz tʰ əː-0 ɓ aː-1 iz ɓ aː-4 uz t͡ɕ ɔ-0 ŋmz s eaː-4 k̟z t əː-1 ɓ aː-4 uz t͡ɕ u-4 ŋmz t aː-0 m aː-0 ŋz ɗ e-4 nz,v aː-1 t ɨ-5 ɗ ɔ-5 kpz m o-5 tz t͡ɕ w iə-5 nz h w a-5 kz ɓ aː-1 iz tʰ əː-0 ɓ aː-1 iz ɓ aː-4 uz t͡ɕ ɔ-0 ŋmz s eaː-4 k̟z t əː-1 ɓ aː-4 uz t͡ɕ u-4 ŋmz t aː-0 m aː-0 ŋz ɗ e-4 nz
PC_7_NAM_S0004_109,audio_data/train/PC_7_NAM_S0004_109.wav,t əː-4 k u-2 ŋmz z ə-4 tz tʰ i-4 k̟z h w aː-0 h o-1 ŋmz,t əː-4 k u-2 ŋmz z ə-4 tz tʰ i-4 k̟z h w aː-0 h o-1 ŋmz
TPA_Nu_6_S0009_150,audio_data/train/TPA_Nu_6_S0009_150.wav,ɗ ɔ-4 s ɛ-2 l aː-1 k w aː-1 t a-5 ŋz x i-0 t͡ɕ aː-0 m ɛ-5 t͡ɕ u-4 ŋmz t o-0 iz ɗ e-4 nz z ɨ-5 ɓ w o-3 iz h ɔ-5 kpz,ɗ ɔ-4 s ɛ-2 l aː-1 k w aː-1 t a-5 ŋz x i-0 t͡ɕ aː-0 m ɛ-5 t͡ɕ u-4 ŋmz t o-0 iz ɗ e-4 nz z ɨ-5 ɓ w o-3 iz h ɔ-5 kpz
TTD_7_NAM_S0001_153,audio_data/train/TTD_7_NAM_S0001_153.wav,z o-1 iz k ɔ-1 nz h aː-0 iz i-0 h aː-0 iz t i-1 mz t ɨ-1 ŋ ɨ-2 t aː-3 h i-1 ŋ̟z z aː-4 ŋz k ɔ-0 nz t͡ɕ ə-0 uz t͡ɕ ɔ-0 ŋmz ɓ o-4 nz z ɔ-1 ŋmz tʰ əː-0 ɗ ə-1 uz,z o-1 iz k ɔ-1 nz h aː-0 iz i-0 h aː-0 iz t i-1 mz t ɨ-1 ŋ ɨ-2 t aː-3 h i-1 ŋ̟z z aː-4 ŋz k ɔ-0 nz t͡ɕ ə-0 uz t͡ɕ ɔ-0 ŋmz ɓ o-4 nz z ɔ-1 ŋmz tʰ əː-0 ɗ ə-1 uz
TTD_7_NAM_S0001_26,audio_data/train/TTD_7_NAM_S0001_26.wav,m a-4 tz ɗ ɛ-0 nz s aː-4 ŋz ŋ əː-1 iz,m a-4 tz ɗ ɛ-0 nz s aː-4 ŋz ŋ əː-1 iz
TTT_Nu_6_S00049_64,audio_data/train/TTT_Nu_6_S00049_64.wav,z u-1 ŋmz t a-0 iz l aː-1 mz ɗ ə-5 pz m o-5 tz k aː-4 iz,z u-1 ŋmz t a-0 iz l aː-1 mz ɗ ə-5 pz m o-5 tz k aː-4 iz
DNK_7_NU_S0048_227,audio_data/train/DNK_7_NU_S0048_227.wav,n ɔ-4 iz v aː-1 ɗ aː-4 pz l aː-5 iz l əː-1 iz t ɨ-1 t͡ɕ o-4 iz t͡ɕ ɔ-0 ŋmz k aː-4 kz t i-1 ŋ̟z h w o-4 ŋmz s a-0 uz,n ɔ-4 iz v aː-1 ɗ aː-4 pz l aː-5 iz l əː-1 iz t ɨ-1 t͡ɕ o-4 iz t͡ɕ ɔ-0 ŋmz k aː-4 kz t i-1 ŋ̟z h w o-4 ŋmz s a-0 uz
TPA_Nu_6_S0009_88,audio_data/train/TPA_Nu_6_S0009_88.wav,o-0 iz tʰ e-4 aː-0 s ɔ-4 kpz t͡ɕ i-5 ɓ w o-1 nz k w aː-4,o-0 iz tʰ e-4 aː-0 s ɔ-4 kpz t͡ɕ i-5 ɓ w o-1 nz k w aː-4
NHM_7_NU_S0006_186,audio_data/train/NHM_7_NU_S0006_186.wav,v uə-0 ɲ ə-5 nz z aː-0 ŋ a-0 iz z ɔ-5 ŋmz k uə-3 m ɛ-1 uz ɗ aː-2 t a-5 ŋz m i-1 ŋ̟z z ə-4 tz ɲ iə-1 uz m ɔ-4 nz k w aː-1 z aː-5 uz t͡ɕ ɨə-4 kz,v uə-0 ɲ ə-5 nz z aː-0 ŋ a-0 iz z ɔ-5 ŋmz k uə-3 m ɛ-1 uz ɗ aː-2 t a-5 ŋz m i-1 ŋ̟z z ə-4 tz ɲ iə-1 uz m ɔ-4 nz k w aː-1 z aː-5 uz t͡ɕ ɨə-4 kz
TTT_Nu_6_S00049_48,audio_data/train/TTT_Nu_6_S00049_48.wav,k aː-3 mz əː-0 nz ɓ aː-5 nz,k aː-3 mz əː-0 nz ɓ aː-5 nz
DNK_7_NU_S0048_276,audio_data/train/DNK_7_NU_S0048_276.wav,t o-5 iz ŋ iə-5 pz k ɔ-0 nz t͡ɕ i-0 mz x i-0 n ɔ-4 k ɔ-1 nz s o-4 ŋmz v aː-1 k aː-0 h aː-4 tz,t o-5 iz ŋ iə-5 pz k ɔ-0 nz t͡ɕ i-0 mz x i-0 n ɔ-4 k ɔ-1 nz s o-4 ŋmz v aː-1 k aː-0 h aː-4 tz
THA_Nu_6_S00042_111,audio_data/train/THA_Nu_6_S00042_111.wav,ɓ aː-5 nz k ɔ-4 tʰ e-3 t i-1 mz t͡ɕ ɔ-0 t əː-4 t iə-4 ŋz n aː-1 uz k ɔ-4 ə-0 mz u-0,ɓ aː-5 nz k ɔ-4 tʰ e-3 t i-1 mz t͡ɕ ɔ-0 t əː-4 t iə-4 ŋz n aː-1 uz k ɔ-4 ə-0 mz u-0
PC_7_NAM_S0004_31,audio_data/train/PC_7_NAM_S0004_31.wav,v ə-5 iz k ə-0 uz tʰ əː-0 n aː-1 uz t͡ɕ ɔ-0 tʰ ə-4 iz ɓ ə-1 iz t͡ɕ i-0 mz k u-0 z ə-4 tz tʰ i-4 k̟z ɓ əː-1 t͡ɕ ɛ-0,v ə-5 iz k ə-0 uz tʰ əː-0 n aː-1 uz t͡ɕ ɔ-0 tʰ ə-4 iz ɓ ə-1 iz t͡ɕ i-0 mz k u-0 z ə-4 tz tʰ i-4 k̟z ɓ əː-1 t͡ɕ ɛ-0
NDBA_7_NAM_S0010_70,audio_data/train/NDBA_7_NAM_S0010_70.wav,h a-2 iz t͡ɕ ɔ-0 t o-0 iz m o-5 tz ɗ o-0 iz h iə-0 v aː-1 t͡ɕ iə-4 kz aː-4 uz x w aː-4 kz z o-1 iz t o-0 iz s ɛ-2 l aː-1 mz t͡ɕ ɔ-0 k ə-5 uz n əː-3 m a-1 iz n əː-3 m a-5 tz t͡ɕ ɔ-0 m aː-1 s ɛ-0 mz,h a-2 iz t͡ɕ ɔ-0 t o-0 iz m o-5 tz ɗ o-0 iz h iə-0 v aː-1 t͡ɕ iə-4 kz aː-4 uz x w aː-4 kz z o-1 iz t o-0 iz s ɛ-2 l aː-1 mz t͡ɕ ɔ-0 k ə-5 uz n əː-3 m a-1 iz n əː-3 m a-5 tz t͡ɕ ɔ-0 m aː-1 s ɛ-0 mz
NMA_7_NU_S0002_83,audio_data/train/NMA_7_NU_S0002_83.wav,l ɨə-1 ɗ i-5 k̟z t͡ɕ u-4 x i-3 x o-0 nz ŋ w aː-0 nz,l ɨə-1 ɗ i-5 k̟z t͡ɕ u-4 x i-3 x o-0 nz ŋ w aː-0 nz
LXT_Nam_6_S0008_133,audio_data/train/LXT_Nam_6_S0008_133.wav,m ɛ-5 m a-5 tz t͡ɕ əː-1 iz tʰ aː-3 h aː-5 tz n a-4 ŋz s w o-4 ŋmz ɗ ə-4 tz t͡ɕ əː-0 iz,m ɛ-5 m a-5 tz t͡ɕ əː-1 iz tʰ aː-3 h aː-5 tz n a-4 ŋz s w o-4 ŋmz ɗ ə-4 tz t͡ɕ əː-0 iz
NT_7_NAM_S0009_70,audio_data/train/NT_7_NAM_S0009_70.wav,n e-4 uz ɗ ɨə-5 kz ɗ a-5 tz m o-5 tz t e-0 nz x aː-4 kz t͡ɕ ɔ-0 k ə-0 uz t͡ɕ w iə-5 nz ɛ-0 mz s ɛ-2 ɗ a-5 tz t e-0 nz n aː-1 uz,n e-4 uz ɗ ɨə-5 kz ɗ a-5 tz m o-5 tz t e-0 nz x aː-4 kz t͡ɕ ɔ-0 k ə-0 uz t͡ɕ w iə-5 nz ɛ-0 mz s ɛ-2 ɗ a-5 tz t e-0 nz n aː-1 uz
THA_7_NU_S0043_48,audio_data/train/THA_7_NU_S0043_48.wav,k ə-0 uz t͡ɕ w iə-5 nz k aː-0 ŋ əː-5 iz t ə-4 mz ɣ ɨə-0 ŋz z a-1 uz ŋ i-5 l ɨ-5 kz k uə-3 ŋ w iə-2 nz ŋ ɔ-5 kpz k i-4,k ə-0 uz t͡ɕ w iə-5 nz k aː-0 ŋ əː-5 iz t ə-4 mz ɣ ɨə-0 ŋz z a-1 uz ŋ i-5 l ɨ-5 kz k uə-3 ŋ w iə-2 nz ŋ ɔ-5 kpz k i-4
LXT_Nam_6_S0008_118,audio_data/train/LXT_Nam_6_S0008_118.wav,ɓ əː-3 iz k aː-4 iz n a-1 iz z u-1 ŋmz t͡ɕ ɔ-0 ŋmz n o-5 iz z u-0 ŋmz ɓ aː-1 iz tʰ əː-0 m aː-1,ɓ əː-3 iz k aː-4 iz n a-1 iz z u-1 ŋmz t͡ɕ ɔ-0 ŋmz n o-5 iz z u-0 ŋmz ɓ aː-1 iz tʰ əː-0 m aː-1
PTL_7_NU_S0008_83,audio_data/train/PTL_7_NU_S0008_83.wav,ɗ ə-1 uz t aː-0 iz x o-0 ŋmz k ɔ-4 ɓ ɔ-1 ŋ aː-0 ŋz k aː-3 ɗ əː-1 iz,ɗ ə-1 uz t aː-0 iz x o-0 ŋmz k ɔ-4 ɓ ɔ-1 ŋ aː-0 ŋz k aː-3 ɗ əː-1 iz
DNK_7_NU_S0048_172,audio_data/train/DNK_7_NU_S0048_172.wav,ɣ ɛ-4 pz ɗ u-4 ŋmz,ɣ ɛ-4 pz ɗ u-4 ŋmz
NHM_7_NU_S0006_189,audio_data/train/NHM_7_NU_S0006_189.wav,t͡ɕ ɔ-0 ŋmz x i-0 t͡ɕ aː-1 ŋz t͡ɕ aː-0 iz t͡ɕ ɛ-3 l e-0 nz s ɛ-0 ŋ ɨə-5 ɲ aː-1 v uə-0 tʰ i-1 m ɛ-1 uz ɗ aː-2 f ɔ-4 ŋmz ɗ i-0 t͡ɕ ɨə-4 kz,t͡ɕ ɔ-0 ŋmz x i-0 t͡ɕ aː-1 ŋz t͡ɕ aː-0 iz t͡ɕ ɛ-3 l e-0 nz s ɛ-0 ŋ ɨə-5 ɲ aː-1 v uə-0 tʰ i-1 m ɛ-1 uz ɗ aː-2 f ɔ-4 ŋmz ɗ i-0 t͡ɕ ɨə-4 kz
PTT_7_NU_S0041_138,audio_data/train/PTT_7_NU_S0041_138.wav,ɓ e-0 t iə-4 ŋz m ɔ-5 iz ŋ ɨə-1 iz l aː-0 uz s aː-0 uz,ɓ e-0 t iə-4 ŋz m ɔ-5 iz ŋ ɨə-1 iz l aː-0 uz s aː-0 uz
NMA_7_NU_S0002_65,audio_data/train/NMA_7_NU_S0002_65.wav,tʰ w a-4 tz m uə-1 s w ə-0 nz s aː-0 ŋz,tʰ w aː-4 tz m uə-1 s w ə-0 nz s aː-0 ŋz
PTL_7_NU_S0008_169,audio_data/train/PTL_7_NU_S0008_169.wav,t əː-4 ɲ i-1 nz tʰ ə-4 iz k ɔ-0 nz tʰ ɔ-3,t əː-4 ɲ i-1 nz tʰ ə-4 iz k ɔ-0 nz tʰ ɔ-3
TPA_Nu_6_S0009_70,audio_data/train/TPA_Nu_6_S0009_70.wav,m o-5 tz h o-0 mz ɓ aː-1 tʰ ə-4 iz t͡ɕ ɔ-0 ŋmz ŋ ɨə-1 iz m e-5 tz m ɔ-3 iz,m o-5 tz h o-0 mz ɓ aː-1 tʰ ə-4 iz t͡ɕ ɔ-0 ŋmz ŋ ɨə-1 iz m e-5 tz m ɔ-3 iz
NTN_7_NU_S0042_89,audio_data/train/NTN_7_NU_S0042_89.wav,n a-4 ŋz ɣ ɛ-4 v aː-1 uz k ɨə-3 l əː-4 pz,n a-4 ŋz ɣ ɛ-4 v aː-1 uz k ɨə-3 l əː-4 pz
NTN_7_NU_S0042_93,audio_data/train/NTN_7_NU_S0042_93.wav,iə-0 uz tʰ ɨə-0 ŋz ɛ-0 mz ŋ a-4 mz m aː-2 iz,iə-0 uz tʰ ɨə-0 ŋz ɛ-0 mz ŋ a-4 mz m aː-2 iz
DNK_7_NU_S0048_17,audio_data/train/DNK_7_NU_S0048_17.wav,ɗ e-4 nz l ɨə-5 tz k ə-5 uz,ɗ e-4 nz l ɨə-5 tz k ə-5 uz
THA_Nu_6_S00042_18,audio_data/train/THA_Nu_6_S00042_18.wav,ɓ aː-5 nz t͡ɕ ɔ-0 m i-1 ŋ̟z ɓ iə-4 tz t iə-4 ŋz n aː-1 uz k ɔ-4 ə-0 mz s əː-1,ɓ aː-5 nz t͡ɕ ɔ-0 m i-1 ŋ̟z ɓ iə-4 tz t i-4 ŋ̟z n aː-1 uz k ɔ-4 ə-0 mz s əː-1
NNM_Nu_6_S00045_123,audio_data/train/NNM_Nu_6_S00045_123.wav,k aː-4 s ə-4 uz ɓ ə-4 tz ŋ əː-1 l aː-1 mz ɣ i-1,k aː-4 s ə-4 uz ɓ ə-4 tz ŋ əː-1 l aː-1 mz ɣ i-1
TTT_Nu_6_S00049_57,audio_data/train/TTT_Nu_6_S00049_57.wav,k ɔ-1 nz l əː-5 nz ɲ əː-2 l aː-1 mz m o-5 tz ŋ o-0 iz ɲ aː-1 ɓ a-1 ŋz k w i-3 ɣ o-2,k ɔ-1 nz l əː-5 nz ɲ əː-2 l aː-1 mz m o-5 tz ŋ o-0 iz ɲ aː-1 ɓ a-1 ŋz k w i-3 ɣ o-2
VTA_Nam_6_S0002_23,audio_data/train/VTA_Nam_6_S0002_23.wav,tʰ ə-4 iz tʰ ɔ-3 t͡ɕ ɔ-4 ɓ ɔ-3 k w aː-5 l aː-0 uz t əː-4 iz,tʰ ə-4 iz tʰ ɔ-3 t͡ɕ ɔ-4 ɓ ɔ-3 k w aː-5 l aː-0 uz t əː-4 iz
HYT_Nu_6_S0005_85,audio_data/train/HYT_Nu_6_S0005_85.wav,n aː-1 ŋz t iə-0 nz k aː-4 k ɔ-4 t ə-4 tz k aː-3 k aː-4 kz tʰ ɨ-4 n aː-1 ŋz m w o-4 nz,n aː-1 ŋz t iə-0 nz k aː-4 k ɔ-4 t ə-4 tz k aː-3 k aː-4 kz tʰ ɨ-4 n aː-1 ŋz m w o-4 nz
DNK_7_NU_S0048_225,audio_data/train/DNK_7_NU_S0048_225.wav,ɛ-0 mz z ə-4 tz ɗ o-1 ŋmz t i-1 ŋ̟z v əː-4 iz i-0 k iə-4 nz x o-0 ŋmz t əː-4 x o-0 ŋmz ɓ a-4 tz t͡ɕ i-0 mz ɗ ə-0 uz t o-5 iz ŋ iə-5 pz n ɔ-4,ɛ-0 mz z ə-4 tz ɗ o-1 ŋmz t i-1 ŋ̟z v əː-4 iz i-0 k iə-4 nz x o-0 ŋmz t əː-4 x o-0 ŋmz ɓ a-4 tz t͡ɕ i-0 mz ɗ ə-0 uz t o-5 iz ŋ iə-5 pz n ɔ-4
TTD_7_NAM_S0001_54,audio_data/train/TTD_7_NAM_S0001_54.wav,ɓ o-4 m ɛ-5 t əː-4 m o-2 iz x i-0 t əː-4 l aː-1 mz ɣ i-1 x o-0 ŋmz ɗ u-4 ŋmz ɓ o-4 m ɛ-5 t əː-4 ɗ e-1 uz z a-5 iz t əː-4 t əː-4 t͡ɕ ɨ-4 ɓ o-4 m ɛ-5 x o-0 ŋmz ɗ eaː-4 ŋ̟z,ɓ o-4 m ɛ-5 t əː-4 m o-2 iz x i-0 t əː-4 l aː-1 mz ɣ i-1 x o-0 ŋmz ɗ u-4 ŋmz ɓ o-4 m ɛ-5 t əː-4 ɗ e-1 uz z a-5 iz t əː-4 t əː-4 t͡ɕ ɨ-4 ɓ o-4 m ɛ-5 x o-0 ŋmz ɗ eaː-4 ŋ̟z
NMA_7_NU_S0002_187,audio_data/train/NMA_7_NU_S0002_187.wav,ɓ aː-1 iz tʰ əː-0 l aː-1 l əː-1 iz k uə-3 aː-0 iz,ɓ aː-1 iz tʰ əː-0 l aː-1 l əː-1 iz k uə-3 aː-0 iz
PC_7_NAM_S0004_51,audio_data/train/PC_7_NAM_S0004_51.wav,t əː-4 tʰ i-4 k̟z ɲ ə-4 tz l aː-1 l w aː-1 iz ɗ o-5 ŋmz v ə-5 tz k ɔ-0 nz n aː-0 iz,t əː-4 tʰ i-4 k̟z ɲ ə-4 tz l aː-1 l w aː-1 iz ɗ o-5 ŋmz v ə-5 tz k ɔ-0 nz n aː-0 iz
THA_7_NU_S0043_129,audio_data/train/THA_7_NU_S0043_129.wav,z a-0 uz s u-0 mz s w e-0 n ɨə-0 ŋz ɓ aː-2 iz,z a-0 uz s u-0 mz s w e-0 l ɨə-0 ŋz ɓ aː-2 iz
PTL_7_NU_S0008_42,audio_data/train/PTL_7_NU_S0008_42.wav,m i-1 ŋ̟z tʰ ə-4 iz k ɔ-0 nz x i-3,m i-1 ŋ̟z tʰ ə-4 iz k ɔ-0 nz x i-3
TTD_7_NAM_S0001_131,audio_data/train/TTD_7_NAM_S0001_131.wav,ɓ ə-0 iz z əː-1 t əː-4 ɗ ɔ-5 kpz ɗ w aː-5 nz m o-5 tz ɲ aː-4,ɓ ə-0 iz z əː-1 t əː-4 ɗ ɔ-5 kpz ɗ w aː-5 nz m o-5 tz ɲ aː-4
PTT_7_NU_S0041_125,audio_data/train/PTT_7_NU_S0041_125.wav,ɗ e-4 nz t əː-4 h ɔ-3 iz k ə-5 uz z ɨə-2 ɓ w o-3 iz t͡ɕ ɨə-0 h ɛ-1 iə-0 nz t i-2 ŋ̟z k ɔ-4 ɲ ɨ-2 ŋz h w aː-5 tz ɗ o-5 ŋmz ɣ i-1,ɗ e-4 nz t əː-4 h ɔ-3 iz k ə-5 uz z ɨə-2 ɓ w o-3 iz t͡ɕ ɨə-0 h ɛ-1 iə-0 nz t i-2 ŋ̟z k ɔ-4 ɲ ɨ-2 ŋz h w aː-5 tz ɗ o-5 ŋmz ɣ i-1
NHM_7_NU_S0006_84,audio_data/train/NHM_7_NU_S0006_84.wav,n ɨə-4 kz z ɔ-1 ŋmz s o-0 ŋmz k ɨ-3 uz l ɔ-0 ŋmz,n ɨə-4 kz z ɔ-1 ŋmz s o-0 ŋmz k ɨ-3 uz l ɔ-0 ŋmz
DNK_7_NU_S0048_113,audio_data/train/DNK_7_NU_S0048_113.wav,m ɔ-3 v ɛ-5 tz x w a-1 mz x w a-1 mz ɲ ɨ-0 k aː-4 iz s ɨ-1 ŋz t͡ɕ ə-0 uz v ɨə-1 z a-1 iz v ɨə-1 k ɨ-4 ŋz,m ɔ-3 v ɛ-5 tz x w a-1 mz x w a-1 mz ɲ ɨ-0 k aː-4 iz s ɨ-1 ŋz t͡ɕ ə-0 uz v ɨə-1 z a-1 iz v ɨə-1 k ɨ-4 ŋz
MK_7_NAM_S0005_34,audio_data/train/MK_7_NAM_S0005_34.wav,k w e-0 t əː-4 k ɔ-4 m ɔ-4 nz ɓ eaː-4 ŋ̟z ɗ aː-0 k e-4 z ə-4 tz ŋ ɔ-0 nz əː-0 ɗ əː-0 nz z aː-3 nz ɲ ɨ-0 ŋz m aː-1 n ɔ-4 l aː-5 iz z ə-4 tz ŋ ɔ-0 nz,k w e-0 t əː-4 k ɔ-4 m ɔ-4 nz ɓ eaː-4 ŋ̟z ɗ aː-0 k e-4 z ə-4 tz ŋ ɔ-0 nz əː-0 ɗ əː-0 nz z aː-3 nz ɲ ɨ-0 ŋz m aː-1 n ɔ-4 l aː-5 iz z ə-4 tz ŋ ɔ-0 nz
NNM_Nu_6_S00045_161,audio_data/train/NNM_Nu_6_S00045_161.wav,t iə-4 ŋz n aː-1 uz k ɔ-4 v ə-1 nz ɔ-4 pz,t iə-4 ŋz n aː-1 uz k ɔ-4 v ə-1 nz ɔ-4 pz
TTD_7_NAM_S0001_134,audio_data/train/TTD_7_NAM_S0001_134.wav,k aː-4 iz s ɨ-1 ŋz n ɔ-4 v e-0 ŋ̟z v e-0 ŋ̟z,k aː-4 iz s ɨ-1 ŋz n ɔ-4 v e-0 ŋ̟z v e-0 ŋ̟z
NDBA_7_NAM_S0010_5,audio_data/train/NDBA_7_NAM_S0010_5.wav,s ɔ-4 kpz k ɔ-0 nz v w i-1 ɲ ɨ-2 ŋz h aː-5 tz tʰ o-0 ŋmz s w o-4 ŋmz l əː-4 pz ɗ ə-4 tz m e-1 mz t͡ɕ əː-1 m ɨə-0 ɗ e-4 nz ɲ ɨ-2 ŋz k ə-0 iz tʰ o-0 ŋmz n ɔ-0 nz s ɛ-2 v ɨə-0 nz l e-0 nz,s ɔ-4 kpz k ɔ-0 nz v w i-1 ɲ ɨ-2 ŋz h aː-5 tz tʰ o-0 ŋmz s w o-4 ŋmz l əː-4 pz ɗ ə-4 tz m e-1 mz t͡ɕ əː-1 m ɨə-0 ɗ e-4 nz ɲ ɨ-2 ŋz k ə-0 iz tʰ o-0 ŋmz n ɔ-0 nz s ɛ-2 v ɨə-0 nz l e-0 nz
LXT_Nam_6_S0008_109,audio_data/train/LXT_Nam_6_S0008_109.wav,ɔ-0 ŋmz t͡ɕ aː-3 l əː-1 iz,ɔ-0 ŋmz t͡ɕ aː-3 l əː-1 iz
NT_7_NAM_S0009_29,audio_data/train/NT_7_NAM_S0009_29.wav,tʰ ə-1 nz z ɔ-4 t ɨə-5 ŋz t͡ɕ ɨ-0 ŋz t͡ɕ ɔ-0 s ɨ-4 kz m eaː-5 ŋ̟z k uə-3 tʰ iə-0 nz ɲ iə-0 nz,tʰ ə-1 nz z ɔ-4 t ɨə-5 ŋz t͡ɕ ɨ-0 ŋz t͡ɕ ɔ-0 s ɨ-4 kz m eaː-5 ŋ̟z k uə-3 tʰ iə-0 nz ɲ iə-0 nz
PTT_7_NU_S0041_34,audio_data/train/PTT_7_NU_S0041_34.wav,tʰ aː-3 uz m i-0 əː-0 iz ɓ ə-0 iz z əː-1 t͡ɕ u-4 ŋmz t aː-0 k u-1 ŋmz f aː-4 nz ɗ w aː-4 nz f ə-1 nz ɗ ɔ-5 kpz h iə-3 uz ɲ ɛ-4,tʰ aː-3 uz m i-0 əː-0 iz ɓ ə-0 iz z əː-1 t͡ɕ u-4 ŋmz t aː-0 k u-1 ŋmz f aː-4 nz ɗ w aː-4 nz f ə-1 nz ɗ ɔ-5 kpz h iə-3 uz ɲ ɛ-4
THA_Nu_6_S00042_222,audio_data/train/THA_Nu_6_S00042_222.wav,k aː-3 ɲ aː-1 v ɛ-0 t͡ɕ aː-3 k ɔ-4 ɣ i-1,k aː-3 ɲ aː-1 v ɛ-0 t͡ɕ aː-3 k ɔ-4 ɣ i-1
TTT_Nu_6_S00049_62,audio_data/train/TTT_Nu_6_S00049_62.wav,h a-2 iz ɗ i-0 ɗ i-0,h a-2 iz ɗ i-0 ɗ i-0
TPA_Nu_6_S0009_10,audio_data/train/TPA_Nu_6_S0009_10.wav,t iə-4 pz ɗ ɔ-4 l aː-5 iz k w a-0 iz s aː-0 ŋz ɣ aː-1 m aː-4 iz v aː-1 ŋz,t iə-4 pz ɗ ɔ-4 l aː-5 iz k w a-0 iz s aː-0 ŋz ɣ aː-1 m aː-4 iz v aː-1 ŋz
THA_Nu_6_S00042_184,audio_data/train/THA_Nu_6_S00042_184.wav,tʰ ə-4 iz v ə-5 iz s ɔ-4 iz l aː-1 mz ɣ i-1,tʰ ə-4 iz v ə-5 iz s ɔ-4 iz l aː-1 mz ɣ i-1
DNK_7_NU_S0048_146,audio_data/train/DNK_7_NU_S0048_146.wav,t͡ɕ ɛ-0 t͡ɕ ɛ-0 t͡ɕ əː-5 tz t ɨ-0 ŋz ɓ ɨ-1 ŋz,t͡ɕ ɛ-0 t͡ɕ ɛ-0 t͡ɕ əː-5 tz t ɨ-0 ŋz ɓ ɨ-1 ŋz
NHM_7_NU_S0006_141,audio_data/train/NHM_7_NU_S0006_141.wav,k ɔ-1 nz m i-1 ŋ̟z tʰ i-1 z ə-4 tz tʰ i-4 k̟z ɲ ə-0 nz v ə-5 tz l aː-0 ŋz l iə-0 uz z o-4 ŋmz ɲ ɨ-0 ɓ aː-5 nz,k ɔ-1 nz m i-1 ŋ̟z tʰ i-1 z ə-4 tz tʰ i-4 k̟z ɲ ə-0 nz v ə-5 tz l aː-0 ŋz l iə-0 uz z o-4 ŋmz ɲ ɨ-0 ɓ aː-5 nz
DNK_7_NU_S0048_65,audio_data/train/DNK_7_NU_S0048_65.wav,t͡ɕ aː-0 uz m i-1 ŋ̟z z u-0 ŋmz ɗ o-5 ŋmz,t͡ɕ aː-0 uz m i-1 ŋ̟z z u-0 ŋmz ɗ o-5 ŋmz
THA_Nu_6_S00042_104,audio_data/train/THA_Nu_6_S00042_104.wav,z aː-5 t͡ɕ i-3 l aː-1 t͡ɕ ɔ-4 s u-1 aː-0,z aː-5 t͡ɕ i-3 l aː-1 t͡ɕ ɔ-4 s u-1 aː-0
TPA_Nu_6_S0009_6,audio_data/train/TPA_Nu_6_S0009_6.wav,v i-1 tʰ e-4 ɣ aː-1 t͡ɕ o-4 ŋmz t͡ɕ ɔ-0 l aː-1 m i-1 ŋ̟z z ə-4 tz k w aː-0 nz t͡ɕ ɔ-5 ŋmz,v i-1 tʰ e-4 ɣ aː-1 t͡ɕ o-4 ŋmz t͡ɕ ɔ-0 l aː-1 m i-1 ŋ̟z z ə-4 tz k w aː-0 nz t͡ɕ ɔ-5 ŋmz
PTL_7_NU_S0008_34,audio_data/train/PTL_7_NU_S0008_34.wav,ɓ aː-5 nz z u-3 ɛ-0 mz t͡ɕ e-0 uz t͡ɕ ɔ-5 kpz m o-5 tz k ɔ-0 nz v ə-5 tz v ɨə-1 nz tʰ u-4,ɓ aː-5 nz z u-3 ɛ-0 mz t͡ɕ e-0 uz t͡ɕ ɔ-5 kpz m o-5 tz k ɔ-0 nz v ə-5 tz v ɨə-1 nz tʰ u-4
NHM_7_NU_S0006_64,audio_data/train/NHM_7_NU_S0006_64.wav,n ɨə-4 kz t͡ɕ ɔ-0 ŋmz aː-0 uz h o-1 t͡ɕ ɔ-0 ŋmz ɗ o-1 ŋmz z w o-5 ŋmz k uə-3 m uə-1 m ɨə-0 h w aː-1 l ə-2 nz v əː-4 iz n ɨə-4 kz z ɔ-1 ŋmz s o-0 ŋmz k ɨ-3 uz l ɔ-0 ŋmz,n ɨə-4 kz t͡ɕ ɔ-0 ŋmz aː-0 uz h o-1 t͡ɕ ɔ-0 ŋmz ɗ o-1 ŋmz z w o-5 ŋmz k uə-3 m uə-1 m ɨə-0 h w aː-1 l ə-2 nz v əː-4 iz n ɨə-4 kz z ɔ-1 ŋmz s o-0 ŋmz k ɨ-3 uz l ɔ-0 ŋmz
MK_7_NAM_S0005_12,audio_data/train/MK_7_NAM_S0005_12.wav,v ɨə-1 nz s a-0 uz ɣ aː-1 ɓ əː-4 iz z u-0 nz l e-0 nz,v ɨə-1 nz s a-0 uz ɣ aː-1 ɓ əː-4 iz z u-0 nz l e-0 nz
VTA_Nam_6_S0002_17,audio_data/train/VTA_Nam_6_S0002_17.wav,tʰ ɔ-3 t͡ɕ a-4 ŋz x w ɛ-0 v əː-4 iz k aː-4 kz ɓ aː-5 nz,tʰ ɔ-3 t͡ɕ a-4 ŋz x w ɛ-0 v əː-4 iz k aː-4 kz ɓ aː-5 nz
DNK_7_NU_S0048_24,audio_data/train/DNK_7_NU_S0048_24.wav,z a-0 uz s u-0 mz s w e-0 n ɨə-0 ŋz ɓ aː-2 iz,z a-0 uz s u-0 mz s w e-0 n ɨə-0 ŋz m aː-2 iz
PTL_7_NU_S0008_11,audio_data/train/PTL_7_NU_S0008_11.wav,ɲ ɨ-0 ŋz x o-0 ŋmz f aː-3 iz k ɔ-0 nz v ə-5 tz ɲ ɔ-3 n aː-1 uz k u-2 ŋmz ɗ ɨə-5 kz ɓ e-4,ɲ ɨ-0 ŋz x o-0 ŋmz f aː-3 iz k ɔ-0 nz v ə-5 tz ɲ ɔ-3 n aː-1 uz k u-2 ŋmz ɗ ɨə-5 kz ɓ e-4
HYT_Nu_6_S0005_46,audio_data/train/HYT_Nu_6_S0005_46.wav,ɗ ɔ-4 l aː-1 k ɔ-0 nz m ɛ-1 uz,ɗ ɔ-4 l aː-1 k ɔ-0 nz m ɛ-1 uz
PC_7_NAM_S0004_135,audio_data/train/PC_7_NAM_S0004_135.wav,v ə-5 iz tʰ i-1 əː-0 t͡ɕ ɨə-1 ŋz k ə-5 uz tʰ ɨə-1 ŋz l aː-1 mz ɣ i-1 x i-0 ɗ ɨə-5 kz z aː-0 t͡ɕ əː-0 iz,v ə-5 iz tʰ i-1 əː-0 t͡ɕ ɨə-1 ŋz k ə-5 uz tʰ ɨə-1 ŋz l aː-1 mz ɣ i-1 x i-0 ɗ ɨə-5 kz z aː-0 t͡ɕ əː-0 iz
THA_Nu_6_S0001_3,audio_data/train/THA_Nu_6_S0001_3.wav,tʰ e-4 ɓ ə-0 iz z əː-1 k ə-5 uz ɗ ɔ-5 kpz t͡ɕ ɔ-0 t əː-4 ŋ ɛ-0 ɗ i-0,tʰ e-4 ɓ ə-0 iz z əː-1 k ə-5 uz ɗ ɔ-5 kpz t͡ɕ ɔ-0 t əː-4 ŋ ɛ-0 ɗ i-0
TTD_7_NAM_S0001_92,audio_data/train/TTD_7_NAM_S0001_92.wav,k w aː-0 nz s aː-4 tz t͡ɕ eaː-0 ŋ̟z eaː-3 ŋ̟z v aː-1 ɣ i-0 l aː-5 iz k e-4 tz k w aː-3 k w aː-0 nz s aː-4 tz,k w aː-0 nz s aː-4 tz t͡ɕ eaː-0 ŋ̟z eaː-3 ŋ̟z v aː-1 ɣ i-0 l aː-5 iz k e-4 tz k w aː-3 k w aː-0 nz s aː-4 tz
LXT_Nam_6_S0008_91,audio_data/train/LXT_Nam_6_S0008_91.wav,ɣ a-5 pz k ɔ-0 nz ɔ-0 ŋmz,ɣ a-5 pz k ɔ-0 nz ɔ-0 ŋmz
PTL_7_NU_S0008_126,audio_data/train/PTL_7_NU_S0008_126.wav,k ə-5 uz x o-0 ŋmz n e-0 nz z u-3 eaː-0 ŋ̟z t͡ɕ i-5 ɛ-0 mz t͡ɕ əː-0 iz t͡ɕ ɔ-1 t͡ɕ əː-0 iz l ɛ-4 mz tʰ u-4 ɓ o-0 ŋmz t͡ɕ ɔ-0 ŋmz ɲ aː-1,k ə-5 uz x o-0 ŋmz l e-0 nz z u-3 eaː-0 ŋ̟z t͡ɕ i-5 ɛ-0 mz t͡ɕ əː-0 iz t͡ɕ ɔ-1 t͡ɕ əː-0 iz n ɛ-4 mz tʰ u-4 ɓ o-0 ŋmz t͡ɕ ɔ-0 ŋmz ɲ aː-1
NMA_7_NU_S0002_10,audio_data/train/NMA_7_NU_S0002_10.wav,k aː-0 uz k o-3 k aː-0 uz k o-3 v e-1 t͡ɕ iə-1 uz k aː-0 uz,k aː-0 uz k o-3 k aː-0 uz k o-3 v e-1 t͡ɕ iə-1 uz k aː-0 uz
NTM_Nam_6_S00010_8,audio_data/train/NTM_Nam_6_S00010_8.wav,k ɔ-4 n o-1 iz k əː-0 mz n e-4 pz,k ɔ-4 n o-1 iz k əː-0 mz n e-4 pz
TPA_Nu_6_S0009_9,audio_data/train/TPA_Nu_6_S0009_9.wav,k o-0 z ɔ-5 nz k aː-4 iz z aː-4 kz n a-1 iz ɗ i-0,k o-0 z ɔ-5 nz k aː-4 iz z aː-4 kz n a-1 iz ɗ i-0
NDBA_7_NAM_S0010_121,audio_data/train/NDBA_7_NAM_S0010_121.wav,m o-5 tz l aː-4 tz s a-0 uz ŋ aː-1 iz ɗ w aː-1 nz s ɛ-0 ŋ ɨə-5 k uə-3 ɲ aː-1 v uə-0 ɗ i-0 ɗ e-4 nz k uə-3 t w aː-1 l ə-0 uz ɗ aː-1 iz,m o-5 tz l aː-4 tz s a-0 uz ŋ aː-1 iz ɗ w aː-1 nz s ɛ-0 ŋ ɨə-5 k uə-3 ɲ aː-1 v uə-0 ɗ i-0 ɗ e-4 nz k uə-3 t w aː-1 l ə-0 uz ɗ aː-1 iz
TTD_7_NAM_S0001_126,audio_data/train/TTD_7_NAM_S0001_126.wav,ɲ ɨ-0 ŋz ɗ ə-4 iz x o-0 ŋmz f aː-3 iz eaː-0 ŋ̟z t͡ɕ i-5 ɗ ɛ-3 k uə-3 t əː-4 m aː-1 l aː-1 eaː-0 ŋ̟z t͡ɕ i-5 h ɔ-5 k uə-3 t əː-4,ɲ ɨ-0 ŋz ɗ ə-4 iz x o-0 ŋmz f aː-3 iz eaː-0 ŋ̟z t͡ɕ i-5 ɗ ɛ-3 k uə-3 t əː-4 m aː-1 l aː-1 eaː-0 ŋ̟z t͡ɕ i-5 h ɔ-5 k uə-3 t əː-4
MK_7_NU_S0007_44,audio_data/train/MK_7_NU_S0007_44.wav,ɗ ɔ-4 l aː-1 ɲ ɨ-2 ŋz m uə-1 n aː-1 uz,ɗ ɔ-4 l aː-1 ɲ ɨ-2 ŋz m uə-1 n aː-1 uz
NMA_7_NU_S0002_170,audio_data/train/NMA_7_NU_S0002_170.wav,n ɔ-4 iz v e-1 m o-5 tz h i-1 ŋ̟z eaː-3 ŋ̟z m aː-1 ɛ-0 mz tʰ i-4 k̟z t͡ɕ ɔ-0 ŋmz ɓ aː-1 iz tʰ əː-0,n ɔ-4 iz v e-1 m o-5 tz h i-1 ŋ̟z eaː-3 ŋ̟z m aː-1 ɛ-0 mz tʰ i-4 k̟z t͡ɕ ɔ-0 ŋmz ɓ aː-1 iz tʰ əː-0
PTT_7_NU_S0041_3,audio_data/train/PTT_7_NU_S0041_3.wav,t͡ɕ w iə-5 nz ɓ o-4 nz m uə-1,t͡ɕ w iə-5 nz ɓ o-4 nz m uə-1
TTD_7_NAM_S0001_32,audio_data/train/TTD_7_NAM_S0001_32.wav,ɓ aː-5 nz z iə-1 uz ɓ aː-5 nz k w aː-5,ɓ aː-5 nz z iə-1 uz ɓ aː-5 nz k w aː-5
NDBA_7_NAM_S0010_55,audio_data/train/NDBA_7_NAM_S0010_55.wav,k ɔ-0 nz k aː-4 h ɛ-0 uz k ɔ-4 tʰ e-3 k ɨ-4 uz ŋ ɨə-1 iz,k ɔ-0 nz k aː-4 h ɛ-0 uz k ɔ-4 tʰ e-3 k ɨ-4 uz ŋ ɨə-1 iz
TPA_Nu_6_S0009_209,audio_data/train/TPA_Nu_6_S0009_209.wav,ɲ ɨ-0 ŋz ɛ-0 mz ɗ aː-2 ɗ o-4 iz s ɨ-3 t e-5 v əː-4 iz t͡ɕ aː-1 ŋz x i-0 t͡ɕ aː-1 ŋz k ɔ-1 nz l aː-1 e-4 k̟z,ɲ ɨ-0 ŋz ɛ-0 mz ɗ aː-2 ɗ o-4 iz s ɨ-3 t e-5 v əː-4 iz t͡ɕ aː-1 ŋz x i-0 t͡ɕ aː-1 ŋz k ɔ-1 nz l aː-1 e-4 k̟z
PTT_7_NU_S0041_143,audio_data/train/PTT_7_NU_S0041_143.wav,t͡ɕ ɔ-5 nz i-0 ɗ u-4 ŋmz,t͡ɕ ɔ-5 nz i-0 ɗ u-4 ŋmz
LDMT_Nam_6_S00047_3,audio_data/train/LDMT_Nam_6_S00047_3.wav,z ɛ-4 pz ɗ ɛ-5 pz k w aː-4 x i-0 t͡ɕ i-0 ɗ i-0 z ɛ-4 pz k ɨ-4 t͡ɕ i-4 pz t͡ɕ i-4 pz t͡ɕ i-4 pz t͡ɕ i-4 pz,z ɛ-4 pz ɗ ɛ-5 pz k w aː-4 x i-0 t͡ɕ i-0 ɗ i-0 z ɛ-4 pz k ɨ-4 t͡ɕ i-4 pz t͡ɕ i-4 pz t͡ɕ i-4 pz t͡ɕ i-4 pz
DNK_7_NU_S0048_311,audio_data/train/DNK_7_NU_S0048_311.wav,k ɔ-1 nz k ə-5 uz k ə-5 uz m w o-4 nz n ɔ-4 iz ɣ i-1,k ɔ-1 nz k ə-5 uz k ə-5 uz m w o-4 nz n ɔ-4 iz ɣ i-1
PTL_7_NU_S0008_29,audio_data/train/PTL_7_NU_S0008_29.wav,m ɛ-1 uz k ɔ-0 nz ɣ i-1,m ɛ-1 uz k ɔ-0 nz ɣ i-1
MK_7_NU_S0007_20,audio_data/train/MK_7_NU_S0007_20.wav,tʰ e-4 ɓ ə-0 iz z əː-1 m i-1 ŋ̟z ɓ ə-0 iz z əː-1 t əː-4 v əː-4 iz k ə-5 uz l aː-5 iz ɗ ɔ-5 kpz tʰ e-0 mz m o-5 tz ɓ aː-1 iz n ɨə-2 ɲ ɛ-4,tʰ e-4 ɓ ə-0 iz z əː-1 m i-1 ŋ̟z ɓ ə-0 iz z əː-1 t əː-4 v əː-4 iz k ə-5 uz l aː-5 iz ɗ ɔ-5 kpz tʰ e-0 mz m o-5 tz ɓ aː-1 iz n ɨə-2 ɲ ɛ-4
HYT_Nu_6_S0005_14,audio_data/train/HYT_Nu_6_S0005_14.wav,t͡ɕ w o-5 tz u-4 tz h aː-0 iz,t͡ɕ w o-5 tz u-4 tz h aː-0 iz
TTD_7_NAM_S0001_50,audio_data/train/TTD_7_NAM_S0001_50.wav,ɓ o-4 t əː-4 n w o-0 iz ɲ iə-1 uz m ɛ-1 uz l a-4 mz x w aː-3 ŋz t ə-1 mz ɓ o-4 nz k ɔ-0 nz k əː-0,ɓ o-4 t əː-4 n w o-0 iz ɲ iə-1 uz m ɛ-1 uz l a-4 mz x w aː-3 ŋz t ə-1 mz ɓ o-4 nz k ɔ-0 nz k əː-0
CNBA_Nu_6_S0003_40,audio_data/train/CNBA_Nu_6_S0003_40.wav,k o-0 ŋmz t͡ɕ uə-4 ŋ ə-1 nz ŋ aː-5 iz,k o-0 ŋmz t͡ɕ uə-4 ŋ ə-1 nz ŋ aː-5 iz
TTT_Nu_6_S00049_38,audio_data/train/TTT_Nu_6_S00049_38.wav,k aː-3 mz əː-0 nz ɓ aː-5 nz,k aː-3 mz əː-0 nz ɓ aː-5 nz
NNM_Nu_6_S00045_37,audio_data/train/NNM_Nu_6_S00045_37.wav,ɗ u-4 ŋmz z o-1 iz ɓ aː-5 nz z ɔ-3 iz k w aː-4,ɗ u-4 ŋmz z o-1 iz ɓ aː-5 nz z ɔ-3 iz k w aː-4
VTA_Nam_6_S0002_15,audio_data/train/VTA_Nam_6_S0002_15.wav,ɗ e-3 t əː-4 ɗ ɔ-5 kpz l aː-5 iz ɲ ɛ-4,ɗ e-3 t əː-4 ɗ ɔ-5 kpz l aː-5 iz ɲ ɛ-4
TTD_7_NAM_S0001_45,audio_data/train/TTD_7_NAM_S0001_45.wav,l i-4 uz z i-4 uz t͡ɕ a-5 iz t͡ɕ a-5 iz ɲ ɨ-0 z i-4 ŋ̟z t͡ɕ ə-0 nz v aː-1 uz ɲ a-0 uz,l i-4 uz z i-4 uz t͡ɕ a-5 iz t͡ɕ a-5 iz ɲ ɨ-0 z i-4 ŋ̟z t͡ɕ ə-0 nz v aː-1 uz ɲ a-0 uz
PTL_7_NU_S0008_140,audio_data/train/PTL_7_NU_S0008_140.wav,k ɔ-0 nz ɣ i-1 ɗ w o-0 iz ŋ a-4 nz t aː-0 iz z aː-1 iz,k ɔ-0 nz ɣ i-1 ɗ w o-0 iz ŋ a-4 nz t aː-0 iz z aː-1 iz
CNBA_Nu_6_S0003_152,audio_data/train/CNBA_Nu_6_S0003_152.wav,k aː-4 m a-0 ŋz ɓ ɛ-1 nz ɲ o-0 l e-0 nz ɓ aː-4 mz t͡ɕ a-5 tz tʰ ə-0 nz t͡ɕ e-0 nz k aː-4 m ə-5 pz,k aː-4 m a-0 ŋz ɓ ɛ-1 nz ɲ o-0 l e-0 nz ɓ aː-4 mz t͡ɕ a-5 tz tʰ ə-0 nz t͡ɕ e-0 nz k aː-4 m ə-5 pz
TPA_Nu_6_S0009_45,audio_data/train/TPA_Nu_6_S0009_45.wav,ɲ i-1 nz ɓ aː-4 kz t͡ɕ ɔ-4 ɗ aː-0 ŋz ŋ e-4 k̟z m ɔ-2 mz n a-1 mz z aː-1 iz t͡ɕ e-0 nz s ə-0 nz t a-4 mz n a-4 ŋz t͡ɕ u-4 ɓ ɛ-1 nz l aː-5 iz ɣ ə-1 nz l a-0 iz l a-0 iz,ɲ i-1 nz ɓ aː-4 kz t͡ɕ ɔ-4 ɗ aː-0 ŋz ŋ e-4 k̟z m ɔ-2 mz n a-1 mz z aː-1 iz t͡ɕ e-0 nz s ə-0 nz t a-4 mz n a-4 ŋz t͡ɕ u-4 ɓ ɛ-1 nz l aː-5 iz ɣ ə-1 nz l a-0 iz l a-0 iz
TPA_Nu_6_S0009_20,audio_data/train/TPA_Nu_6_S0009_20.wav,k o-0 z ɔ-5 nz k aː-4 iz z aː-4 kz n a-1 iz ɗ i-0,k o-0 z ɔ-5 nz k aː-4 iz z aː-4 kz n a-1 iz ɗ i-0
TTD_7_NAM_S0001_164,audio_data/train/TTD_7_NAM_S0001_164.wav,ɗ ə-0 iz l aː-1 f ə-1 nz l w iə-5 nz t ə-5 pz,ɗ ə-0 iz l aː-1 f ə-1 nz l w iə-5 nz t ə-5 pz
PC_7_NAM_S0004_13,audio_data/train/PC_7_NAM_S0004_13.wav,ɗ o-2 s w o-4 ŋmz k eaː-1 ŋ̟z m e-1 mz,ɗ o-2 s w o-4 ŋmz k eaː-1 ŋ̟z m e-1 mz
DNK_7_NU_S0048_198,audio_data/train/DNK_7_NU_S0048_198.wav,v aː-1 t͡ɕ o-0 nz k ə-4 tz tʰ ə-5 tz l ɔ-0 ŋmz t͡ɕ ɔ-5 ŋmz,v aː-1 t͡ɕ o-0 nz k ə-4 tz tʰ ə-5 tz l ɔ-0 ŋmz t͡ɕ ɔ-5 ŋmz
TTD_7_NAM_S0001_129,audio_data/train/TTD_7_NAM_S0001_129.wav,k ɔ-1 nz h aː-0 iz h aː-0 iz eaː-0 ŋ̟z t͡ɕ i-5 ɗ ə-4 iz tʰ i-1 t͡ɕ i-5 k uə-3 t əː-4 h ɔ-5 kpz l əː-4 pz n a-0 mz k ɔ-1 nz eaː-0 ŋ̟z k uə-3 t əː-4 tʰ i-1 h ɔ-5 kpz k ə-4 pz h aː-0 iz,k ɔ-1 nz h aː-0 iz h aː-0 iz eaː-0 ŋ̟z t͡ɕ i-5 ɗ ə-4 iz tʰ i-1 t͡ɕ i-5 k uə-3 t əː-4 h ɔ-5 kpz l əː-4 pz n a-0 mz k ɔ-1 nz eaː-0 ŋ̟z k uə-3 t əː-4 tʰ i-1 h ɔ-5 kpz k ə-4 pz h aː-0 iz
VTA_Nam_6_S0002_18,audio_data/train/VTA_Nam_6_S0002_18.wav,t əː-4 ɓ iə-4 tz ɓ a-0 iz,t əː-4 ɓ iə-4 tz ɓ a-0 iz
TTD_7_NAM_S0001_97,audio_data/train/TTD_7_NAM_S0001_97.wav,k ə-5 uz f aː-3 iz s ɨə-3 k aː-4 iz t ɨ-1 t ɔ-0 tʰ eaː-1 ŋ̟z k aː-4 iz t ɨ-1 n ɔ-4 z ə-4 tz n ɔ-4 z ə-4 tz ɗ aː-4 ŋz iə-0 uz ə-4 iz,k ə-5 uz f aː-3 iz s ɨə-3 k aː-4 iz t ɨ-1 t ɔ-0 tʰ eaː-1 ŋ̟z k aː-4 iz t ɨ-1 n ɔ-4 z ə-4 tz n ɔ-4 z ə-4 tz ɗ aː-4 ŋz iə-0 uz ə-4 iz
NMA_7_NU_S0002_270,audio_data/train/NMA_7_NU_S0002_270.wav,m ɔ-5 iz ŋ ɨə-1 iz w aː-1 t əː-4 iz,m ɔ-5 iz ŋ ɨə-1 iz w aː-1 t əː-4 iz
THA_Nu_6_S00042_108,audio_data/train/THA_Nu_6_S00042_108.wav,l u-2 ɣ aː-1 l u-2 ɣ aː-1 ŋ əː-2 s ɨ-0 t ɨ-3 l aː-1 t͡ɕ ɔ-4 s u-1,l u-2 ɣ aː-1 l u-2 ɣ aː-1 ŋ əː-2 s ɨ-0 t ɨ-3 l aː-1 t͡ɕ ɔ-4 s u-1
DNK_7_NU_S0048_93,audio_data/train/DNK_7_NU_S0048_93.wav,k ɔ-4 ɲ ɨ-2 ŋz l w aː-1 iz t͡ɕ i-0 mz ɗ aː-5 iz ɓ aː-1 ŋz tʰ iə-0 nz ŋ aː-0 t͡ɕ i-0 mz k əː-0 p u-4 kpz,k ɔ-4 ɲ ɨ-2 ŋz l w aː-1 iz t͡ɕ i-0 mz ɗ aː-5 iz ɓ aː-1 ŋz tʰ iə-0 nz ŋ aː-0 t͡ɕ i-0 mz k əː-0 p u-4 kpz
PTT_7_NU_S0041_2,audio_data/train/PTT_7_NU_S0041_2.wav,t əː-4 s ɛ-2 ɗ ɔ-5 kpz ɗ w aː-5 nz t əː-4 s ɛ-2 ɗ ɔ-5 kpz ɗ w aː-5 nz ɗ ə-1 uz t iə-0 nz,t əː-4 s ɛ-2 ɗ ɔ-5 kpz ɗ w aː-5 nz t əː-4 s ɛ-2 ɗ ɔ-5 kpz ɗ w aː-5 nz ɗ ə-1 uz t iə-0 nz
THA_Nu_6_S00042_22,audio_data/train/THA_Nu_6_S00042_22.wav,ɣ o-2 k ə-5 uz z ɔ-3 iz k w aː-4 t əː-4 x ɛ-0 nz k ə-5 uz,ɣ o-2 k ə-5 uz z ɔ-3 iz k w aː-4 t əː-4 x ɛ-0 nz k ə-5 uz
NDBA_7_NAM_S0010_60,audio_data/train/NDBA_7_NAM_S0010_60.wav,ɓ aː-4 kz tʰ əː-5 s a-0 iz z aː-1 k ɔ-4 ɓ aː-0 ŋ ɨə-1 iz k ɔ-0 nz t͡ɕ aː-0 iz,ɓ aː-4 kz tʰ əː-5 s a-0 iz z aː-1 k ɔ-4 ɓ aː-0 ŋ ɨə-1 iz k ɔ-0 nz t͡ɕ aː-0 iz
CNBA_Nu_6_S0003_47,audio_data/train/CNBA_Nu_6_S0003_47.wav,t əː-4 v əː-4 iz k ə-5 uz ɗ ɔ-5 kpz t iə-4 pz ɗ i-0,t əː-4 v əː-4 iz k ə-5 uz ɗ ɔ-5 kpz t iə-4 pz ɗ i-0
DNK_7_NU_S0048_243,audio_data/train/DNK_7_NU_S0048_243.wav,h a-2 iz ɗ e-3 n ɔ-4 t ɨ-5 z ɔ-0,h a-2 iz ɗ e-3 n ɔ-4 t ɨ-5 z ɔ-0
NHM_7_NU_S0006_2,audio_data/train/NHM_7_NU_S0006_2.wav,m i-1 ŋ̟z ɗ ɔ-5 kpz ɗ w aː-5 nz m o-5 tz ɓ aː-5 nz ɗ ɔ-5 kpz ɗ w aː-5 nz h aː-0 iz z o-1 iz m i-1 ŋ̟z l aː-5 iz ɗ ɔ-5 kpz ɗ w aː-5 nz ɓ aː-0 ɓ aː-5 nz ɗ ɔ-5 kpz ɗ w aː-5 nz ɓ o-4 nz z o-1 iz k ɨ-4 ɲ ɨ-0 tʰ e-4 ɲ ɛ-4,m i-1 ŋ̟z ɗ ɔ-5 kpz ɗ w aː-5 nz m o-5 tz ɓ aː-5 nz ɗ ɔ-5 kpz ɗ w aː-5 nz h aː-0 iz z o-1 iz m i-1 ŋ̟z l aː-5 iz ɗ ɔ-5 kpz ɗ w aː-5 nz ɓ aː-0 ɓ aː-5 nz ɗ ɔ-5 kpz ɗ w aː-5 nz ɓ o-4 nz z o-1 iz k ɨ-4 ɲ ɨ-0 tʰ e-4 ɲ ɛ-4
NHM_7_NU_S0006_150,audio_data/train/NHM_7_NU_S0006_150.wav,h aː-0 iz ŋ ɨə-1 iz eaː-0 ŋ̟z z eaː-1 ŋ̟z ɗ ɨə-5 kz t͡ɕ iə-4 kz k o-4 iz s a-0 iz v aː-1 k ɔ-0 nz l ɨə-1,h aː-0 iz ŋ ɨə-1 iz eaː-0 ŋ̟z z eaː-1 ŋ̟z ɗ ɨə-5 kz t͡ɕ iə-4 kz k o-4 iz s a-0 iz v aː-1 k ɔ-0 nz l ɨə-1
PTT_7_NU_S0041_82,audio_data/train/PTT_7_NU_S0041_82.wav,ɓ ɔ-1 əː-0 iz ɓ ɔ-1 ŋ i-3,ɓ ɔ-1 əː-0 iz ɓ ɔ-1 ŋ i-3
PTL_7_NU_S0008_175,audio_data/train/PTL_7_NU_S0008_175.wav,k aː-4 s ə-4 uz k ɔ-4 h aː-1 mz z a-0 ŋz s a-4 kz ɲ ɔ-5 nz ɲ ɨ-0 ŋz ɓ e-4 k ɔ-0 nz k u-2 ŋmz z ə-4 tz x ɛ-4 uz,k aː-4 s ə-4 uz k ɔ-4 h aː-1 mz z a-0 ŋz s a-4 kz ɲ ɔ-5 nz ɲ ɨ-0 ŋz ɓ e-4 k ɔ-0 nz k u-2 ŋmz z ə-4 tz x ɛ-4 uz
LXT_Nam_6_S0008_21,audio_data/train/LXT_Nam_6_S0008_21.wav,t͡ɕ u-4 z aː-0 l e-5 ŋ̟z t͡ɕ ɔ-0 ɣ aː-1 m aː-4 iz m əː-0,t͡ɕ u-4 z aː-0 l e-5 ŋ̟z t͡ɕ ɔ-0 ɣ aː-1 m aː-4 iz m əː-0
NHM_7_NU_S0006_147,audio_data/train/NHM_7_NU_S0006_147.wav,m o-5 tz ɓ aː-4 kz tʰ əː-5 s a-0 iz z aː-1 k ɔ-4 ɓ aː-0 ŋ ɨə-1 iz k ɔ-0 nz,m o-5 tz ɓ aː-4 kz tʰ əː-5 s a-0 iz z aː-1 k ɔ-4 ɓ aː-0 ŋ ɨə-1 iz k ɔ-0 nz
HYT_Nu_6_S0005_35,audio_data/train/HYT_Nu_6_S0005_35.wav,n ɔ-4 n a-1 mz tʰ u-0 l u-0 t͡ɕ e-0 nz s ə-0 nz,n ɔ-4 n a-1 mz tʰ u-0 l u-0 t͡ɕ e-0 nz s ə-0 nz
THA_Nu_6_S0001_18,audio_data/train/THA_Nu_6_S0001_18.wav,k ɔ-4 ɣ aː-4 uz m u-4 kpz n ɨə-4 kz,k ɔ-4 ɣ aː-4 uz m u-4 tz n ɨə-4 kz
GQM_Nam_6_S0006_8,audio_data/train/GQM_Nam_6_S0006_8.wav,k ɔ-0 nz s əː-5 k w aː-4,k ɔ-0 nz s əː-5 k w aː-4
NDBA_7_NAM_S0010_148,audio_data/train/NDBA_7_NAM_S0010_148.wav,aː-0 iz k u-2 ŋmz m w o-4 nz t i-1 mz ɗ ɨə-5 kz m ɔ-4 nz ŋ ɔ-0 nz ɲ ə-4 tz l aː-5 ɲ ə-4 tz k w i-4 ɲ ə-4 tz ɗ e-3 ɗ ɨə-5 kz v uə-0 ɓ aː-0 nz tʰ ɨə-3 ŋz t͡ɕ ɔ-0 ɲ ɨə-1 ŋz ŋ o-0 iz,aː-0 iz k u-2 ŋmz m w o-4 nz t i-1 mz ɗ ɨə-5 kz m ɔ-4 nz ŋ ɔ-0 nz ɲ ə-4 tz l aː-5 ɲ ə-4 tz k w i-4 ɲ ə-4 tz ɗ e-3 ɗ ɨə-5 kz v uə-0 ɓ aː-0 nz tʰ ɨə-3 ŋz t͡ɕ ɔ-0 ɲ ɨə-1 ŋz ŋ o-0 iz
NHM_7_NU_S0006_158,audio_data/train/NHM_7_NU_S0006_158.wav,k ə-5 uz əː-0 iz k ə-5 uz z iə-4 tz t o-0 iz l aː-1 mz ɣ i-1,k ə-5 uz əː-0 iz k ə-5 uz z iə-4 tz t o-0 iz l aː-1 mz ɣ i-1
DNK_7_NU_S0048_21,audio_data/train/DNK_7_NU_S0048_21.wav,l ɨə-5 nz ɓ a-0 iz ɲ ɨ-0 z ə-2 nz l o-4 iz,l ɨə-5 nz ɓ a-0 iz ɲ ɨ-0 z ə-2 nz l o-4 iz
NT_7_NAM_S0009_30,audio_data/train/NT_7_NAM_S0009_30.wav,t əː-4 h ɔ-3 iz k ə-5 uz t͡ɕ i-0 t iə-4 tz n aː-1 uz n ɔ-4 iz l e-0 nz s ɨ-4 kz m eaː-5 ŋ̟z k uə-3 k ɔ-0 nz ŋ ɨə-1 iz,t əː-4 h ɔ-3 iz k ə-5 uz t͡ɕ i-0 t iə-4 tz n aː-1 uz n ɔ-4 iz l e-0 nz s ɨ-4 kz m eaː-5 ŋ̟z k uə-3 k ɔ-0 nz ŋ ɨə-1 iz
LDMT_Nam_6_S00047_14,audio_data/train/LDMT_Nam_6_S00047_14.wav,o-0 z ɛ-4 pz k uə-3 ɛ-0 mz əː-0 əː-0 ɣ ə-1 mz ɣ e-4 k iə-0 k iə-1,o-0 z ɛ-4 pz k uə-3 ɛ-0 mz əː-0 əː-0 ɣ ə-1 mz ɣ e-4 k iə-0 k iə-1
THA_7_NU_S0043_46,audio_data/train/THA_7_NU_S0043_46.wav,ɗ aː-2 h aː-0 iz l ə-1 nz ɓ aː-4 kz ɣ ɨ-3 iz t a-5 ŋz h w i-0 h iə-5 uz k uə-3 ŋ ɨə-1 iz t͡ɕ ɔ-0 k ə-5 uz h ɔ-5 kpz t͡ɕ ɔ-1 z u-2 ŋmz k aː-3 mz z aː-1 ŋz ŋ i-5 l ɨ-5 kz ə-4 iz,ɗ aː-2 h aː-0 iz l ə-1 nz ɓ aː-4 kz ɣ ɨ-3 iz t a-5 ŋz h w i-0 h iə-5 uz k uə-3 ŋ ɨə-1 iz t͡ɕ ɔ-0 k ə-5 uz h ɔ-5 kpz t͡ɕ ɔ-1 z u-2 ŋmz k aː-3 mz z aː-1 ŋz ŋ i-5 l ɨ-5 kz ə-4 iz
PTT_7_NU_S0041_32,audio_data/train/PTT_7_NU_S0041_32.wav,ɗ ə-0 mz t͡ɕ o-1 iz n a-3 iz l o-5 kpz l aː-1 m ɔ-5 kpz z aː-0 t ɨ-1 m ə-1 mz n ɔ-0 nz l aː-4 n ɔ-0 nz,ɗ ə-0 mz t͡ɕ o-1 iz n a-3 iz l o-5 kpz l aː-1 m ɔ-5 kpz z aː-0 t ɨ-1 m ə-1 mz n ɔ-0 nz l aː-4 n ɔ-0 nz
DNK_7_NU_S0048_228,audio_data/train/DNK_7_NU_S0048_228.wav,ɓ o-0 ŋmz k u-4 kpz t͡ɕ w iə-5 nz t͡ɕ i-0 mz s əː-0 nz k aː-0 v aː-1 ɓ o-0 ŋmz k u-4 kpz t͡ɕ a-4 ŋz,ɓ o-0 ŋmz k u-4 kpz t͡ɕ w iə-5 nz t͡ɕ i-0 mz s əː-0 nz k aː-0 v aː-1 ɓ o-0 ŋmz k u-4 kpz t͡ɕ a-4 ŋz
NHM_7_NU_S0006_182,audio_data/train/NHM_7_NU_S0006_182.wav,m ɛ-1 uz l ə-4 iz ŋ a-0 iz k w ə-1 nz aː-4 uz m aː-0 ŋz z ə-4 uz m o-5 tz t͡ɕ o-2 z o-1 iz h ɛ-4 tz tʰ o-4 ŋmz tʰ iə-4 tz,m ɛ-1 uz l ə-4 iz ŋ a-0 iz k w ə-1 nz aː-4 uz m aː-0 ŋz z ə-4 uz m o-5 tz t͡ɕ o-2 z o-1 iz h ɛ-4 tz tʰ o-4 ŋmz tʰ iə-4 tz
NMA_7_NU_S0002_37,audio_data/train/NMA_7_NU_S0002_37.wav,ə-0 iz m o-2 iz x o-3 tʰ əː-0 n ɔ-4 iz v e-1 ɲ ɨ-2 ŋz ɓ o-5 f ə-5 nz n aː-1 uz k uə-3 k ɔ-0 nz v ɔ-0 iz,ə-0 iz m o-2 iz x o-3 tʰ əː-0 n ɔ-4 iz v e-1 ɲ ɨ-2 ŋz ɓ o-5 f ə-5 nz n aː-1 uz k uə-3 k ɔ-0 nz v ɔ-0 iz
TTD_7_NAM_S0001_4,audio_data/train/TTD_7_NAM_S0001_4.wav,z o-1 iz ɓ ə-0 iz z əː-1 t əː-4 h ɔ-3 iz k ə-5 uz t iə-4 pz n a-1 iz ɗ aː-1 nz ɣ aː-1 m ɛ-5 v aː-1 ɣ aː-1 k ɔ-0 nz ɲ ɨ-0 n aː-1 uz,z o-1 iz ɓ ə-0 iz z əː-1 t əː-4 h ɔ-3 iz k ə-5 uz t iə-4 pz n a-1 iz ɗ aː-1 nz ɣ aː-1 m ɛ-5 v aː-1 ɣ aː-1 k ɔ-0 nz ɲ ɨ-0 n aː-1 uz
NDBA_7_NAM_S0010_201,audio_data/train/NDBA_7_NAM_S0010_201.wav,k ɔ-4 ɗ w o-0 iz l aː-1 mz ɗ o-1 t͡ɕ əː-0 iz,k ɔ-4 ɗ w o-0 iz l aː-1 mz ɗ o-1 t͡ɕ əː-0 iz
PC_7_NAM_S0004_107,audio_data/train/PC_7_NAM_S0004_107.wav,ɓ əː-3 iz l w aː-1 iz h w aː-0 h o-1 ŋmz k ɔ-4 m o-5 tz k aː-4 iz h w aː-0 z ə-4 tz ɗ ɛ-5 pz,ɓ əː-3 iz l w aː-1 iz h w aː-0 h o-1 ŋmz k ɔ-4 m o-5 tz k aː-4 iz h w aː-0 z ə-4 tz ɗ ɛ-5 pz
DNK_7_NU_S0048_274,audio_data/train/DNK_7_NU_S0048_274.wav,h aː-0 iz k ə-5 uz ɓ ɛ-4 ɗ a-5 tz k ɔ-0 nz t͡ɕ i-0 mz v aː-1 uz m o-5 tz t͡ɕ iə-4 kz h o-5 pz z ə-4 tz ɗ ɛ-5 pz,h aː-0 iz k ə-5 uz ɓ ɛ-4 ɗ a-5 tz k ɔ-0 nz t͡ɕ i-0 mz v aː-1 uz m o-5 tz t͡ɕ iə-4 kz h o-5 pz z ə-4 tz ɗ ɛ-5 pz
LDMT_Nam_6_S00047_16,audio_data/train/LDMT_Nam_6_S00047_16.wav,ɗ ɔ-4 t͡ɕ i-5 ɗ aː-2 h ɨə-4 t i-1 mz l aː-1 t͡ɕ i-5 s ɛ-2 t i-1 mz z aː-0 m aː-1,ɗ ɔ-4 t͡ɕ i-5 ɗ aː-2 h ɨə-4 t i-1 mz l aː-1 t͡ɕ i-5 s ɛ-2 t i-1 mz z aː-0 m aː-1
PC_7_NAM_S0004_34,audio_data/train/PC_7_NAM_S0004_34.wav,o-0 t͡ɕ ɛ-0 z ə-4 tz m aː-4 tz,o-0 t͡ɕ ɛ-0 z ə-4 tz m aː-4 tz
THA_Nu_6_S00042_213,audio_data/train/THA_Nu_6_S00042_213.wav,v ɛ-0 t͡ɕ a-0 mz l uə-4 v aː-1 t͡ɕ a-0 mz l aː-1 mz n ɨə-2 tʰ i-1 t͡ɕ aː-3 l ɔ-0 ɣ i-1,v ɛ-0 t͡ɕ a-0 mz l uə-4 v aː-1 t͡ɕ a-0 mz l aː-1 mz n ɨə-2 tʰ i-1 t͡ɕ aː-3 l ɔ-0 z i-1
THA_Nu_6_S00042_37,audio_data/train/THA_Nu_6_S00042_37.wav,k ɔ-4 t͡ɕ w iə-5 nz ɣ i-1 s a-3 iz z aː-0 x i-0 k iə-4 nz s w o-4 ŋmz z ɨə-4 iz w o-4 ŋmz n ɨə-4 kz,k ɔ-4 t͡ɕ w iə-5 nz ɣ i-1 s a-3 iz z aː-0 x i-0 k iə-4 nz s w o-4 ŋmz z ɨə-4 iz w o-4 ŋmz n ɨə-4 kz
HYT_Nu_6_S0005_83,audio_data/train/HYT_Nu_6_S0005_83.wav,n ɨ-5 ŋz n ɨə-3 tʰ ə-0 nz k iə-0 l aː-1 k aː-4,n ɨ-5 ŋz n ɨə-3 tʰ ə-0 nz k iə-0 l aː-1 k aː-4
TPA_Nu_6_S0009_43,audio_data/train/TPA_Nu_6_S0009_43.wav,m o-5 tz h o-0 mz l u-2 ɣ aː-1 m aː-4 iz t͡ɕ o-4 nz s eaː-5 k̟z,m o-5 tz h o-0 mz l u-2 ɣ aː-1 m aː-4 iz t͡ɕ o-4 nz s eaː-5 k̟z
NMA_7_NU_S0002_206,audio_data/train/NMA_7_NU_S0002_206.wav,k w aː-0 nz s aː-4 tz eaː-3 ŋ̟z ɗ e-1 nz h u-1 ŋmz əː-0 t i-3 ŋ̟z f u-4 tʰ ɔ-5,k w aː-0 nz s aː-4 tz eaː-3 ŋ̟z ɗ e-1 nz h u-1 ŋmz əː-0 t i-3 ŋ̟z f u-4 tʰ ɔ-5
THA_Nu_6_S00042_79,audio_data/train/THA_Nu_6_S00042_79.wav,ɓ ɛ-4 ŋ ɛ-0 t͡ɕ i-5,ɓ ɛ-4 ŋ ɛ-0 t͡ɕ i-5
NNM_Nu_6_S00045_60,audio_data/train/NNM_Nu_6_S00045_60.wav,s ɔ-4 iz l ə-4 iz h e-4 tz s ɨ-4 kz l aː-0 uz k aː-3 tʰ ə-0 nz v aː-1 uz,s ɔ-4 iz l ə-4 iz h e-4 tz s ɨ-4 kz l aː-0 uz k aː-3 tʰ ə-0 nz v aː-1 uz
TPA_Nu_6_S0009_149,audio_data/train/TPA_Nu_6_S0009_149.wav,tʰ ə-1 iz ɗ aː-2 tʰ e-0 mz v aː-1 uz ɗ ɔ-4 ɓ aː-3 nz ɲ ə-5 nz s ɛ-4 tz k uə-3 tʰ ə-1 iz,tʰ ə-1 iz ɗ aː-2 tʰ e-0 mz v aː-1 uz ɗ ɔ-4 ɓ aː-3 nz ɲ ə-5 nz s ɛ-4 tz k uə-3 tʰ ə-1 iz
PTL_7_NU_S0008_53,audio_data/train/PTL_7_NU_S0008_53.wav,x w o-0 nz m a-5 tz z ə-4 tz s i-0 ŋ̟z v aː-1 tʰ ə-0 nz tʰ iə-0 nz,x w o-0 nz m a-5 tz z ə-4 tz s i-0 ŋ̟z v aː-1 tʰ ə-0 nz tʰ iə-0 nz
NPC_7_NU_S0047_498,audio_data/train/NPC_7_NU_S0047_498.wav,o-0 ŋmz l aː-1 ɓ w o-3 iz t͡ɕ əː-1 iz t͡ɕ iə-1 uz,o-0 ŋmz l aː-1 ɓ w o-3 iz t͡ɕ əː-1 iz t͡ɕ iə-1 uz
NDBA_7_NAM_S0010_93,audio_data/train/NDBA_7_NAM_S0010_93.wav,h a-2 iz m aː-0 ŋz ɗ e-4 nz ɗ ə-0 iz z u-4 pz ŋ aː-1 iz ɓ aː-4 t ɨə-4 kz t͡ɕ u-3 ɲ ə-0 nz t o-0 iz v əː-4 iz,h a-2 iz m aː-0 ŋz ɗ e-4 nz ɗ ə-0 iz z u-4 pz ŋ aː-1 iz ɓ aː-4 t ɨə-4 kz t͡ɕ u-3 ɲ ə-0 nz t o-0 iz v əː-4 iz
HYT_Nu_6_S0005_52,audio_data/train/HYT_Nu_6_S0005_52.wav,ɓ iə-3 nz ɗ ɛ-5 pz k w aː-4,ɓ iə-3 nz ɗ ɛ-5 pz k w aː-4
THA_7_NU_S0043_38,audio_data/train/THA_7_NU_S0043_38.wav,ɓ aː-1 nz t͡ɕ əː-0 nz z ə-2 mz l e-0 nz t͡ɕ aː-0 ŋz z ə-4 iz ɲ a-1 uz n aː-4 tz m ɨ-5 kz z ə-0 iz ɓ e-0 ɓ e-4 tz m ə-4 iz ŋ ɔ-4 nz t͡ɕ ɔ-0 m ɔ-3 iz t͡ɕ w o-5 tz z u-4 tz ɓ aː-1 nz t͡ɕ ə-0 nz k o-0 k w a-4 tz l aː-5 iz ɗ a-0 uz ɗ iə-4 ŋz,ɓ aː-1 nz t͡ɕ əː-0 nz z ə-2 mz l e-0 nz t͡ɕ aː-0 ŋz z ə-4 iz ɲ a-1 uz n aː-4 tz m ɨ-5 kz z ə-0 iz ɓ e-0 ɓ e-4 tz m ə-4 iz ŋ ɔ-4 nz t͡ɕ ɔ-0 m ɔ-3 iz t͡ɕ w o-5 tz z u-4 tz ɓ aː-1 nz t͡ɕ ə-0 nz k o-0 k w a-4 tz l aː-5 iz ɗ a-0 uz ɗ iə-4 ŋz
TPA_Nu_6_S0009_52,audio_data/train/TPA_Nu_6_S0009_52.wav,ɣ aː-1 t͡ɕ o-4 ŋmz ɓ ɛ-1 nz ɣ aː-1 t͡ɕ o-4 ŋmz ɓ ɛ-1 nz h eaː-5 k̟z s eaː-4 k̟z ɓ aː-4 kz t͡ɕ ɔ-4,ɣ aː-1 t͡ɕ o-4 ŋmz ɓ ɛ-1 nz ɣ aː-1 t͡ɕ o-4 ŋmz ɓ ɛ-1 nz h eaː-5 k̟z s eaː-4 k̟z ɓ aː-4 kz t͡ɕ ɔ-4
NHM_7_NU_S0006_24,audio_data/train/NHM_7_NU_S0006_24.wav,ɓ ə-0 iz z əː-1 m i-1 ŋ̟z ɗ o-4 ɓ aː-5 nz ŋ aː-5 uz ŋ e-2 l aː-1 ɣ i-1,ɓ ə-0 iz z əː-1 m i-1 ŋ̟z ɗ o-4 ɓ aː-5 nz ŋ aː-5 uz ŋ e-2 l aː-1 ɣ i-1
CNBA_Nu_6_S0003_154,audio_data/train/CNBA_Nu_6_S0003_154.wav,t aː-0 ɗ aː-2 a-0 nz n ɔ-4 t͡ɕ ɨə-0 ɲ i-3,t aː-0 ɗ aː-2 a-0 nz n ɔ-4 t͡ɕ ɨə-0 ɲ i-3
TPA_Nu_6_S0009_126,audio_data/train/TPA_Nu_6_S0009_126.wav,tʰ e-4 tʰ i-1 k ɨ-4 əː-0 ɲ aː-1 m aː-1 k ɔ-5 t͡ɕ ə-5 uz s w o-4 tz ɗ əː-1 iz,tʰ e-4 tʰ i-1 k ɨ-4 əː-0 ɲ aː-1 m aː-1 k ɔ-5 t͡ɕ ə-5 uz s w o-4 tz ɗ əː-1 iz
THA_Nu_6_S00042_123,audio_data/train/THA_Nu_6_S00042_123.wav,tʰ ɔ-3 ɗ uə-1 z u-3 z uə-1 tʰ i-0 ɓ o-5,tʰ ɔ-3 ɗ uə-1 z u-3 z uə-1 tʰ i-0 ɓ o-2
CNBA_Nu_6_S0003_84,audio_data/train/CNBA_Nu_6_S0003_84.wav,ɗ e-0 mz ɗ e-0 mz n aː-1 ŋz ŋ ə-0 nz ŋ aː-0 h aː-4 tz,ɗ e-0 mz ɗ e-0 mz l aː-1 ŋz ŋ ə-0 nz ŋ aː-0 h aː-4 tz
NHM_7_NU_S0006_171,audio_data/train/NHM_7_NU_S0006_171.wav,ɓ aː-4 t ɨə-4 kz t͡ɕ u-3 ɲ ə-0 nz k uə-3 ŋ ɨə-0 iz tʰ ə-5 tz t o-4 tz ɓ u-5 ŋmz,ɓ aː-4 t ɨə-4 kz t͡ɕ u-3 ɲ ə-0 nz k uə-3 ŋ ɨə-0 iz tʰ ə-5 tz t o-4 tz ɓ u-5 ŋmz
CNBA_Nu_6_S0003_101,audio_data/train/CNBA_Nu_6_S0003_101.wav,n aː-1 ŋz t iə-0 nz k aː-4 l aː-1 mz ɣ i-1 ɗ e-3 z ə-0 nz ɗ i-0 ɓ iə-3 nz h e-4 tz ɓ w o-1 nz,l aː-1 ŋz t iə-0 nz k aː-4 l aː-1 mz ɣ i-1 ɗ e-3 z ə-0 nz ɗ i-0 ɓ iə-3 nz h e-4 tz ɓ w o-1 nz
DNK_7_NU_S0048_5,audio_data/train/DNK_7_NU_S0048_5.wav,l ɨə-5 nz ɓ a-0 iz ɲ ɨ-0 z ə-2 nz l o-4 iz,l ɨə-5 nz ɓ a-0 iz ɲ ɨ-0 z ə-2 nz l o-4 iz
NHM_7_NU_S0006_73,audio_data/train/NHM_7_NU_S0006_73.wav,k ɔ-1 nz k aː-4 z ɔ-1 ŋmz z ɔ-1 ŋmz l aː-1 ɣ i-1 ɓ aː-5 nz,k ɔ-1 nz k aː-4 z ɔ-1 ŋmz z ɔ-1 ŋmz l aː-1 ɣ i-1 ɓ aː-5 nz
MK_7_NAM_S0005_25,audio_data/train/MK_7_NAM_S0005_25.wav,aː-0 k ɔ-4 t͡ɕ ɨ-4,aː-0 k ɔ-4 t͡ɕ ɨ-4
HYT_Nu_6_S0005_96,audio_data/train/HYT_Nu_6_S0005_96.wav,k aː-4 kz ɛ-0 mz v ɨə-1 ɗ ɔ-5 kpz ɓ aː-1 iz n aː-1 ŋz t iə-0 nz k aː-4 ɓ ə-0 iz z əː-1 k aː-4 kz ɛ-0 mz h a-2 iz,k aː-4 kz ɛ-0 mz v ɨə-1 ɗ ɔ-5 kpz ɓ aː-1 iz n aː-1 ŋz t iə-0 nz k aː-4 ɓ ə-0 iz z əː-1 k aː-4 kz ɛ-0 mz h a-2 iz
NDBA_7_NAM_S0010_127,audio_data/train/NDBA_7_NAM_S0010_127.wav,l u-4 kpz n a-1 iz ɓ aː-4 t ɨə-4 kz t iə-4 pz t͡ɕ w iə-5 nz k u-1 ŋmz k o-0 ŋmz t͡ɕ uə-4,l u-4 kpz l a-1 iz ɓ aː-4 t ɨə-4 kz t iə-4 pz t͡ɕ w iə-5 nz k u-1 ŋmz k o-0 ŋmz t͡ɕ uə-4
PTT_7_NU_S0041_91,audio_data/train/PTT_7_NU_S0041_91.wav,ɓ ɛ-4 n a-1 mz ɓ ɛ-4 ŋ ɛ-0,ɓ ɛ-4 n a-1 mz ɓ ɛ-4 ŋ ɛ-0
PTT_7_NU_S0041_66,audio_data/train/PTT_7_NU_S0041_66.wav,ə-0 iz v i-1 s aː-0 uz m uə-1 s w ə-0 nz ɗ aː-3 ŋz iə-0 uz,ə-0 iz v i-1 s aː-0 uz m uə-1 s w ə-0 nz ɗ aː-3 ŋz iə-0 uz
TPA_Nu_6_S0009_91,audio_data/train/TPA_Nu_6_S0009_91.wav,tʰ ɨə-0 ŋz m ɛ-5 tʰ ɨə-0 ŋz m ɛ-5 m aː-1 s aː-0 uz s ɛ-0 k ɔ-1 nz s ɛ-0 t͡ɕ ɔ-0 s ɔ-0 ŋmz ɗ o-4 ŋmz t͡ɕ i-3 z o-1 iz m əː-4 iz v e-1 tʰ a-0 mz m ɛ-5,tʰ ɨə-0 ŋz m ɛ-5 tʰ ɨə-0 ŋz m ɛ-5 m aː-1 s aː-0 uz s ɛ-0 k ɔ-1 nz s ɛ-0 t͡ɕ ɔ-0 s ɔ-0 ŋmz ɗ o-4 ŋmz t͡ɕ i-3 z o-1 iz m əː-4 iz v e-1 tʰ a-0 mz m ɛ-5
NMA_7_NU_S0002_283,audio_data/train/NMA_7_NU_S0002_283.wav,h a-1 ŋz n a-0 mz h ɔ-5 kpz s i-0 ŋ̟z t͡ɕ ɨə-1 ŋz t iə-3 uz h ɔ-5 kpz t͡ɕ ɔ-0 ŋmz n ɨə-4 kz t aː-0 ɗ aː-2 ɣ ɨ-3 iz ɗ e-4 nz k w o-5 kpz tʰ i-0 t͡ɕ a-0 mz ŋ i-1 nz ɓ ɨ-4 kz t͡ɕ eaː-0 ŋ̟z h w a-5 kz m o-0 h i-1 ŋ̟z tʰ e-3 h iə-5 nz ɲ ɨ-2 ŋz i-0 t ɨə-3 ŋz s aː-4 ŋz t aː-5 uz z ə-4 tz ɗ o-5 kpz ɗ aː-4 uz,h a-1 ŋz n a-0 mz h ɔ-5 kpz s i-0 ŋ̟z t͡ɕ ɨə-1 ŋz t iə-3 uz h ɔ-5 kpz t͡ɕ ɔ-0 ŋmz n ɨə-4 kz t aː-0 ɗ aː-2 ɣ ɨ-3 iz ɗ e-4 nz k w o-5 kpz tʰ i-0 t͡ɕ a-0 mz ŋ i-1 nz ɓ ɨ-4 kz t͡ɕ eaː-0 ŋ̟z h w a-5 kz m o-0 h i-1 ŋ̟z tʰ e-3 h iə-5 nz ɲ ɨ-2 ŋz i-0 t ɨə-3 ŋz s aː-4 ŋz t aː-5 uz z ə-4 tz ɗ o-5 kpz ɗ aː-4 uz
GQM_Nam_6_S0006_28,audio_data/train/GQM_Nam_6_S0006_28.wav,t əː-4 ɗ o-4 ɓ aː-5 nz m ɛ-5 aː-0 nz w i-3 t͡ɕ w o-5 tz u-4 tz ɲ ɨ-0 tʰ e-4 n aː-1 uz,t əː-4 ɗ o-4 ɓ aː-5 nz m ɛ-5 aː-0 nz w i-3 t͡ɕ w o-5 tz u-4 tz ɲ ɨ-0 tʰ e-4 n aː-1 uz
NMA_7_NU_S0002_29,audio_data/train/NMA_7_NU_S0002_29.wav,t aː-0 iz v ɔ-0 iz l aː-1 k aː-4 iz k w aː-5 tz,t aː-0 iz v ɔ-0 iz l aː-1 k aː-4 iz k w aː-5 tz
PTL_7_NU_S0008_141,audio_data/train/PTL_7_NU_S0008_141.wav,ɗ ɔ-4 l aː-1 k ɔ-0 nz tʰ ɔ-3,ɗ ɔ-4 l aː-1 k ɔ-0 nz tʰ ɔ-3
NMA_7_NU_S0002_128,audio_data/train/NMA_7_NU_S0002_128.wav,m a-4 tz ɓ ɛ-4 l ɔ-0 ŋmz l eaː-0 ŋ̟z,m a-4 tz ɓ ɛ-4 l ɔ-0 ŋmz l eaː-0 ŋ̟z
NMA_7_NU_S0002_273,audio_data/train/NMA_7_NU_S0002_273.wav,i-0 t ɨə-3 ŋz t͡ɕ ɛ-3 tʰ əː-0 l aː-1 m o-5 tz k w o-5 kpz tʰ i-0 z eaː-1 ŋ̟z t͡ɕ ɔ-0 h ɔ-5 kpz s i-0 ŋ̟z t iə-3 uz h ɔ-5 kpz,i-0 t ɨə-3 ŋz t͡ɕ ɛ-3 tʰ əː-0 l aː-1 m o-5 tz k w o-5 kpz tʰ i-0 z eaː-1 ŋ̟z t͡ɕ ɔ-0 h ɔ-5 kpz s i-0 ŋ̟z t iə-3 uz h ɔ-5 kpz
TPA_Nu_6_S0009_95,audio_data/train/TPA_Nu_6_S0009_95.wav,k o-0 tʰ ə-4 iz k o-0 u-4 tz ɗ aː-0 ŋz ɲ aː-1 uz ɓ o-5 tz s ɔ-4 kpz k ɔ-0 nz v o-5 iz v aː-1 ŋz ɗ ɨə-0 tʰ ɨ-0 t͡ɕ ɔ-0 k o-0 u-4 tz,k o-0 tʰ ə-4 iz k o-0 u-4 tz ɗ aː-0 ŋz ɲ aː-1 uz ɓ o-5 tz s ɔ-4 kpz k ɔ-0 nz v o-5 iz v aː-1 ŋz ɗ ɨə-0 tʰ ɨ-0 t͡ɕ ɔ-0 k o-0 u-4 tz
TPA_Nu_6_S0009_32,audio_data/train/TPA_Nu_6_S0009_32.wav,v ə-5 iz t əː-4 ɗ ɔ-5 kpz ɲ ɛ-4,v ə-5 iz t əː-4 ɗ ɔ-5 kpz ɲ ɛ-4
NDBA_7_NAM_S0010_118,audio_data/train/NDBA_7_NAM_S0010_118.wav,n e-4 uz ŋ aː-1 iz ɓ iə-4 nz ɗ ɨə-5 kz tʰ eaː-1 ŋ̟z k ɔ-0 nz v ə-5 tz m i-1 ŋ̟z t͡ɕ w iə-5 nz ɲ ɔ-3,n e-4 uz ŋ aː-1 iz ɓ iə-4 nz ɗ ɨə-5 kz tʰ eaː-1 ŋ̟z k ɔ-0 nz v ə-5 tz m i-1 ŋ̟z t͡ɕ w iə-5 nz ɲ ɔ-3
GQM_Nam_6_S0006_83,audio_data/train/GQM_Nam_6_S0006_83.wav,ɲ əː-1 tʰ e-4 n aː-1 ŋz l ɨə-4 tz t͡ɕ e-0 nz ɓ iə-3 nz z ə-4 tz ɲ ɛ-5 ɲ aː-1 ŋz,ɲ əː-1 tʰ e-4 n aː-1 ŋz l ɨə-4 tz t͡ɕ e-0 nz ɓ iə-3 nz z ə-4 tz ɲ ɛ-5 ɲ aː-1 ŋz
GQM_Nam_6_S0006_108,audio_data/train/GQM_Nam_6_S0006_108.wav,s a-0 uz ɗ ə-0 iz k ɔ-0 nz s ɛ-2 ɗ ɔ-5 kpz ɓ aː-1 iz k aː-4 m a-0 ŋz l aː-5 kz m ɛ-5,s a-0 uz ɗ ə-0 iz k ɔ-0 nz s ɛ-2 ɗ ɔ-5 kpz ɓ aː-1 iz k aː-4 m a-0 ŋz l aː-5 kz m ɛ-5
NDBA_7_NAM_S0010_56,audio_data/train/NDBA_7_NAM_S0010_56.wav,n ɔ-4 z ə-4 tz h iə-1 nz v aː-1 f aː-4 tz z e-2 f aː-4 tz h iə-5 nz l ɛ-3 tʰ u-1,n ɔ-4 z ə-4 tz h iə-1 nz v aː-1 f aː-4 tz z e-2 f aː-4 tz h iə-5 nz l ɛ-3 tʰ u-1
THA_7_NU_S0043_21,audio_data/train/THA_7_NU_S0043_21.wav,k aː-4 kz ɓ aː-5 nz t͡ɕ w iə-5 nz t a-0 iz ɲ a-0 uz v w o-4 tz v ɛ-0 n a-0 mz ŋ iə-2 v aː-1 ŋ ɨ-3 iz t͡ɕ aː-4 iz k ə-0 iz t͡ɕ ɔ-0 ŋmz z ɔ-3,k aː-4 kz ɓ aː-5 nz t͡ɕ w iə-5 nz t a-0 iz ɲ a-0 uz v w o-4 tz v ɛ-0 n a-0 mz ŋ iə-2 v aː-1 ŋ ɨ-3 iz t͡ɕ aː-4 iz k ə-0 iz t͡ɕ ɔ-0 ŋmz z ɔ-3
NTN_7_NU_S0042_71,audio_data/train/NTN_7_NU_S0042_71.wav,s ɛ-0 mz t͡ɕ u-4 ŋmz ɛ-0 mz h ɔ-5 kpz ɓ aː-1 iz,s ɛ-0 mz t͡ɕ u-4 ŋmz ɛ-0 mz h ɔ-5 kpz ɓ aː-1 iz
THA_Nu_6_S00042_151,audio_data/train/THA_Nu_6_S00042_151.wav,z o-1 iz k aː-4 kz z o-1 iz k aː-4 kz k ɔ-0 nz z e-0 ɓ aː-3 uz,z o-1 iz k aː-4 kz z o-1 iz k aː-4 kz k ɔ-0 nz z e-0 ɓ aː-4 uz
TTD_7_NAM_S0001_48,audio_data/train/TTD_7_NAM_S0001_48.wav,ɲ aː-1 k ə-5 uz k ɔ-4 ɲ ɨ-2 ŋz k ɔ-0 nz v ə-5 tz n aː-1 uz,ɲ aː-1 k ə-5 uz k ɔ-4 ɲ ɨ-2 ŋz k ɔ-0 nz v ə-5 tz n aː-1 uz
NHM_7_NU_S0006_71,audio_data/train/NHM_7_NU_S0006_71.wav,ɓ ə-0 iz z əː-1 m i-1 ŋ̟z h ɔ-3 iz ɓ aː-5 nz k ɨ-3 uz l ɔ-0 ŋmz l aː-1 ɣ i-1,ɓ ə-0 iz z əː-1 m i-1 ŋ̟z h ɔ-3 iz ɓ aː-5 nz k ɨ-3 uz l ɔ-0 ŋmz l aː-1 ɣ i-1
PC_7_NAM_S0004_28,audio_data/train/PC_7_NAM_S0004_28.wav,ɓ aː-4 kz ɓ o-1 n o-0 ŋmz i-0 mz ɗ ɨ-4 ŋz i-0 mz ɲ ɨ-0 t ɨə-5 ŋz ɗ aː-4,ɓ aː-4 kz ɓ o-1 n o-0 ŋmz i-0 mz ɗ ɨ-4 ŋz i-0 mz ɲ ɨ-0 t ɨə-5 ŋz ɗ aː-4
NTN_7_NU_S0042_18,audio_data/train/NTN_7_NU_S0042_18.wav,m i-1 ŋ̟z tʰ i-4 k̟z m ɔ-5 iz tʰ ɨ-4 əː-0 t͡ɕ ɨə-1 ŋz,m i-1 ŋ̟z tʰ i-4 k̟z m ɔ-5 iz tʰ ɨ-4 əː-0 t͡ɕ ɨə-1 ŋz
PTL_7_NU_S0008_138,audio_data/train/PTL_7_NU_S0008_138.wav,k ɔ-0 nz ɣ i-1 s o-4 ŋmz m w i-2 m ɔ-5 kpz s ɨ-1 ŋz,k ɔ-0 nz ɣ i-1 s o-4 ŋmz m w i-2 m ɔ-5 kpz s ɨ-1 ŋz
CNBA_Nu_6_S0003_114,audio_data/train/CNBA_Nu_6_S0003_114.wav,əː-0 ɓ iə-3 nz l əː-4 nz k ɔ-4 m o-5 tz t͡ɕ u-4 k aː-4 m a-0 ŋz ɲ ɔ-3,əː-0 ɓ iə-3 nz l əː-4 nz k ɔ-4 m o-5 tz t͡ɕ u-4 k aː-4 m a-0 ŋz ɲ ɔ-3
THA_7_NU_S0043_47,audio_data/train/THA_7_NU_S0043_47.wav,ɗ ə-1 uz k ə-5 uz n o-5 iz z u-0 ŋmz k uə-3 k ə-0 uz t͡ɕ w iə-5 nz l aː-1 ɣ i-1,ɗ ə-1 uz k ə-5 uz n o-5 iz z u-0 ŋmz k uə-3 k ə-0 uz t͡ɕ w iə-5 nz l aː-1 ɣ i-1
TTT_Nu_6_S00049_80,audio_data/train/TTT_Nu_6_S00049_80.wav,l əː-5 nz u-4 tz l əː-5 nz u-4 tz x o-0 nz ŋ w aː-0 nz,l əː-5 nz u-4 tz l əː-5 nz u-4 tz x o-0 nz ŋ w aː-0 nz
PTT_7_NU_S0041_80,audio_data/train/PTT_7_NU_S0041_80.wav,ɓ ɔ-4 ŋmz k u-2 ŋmz n a-1 mz i-0 mz,ɓ ɔ-4 ŋmz k u-2 ŋmz n a-1 mz i-0 mz
DGB_7_NAM_S0003_8,audio_data/train/DGB_7_NAM_S0003_8.wav,k w o-4 kpz t w aː-3 nz ɓ ɛ-1 nz t͡ɕ a-5 iz ɗ e-4 nz k w i-1 s w o-4 ŋmz t ə-0 uz,k w o-4 kpz t w aː-3 nz ɓ ɛ-1 nz t͡ɕ a-5 iz ɗ e-4 nz k w i-1 s w o-4 ŋmz t ə-0 uz
NNM_Nu_6_S00045_11,audio_data/train/NNM_Nu_6_S00045_11.wav,ɓ aː-5 nz k e-3 z ə-4 tz l aː-1 h a-0 iz,ɓ aː-5 nz k e-3 z ə-4 tz l aː-1 h a-0 iz
PTT_7_NU_S0041_67,audio_data/train/PTT_7_NU_S0041_67.wav,ɓ e-0 v i-1 s aː-0 uz m uə-1 h aː-5 ɗ aː-4 ŋz iə-0 uz,ɓ e-0 v i-1 s aː-0 uz m uə-1 h aː-5 ɗ aː-4 ŋz iə-0 uz
NMA_7_NU_S0002_279,audio_data/train/NMA_7_NU_S0002_279.wav,m ɨ-5 kz k ɨ-4 uz h o-5 k ɔ-4 tʰ e-3 l w o-1 nz v aː-1 uz m ɔ-5 iz ŋ ɔ-2 ŋ eaː-4 k̟z ɗ e-3 k ɨ-4 uz ŋ ɨə-1 iz ɓ i-5 ɗ a-4 mz t a-1 uz,m ɨ-5 kz k ɨ-4 uz h o-5 k ɔ-4 tʰ e-3 l w o-1 nz v aː-1 uz m ɔ-5 iz ŋ ɔ-2 ŋ eaː-4 k̟z ɗ e-3 k ɨ-4 uz ŋ ɨə-1 iz ɓ i-5 ɗ a-4 mz t a-1 uz
NMA_7_NU_S0002_19,audio_data/train/NMA_7_NU_S0002_19.wav,m əː-1 iz ɓ aː-5 nz ɗ e-4 nz k o-0 ŋmz v iə-0 nz,m əː-1 iz ɓ aː-5 nz ɗ e-4 nz k o-0 ŋmz v iə-0 nz
NMA_7_NU_S0002_258,audio_data/train/NMA_7_NU_S0002_258.wav,k w o-4 kpz t w aː-3 nz k w iə-4 tz ɣ a-5 pz v uə-0 ɗ e-3 n ɔ-4 iz ɣ i-1,k w o-4 kpz t w aː-3 nz k w iə-4 tz ɣ a-5 pz v uə-0 ɗ e-3 l ɔ-4 iz ɣ i-1
LXT_Nam_6_S0008_138,audio_data/train/LXT_Nam_6_S0008_138.wav,x i-0 m ɛ-5 m a-5 tz t͡ɕ əː-1 iz ɣ ɔ-5 iz h aː-5 tz n a-4 ŋz ɓ aː-4 mz k eaː-4 ŋ̟z t a-0 iz h o-1 ŋmz k uə-3 m ɛ-5 v e-1 ɓ e-0 nz k iə-0 n w i-4,x i-0 m ɛ-5 m a-5 tz t͡ɕ əː-1 iz ɣ ɔ-5 iz h aː-5 tz n a-4 ŋz ɓ aː-4 mz k eaː-4 ŋ̟z t a-0 iz h o-1 ŋmz k uə-3 m ɛ-5 v e-1 ɓ e-0 nz k iə-0 n w i-4
THA_7_NU_S0043_1,audio_data/train/THA_7_NU_S0043_1.wav,tʰ ə-4 iz tʰ ə-1 iz z aː-4 uz s eaː-4 k̟z ɣ ɔ-5 iz t͡ɕ aː-4 iz k ə-0 iz v aː-1 uz l əː-4 pz,tʰ ə-4 iz tʰ ə-1 iz z aː-4 uz s eaː-4 k̟z ɣ ɔ-5 iz t͡ɕ aː-4 iz k ə-0 iz v aː-1 uz l əː-4 pz
PTT_7_NU_S0041_81,audio_data/train/PTT_7_NU_S0041_81.wav,t͡ɕ ɔ-0 ŋmz v ɨə-1 nz e-0 mz aː-0,t͡ɕ ɔ-0 ŋmz v ɨə-1 nz e-0 mz aː-0
NMA_7_NU_S0002_111,audio_data/train/NMA_7_NU_S0002_111.wav,k eaː-1 ŋ̟z k ə-0 iz l əː-4 nz h əː-0 nz k o-5 tz ɗ i-1 ŋ̟z,k eaː-1 ŋ̟z k ə-0 iz l əː-4 nz h əː-0 nz k o-5 tz ɗ i-1 ŋ̟z
THA_Nu_6_S00042_173,audio_data/train/THA_Nu_6_S00042_173.wav,x o-0 ŋmz ɗ ɨə-5 kz m əː-3 k ɨə-3 t͡ɕ ɔ-0 ŋ ɨə-1 iz l aː-5,x o-0 ŋmz ɗ ɨə-5 kz m əː-3 k ɨə-3 t͡ɕ ɔ-0 ŋ ɨə-1 iz l aː-5
DNK_7_NU_S0048_59,audio_data/train/DNK_7_NU_S0048_59.wav,m ə-1 mz n ɔ-0 nz v ɨə-0 nz ɗ ɨ-4 ŋz z ə-5 iz,m ə-1 mz n ɔ-0 nz v ɨə-0 nz ɗ ɨ-4 ŋz z ə-5 iz
TTD_7_NAM_S0001_107,audio_data/train/TTD_7_NAM_S0001_107.wav,ɓ ə-0 iz z əː-1 t əː-4 h ɔ-3 iz ɲ ɛ-4,ɓ ə-0 iz z əː-1 t əː-4 h ɔ-3 iz ɲ ɛ-4
PC_7_NAM_S0004_32,audio_data/train/PC_7_NAM_S0004_32.wav,k aː-3 t w aː-4 nz t͡ɕ i-0 mz k u-0,k aː-3 t w aː-4 nz t͡ɕ i-0 mz k u-0
GQM_Nam_6_S0006_48,audio_data/train/GQM_Nam_6_S0006_48.wav,t əː-4 ɗ ɔ-5 kpz ɓ aː-1 iz l ɨə-4 tz v aː-4 nz ɲ ɛ-4,t əː-4 ɗ ɔ-5 kpz ɓ aː-1 iz l ɨə-4 tz v aː-4 nz ɲ ɛ-4
LXT_Nam_6_S0008_36,audio_data/train/LXT_Nam_6_S0008_36.wav,ɗ ɨə-5 kz,ɗ ɨə-5 kz
DNK_7_NU_S0048_116,audio_data/train/DNK_7_NU_S0048_116.wav,ɗ e-3 ɓ a-4 tz v aː-1 s ɛ-4 k ɔ-0 nz m o-1 iz,ɗ e-3 ɓ a-4 tz v aː-1 s ɛ-4 k ɔ-0 nz m o-1 iz
GQM_Nam_6_S0006_101,audio_data/train/GQM_Nam_6_S0006_101.wav,h aː-0 iz ŋ ə-0 nz ŋ aː-0 h aː-4 tz,h aː-0 iz ŋ ə-0 nz ŋ aː-0 h aː-4 tz
NDBA_7_NAM_S0010_88,audio_data/train/NDBA_7_NAM_S0010_88.wav,tʰ ə-4 iz v ə-5 iz m ɛ-1 uz k ɛ-4 uz tʰ ɛ-0 uz k ə-5 uz t͡ɕ u-3 z aː-0 h o-1 n ɔ-4 iz,tʰ ə-4 iz v ə-5 iz m ɛ-1 uz k ɛ-4 uz tʰ ɛ-0 uz k ə-5 uz t͡ɕ u-3 z aː-0 h o-1 n ɔ-4 iz
NHM_7_NU_S0006_193,audio_data/train/NHM_7_NU_S0006_193.wav,n e-4 uz h ɔ-3 iz ɗ o-1 ŋmz l uə-4 k uə-3 aː-0 iz tʰ i-1 k ɨ-4 n ɔ-4 iz k uə-3 ɓ aː-4 t ɨə-4 kz ɲ ɛ-4 tʰ e-4 n aː-1 uz v uə-0 k u-2 ŋmz t͡ɕ ɔ-5 ŋmz tʰ ɨə-3 ŋz,n e-4 uz h ɔ-3 iz ɗ o-1 ŋmz l uə-4 k uə-3 aː-0 iz tʰ i-1 k ɨ-4 n ɔ-4 iz k uə-3 ɓ aː-4 t ɨə-4 kz ɲ ɛ-4 tʰ e-4 n aː-1 uz v uə-0 k u-2 ŋmz t͡ɕ ɔ-5 ŋmz tʰ ɨə-3 ŋz
NDBA_7_NAM_S0010_1,audio_data/train/NDBA_7_NAM_S0010_1.wav,aː-0 iz k u-2 ŋmz k ɔ-4 i-4 k̟z,aː-0 iz k u-2 ŋmz k ɔ-4 i-4 k̟z
PC_7_NAM_S0004_29,audio_data/train/PC_7_NAM_S0004_29.wav,t͡ɕ u-4 ɓ ɔ-4 iz k aː-4 ɓ a-0 iz s w o-4 ŋmz z o-1 iz v u-5 tz ɓ a-0 iz l e-0 nz,t͡ɕ u-4 ɓ ɔ-4 iz k aː-4 ɓ a-0 iz s w o-4 ŋmz z o-1 iz v u-5 tz ɓ a-0 iz l e-0 nz
TTD_7_NAM_S0001_123,audio_data/train/TTD_7_NAM_S0001_123.wav,ɓ ə-0 iz z əː-1 ɓ ə-0 iz z əː-1 ɲ əː-4 tʰ e-4 k ə-5 uz k ɔ-4 eaː-0 ŋ̟z t͡ɕ i-5 x o-0 ŋmz,ɓ ə-0 iz z əː-1 ɓ ə-0 iz z əː-1 ɲ əː-4 tʰ e-4 k ə-5 uz k ɔ-4 eaː-0 ŋ̟z t͡ɕ i-5 x o-0 ŋmz
NDBA_7_NAM_S0010_192,audio_data/train/NDBA_7_NAM_S0010_192.wav,n e-0 nz z aː-0 v ɔ-0 iz z ə-4 tz z a-1 iz,n e-0 nz z aː-0 v ɔ-0 iz z ə-4 tz z aː-1 iz
PC_7_NAM_S0004_137,audio_data/train/PC_7_NAM_S0004_137.wav,k ɔ-1 nz t əː-4 tʰ i-1 z əː-1 z aː-0 t͡ɕ əː-0 iz t əː-4 s ɛ-2 m aː-0 ŋz m o-5 tz k w iə-3 nz t͡ɕ w iə-5 nz ɗ i-0 v aː-1 t əː-4 s ɛ-2 ɗ ɔ-5 kpz t͡ɕ w iə-5 nz z ə-4 tz l aː-1 v w i-0 l w o-0 nz,k ɔ-1 nz t əː-4 tʰ i-1 z əː-1 z aː-0 t͡ɕ əː-0 iz t əː-4 s ɛ-2 m aː-0 ŋz m o-5 tz k w iə-3 nz t͡ɕ w iə-5 nz ɗ i-0 v aː-1 t əː-4 s ɛ-2 ɗ ɔ-5 kpz t͡ɕ w iə-5 nz z ə-4 tz l aː-1 v w i-0 l w o-0 nz
NTN_7_NU_S0042_27,audio_data/train/NTN_7_NU_S0042_27.wav,ɓ əː-3 iz v i-1 tʰ ɨ-0 v iə-5 nz z ə-4 tz ɗ ɛ-5 pz v aː-1 k ɔ-4 ɲ iə-1 uz k w o-4 nz s eaː-4 k̟z h a-0 iz ɓ o-3 i-4 k̟z,ɓ əː-3 iz v i-1 tʰ ɨ-0 v iə-5 nz z ə-4 tz ɗ ɛ-5 pz v aː-1 k ɔ-4 ɲ iə-1 uz k w o-4 nz s eaː-4 k̟z h a-0 iz ɓ o-3 i-4 k̟z
PTT_7_NU_S0041_27,audio_data/train/PTT_7_NU_S0041_27.wav,k aː-4 kz t͡ɕ a-4 uz ɗ e-1 uz k ɔ-4 i-4 k̟z ɗ e-1 uz ɗ aː-4 ŋz iə-0 uz,k aː-4 kz t͡ɕ a-4 uz ɗ e-1 uz k ɔ-4 i-4 k̟z ɗ e-1 uz ɗ aː-4 ŋz iə-0 uz
MK_7_NAM_S0005_175,audio_data/train/MK_7_NAM_S0005_175.wav,ɨ-0,ɨ-0
PC_7_NAM_S0004_98,audio_data/train/PC_7_NAM_S0004_98.wav,t əː-4 z ə-4 tz tʰ i-4 k̟z v e-1 k w e-0 ɓ əː-3 iz əː-0 k w e-0 k ɔ-4 z ə-4 tz ɲ iə-1 uz m ɔ-4 nz aː-0 k ɔ-4 z ə-4 tz ɲ iə-1 uz t͡ɕ ɔ-1 t͡ɕ əː-0 iz z ə-0 nz z aː-0 nz v i-4 z u-5 ɲ ɨ-0 ɓ i-5 tz m a-4 tz ɓ a-4 tz z e-0 h w a-5 kz l aː-1 t͡ɕ o-4 nz t i-1 mz,t əː-4 z ə-4 tz tʰ i-4 k̟z v e-1 k w e-0 ɓ əː-3 iz əː-0 k w e-0 k ɔ-4 z ə-4 tz ɲ iə-1 uz m ɔ-4 nz aː-0 k ɔ-4 z ə-4 tz ɲ iə-1 uz t͡ɕ ɔ-1 t͡ɕ əː-0 iz z ə-0 nz z aː-0 nz v i-4 z u-5 ɲ ɨ-0 ɓ i-5 tz m a-4 tz ɓ a-4 tz z e-0 h w a-5 kz l aː-1 t͡ɕ o-4 nz t i-1 mz
VTA_Nam_6_S0002_27,audio_data/train/VTA_Nam_6_S0002_27.wav,h o-0 mz t͡ɕ ɨə-4 kz ɛ-0 mz x w aː-4 kz l aː-4 kz t͡ɕ i-5 ɓ ɔ-3 k w aː-0 ɲ ɛ-4,h o-0 mz t͡ɕ ɨə-4 kz ɛ-0 mz x w aː-4 kz l aː-4 kz t͡ɕ i-5 ɓ ɔ-3 k w aː-0 ɲ ɛ-4
NHM_7_NU_S0006_102,audio_data/train/NHM_7_NU_S0006_102.wav,v ə-0 ŋz l əː-1 iz v uə-0 t͡ɕ aː-0 k aː-4 kz h w aː-1 ŋz t ɨ-3 ɲ eaː-0 ŋ̟z t͡ɕ ɔ-4 ŋmz ɗ i-0 t w aː-3 x a-4 pz ɓ o-4 nz f ɨə-0 ŋz,v ə-0 ŋz l əː-1 iz v uə-0 t͡ɕ aː-0 k aː-4 kz h w aː-1 ŋz t ɨ-3 ɲ eaː-0 ŋ̟z t͡ɕ ɔ-4 ŋmz ɗ i-0 t w aː-3 x a-4 pz ɓ o-4 nz f ɨə-0 ŋz
THA_Nu_6_S00042_70,audio_data/train/THA_Nu_6_S00042_70.wav,k w aː-0 t͡ɕ əː-5 t͡ɕ i-5 t͡ɕ i-3 t͡ɕ ɔ-0 ɓ ɛ-4 k aː-4 t͡ɕ e-0 k aː-4 m ɛ-1,k w aː-0 t͡ɕ əː-3 t͡ɕ i-5 t͡ɕ i-3 t͡ɕ ɔ-0 ɓ ɛ-4 k aː-4 t͡ɕ e-0 k aː-4 m ɛ-1
THA_Nu_6_S00042_187,audio_data/train/THA_Nu_6_S00042_187.wav,x ɛ-0 nz k aː-4 kz k ɔ-0 nz l aː-1 k aː-4 kz k ɔ-0 nz k uə-3 m ɛ-5 ŋ w aː-0 nz k w aː-4,x ɛ-0 nz k aː-4 kz k ɔ-0 nz l aː-1 k aː-4 kz k ɔ-0 nz k uə-3 m ɛ-5 ŋ w aː-0 nz k w aː-4
NTN_7_NU_S0042_30,audio_data/train/NTN_7_NU_S0042_30.wav,ɣ a-5 pz k o-0 z aː-4 uz v aː-1 t͡ɕ əː-0 iz v əː-4 iz k aː-4 kz ɓ aː-5 nz,ɣ a-5 pz k o-0 z aː-4 uz v aː-1 t͡ɕ əː-0 iz v əː-4 iz k aː-4 kz ɓ aː-5 nz
TPA_Nu_6_S0009_94,audio_data/train/TPA_Nu_6_S0009_94.wav,s ɔ-4 kpz k ɔ-0 nz l aː-5 iz z ɔ-1 ŋmz z aː-2 m ə-4 iz ɗ e-0 mz v ɨə-5 tz m o-5 tz k w aː-2 ŋz ɗ ɨə-1 ŋz s aː-0 ɗ e-4 nz ɲ aː-1 k o-0 ɣ aː-4 iz u-4 tz,s ɔ-4 kpz k ɔ-0 nz l aː-5 iz z ɔ-2 ŋmz z aː-2 m ə-4 iz ɗ e-0 mz v ɨə-5 tz m o-5 tz k w aː-2 ŋz ɗ ɨə-1 ŋz s aː-0 ɗ e-4 nz ɲ aː-1 k o-0 ɣ aː-4 iz u-4 tz
LDMT_Nam_6_S00047_24,audio_data/train/LDMT_Nam_6_S00047_24.wav,t͡ɕ ɨə-0 ɗ ɔ-4 x i-3 k e-3 t͡ɕ ɔ-0 m ɛ-5 ŋ ɛ-0,t͡ɕ ɨə-0 ɗ ɔ-4 x i-3 k e-3 t͡ɕ ɔ-0 m ɛ-5 ŋ ɛ-0
GQM_Nam_6_S0006_16,audio_data/train/GQM_Nam_6_S0006_16.wav,n ɔ-4 n ɔ-4 n a-1 mz n a-1 mz tʰ u-0 tʰ u-0 l u-0 ɓ e-0 nz s ə-0 nz,n ɔ-4 n ɔ-4 n a-1 mz n a-1 mz tʰ u-0 tʰ u-0 l u-0 ɓ e-0 nz s ə-0 nz
THA_7_NU_S0043_144,audio_data/train/THA_7_NU_S0043_144.wav,ɓ e-0 t͡ɕ i-0 mz ɛ-0 mz z ə-2 nz ɗ ɨə-1 ŋz t͡ɕ ɔ-0 m uə-1 s w ə-0 nz v e-1,ɓ e-0 t͡ɕ i-0 mz ɛ-0 mz z ə-2 nz ɗ ɨə-1 ŋz t͡ɕ ɔ-0 m uə-1 s w ə-0 nz v e-1
NMA_7_NU_S0002_95,audio_data/train/NMA_7_NU_S0002_95.wav,t͡ɕ w o-5 tz t w i-4 ɣ ə-4 uz t w i-4 ɗ i-5 uz k ɔ-0 nz t͡ɕ ɔ-0 ŋmz t͡ɕ iə-4 kz t i-4 uz t w i-4 k uə-3 t͡ɕ ɨə-4 kz ɓ u-5 ŋmz,t͡ɕ w o-5 tz t w i-4 ɣ ə-4 uz t w i-4 ɗ i-5 uz k ɔ-0 nz t͡ɕ ɔ-0 ŋmz t͡ɕ iə-4 kz t i-4 uz t w i-4 k uə-3 t͡ɕ ɨə-4 kz ɓ u-5 ŋmz
NTM_Nam_6_S00010_24,audio_data/train/NTM_Nam_6_S00010_24.wav,o-0 ŋmz z a-3 ŋz o-0 ŋmz z a-0 ŋz,o-0 ŋmz z a-3 ŋz o-0 ŋmz z a-0 ŋz
CNBA_Nu_6_S0003_103,audio_data/train/CNBA_Nu_6_S0003_103.wav,z ə-0 nz ɗ i-0 ɓ iə-3 nz ŋ ɛ-0 n aː-1 ŋz h aː-4 tz k w e-0 nz k aː-3 m e-5 tz k aː-3 ɓ w o-1 nz,z ə-0 nz ɗ i-0 ɓ iə-3 nz ŋ ɛ-0 n aː-1 ŋz h aː-4 tz k w e-0 nz k aː-3 m e-5 tz k aː-3 ɓ w o-1 nz
NDBA_7_NAM_S0010_12,audio_data/train/NDBA_7_NAM_S0010_12.wav,i-0 t əː-4 l aː-1 ɓ ə-0 iz z əː-1 m əː-4 iz ɓ iə-4 tz m w i-2 t əː-4 z ə-4 tz k ɔ-4 i-4 k̟z,i-0 t əː-4 l aː-1 ɓ ə-0 iz z əː-1 m əː-4 iz ɓ iə-4 tz m w i-2 t əː-4 z ə-4 tz k ɔ-4 i-4 k̟z
DNK_7_NU_S0048_210,audio_data/train/DNK_7_NU_S0048_210.wav,h eaː-1 ŋ̟z ɗ o-5 ŋmz k uə-3 h aː-0 iz k ə-5 uz ɓ ɛ-4 ɗ aː-2 ɣ ə-0 iz z aː-0 t͡ɕ w iə-5 nz ɣ i-1,h eaː-1 ŋ̟z ɗ o-5 ŋmz k uə-3 h aː-0 iz k ə-5 uz ɓ ɛ-4 ɗ aː-2 ɣ ə-0 iz z aː-0 t͡ɕ w iə-5 nz ɣ i-1
HYT_Nu_6_S0005_94,audio_data/train/HYT_Nu_6_S0005_94.wav,ɗ e-0 mz ɗ e-0 mz n aː-1 ŋz h aː-4 tz n aː-1 ŋz ŋ ə-0 nz ŋ aː-0 h aː-4 tz,ɗ e-0 mz ɗ e-0 mz n aː-1 ŋz h aː-4 tz n aː-1 ŋz ŋ ə-0 nz ŋ aː-0 h aː-4 tz
PC_7_NAM_S0004_1,audio_data/train/PC_7_NAM_S0004_1.wav,ɓ əː-1 t͡ɕ ɛ-0 k w eaː-0 ŋ̟z h o-1,ɓ əː-1 t͡ɕ ɛ-0 k w eaː-0 ŋ̟z h o-1
PTL_7_NU_S0008_23,audio_data/train/PTL_7_NU_S0008_23.wav,f ə-1 nz l w iə-5 nz t ə-5 pz t əː-4 s ɛ-2 ɗ o-4 k ə-5 uz əː-0 f ə-1 nz l w iə-5 nz t ə-5 pz,f ə-1 nz l w iə-5 nz t ə-5 pz t əː-4 s ɛ-2 ɗ o-4 k ə-5 uz əː-0 f ə-1 nz l w iə-5 nz t ə-5 pz
DNK_7_NU_S0048_104,audio_data/train/DNK_7_NU_S0048_104.wav,z o-4 ŋmz ɲ ɨ-0 k ɔ-4 h aː-1 ŋz t͡ɕ a-0 mz t͡ɕ iə-4 kz ɗ aː-1 nz k u-1 ŋmz h w aː-1 ə-0 mz,z o-4 ŋmz ɲ ɨ-0 k ɔ-4 h aː-1 ŋz t͡ɕ a-0 mz t͡ɕ iə-4 kz ɗ aː-1 nz k u-1 ŋmz h w aː-1 ə-0 mz
DNK_7_NU_S0048_13,audio_data/train/DNK_7_NU_S0048_13.wav,t͡ɕ i-0 mz ɛ-4 nz t͡ɕ aː-0 uz k eaː-4 ŋ̟z v ə-2 iz,t͡ɕ i-0 mz ɛ-4 nz t͡ɕ aː-0 uz k eaː-4 ŋ̟z v ə-2 iz
CNBA_Nu_6_S0003_31,audio_data/train/CNBA_Nu_6_S0003_31.wav,ɲ ɨ-0 ŋz ɲ aː-1 v uə-0 ɓ aː-3 uz,ɲ ɨ-0 ŋz ɲ aː-1 v uə-0 ɓ aː-3 uz
MK_7_NU_S0007_33,audio_data/train/MK_7_NU_S0007_33.wav,v əː-1 nz ɗ o-0 iz k eaː-4 ŋ̟z n a-4 ŋz,v əː-1 nz ɗ o-0 iz k eaː-4 ŋ̟z n a-4 ŋz
CNBA_Nu_6_S0003_83,audio_data/train/CNBA_Nu_6_S0003_83.wav,n aː-1 ŋz t͡ɕ i-3 t͡ɕ ɨə-0 ɓ iə-4 tz ɗ ə-4 tz l iə-1 nz,l aː-1 ŋz t͡ɕ i-3 t͡ɕ ɨə-0 ɓ iə-4 tz ɗ ə-4 tz l iə-1 nz
NTN_7_NU_S0042_86,audio_data/train/NTN_7_NU_S0042_86.wav,k o-0 m i-3 mz k ɨə-1 iz tʰ ə-5 tz t ɨə-0 iz,k o-0 m i-3 mz k ɨə-1 iz tʰ ə-5 tz t ɨə-0 iz
MK_7_NU_S0007_18,audio_data/train/MK_7_NU_S0007_18.wav,ɨə-4 kz m əː-0 k uə-3 t əː-4 l aː-1 l aː-1 ŋ ɨə-1 iz h ɔ-5 kpz ŋ ɨə-1 iz z a-5 iz ɓ əː-0 iz,ɨə-4 kz m əː-0 k uə-3 t əː-4 l aː-1 l aː-1 ŋ ɨə-1 iz h ɔ-5 kpz ŋ ɨə-1 iz z a-5 iz ɓ əː-0 iz
NTM_Nam_6_S00010_40,audio_data/train/NTM_Nam_6_S00010_40.wav,ɲ aː-1 ɓ aː-5 nz k ɔ-4 ɲ aː-1 ɓ aː-5 nz ɲ ɔ-3 k ɔ-4 ɲ ɨ-2 ŋz aː-0 iz,ɲ aː-1 ɓ aː-5 nz k ɔ-4 ɲ aː-1 ɓ aː-5 nz ɲ ɔ-3 k ɔ-4 ɲ ɨ-2 ŋz aː-0 iz
TPA_Nu_6_S0009_63,audio_data/train/TPA_Nu_6_S0009_63.wav,ɓ aː-5 nz k ə-0 uz t͡ɕ w iə-5 nz ɓ aː-0 k o-0 k ɔ-0 nz ɣ aː-4 iz,ɓ aː-5 nz k ə-0 uz t͡ɕ w iə-5 nz ɓ aː-0 k o-0 k ɔ-0 nz ɣ aː-4 iz
PTL_7_NU_S0008_1,audio_data/train/PTL_7_NU_S0008_1.wav,ɓ ɔ-5 nz m i-1 ŋ̟z k u-1 ŋmz ɗ ɔ-5 kpz ɓ aː-1 iz v ə-5 tz ɗ o-5 ŋmz v ə-5 tz ɓ e-4 k ɔ-0 nz tʰ e-4 n aː-1 uz ɲ ɛ-4,ɓ ɔ-5 nz m i-1 ŋ̟z k u-1 ŋmz ɗ ɔ-5 kpz ɓ aː-1 iz v ə-5 tz ɗ o-5 ŋmz v ə-5 tz ɓ e-4 k ɔ-0 nz tʰ e-4 n aː-1 uz ɲ ɛ-4
PC_7_NAM_S0004_68,audio_data/train/PC_7_NAM_S0004_68.wav,v i-1 s aː-0 uz ɓ aː-5 nz l aː-5 iz tʰ i-4 k̟z k o-0 h aː-1 v ə-5 iz,v i-1 s aː-0 uz ɓ aː-5 nz l aː-5 iz tʰ i-4 k̟z k o-0 h aː-1 v ə-5 iz
TPA_Nu_6_S0009_106,audio_data/train/TPA_Nu_6_S0009_106.wav,ɓ aː-1 z ə-4 tz iə-0 uz tʰ ɨə-0 ŋz k aː-4 kz k ɔ-0 nz l ɔ-0 t͡ɕ ɔ-0 k aː-4 kz k ɔ-0 nz t ɨ-1 ŋz l i-0 t ɨ-1 ŋz t i-4,ɓ aː-1 z ə-4 tz iə-0 uz tʰ ɨə-0 ŋz k aː-4 kz k ɔ-0 nz l ɔ-0 t͡ɕ ɔ-0 k aː-4 kz k ɔ-0 nz t ɨ-1 ŋz l i-0 t ɨ-1 ŋz t i-4
TTD_7_NAM_S0001_51,audio_data/train/TTD_7_NAM_S0001_51.wav,m o-5 tz k ɔ-0 nz ɗ e-3 əː-0 f ɔ-1 ŋmz k uə-3 t əː-4 m o-5 tz m o-5 tz k ɔ-0 nz tʰ i-1 n ɔ-4 ɗ i-0 n ɔ-4 əː-0 z ɨə-4 iz f ɔ-1 ŋmz x eaː-4 k̟z k ɔ-1 nz m o-5 tz k ɔ-0 nz tʰ i-1 n ɔ-4 əː-0 f ɔ-1 ŋmz k uə-3 ɓ o-4 t əː-4 ɗ e-3 x i-0 n aː-1 uz ɓ o-4 t əː-4 t͡ɕ əː-0 iz v əː-4 iz n ɔ-4,m o-5 tz k ɔ-0 nz ɗ e-3 əː-0 f ɔ-1 ŋmz k uə-3 t əː-4 m o-5 tz m o-5 tz k ɔ-0 nz tʰ i-1 n ɔ-4 ɗ i-0 n ɔ-4 əː-0 z ɨə-4 iz f ɔ-1 ŋmz x eaː-4 k̟z k ɔ-1 nz m o-5 tz k ɔ-0 nz tʰ i-1 n ɔ-4 əː-0 f ɔ-1 ŋmz k uə-3 ɓ o-4 t əː-4 ɗ e-3 x i-0 n aː-1 uz ɓ o-4 t əː-4 t͡ɕ əː-0 iz v əː-4 iz n ɔ-4
TPA_Nu_6_S0009_13,audio_data/train/TPA_Nu_6_S0009_13.wav,ɗ e-3 t əː-4 ɗ ɔ-5 kpz l aː-5 iz ɲ ɛ-4,ɗ e-3 t əː-4 ɗ ɔ-5 kpz l aː-5 iz ɲ ɛ-4
NMA_7_NU_S0002_281,audio_data/train/NMA_7_NU_S0002_281.wav,k ə-0 iz n a-1 iz tʰ ɛ-0 uz z ɔ-2 iz t ə-4 tz k aː-3 k aː-4 kz s ɨ-5 v iə-5 kz s a-3 iz z aː-0 z u-4 pz t͡ɕ ɔ-0 t͡ɕ u-4 ɓ o-5 ɗ o-5 iz ɲ eaː-0 ŋ̟z z aː-0 z u-4 pz k aː-4 kz t͡ɕ u-4 ɓ o-5 ɗ o-5 iz ɲ eaː-0 ŋ̟z t͡ɕ ɔ-4 ŋmz f aː-4 tz h iə-5 nz ə-0 mz m ɨ-0 uz k uə-3 k ɛ-3 ɗ i-5 k̟z,k ə-0 iz l a-1 iz tʰ ɛ-0 uz z ɔ-2 iz t ə-4 tz k aː-3 k aː-4 kz s ɨ-5 v iə-5 kz s a-3 iz z aː-0 z u-4 pz t͡ɕ ɔ-0 t͡ɕ u-4 ɓ o-5 ɗ o-5 iz ɲ eaː-0 ŋ̟z z aː-0 z u-4 pz k aː-4 kz t͡ɕ u-4 ɓ o-5 ɗ o-5 iz ɲ eaː-0 ŋ̟z t͡ɕ ɔ-4 ŋmz f aː-4 tz h iə-5 nz ə-0 mz m ɨ-0 uz k uə-3 k ɛ-3 ɗ i-5 k̟z
PC_7_NAM_S0004_99,audio_data/train/PC_7_NAM_S0004_99.wav,t əː-4 k u-2 ŋmz z ə-4 tz tʰ i-4 k̟z v e-1 k w e-0,t əː-4 k u-2 ŋmz z ə-4 tz tʰ i-4 k̟z v e-1 k w e-0
TTD_7_NAM_S0001_76,audio_data/train/TTD_7_NAM_S0001_76.wav,əː-0 n ɨə-4 kz t aː-0 t͡ɕ ɔ-0 ŋmz k w o-5 kpz x əː-3 iz ŋ iə-2 l aː-0 mz s əː-0 nz t͡ɕ o-4 ŋmz k w ə-0 nz m i-0 ŋ̟z t ɨə-4 ŋz ŋ w iə-2 nz t͡ɕ i-4 ŋ̟z ŋ w iə-2 nz t͡ɕ i-4 ŋ̟z ɗ aː-2 z u-1 ŋmz ɓ o-1 k ə-0 uz ɗ ɨə-0 t i-0 nz ɣ ɔ-4 pz f ə-1 nz ɗ eaː-4 ŋ̟z tʰ a-4 ŋz ɲ iə-1 uz t͡ɕ ə-5 nz k w aː-0 nz t͡ɕ ɔ-5 ŋmz,əː-0 n ɨə-4 kz t aː-0 t͡ɕ ɔ-0 ŋmz k w o-5 kpz x əː-3 iz ŋ iə-2 l aː-1 mz s əː-0 nz t͡ɕ o-4 ŋmz k w ə-0 nz m i-0 ŋ̟z t ɨə-4 ŋz ŋ w iə-2 nz t͡ɕ i-4 ŋ̟z ŋ w iə-2 nz t͡ɕ i-4 ŋ̟z ɗ aː-2 z u-1 ŋmz ɓ o-1 k ə-0 uz ɗ ɨə-0 t i-0 nz ɣ ɔ-4 pz f ə-1 nz ɗ eaː-4 ŋ̟z tʰ a-4 ŋz ɲ iə-1 uz t͡ɕ ə-5 nz k w aː-0 nz t͡ɕ ɔ-5 ŋmz
MK_7_NU_S0007_84,audio_data/train/MK_7_NU_S0007_84.wav,t͡ɕ i-3 k ɔ-1 nz t iə-4 ŋz t iə-4 ŋz ɣ i-1,t͡ɕ i-3 k ɔ-1 nz t iə-4 ŋz t iə-4 ŋz ɣ i-1
NTN_7_NU_S0042_34,audio_data/train/NTN_7_NU_S0042_34.wav,tʰ aː-3 uz ɲ i-0 əː-0 iz k ə-5 uz k ɔ-1 nz ɲ əː-4 v aː-1 ə-4 nz t ɨə-5 ŋz ɣ i-1 v əː-4 iz l e-2 x aː-0 iz z aː-3 ŋz k uə-3 n a-0 mz l əː-4 pz m o-5 tz x o-0 ŋmz,tʰ aː-3 uz ɲ i-0 əː-0 iz k ə-5 uz k ɔ-1 nz ɲ əː-4 v aː-1 ə-4 nz t ɨə-5 ŋz ɣ i-1 v əː-4 iz l e-2 x aː-0 iz z aː-3 ŋz k uə-3 n a-0 mz l əː-4 pz m o-5 tz x o-0 ŋmz
NHM_7_NU_S0006_19,audio_data/train/NHM_7_NU_S0006_19.wav,t ɨ-1 ɗ ɔ-4 tʰ ə-1 nz z ɔ-4 tʰ ɨə-1 ŋz ɗ e-4 nz tʰ a-0 mz o-0 ŋmz ɗ ɛ-0 mz t͡ɕ ɔ-0 ŋ o-0 iz ɲ aː-1 x o-0 ŋmz x i-4 m aː-4 tz l eaː-1 ŋ̟z t ɨ-1 ɓ iə-3 nz k aː-3 v aː-1 h ɨə-0 ŋz tʰ əː-0 mz ŋ ɔ-5 tz ŋ aː-1 uz k uə-3 k aː-4 kz l w aː-1 iz h w aː-0,t ɨ-1 ɗ ɔ-4 tʰ ə-1 nz z ɔ-4 tʰ ɨə-1 ŋz ɗ e-4 nz tʰ a-0 mz o-0 ŋmz ɗ ɛ-0 mz t͡ɕ ɔ-0 ŋ o-0 iz ɲ aː-1 x o-0 ŋmz x i-4 m aː-4 tz l eaː-1 ŋ̟z t ɨ-1 ɓ iə-3 nz k aː-3 v aː-1 h ɨə-0 ŋz tʰ əː-0 mz ŋ ɔ-5 tz ŋ aː-1 uz k uə-3 k aː-4 kz l w aː-1 iz h w aː-0
NTN_7_NU_S0042_91,audio_data/train/NTN_7_NU_S0042_91.wav,ɲ ɨ-2 ŋz l əː-1 iz k o-0 z aː-4 uz z aː-3 ŋz,ɲ ɨ-2 ŋz l əː-1 iz k o-0 z aː-4 uz z aː-3 ŋz
NHM_7_NU_S0006_155,audio_data/train/NHM_7_NU_S0006_155.wav,l eaː-0 ŋ̟z l əː-5 iz h əː-0 nz eaː-0 ŋ̟z t ɨə-3 ŋz,l eaː-0 ŋ̟z l əː-5 iz h əː-0 nz eaː-0 ŋ̟z t ɨə-3 ŋz
TPA_Nu_6_S0009_123,audio_data/train/TPA_Nu_6_S0009_123.wav,ɲ ɨ-0 ŋz t͡ɕ i-5 k ɔ-5 ɲ ɨ-0 ŋz k ɔ-1 nz f aː-3 iz k ɔ-5 t͡ɕ ɔ-0 s ɔ-0 ŋmz m ə-4 iz k aː-4 iz t͡ɕ ə-5 uz n a-1 iz ɗ aː-2,ɲ ɨ-0 ŋz t͡ɕ i-5 k ɔ-5 ɲ ɨ-0 ŋz k ɔ-1 nz f aː-3 iz k ɔ-5 t͡ɕ ɔ-0 s ɔ-0 ŋmz m ə-4 iz k aː-4 iz t͡ɕ ə-5 uz n a-1 iz ɗ aː-2
CNBA_Nu_6_S0003_135,audio_data/train/CNBA_Nu_6_S0003_135.wav,m o-5 tz h o-0 mz m ɨə-0 t ɔ-0 k aː-4 m a-0 ŋz l aː-5 kz m ɛ-5,m o-5 tz h o-0 mz m ɨə-0 t ɔ-0 k aː-4 m a-0 ŋz l aː-5 kz m ɛ-5
NMA_7_NU_S0002_272,audio_data/train/NMA_7_NU_S0002_272.wav,ɲ ɨ-2 ŋz ɲ ɨ-2 ŋz i-0 t ɨə-3 ŋz s aː-4 ŋz t aː-5 uz,ɲ ɨ-2 ŋz ɲ ɨ-2 ŋz i-0 t ɨə-3 ŋz s aː-4 ŋz t aː-5 uz
NT_7_NAM_S0009_12,audio_data/train/NT_7_NAM_S0009_12.wav,m əː-3 k ɨə-3 z aː-0,m əː-3 k ɨə-3 z aː-0
TPA_Nu_6_S0009_116,audio_data/train/TPA_Nu_6_S0009_116.wav,s ɔ-4 kpz k ɔ-0 nz v ə-0 ŋz l əː-1 iz ɓ aː-1 m aː-0 ŋz tʰ ɨ-0 ɗ i-0,s ɔ-4 kpz k ɔ-0 nz v ə-0 ŋz l əː-1 iz ɓ aː-1 m aː-0 ŋz tʰ ɨ-0 ɗ i-0
THA_Nu_6_S00042_3,audio_data/train/THA_Nu_6_S00042_3.wav,f iə-4 s aː-0 l aː-1 ɲ aː-1 k w aː-5,f iə-4 s aː-0 l aː-1 ɲ aː-1 k w aː-4
PTT_7_NU_S0041_131,audio_data/train/PTT_7_NU_S0041_131.wav,h w aː-5 tz ɗ o-5 ŋmz k uə-3 k ɔ-0 nz ŋ ɨə-1 iz,h w aː-5 tz ɗ o-5 ŋmz k uə-3 k ɔ-0 nz ŋ ɨə-1 iz
NHM_7_NU_S0006_180,audio_data/train/NHM_7_NU_S0006_180.wav,k ə-5 uz t͡ɕ u-3 h a-2 iz k əː-3 iz k w ə-1 nz aː-4 uz z aː-0 v aː-1 ɲ a-3 iz ŋ a-0 iz s w o-4 ŋmz h o-1 ɗ i-0,k ə-5 uz t͡ɕ u-3 h a-2 iz k əː-3 iz k w ə-1 nz aː-4 uz z aː-0 v aː-1 ɲ a-3 iz ŋ a-0 iz s w o-4 ŋmz h o-1 ɗ i-0
PTL_7_NU_S0008_54,audio_data/train/PTL_7_NU_S0008_54.wav,k ɔ-0 nz k aː-4 h ɛ-0 uz,k ɔ-0 nz k aː-4 h ɛ-0 uz
MK_7_NU_S0007_11,audio_data/train/MK_7_NU_S0007_11.wav,ɛ-0 mz h ɔ-5 kpz ɓ aː-1 iz,ɛ-0 mz h ɔ-5 kpz ɓ aː-1 iz
CNBA_Nu_6_S0003_162,audio_data/train/CNBA_Nu_6_S0003_162.wav,t aː-0 ɗ aː-2 a-0 nz n ɔ-4 t͡ɕ ɨə-0 ɲ i-3,t aː-0 ɗ aː-2 a-0 nz n ɔ-4 t͡ɕ ɨə-0 ɲ i-3
MK_7_NAM_S0005_29,audio_data/train/MK_7_NAM_S0005_29.wav,tʰ e-4 k w e-0 k ə-5 uz əː-0 ɗ ə-0 uz,tʰ e-4 k w e-0 k ə-5 uz əː-0 ɗ ə-0 uz
LDMT_Nam_6_S00047_50,audio_data/train/LDMT_Nam_6_S00047_50.wav,tʰ i-1 z aː-0 k w aː-5 s a-4 pz t͡ɕ o-5 pz ɣ aː-1 ɲ ɛ-4 pz,tʰ i-1 z aː-0 k w aː-5 s a-4 pz t͡ɕ o-5 pz ɣ aː-1 ɲ ɛ-4 pz
NDBA_7_NAM_S0010_36,audio_data/train/NDBA_7_NAM_S0010_36.wav,k aː-4 kz ɓ aː-5 nz ɗ e-1 uz k ɨə-1 iz,k aː-4 kz ɓ aː-5 nz ɗ e-1 uz k ɨə-1 iz
NHM_7_NU_S0006_184,audio_data/train/NHM_7_NU_S0006_184.wav,ɓ ɔ-5 nz t͡ɕ o-5 mz ɗ aː-2 k ɨə-4 pz l ə-4 iz k w ə-1 nz aː-4 uz k uə-3 t͡ɕ u-3 ɲ ə-0 nz t o-0 iz x i-0 ɗ aː-0 ŋz t a-4 mz,ɓ ɔ-5 nz t͡ɕ o-5 mz ɗ aː-2 k ɨə-4 pz l ə-4 iz k w ə-1 nz aː-4 uz k uə-3 t͡ɕ u-3 ɲ ə-0 nz t o-0 iz x i-0 ɗ aː-0 ŋz t a-4 mz
NHM_7_NU_S0006_88,audio_data/train/NHM_7_NU_S0006_88.wav,n ɨə-4 kz z ə-0 ŋz l e-0 nz ɲ ɨ-0 tʰ e-4 n aː-1 uz,n ɨə-4 kz z ə-0 ŋz l e-0 nz ɲ ɨ-0 tʰ e-4 l aː-1 uz
LXT_Nam_6_S0008_119,audio_data/train/LXT_Nam_6_S0008_119.wav,ɓ ə-0 iz z əː-1 t͡ɕ u-4 ŋmz t aː-0 k u-1 ŋmz ɗ ɔ-5 kpz ɓ aː-1 iz h aː-5 tz n a-4 ŋz ɓ ɛ-4 k ɔ-0 nz ɗ i-0,ɓ ə-0 iz z əː-1 t͡ɕ u-4 ŋmz t aː-0 k u-1 ŋmz ɗ ɔ-5 kpz ɓ aː-1 iz h aː-5 tz n a-4 ŋz ɓ ɛ-4 k ɔ-0 nz ɗ i-0
TTT_Nu_6_S00049_65,audio_data/train/TTT_Nu_6_S00049_65.wav,v aː-1 ɓ i-5 h ɔ-3 ŋmz ɲ aː-1 k uə-3 l əː-5 nz eaː-0 ŋ̟z,v aː-1 ɓ i-5 h ɔ-3 ŋmz ɲ aː-1 k uə-3 l əː-5 nz eaː-0 ŋ̟z
LXT_Nam_6_S0008_114,audio_data/train/LXT_Nam_6_S0008_114.wav,m ɛ-5 x o-0 ŋmz tʰ i-4 k̟z,m ɛ-5 x o-0 ŋmz tʰ i-4 k̟z
NNM_Nu_6_S00045_99,audio_data/train/NNM_Nu_6_S00045_99.wav,ɓ ə-4 tz ŋ əː-1 k aː-4 s ə-4 uz v o-1 t əː-4 iz ɗ əː-4 pz tʰ ɔ-3,ɓ ə-4 tz ŋ əː-1 k aː-4 s ə-4 uz v o-1 t əː-4 iz ɗ əː-4 pz tʰ ɔ-3
CNBA_Nu_6_S0003_32,audio_data/train/CNBA_Nu_6_S0003_32.wav,e-4 k̟z ɗ aː-2 z u-4 pz k ɔ-0 nz x i-0 k ɔ-0 nz ɣ a-5 pz x ɔ-4 x a-0 nz k ɔ-0 nz f aː-3 iz z ɨ-2 l əː-1 iz h ɨə-4 t͡ɕ ɨ-4,e-4 k̟z ɗ aː-2 z u-4 pz k ɔ-0 nz x i-0 k ɔ-0 nz ɣ a-5 pz x ɔ-4 x a-0 nz k ɔ-0 nz f aː-3 iz z ɨ-2 l əː-1 iz h ɨə-4 t͡ɕ ɨ-4
NTM_Nam_6_S00010_27,audio_data/train/NTM_Nam_6_S00010_27.wav,k ɔ-4 n o-1 iz k əː-0 mz n e-4 pz,k ɔ-4 n o-1 iz k əː-0 mz n e-4 pz
TTT_Nu_6_S00049_26,audio_data/train/TTT_Nu_6_S00049_26.wav,ɓ ɛ-4 l e-0 s əː-5 k aː-4 m ə-5 pz,ɓ ɛ-4 l e-0 s əː-5 k aː-4 m ə-5 pz
CNBA_Nu_6_S0003_174,audio_data/train/CNBA_Nu_6_S0003_174.wav,ɓ o-4 nz k aː-4 m a-0 ŋz t i-1 mz v e-1 ɲ aː-1 v aː-1 ɣ a-5 pz m ɛ-5,ɓ o-4 nz k aː-4 m a-0 ŋz t i-1 mz v e-1 ɲ aː-1 v aː-1 ɣ a-5 pz m ɛ-5
TTD_7_NAM_S0001_106,audio_data/train/TTD_7_NAM_S0001_106.wav,n ɔ-4 m ɨ-1 ŋz t əː-4 ɗ i-0 h ɔ-5 kpz v e-1 v aː-1 t əː-4 z ə-4 tz iə-0 uz k w i-4 n ɔ-4,n ɔ-4 m ɨ-1 ŋz t əː-4 ɗ i-0 h ɔ-5 kpz v e-1 v aː-1 t əː-4 z ə-4 tz iə-0 uz k w i-4 n ɔ-4
MK_7_NU_S0007_43,audio_data/train/MK_7_NU_S0007_43.wav,ɓ o-4 nz m uə-1 s w ə-0 nz h aː-5 tʰ u-0 ɗ o-0 ŋmz,ɓ o-4 nz m uə-1 s w ə-0 nz h aː-5 tʰ u-0 ɗ o-0 ŋmz
PTT_7_NU_S0041_23,audio_data/train/PTT_7_NU_S0041_23.wav,h aː-5 t͡ɕ ɔ-0 t͡ɕ aː-4 iz ŋ ɔ-5 tz h w aː-0 tʰ əː-0 mz,h aː-5 t͡ɕ ɔ-0 t͡ɕ aː-4 iz ŋ ɔ-5 tz h w aː-0 tʰ əː-0 mz
LXT_Nam_6_S0008_76,audio_data/train/LXT_Nam_6_S0008_76.wav,o-0 ŋmz t͡ɕ u-3 ɗ aː-0 ŋz əː-0 ɣ ə-1 nz ɗ ɔ-4 ŋ ɛ-0 tʰ ə-4 iz l iə-1 nz v aː-4 kz t͡ɕ a-5 iz l aː-5 iz n e-5 nz s ɔ-4 iz m o-5 tz t͡ɕ ə-5 nz n e-0 nz tʰ ə-0 nz,o-0 ŋmz t͡ɕ u-3 ɗ aː-0 ŋz əː-0 ɣ ə-1 nz ɗ ɔ-4 ŋ ɛ-0 tʰ ə-4 iz l iə-1 nz v aː-4 kz t͡ɕ a-5 iz l aː-5 iz n e-5 nz s ɔ-4 iz m o-5 tz t͡ɕ ə-5 nz n e-0 nz tʰ ə-0 nz
PTT_7_NU_S0041_117,audio_data/train/PTT_7_NU_S0041_117.wav,ŋ ɛ-0 ɲ ɨ-0 m ɨə-0 z aː-1 uz,ŋ ɛ-0 ɲ ɨ-0 m ɨə-0 z aː-1 uz
DNK_7_NU_S0048_295,audio_data/train/DNK_7_NU_S0048_295.wav,ɗ e-3 n ɔ-4 x aː-4 tz x o-0 h ɔ-5 ŋmz,ɗ e-3 n ɔ-4 x aː-4 tz x o-0 h ɔ-5 ŋmz
NTN_7_NU_S0042_7,audio_data/train/NTN_7_NU_S0042_7.wav,k ɔ-4 ɗ u-3 l w aː-5 iz k ə-0 iz tʰ ɨ-0 v iə-5 nz s eaː-0 ŋ̟z v əː-4 iz z ə-4 tz ɲ iə-1 uz k uə-3 s eaː-4 k̟z h a-0 iz,k ɔ-4 ɗ u-3 l w aː-5 iz k ə-0 iz tʰ ɨ-0 v iə-5 nz s eaː-0 ŋ̟z v əː-4 iz z ə-4 tz ɲ iə-1 uz k uə-3 s eaː-4 k̟z h a-0 iz
TPA_Nu_6_S0009_67,audio_data/train/TPA_Nu_6_S0009_67.wav,tʰ e-4 z o-1 iz l ə-1 nz l ɨə-5 tz k aː-4 kz k o-0 k ɔ-0 nz ɗ i-0 l ə-4 iz t͡ɕ o-1 ŋmz,tʰ e-4 z o-1 iz l ə-1 nz l ɨə-5 tz k aː-4 kz k o-0 k ɔ-0 nz ɗ i-0 l ə-4 iz t͡ɕ o-1 ŋmz
CNBA_Nu_6_S0003_165,audio_data/train/CNBA_Nu_6_S0003_165.wav,t əː-4 ɗ o-4 ɓ aː-5 nz n ɔ-4 iz t iə-4 pz t ɨ-1 k ɔ-1 nz tʰ iə-4 uz ɗ e-3 h w aː-1 nz tʰ eaː-1 ŋ̟z s əː-0 ɗ o-1 t ɔ-4 mz t a-4 tz t͡ɕ w iə-5 nz,t əː-4 ɗ o-4 ɓ aː-5 nz l ɔ-4 iz t iə-4 pz t ɨ-1 k ɔ-1 nz tʰ iə-4 uz ɗ e-3 h w aː-1 nz tʰ eaː-1 ŋ̟z s əː-0 ɗ o-1 t ɔ-4 mz t a-4 tz t͡ɕ w iə-5 nz
NNM_Nu_6_S00045_140,audio_data/train/NNM_Nu_6_S00045_140.wav,l ɨə-1 k ɔ-1 mz ɲ ɔ-0 mz m aː-1 t͡ɕ əː-3 l a-4 mz ɗ o-1 k w aː-4,l ɨə-1 k ɔ-1 mz ɲ ɔ-0 mz m aː-1 t͡ɕ əː-3 l a-4 mz ɗ o-1 k w aː-4
DNK_7_NU_S0048_138,audio_data/train/DNK_7_NU_S0048_138.wav,l aː-1 k ɔ-0 nz t͡ɕ i-0 mz k o-0 ŋmz,l aː-1 k ɔ-0 nz t͡ɕ i-0 mz k o-0 ŋmz
NDBA_7_NAM_S0010_66,audio_data/train/NDBA_7_NAM_S0010_66.wav,eaː-0 ŋ̟z ŋ i-2 ɗ e-4 nz k eaː-3 ŋ̟z m i-1 ŋ̟z s ɛ-2 t͡ɕ e-4 tz ɗ ɔ-4 iz ɲ ɨ-0 ŋz m ɛ-1 uz l aː-5 iz t ɔ-3 z aː-0 tʰ o-0 ŋmz m i-0 ŋ̟z v aː-1 l eaː-0 ŋ̟z l əː-5 iz h əː-0 nz eaː-0 ŋ̟z t ɨə-3 ŋz,eaː-0 ŋ̟z ŋ i-2 ɗ e-4 nz k eaː-5 ŋ̟z m i-1 ŋ̟z s ɛ-2 t͡ɕ e-4 tz ɗ ɔ-4 iz ɲ ɨ-0 ŋz m ɛ-1 uz l aː-5 iz t ɔ-3 z aː-0 tʰ o-0 ŋmz m i-0 ŋ̟z v aː-1 l eaː-0 ŋ̟z l əː-5 iz h əː-0 nz eaː-0 ŋ̟z t ɨə-3 ŋz
THA_Nu_6_S00042_11,audio_data/train/THA_Nu_6_S00042_11.wav,s ɛ-3 ɓ o-4 s ɛ-3 k aː-0 z i-0 z i-0,s ɛ-3 ɓ o-4 s ɛ-3 k aː-0 z i-0 z i-0
NT_7_NAM_S0009_31,audio_data/train/NT_7_NAM_S0009_31.wav,k aː-4 iz n a-1 iz t əː-4 x o-0 ŋmz ɓ iə-4 tz k ə-5 uz h ɔ-3 iz k ə-5 uz t͡ɕ aː-3 l əː-1 iz t͡ɕ ɔ-0 t əː-4 ɗ ɨə-5 kz x o-0 ŋmz,k aː-4 iz n a-1 iz t əː-4 x o-0 ŋmz ɓ iə-4 tz k ə-5 uz h ɔ-3 iz k ə-5 uz t͡ɕ aː-3 l əː-1 iz t͡ɕ ɔ-0 t əː-4 ɗ ɨə-5 kz x o-0 ŋmz
THA_Nu_6_S00042_122,audio_data/train/THA_Nu_6_S00042_122.wav,s aː-0 s aː-0 k ɔ-4 t͡ɕ u-4 z uə-1,s aː-0 s aː-0 k ɔ-4 t͡ɕ u-4 z uə-1
GQM_Nam_6_S0006_4,audio_data/train/GQM_Nam_6_S0006_4.wav,ɗ e-4 nz t͡ɕ ɨə-0 v e-1 ɲ aː-1 n ɔ-4 o-0 mz m ɛ-5 k e-3,ɗ e-4 nz t͡ɕ ɨə-0 v e-1 ɲ aː-1 n ɔ-4 o-0 mz m ɛ-5 k e-3
DNK_7_NU_S0048_158,audio_data/train/DNK_7_NU_S0048_158.wav,k ɔ-4 k aː-4 t w aː-4 nz t͡ɕ i-0 mz k u-2,k ɔ-4 k aː-4 t w aː-4 nz t͡ɕ i-0 mz k u-2
TPA_Nu_6_S0009_100,audio_data/train/TPA_Nu_6_S0009_100.wav,s ɔ-4 kpz k ɔ-0 nz ə-0 uz iə-4 mz n ɔ-4 iz,s ɔ-4 kpz k ɔ-0 nz ə-0 uz iə-4 mz n ɔ-4 iz
PTT_7_NU_S0041_54,audio_data/train/PTT_7_NU_S0041_54.wav,tʰ u-0 ɗ a-5 tz t a-0 iz l e-0 nz v aː-0 iz ɗ o-0 ŋmz tʰ u-3 tʰ i-3,tʰ u-0 ɗ a-5 tz t a-0 iz l e-0 nz v aː-0 iz ɗ o-0 ŋmz tʰ u-3 tʰ i-3
NNM_Nu_6_S00045_77,audio_data/train/NNM_Nu_6_S00045_77.wav,t͡ɕ u-4 l əː-5 nz ɲ əː-2 l aː-1 mz ɲ aː-1 ɓ a-1 ŋz ɣ o-2,t͡ɕ u-4 l əː-5 nz ɲ əː-2 l aː-1 mz ɲ aː-1 ɓ a-1 ŋz ɣ o-2
NHM_7_NU_S0006_11,audio_data/train/NHM_7_NU_S0006_11.wav,k w o-4 iz k u-1 ŋmz o-0 ŋmz ɗ a-2 nz ɲ ɨ-2 ŋz k ə-0 iz ɣ o-2 l əː-4 nz ɲ ə-4 tz l aː-1 mz k o-5 tz t͡ɕ ɔ-5 nz ɲ ɨ-2 ŋz v iə-0 nz ɗ aː-4 tʰ ə-5 tz t ɔ-0 l aː-1 mz t ɨə-1 ŋz z ɨ-5 ŋz m o-5 tz ŋ o-0 iz ɲ aː-1 tʰ ə-5 tz v ɨ-2 ŋz t͡ɕ aː-2 iz,k w o-4 iz k u-1 ŋmz o-0 ŋmz ɗ a-2 nz ɲ ɨ-2 ŋz k ə-0 iz ɣ o-2 l əː-4 nz ɲ ə-4 tz l aː-1 mz k o-5 tz t͡ɕ ɔ-5 nz ɲ ɨ-2 ŋz v iə-0 nz ɗ aː-4 tʰ ə-5 tz t ɔ-0 l aː-1 mz t ɨə-1 ŋz z ɨ-5 ŋz m o-5 tz ŋ o-0 iz ɲ aː-1 tʰ ə-5 tz v ɨ-2 ŋz t͡ɕ aː-2 iz
CNBA_Nu_6_S0003_100,audio_data/train/CNBA_Nu_6_S0003_100.wav,l aː-1 k ɔ-0 nz v uə-0 k uə-3 ɓ iə-3 nz,l aː-1 k ɔ-0 nz v uə-0 k uə-3 ɓ iə-3 nz
TTD_7_NAM_S0001_113,audio_data/train/TTD_7_NAM_S0001_113.wav,ɓ aː-5 nz ɗ a-5 tz t e-0 nz t͡ɕ ɔ-0 t͡ɕ eaː-0 ŋ̟z eaː-3 ŋ̟z ɗ ɔ-4 l aː-1 ɣ i-1,ɓ aː-5 nz ɗ a-5 tz t e-0 nz t͡ɕ ɔ-0 t͡ɕ eaː-0 ŋ̟z eaː-3 ŋ̟z ɗ ɔ-4 l aː-1 ɣ i-1
PC_7_NAM_S0004_112,audio_data/train/PC_7_NAM_S0004_112.wav,h w aː-0 h o-1 ŋmz k uə-3 m ɛ-5 t əː-4 k ɔ-4 ɗ u-3 k aː-4 kz m a-1 uz v i-4 z u-5 ɲ ɨ-0 m a-1 uz v aː-1 ŋz m a-1 uz ɗ ɔ-3 v aː-1 m a-1 uz h o-1 ŋmz,h w aː-0 h o-1 ŋmz k uə-3 m ɛ-5 t əː-4 k ɔ-4 ɗ u-3 k aː-4 kz m a-1 uz v i-4 z u-5 ɲ ɨ-0 m a-1 uz v aː-1 ŋz m a-1 uz ɗ ɔ-3 v aː-1 m a-1 uz h o-1 ŋmz
NMA_7_NU_S0002_130,audio_data/train/NMA_7_NU_S0002_130.wav,ɗ ə-0 iz l aː-1 ɗ o-1 ŋmz l uə-4,ɗ ə-0 iz l aː-1 ɗ o-1 ŋmz l uə-4
NNM_Nu_6_S00045_88,audio_data/train/NNM_Nu_6_S00045_88.wav,ɓ aː-5 nz t͡ɕ aː-3 l əː-1 iz ɗ u-4 ŋmz z o-1 iz,ɓ aː-5 nz t͡ɕ aː-3 l əː-1 iz ɗ u-4 ŋmz z o-1 iz
PTT_7_NU_S0041_5,audio_data/train/PTT_7_NU_S0041_5.wav,ɗ o-0 ŋmz ɗ o-0 ŋmz k ə-1 mz t a-0 iz s w ə-0 nz ɓ aː-3 uz,ɗ o-0 ŋmz ɗ o-0 ŋmz k ə-1 mz t a-0 iz s w ə-0 nz ɓ aː-3 uz
NTN_7_NU_S0042_63,audio_data/train/NTN_7_NU_S0042_63.wav,k o-0 z aː-4 uz l əː-4 pz ɛ-0 mz,k o-0 z aː-4 uz l əː-4 pz ɛ-0 mz
NTN_7_NU_S0042_82,audio_data/train/NTN_7_NU_S0042_82.wav,k o-0 z aː-4 uz l əː-4 pz ɛ-0 mz,k o-0 z aː-4 uz l əː-4 pz ɛ-0 mz
HYT_Nu_6_S0005_44,audio_data/train/HYT_Nu_6_S0005_44.wav,k ɔ-0 nz m aː-1 ɗ e-4 nz ɣ ə-1 nz n ɔ-4 s ɛ-2 a-0 nz tʰ i-5 tz k ɔ-0 nz ɗ ɔ-4,k ɔ-0 nz ɣ aː-1 ɗ e-4 nz ɣ ə-1 nz n ɔ-4 s ɛ-2 a-0 nz tʰ i-5 tz k ɔ-0 nz ɗ ɔ-4
PC_7_NAM_S0004_95,audio_data/train/PC_7_NAM_S0004_95.wav,v ə-5 iz ɓ aː-5 nz k ɔ-4 tʰ i-4 k̟z v e-1 k w e-0 x o-0 ŋmz,v ə-5 iz ɓ aː-5 nz k ɔ-4 tʰ i-4 k̟z v e-1 k w e-0 x o-0 ŋmz
NT_7_NAM_S0009_56,audio_data/train/NT_7_NAM_S0009_56.wav,ɲ i-1 nz ŋ ɨə-1 iz z aː-0 uz v iə-5 kz tʰ o-0 ŋmz m i-0 ŋ̟z ɗ u-4 ŋmz t aː-1 iz,ɲ i-1 nz ŋ ɨə-1 iz z aː-0 uz v iə-5 kz tʰ o-0 ŋmz m i-0 ŋ̟z ɗ u-4 ŋmz t aː-1 iz
PTL_7_NU_S0008_166,audio_data/train/PTL_7_NU_S0008_166.wav,t əː-4 ɲ i-1 nz tʰ ə-4 iz k ɔ-0 nz h o-3,t əː-4 ɲ i-1 nz tʰ ə-4 iz k ɔ-0 nz h o-3
CNBA_Nu_6_S0003_33,audio_data/train/CNBA_Nu_6_S0003_33.wav,k o-0 ŋmz t͡ɕ uə-4 ɗ eaː-1 ŋ̟z f aː-3 iz ɗ ɨə-0 e-4 k̟z v aː-1 uz f ɔ-1 ŋmz k uə-3 m i-1 ŋ̟z,k o-0 ŋmz t͡ɕ uə-4 ɗ eaː-1 ŋ̟z f aː-3 iz ɗ ɨə-0 e-4 k̟z v aː-1 uz f ɔ-1 ŋmz k uə-3 m i-1 ŋ̟z
THA_7_NU_S0043_65,audio_data/train/THA_7_NU_S0043_65.wav,aː-0 iz k u-2 ŋmz k o-4 ɣ a-4 ŋz h ɔ-5 kpz ɗ e-3 ɗ ɨə-5 kz ɲ ə-5 nz f ə-1 nz tʰ ɨə-3 ŋz k uə-3 tʰ ə-1 iz,aː-0 iz k u-2 ŋmz k o-4 ɣ a-4 ŋz h ɔ-5 kpz ɗ e-3 ɗ ɨə-5 kz ɲ ə-5 nz f ə-1 nz tʰ ɨə-3 ŋz k uə-3 tʰ ə-1 iz
CNBA_Nu_6_S0003_58,audio_data/train/CNBA_Nu_6_S0003_58.wav,z aː-0 ɓ iə-3 nz tʰ u-4 v i-5 tʰ ə-5 tz,z aː-0 ɓ iə-3 nz tʰ u-4 v i-5 tʰ ə-5 tz
PTL_7_NU_S0008_56,audio_data/train/PTL_7_NU_S0008_56.wav,ɛ-0 mz z ə-4 tz tʰ i-4 k̟z k ɔ-0 nz v ə-5 tz n a-1 iz,ɛ-0 mz z ə-4 tz tʰ i-4 k̟z k ɔ-0 nz v ə-5 tz n a-1 iz
PC_7_NAM_S0004_101,audio_data/train/PC_7_NAM_S0004_101.wav,ɓ w o-3 iz t o-4 iz t əː-4 k ɔ-1 nz ɗ ɨə-5 kz ŋ ɛ-0 t iə-4 ŋz z iə-1 uz s aː-4 uz n ɨə-2,ɓ w o-3 iz t o-4 iz t əː-4 k ɔ-1 nz ɗ ɨə-5 kz ŋ ɛ-0 t iə-4 ŋz z iə-1 uz s aː-4 uz n ɨə-2
THA_Nu_6_S00042_8,audio_data/train/THA_Nu_6_S00042_8.wav,k ə-5 uz tʰ ə-4 iz t əː-4 ɗ ɔ-5 kpz h a-0 iz x o-0 ŋmz,k ə-5 uz tʰ ə-4 iz t əː-4 ɗ ɔ-5 kpz h aː-0 iz x o-0 ŋmz
NTN_7_NU_S0042_5,audio_data/train/NTN_7_NU_S0042_5.wav,h aː-1 v aː-1 k aː-4 kz ɓ aː-5 nz tʰ i-4 k̟z ɲ ɨ-2 ŋz ɣ i-1 əː-0 ŋ o-0 iz t͡ɕ ɨə-1 ŋz m əː-4 iz,h aː-1 v aː-1 k aː-4 kz ɓ aː-5 nz tʰ i-4 k̟z ɲ ɨ-2 ŋz ɣ i-1 əː-0 ŋ o-0 iz t͡ɕ ɨə-1 ŋz m əː-4 iz
LXT_Nam_6_S0008_95,audio_data/train/LXT_Nam_6_S0008_95.wav,ɔ-0 ŋmz t͡ɕ aː-3 l əː-1 iz,ɔ-0 ŋmz t͡ɕ aː-3 l əː-1 iz
TPA_Nu_6_S0009_114,audio_data/train/TPA_Nu_6_S0009_114.wav,ɓ iə-4 tz m i-1 ŋ̟z s a-4 pz ɓ iə-4 tz m i-1 ŋ̟z t͡ɕ a-3 ŋz s o-4 ŋmz ɗ ɨə-5 kz ɓ aː-0 uz l ə-0 uz n ɨə-2 ɓ aː-1 ɲ əː-4 k aː-4 kz k ɔ-0 nz ɲ ɨ-0 ŋz k aː-3 ɓ aː-0 k o-0 ɗ e-1 uz əː-0 s aː-0,ɓ iə-4 tz m i-1 ŋ̟z s a-4 pz ɓ iə-4 tz m i-1 ŋ̟z t͡ɕ a-3 ŋz s o-4 ŋmz ɗ ɨə-5 kz ɓ aː-0 uz l ə-0 uz n ɨə-2 ɓ aː-1 ɲ əː-4 k aː-4 kz k ɔ-0 nz ɲ ɨ-0 ŋz k aː-3 ɓ aː-0 k o-0 ɗ e-1 uz əː-0 s aː-0
PTL_7_NU_S0008_65,audio_data/train/PTL_7_NU_S0008_65.wav,s iə-0 uz n a-0 ŋz l ɨ-5 kz k uə-3 m w o-0 ŋmz tʰ u-4,s iə-0 uz l a-0 ŋz l ɨ-5 kz k uə-3 m w o-0 ŋmz tʰ u-4
TTD_7_NAM_S0001_39,audio_data/train/TTD_7_NAM_S0001_39.wav,t͡ɕ e-0 nz s ə-0 nz t͡ɕ e-0 nz k ɔ-3,t͡ɕ e-0 nz s ə-0 nz t͡ɕ e-0 nz k ɔ-3
GQM_Nam_6_S0006_80,audio_data/train/GQM_Nam_6_S0006_80.wav,n aː-1 ŋz t iə-0 nz k aː-4 l aː-1 k ɔ-0 nz v uə-0 ɓ iə-3 nz,n aː-1 ŋz t iə-0 nz k aː-4 l aː-1 k ɔ-0 nz v uə-0 ɓ iə-3 nz
CNBA_Nu_6_S0003_175,audio_data/train/CNBA_Nu_6_S0003_175.wav,ɓ ə-0 iz z əː-1 t əː-4 s ɛ-2 ɗ ɔ-5 kpz ɓ aː-1 iz tʰ əː-0 ŋ w aː-0 nz t aː-4 kz z aː-3 k w aː-0 ŋz h w i-0,ɓ ə-0 iz z əː-1 t əː-4 s ɛ-2 ɗ ɔ-5 kpz ɓ aː-1 iz tʰ əː-0 ŋ w aː-0 nz t aː-4 kz z aː-3 k w aː-0 ŋz h w i-0
TTD_7_NAM_S0001_100,audio_data/train/TTD_7_NAM_S0001_100.wav,tʰ e-4 t əː-4 h ɔ-3 iz k ə-5 uz k w aː-0 nz s aː-4 tz t͡ɕ eaː-0 ŋ̟z eaː-3 ŋ̟z v aː-1 ɣ i-0 l aː-5 iz k e-4 tz k w aː-3 k w aː-0 nz s aː-4 tz,tʰ e-4 t əː-4 h ɔ-3 iz k ə-5 uz k w aː-0 nz s aː-4 tz t͡ɕ eaː-0 ŋ̟z eaː-3 ŋ̟z v aː-1 ɣ i-0 l aː-5 iz k e-4 tz k w aː-3 k w aː-0 nz s aː-4 tz
CNBA_Nu_6_S0003_52,audio_data/train/CNBA_Nu_6_S0003_52.wav,t͡ɕ e-0 nz ɓ əː-1 l u-2 t͡ɕ w o-5 tz t͡ɕ ɨə-5 tz v aː-4 nz n o-0 ɗ uə-1 ə-1 mz i-0,t͡ɕ e-0 nz ɓ əː-1 l u-2 t͡ɕ w o-5 tz t͡ɕ ɨə-5 tz v aː-4 nz l o-0 ɗ uə-1 ə-1 mz i-0
TTD_7_NAM_S0001_82,audio_data/train/TTD_7_NAM_S0001_82.wav,ɓ aː-5 nz x ɛ-0 nz k ɔ-0 nz m ɛ-1 uz ɲ aː-1 ɓ aː-5 nz ɛ-0 mz z ə-4 tz s i-0 ŋ̟z ɛ-0 mz tʰ i-1 k ə-5 uz s ɛ-2 t͡ɕ aː-3 l əː-1 iz ɲ ɨ-0 n aː-1 uz ɗ e-3 k aː-3 mz əː-0 nz,ɓ aː-5 nz x ɛ-0 nz k ɔ-0 nz m ɛ-1 uz ɲ aː-1 ɓ aː-5 nz ɛ-0 mz z ə-4 tz s i-0 ŋ̟z ɛ-0 mz tʰ i-1 k ə-5 uz s ɛ-2 t͡ɕ aː-3 l əː-1 iz ɲ ɨ-0 n aː-1 uz ɗ e-3 k aː-3 mz əː-0 nz
DNK_7_NU_S0048_80,audio_data/train/DNK_7_NU_S0048_80.wav,k o-0 z ə-4 tz z ɨə-4 nz k ɔ-0 nz ɗ ɔ-5 kpz l aː-5 iz t ɨ-1 ɗ ə-0 iz ɲ aː-4,k o-0 z ə-4 tz z ɨə-4 nz k ɔ-0 nz ɗ ɔ-5 kpz l aː-5 iz t ɨ-1 ɗ ə-0 iz ɲ aː-4
LXT_Nam_6_S0008_43,audio_data/train/LXT_Nam_6_S0008_43.wav,ɣ aː-1 t͡ɕ o-4 ŋmz s əː-5 h e-4 tz h o-1 nz t͡ɕ a-5 iz m ə-4 tz,ɣ aː-1 t͡ɕ o-4 ŋmz s əː-5 h e-4 tz h o-1 nz t͡ɕ a-5 iz m ə-4 tz
GQM_Nam_6_S0006_81,audio_data/train/GQM_Nam_6_S0006_81.wav,n ɨə-3 tʰ ə-0 nz t͡ɕ e-0 nz k uə-3 n aː-1 ŋz ɲ ɨ-0 m o-5 tz k o-0 ɓ ɛ-4,n ɨə-3 tʰ ə-0 nz t͡ɕ e-0 nz k uə-3 n aː-1 ŋz ɲ ɨ-0 m o-5 tz k o-0 ɓ ɛ-4
NT_7_NAM_S0009_45,audio_data/train/NT_7_NAM_S0009_45.wav,s ɨ-0 t ɨ-3 ɓ aː-1 nz t͡ɕ w iə-5 nz s w ə-4 tz k w ə-0 nz,s ɨ-0 t ɨ-3 ɓ aː-1 nz t͡ɕ w iə-5 nz s w ə-4 tz k w ə-0 nz
TPA_Nu_6_S0009_31,audio_data/train/TPA_Nu_6_S0009_31.wav,ɗ a-0 ŋz ɗ ɔ-5 kpz t͡ɕ ɨə-4 kz t əː-4 ɗ i-0 n aː-1 uz,ɗ a-0 ŋz ɗ ɔ-5 kpz t͡ɕ ɨə-4 kz t əː-4 ɗ i-0 n aː-1 uz
THA_Nu_6_S0001_19,audio_data/train/THA_Nu_6_S0001_19.wav,k aː-4 iz l ɨə-5 kz t͡ɕ aː-3 iz ɗ ə-1 uz,k aː-4 iz l ɨə-5 kz t͡ɕ aː-3 iz ɗ ə-1 uz
DNK_7_NU_S0048_141,audio_data/train/DNK_7_NU_S0048_141.wav,ɓ əː-1 t͡ɕ ɛ-0 ɗ ɔ-4 nz x eaː-4 k̟z,ɓ əː-1 t͡ɕ ɛ-0 ɗ ɔ-4 nz x eaː-4 k̟z
NTN_7_NU_S0042_51,audio_data/train/NTN_7_NU_S0042_51.wav,k u-2 ŋmz tʰ ə-4 iz k o-0 ɗ e-4 nz z o-1 iz,k u-2 ŋmz tʰ ə-4 iz k o-0 ɗ e-4 nz z o-1 iz
CNBA_Nu_6_S0003_119,audio_data/train/CNBA_Nu_6_S0003_119.wav,m o-1 mz k aː-4 m ə-5 pz h aː-4 t ɔ-0 z a-0 ŋz s a-4 kz ɲ ɔ-5 nz l əː-3 mz t͡ɕ əː-3 mz,m o-1 mz k aː-4 m ə-5 pz h aː-4 t ɔ-0 z a-0 ŋz s a-4 kz ɲ ɔ-5 nz l əː-3 mz t͡ɕ əː-3 mz
NTN_7_NU_S0042_49,audio_data/train/NTN_7_NU_S0042_49.wav,k o-0 z aː-4 uz l əː-4 pz ɛ-0 mz,k o-0 z aː-4 uz l əː-4 pz ɛ-0 mz
TPA_Nu_6_S0009_217,audio_data/train/TPA_Nu_6_S0009_217.wav,k ə-0 uz t͡ɕ w iə-5 nz z ə-4 tz h a-0 iz v aː-1 i-0 ŋ iə-2,k ə-0 uz t͡ɕ w iə-5 nz z ə-4 tz h a-0 iz v aː-1 i-0 ŋ iə-2
CNBA_Nu_6_S0003_184,audio_data/train/CNBA_Nu_6_S0003_184.wav,iə-0 uz k o-0 iə-0 uz ɓ aː-5 nz ə-4 iz l aː-1 ɓ ɛ-4 ŋ w aː-0 nz,iə-0 uz k o-0 iə-0 uz ɓ aː-5 nz ə-4 iz l aː-1 ɓ ɛ-4 ŋ w aː-0 nz
NHM_7_NU_S0006_131,audio_data/train/NHM_7_NU_S0006_131.wav,ɲ ɨ-0 ŋz s a-0 uz x i-0 ŋ ɛ-0 l aː-0 ŋz l iə-0 uz t ə-0 uz t͡ɕ i-1 ŋ̟z v e-1 k eaː-4 k̟z l aː-1 mz v aː-1 i-0 ŋ iə-2 k uə-3 h aː-0 iz tʰ ɨ-4 ɓ eaː-4 ŋ̟z v uə-0 t͡ɕ aː-0 z ə-4 tz v w i-0 m ɨ-1 ŋz v aː-1 k aː-3 mz ɗ o-5 ŋmz,ɲ ɨ-0 ŋz s a-0 uz x i-0 ŋ ɛ-0 l aː-0 ŋz l iə-0 uz t ə-0 uz t͡ɕ i-1 ŋ̟z v e-1 k eaː-4 k̟z l aː-1 mz v aː-1 i-0 ŋ iə-2 k uə-3 h aː-0 iz tʰ ɨ-4 ɓ eaː-4 ŋ̟z v uə-0 t͡ɕ aː-0 z ə-4 tz v w i-0 m ɨ-1 ŋz v aː-1 k aː-3 mz ɗ o-5 ŋmz
NMA_7_NU_S0002_20,audio_data/train/NMA_7_NU_S0002_20.wav,s ɛ-0 mz v ɔ-0 iz l aː-1 h iə-3 uz h e-4 tz,s ɛ-0 mz v ɔ-0 iz l aː-1 h iə-3 uz h e-4 tz
CNBA_Nu_6_S0003_80,audio_data/train/CNBA_Nu_6_S0003_80.wav,n ɨə-3 tʰ ə-0 nz t͡ɕ e-0 nz k uə-3 n aː-1 ŋz ɲ ɨ-0 m o-5 tz k o-0 ɓ ɛ-4 n ɨə-3 tʰ ə-0 nz k iə-0 l aː-1 k aː-4,l ɨə-3 tʰ ə-0 nz t͡ɕ e-0 nz k uə-3 l aː-1 ŋz ɲ ɨ-0 m o-5 tz k o-0 ɓ ɛ-4 l ɨə-3 tʰ ə-0 nz k iə-0 l aː-1 k aː-4
NNM_Nu_6_S00045_107,audio_data/train/NNM_Nu_6_S00045_107.wav,tʰ i-1 tʰ i-1 m a-0 iz z aː-0 m əː-4 iz z w aː-5 ɗ ɨə-5 kz t o-0 iz,tʰ i-1 tʰ i-1 m a-0 iz z aː-0 m əː-4 iz z w aː-5 ɗ ɨə-5 kz t o-0 iz
NMA_7_NU_S0002_213,audio_data/train/NMA_7_NU_S0002_213.wav,ŋ a-1 iz s ɨə-0 əː-0 m iə-1 nz l aː-5 kz v iə-5 tz k ɔ-4 m o-5 tz v i-5 tʰ ə-1 nz t e-0 nz l aː-1 l aː-5 kz l ɔ-0 ŋmz k w ə-0 nz,ŋ a-1 iz s ɨə-0 əː-0 m iə-1 nz l aː-0 mz v iə-5 tz k ɔ-4 m o-5 tz v i-5 tʰ ə-1 nz t e-0 nz l aː-1 l aː-5 kz l ɔ-0 ŋmz k w ə-0 nz
THA_Nu_6_S00042_94,audio_data/train/THA_Nu_6_S00042_94.wav,ɗ o-4 ɓ aː-5 nz t i-1 mz t iə-4 ŋz n aː-1 uz k ɔ-4 ə-0 mz t͡ɕ əː-1,ɗ o-4 ɓ aː-5 nz t i-1 mz t iə-4 ŋz n aː-1 uz k ɔ-4 ə-0 mz t͡ɕ əː-1
HYT_Nu_6_S0005_24,audio_data/train/HYT_Nu_6_S0005_24.wav,t əː-4 ɗ o-4 ɓ aː-5 nz h i-1 ŋ̟z z aː-5 ŋz k uə-3 n ɔ-4 tʰ e-4 n aː-1 uz,t əː-4 ɗ o-4 ɓ aː-5 nz h i-1 ŋ̟z z aː-5 ŋz k uə-3 n ɔ-4 tʰ e-4 n aː-1 uz
NHM_7_NU_S0006_144,audio_data/train/NHM_7_NU_S0006_144.wav,k ɔ-1 nz m i-1 ŋ̟z tʰ i-1 k u-2 ŋmz ɲ ɨ-0 tʰ e-4 k ɔ-4 ɗ iə-1 uz tʰ e-0 mz n ɨə-2 l aː-1 l aː-0 ŋz l iə-0 uz z ə-4 tz l aː-1 t͡ɕ a-0 mz t͡ɕ i-3 l ə-4 iz t ə-4 tz k aː-3 k o-0 ŋmz s ɨ-4 kz k uə-3 m i-1 ŋ̟z z aː-0 t͡ɕ i-3 ɗ e-3 ɓ aː-0 nz t a-5 ŋz v uə-0 t͡ɕ aː-0 v aː-1 k ə-1 uz t͡ɕ əː-1 iz,k ɔ-1 nz m i-1 ŋ̟z tʰ i-1 k u-2 ŋmz ɲ ɨ-0 tʰ e-4 k ɔ-4 ɗ iə-1 uz tʰ e-0 mz n ɨə-2 l aː-1 l aː-0 ŋz l iə-0 uz z ə-4 tz l aː-1 t͡ɕ a-0 mz t͡ɕ i-3 l ə-4 iz t ə-4 tz k aː-3 k o-0 ŋmz s ɨ-4 kz k uə-3 m i-1 ŋ̟z z aː-0 t͡ɕ i-3 ɗ e-3 ɓ aː-0 nz t a-5 ŋz v uə-0 t͡ɕ aː-0 v aː-1 k ə-1 uz t͡ɕ əː-1 iz
NNM_Nu_6_S00045_50,audio_data/train/NNM_Nu_6_S00045_50.wav,l əː-5 nz eaː-0 ŋ̟z h o-4 tz h w aː-3 ŋz t͡ɕ a-5 iz s aː-0 ŋz ɲ aː-1 l əː-5 nz ɲ əː-2,l əː-5 nz eaː-0 ŋ̟z h o-4 tz h w aː-3 ŋz t͡ɕ a-5 iz s aː-0 ŋz ɲ aː-1 l əː-5 nz ɲ əː-2
THA_Nu_6_S00042_200,audio_data/train/THA_Nu_6_S00042_200.wav,əː-0 k w aː-1 k uə-3 m aː-4 l aː-1 ɣ i-1 ɲ i-3,əː-0 k w aː-1 k uə-3 m aː-4 l aː-1 ɣ i-1 ɲ i-3
TPA_Nu_6_S0009_56,audio_data/train/TPA_Nu_6_S0009_56.wav,m o-5 tz l u-2 ɣ aː-1 t͡ɕ o-4 ŋmz t͡ɕ o-4 nz aː-0 ɣ aː-1 m aː-4 iz t͡ɕ o-4 nz s eaː-5 k̟z,m o-5 tz l u-2 ɣ aː-1 t͡ɕ o-4 ŋmz t͡ɕ o-4 nz aː-0 ɣ aː-1 m aː-4 iz t͡ɕ o-4 nz s eaː-5 k̟z
THA_7_NU_S0043_130,audio_data/train/THA_7_NU_S0043_130.wav,k ə-0 iz k aː-0 mz v aː-1 ŋz tʰ e-0 mz t͡ɕ aː-4 iz,k ə-0 iz k aː-0 mz v aː-1 ŋz tʰ e-0 mz t͡ɕ aː-4 iz
NMA_7_NU_S0002_96,audio_data/train/NMA_7_NU_S0002_96.wav,ɣ ə-4 uz t w i-4 k ɔ-0 iz t͡ɕ e-0 nz s a-4 uz tʰ aː-4 ŋz ɓ w o-3 iz f aː-3 iz t ɨ-5 ɓ aː-4 mz t͡ɕ a-4 kz v aː-1 uz l ɨ-0 ŋz m ɛ-5 ɗ i-0 x i-0 m ɛ-5 z i-0 t͡ɕ w iə-3 nz tʰ w a-0 nz tʰ w a-4 tz t͡ɕ e-0 nz k aː-4 kz k eaː-1 ŋ̟z k ə-0 iz,ɣ ə-4 uz t w i-4 k ɔ-0 iz t͡ɕ e-0 nz s a-4 uz tʰ aː-4 ŋz ɓ w o-3 iz f aː-3 iz t ɨ-5 ɓ aː-4 mz t͡ɕ a-4 kz v aː-1 uz l ɨ-0 ŋz m ɛ-5 ɗ i-0 x i-0 m ɛ-5 z i-0 t͡ɕ w iə-3 nz tʰ w a-0 nz tʰ w a-4 tz t͡ɕ e-0 nz k aː-4 kz k eaː-1 ŋ̟z k ə-0 iz
MK_7_NAM_S0005_102,audio_data/train/MK_7_NAM_S0005_102.wav,t əː-4 ɗ ɔ-5 kpz ɗ w aː-5 nz m o-5 tz k ə-5 uz k ə-5 uz ɗ ɔ-5 kpz ɗ w aː-5 nz h aː-0 iz t əː-4 ɗ ɔ-5 kpz ɗ w aː-5 nz ɓ aː-0 k ə-5 uz ɗ ɔ-5 kpz ɗ w aː-5 nz ɓ o-4 nz t əː-4 ɗ ɔ-5 kpz ɗ w aː-5 nz n a-0 mz ɲ aː-4,t əː-4 ɗ ɔ-5 kpz ɗ w aː-5 nz m o-5 tz k ə-5 uz k ə-5 uz ɗ ɔ-5 kpz ɗ w aː-5 nz h aː-0 iz t əː-4 ɗ ɔ-5 kpz ɗ w aː-5 nz ɓ aː-0 k ə-5 uz ɗ ɔ-5 kpz ɗ w aː-5 nz ɓ o-4 nz t əː-4 ɗ ɔ-5 kpz ɗ w aː-5 nz n a-0 mz ɲ aː-4
PTL_7_NU_S0008_16,audio_data/train/PTL_7_NU_S0008_16.wav,k ɔ-0 nz t͡ɕ w o-5 tz t w i-4 tʰ i-1 t͡ɕ ɔ-0 ŋmz t͡ɕ iə-4 kz t w i-4 t͡ɕ ɨə-4 kz ɓ u-5 ŋmz,k ɔ-0 nz t͡ɕ w o-5 tz t w i-4 tʰ i-1 t͡ɕ ɔ-0 ŋmz t͡ɕ iə-4 kz t w i-4 t͡ɕ ɨə-4 kz ɓ u-5 ŋmz
LXT_Nam_6_S0008_53,audio_data/train/LXT_Nam_6_S0008_53.wav,ɣ aː-1 t͡ɕ o-4 ŋmz s əː-5 h e-4 tz h o-1 nz t͡ɕ a-5 iz m ə-4 tz,ɣ aː-1 t͡ɕ o-4 ŋmz s əː-5 h e-4 tz h o-1 nz t͡ɕ a-5 iz m ə-4 tz
CNBA_Nu_6_S0003_37,audio_data/train/CNBA_Nu_6_S0003_37.wav,e-4 k̟z ɓ iə-4 nz tʰ eaː-1 ŋ̟z m o-5 tz t͡ɕ aː-1 ŋz t͡ɕ aː-0 iz x o-0 iz ŋ o-0 t w ə-4 nz t u-4,e-4 k̟z ɓ iə-4 nz tʰ eaː-1 ŋ̟z m o-5 tz t͡ɕ aː-1 ŋz t͡ɕ aː-0 iz x o-0 iz ŋ o-0 t w ə-4 nz t u-4
PTL_7_NU_S0008_116,audio_data/train/PTL_7_NU_S0008_116.wav,t əː-4 k ɔ-4 m aː-0 ŋz t͡ɕ ɔ-0 k ə-5 uz s iə-0 uz k w iə-3 nz s iə-0 uz n a-0 ŋz l ɨ-5 kz k uə-3 m w o-0 ŋmz tʰ u-4,t əː-4 k ɔ-4 m aː-0 ŋz t͡ɕ ɔ-0 k ə-5 uz s iə-0 uz k w iə-3 nz s iə-0 uz n a-0 ŋz l ɨ-5 kz k uə-3 m w o-0 ŋmz tʰ u-4
LXT_Nam_6_S0008_96,audio_data/train/LXT_Nam_6_S0008_96.wav,t o-0 iz k ɔ-1 nz ɓ ə-5 nz,t o-0 iz k ɔ-1 nz ɓ ə-5 nz
HYT_Nu_6_S0005_92,audio_data/train/HYT_Nu_6_S0005_92.wav,l aː-1 k ɔ-0 nz v uə-0 k uə-3 ɓ iə-3 nz,l aː-1 k ɔ-0 nz v uə-0 k uə-3 ɓ iə-3 nz
PTL_7_NU_S0008_82,audio_data/train/PTL_7_NU_S0008_82.wav,k ɔ-0 nz z uə-1 k ɔ-0 nz k uə-0 m aː-1 k ɔ-4 h aː-0 iz k aː-1 ŋz,k ɔ-0 nz z uə-1 k ɔ-0 nz k uə-0 m aː-1 k ɔ-4 h aː-0 iz k aː-1 ŋz
NDBA_7_NAM_S0010_138,audio_data/train/NDBA_7_NAM_S0010_138.wav,ŋ a-1 iz s ɨə-0 əː-0 n ɨə-4 kz t aː-0 t͡ɕ ɔ-0 ŋmz t͡ɕ ɔ-0 ŋmz s o-4 k aː-4 kz k ɔ-0 nz k uə-3 v uə-0 k uə-3 v uə-0 h u-1 ŋmz v ɨə-0 ŋz tʰ ɨ-4 s a-4 uz k ɔ-4 m o-5 tz h w aː-1 ŋz t ɨ-3 l aː-0 ŋz l iə-0 uz,ŋ a-1 iz s ɨə-0 əː-0 n ɨə-4 kz t aː-0 t͡ɕ ɔ-0 ŋmz t͡ɕ ɔ-0 ŋmz s o-4 k aː-4 kz k ɔ-0 nz k uə-3 v uə-0 k uə-3 v uə-0 h u-1 ŋmz v ɨə-0 ŋz tʰ ɨ-4 s a-4 uz k ɔ-4 m o-5 tz h w aː-1 ŋz t ɨ-3 l aː-0 ŋz l iə-0 uz
TTD_7_NAM_S0001_2,audio_data/train/TTD_7_NAM_S0001_2.wav,t i-1 mz ɲ ɨ-2 ŋz x o-3 tʰ əː-0 t aː-3 m o-5 tz t͡ɕ u-4 ɣ aː-1 k ɔ-0 nz ɓ aː-5 nz t i-1 mz h o-5 t əː-4 v əː-4 iz,t i-1 mz ɲ ɨ-2 ŋz x o-3 tʰ əː-0 t aː-3 m o-5 tz t͡ɕ u-4 ɣ aː-1 k ɔ-0 nz ɓ aː-5 nz t i-1 mz h o-5 t əː-4 v əː-4 iz
TPA_Nu_6_S0009_54,audio_data/train/TPA_Nu_6_S0009_54.wav,ɓ aː-4 kz t͡ɕ ɔ-4 t əː-5 pz ɣ aː-1 t͡ɕ o-4 ŋmz,ɓ aː-4 kz t͡ɕ ɔ-4 t əː-5 pz ɣ aː-1 t͡ɕ o-4 ŋmz
DNK_7_NU_S0048_202,audio_data/train/DNK_7_NU_S0048_202.wav,tʰ i-1 h o-0 mz n a-0 iz t͡ɕ a-4 kz n ɔ-4 v ə-2 nz ɗ aː-0 ŋz t a-4 mz n a-4 ŋz m a-5 tz t͡ɕ əː-1 iz,tʰ i-1 h o-0 mz n a-0 iz t͡ɕ a-4 kz n ɔ-4 v ə-2 nz ɗ aː-0 ŋz t a-4 mz n a-4 ŋz m a-5 tz t͡ɕ əː-1 iz
HYT_Nu_6_S0005_113,audio_data/train/HYT_Nu_6_S0005_113.wav,m o-5 tz h o-0 mz m ɨə-0 t ɔ-0 z ɔ-4 l əː-4 nz k aː-4 m a-0 ŋz l aː-5 kz m ɛ-5,m o-5 tz h o-0 mz m ɨə-0 t ɔ-0 z ɔ-4 l əː-4 nz k aː-4 m a-0 ŋz l aː-5 kz m ɛ-5
NMA_7_NU_S0002_38,audio_data/train/NMA_7_NU_S0002_38.wav,ɓ aː-5 nz s i-0 ŋ̟z əː-0 tʰ u-3 ɗ o-1,ɓ aː-5 nz s i-0 ŋ̟z əː-0 tʰ u-3 ɗ o-1
NMA_7_NU_S0002_149,audio_data/train/NMA_7_NU_S0002_149.wav,ɗ ə-0 iz l aː-1 ɗ o-1 ŋmz l uə-4,ɗ ə-0 iz l aː-1 ɗ o-1 ŋmz l uə-4
HYT_Nu_6_S0005_69,audio_data/train/HYT_Nu_6_S0005_69.wav,n aː-1 ŋz t iə-0 nz k aː-4,n aː-1 ŋz t iə-0 nz k aː-4
THA_Nu_6_S00042_53,audio_data/train/THA_Nu_6_S00042_53.wav,tʰ ɔ-3 s əː-5 k w aː-4 t əː-4 l əː-2 t i-4 t i-0 m aː-1,tʰ ɔ-3 s əː-5 k w aː-4 t əː-4 l u-2 t i-4 t i-0 m aː-1
PC_7_NAM_S0004_77,audio_data/train/PC_7_NAM_S0004_77.wav,k ɔ-1 nz t əː-4 tʰ i-1 t əː-4 z ə-4 tz tʰ i-4 k̟z ɛ-0 mz ɣ aː-4 iz k uə-3 t əː-4 v aː-1 ɓ o-4 m ɛ-5 t əː-4,k ɔ-1 nz t əː-4 tʰ i-1 t əː-4 z ə-4 tz tʰ i-4 k̟z ɛ-0 mz ɣ aː-4 iz k uə-3 t əː-4 v aː-1 ɓ o-4 m ɛ-5 t əː-4
NMA_7_NU_S0002_115,audio_data/train/NMA_7_NU_S0002_115.wav,t͡ɕ iə-1 uz t͡ɕ iə-1 uz t͡ɕ u-4 ŋmz t o-0 iz z aː-0 ŋ o-1 iz ɣ o-4 kpz k ə-0 iz ɗ aː-0 h ɔ-4 ŋmz m aː-4 tz,t͡ɕ iə-1 uz t͡ɕ iə-1 uz t͡ɕ u-4 ŋmz t o-0 iz z aː-0 ŋ o-1 iz ɣ o-4 kpz k ə-0 iz ɗ aː-0 h ɔ-4 ŋmz m aː-4 tz
TGH_7_NU_S0046_136,audio_data/train/TGH_7_NU_S0046_136.wav,t əː-4 z ə-4 tz iə-0 uz k w i-4 k o-0,t əː-4 z ə-4 tz iə-0 uz k w i-4 k o-0
GQM_Nam_6_S0006_89,audio_data/train/GQM_Nam_6_S0006_89.wav,n aː-1 ŋz t iə-0 nz k aː-4 n ɨə-3 tʰ ə-0 nz t͡ɕ e-0 nz n ɨə-3 k uə-3 n aː-1 ŋz ɲ ɨ-0 m o-5 tz k o-0 ɓ ɛ-4,n aː-1 ŋz t iə-0 nz k aː-4 n ɨə-3 tʰ ə-0 nz t͡ɕ e-0 nz n ɨə-3 k uə-3 n aː-1 ŋz ɲ ɨ-0 m o-5 tz k o-0 ɓ ɛ-4
MK_7_NAM_S0005_17,audio_data/train/MK_7_NAM_S0005_17.wav,k i-1 ŋ i-3 m o-5 tz tʰ aː-4 ŋz t͡ɕ o-0 iz v ɛ-1 uz ɲ ɨ-0 x o-0 ŋmz,k i-1 ŋ i-3 m o-5 tz tʰ aː-4 ŋz t͡ɕ o-0 iz v ɛ-1 uz ɲ ɨ-0 x o-0 ŋmz
GQM_Nam_6_S0006_46,audio_data/train/GQM_Nam_6_S0006_46.wav,o-0 iz k ə-5 uz z ɔ-3 iz k w aː-4,o-0 iz k ə-5 uz z ɔ-3 iz k w aː-4
TPA_Nu_6_S0009_44,audio_data/train/TPA_Nu_6_S0009_44.wav,ɣ aː-1 t͡ɕ o-4 ŋmz x o-0 ŋmz k ɔ-4 aː-0 iz ɗ e-3 z aː-0 l e-5 ŋ̟z z ə-4 tz ɓ w o-1 nz,ɣ aː-1 t͡ɕ o-4 ŋmz x o-0 ŋmz k ɔ-4 aː-0 iz ɗ e-3 z aː-0 l e-5 ŋ̟z z ə-4 tz ɓ w o-1 nz
DNK_7_NU_S0048_196,audio_data/train/DNK_7_NU_S0048_196.wav,s aː-4 ŋz h o-0 mz s a-0 uz tʰ ə-4 iz s əː-0 nz k aː-0 ɗ aː-2 t͡ɕ e-4 tz,s aː-4 ŋz h o-0 mz s a-0 uz tʰ ə-4 iz s əː-0 nz k aː-0 ɗ aː-2 t͡ɕ e-4 tz
TTD_7_NAM_S0001_163,audio_data/train/TTD_7_NAM_S0001_163.wav,k eaː-4 k̟z k uə-3 t͡ɕ ɔ-1 t͡ɕ w iə-5 nz k uə-3 ɓ aː-5 nz ɲ ɔ-3 v əː-4 iz k ɔ-0 nz t͡ɕ ə-0 uz v aː-1 ɲ ɔ-3 k ɔ-0 nz k ɔ-0 nz t͡ɕ ə-0 uz ɲ ɨ-0 l aː-1 m o-5 tz ŋ ɨə-1 iz ɓ aː-5 nz v aː-1 z ə-4 tz l aː-1 iə-0 uz k w i-4 n ɔ-4,k eaː-4 k̟z k uə-3 t͡ɕ ɔ-1 t͡ɕ w iə-5 nz k uə-3 ɓ aː-5 nz ɲ ɔ-3 v əː-4 iz k ɔ-0 nz t͡ɕ ə-0 uz v aː-1 ɲ ɔ-3 k ɔ-0 nz k ɔ-0 nz t͡ɕ ə-0 uz ɲ ɨ-0 l aː-1 m o-5 tz ŋ ɨə-1 iz ɓ aː-5 nz v aː-1 z ə-4 tz l aː-1 iə-0 uz k w i-4 n ɔ-4
CNBA_Nu_6_S0003_90,audio_data/train/CNBA_Nu_6_S0003_90.wav,n ɨə-3 tʰ ə-0 nz t͡ɕ e-0 nz k uə-3 n aː-1 ŋz ɲ ɨ-0 m o-5 tz k o-0 ɓ ɛ-4,n ɨə-3 tʰ ə-0 nz t͡ɕ e-0 nz k uə-3 n aː-1 ŋz ɲ ɨ-0 m o-5 tz k o-0 ɓ ɛ-4
GQM_Nam_6_S0006_72,audio_data/train/GQM_Nam_6_S0006_72.wav,n ɨə-3 tʰ ə-0 nz k iə-0 l aː-1 k aː-4,n ɨə-3 tʰ ə-0 nz k iə-0 l aː-1 k aː-4
CNBA_Nu_6_S0003_85,audio_data/train/CNBA_Nu_6_S0003_85.wav,z ə-0 nz ɗ i-0 ɓ iə-3 nz ŋ ɛ-0 n aː-1 ŋz h aː-4 tz k w e-0 nz k aː-3 m e-5 tz k aː-3 ɓ w o-1 nz,z ə-0 nz ɗ i-0 ɓ iə-3 nz ŋ ɛ-0 l aː-1 ŋz h aː-4 tz k w e-0 nz k aː-3 m e-5 tz k aː-3 ɓ w o-1 nz
THA_Nu_6_S00042_137,audio_data/train/THA_Nu_6_S00042_137.wav,ɓ ə-0 iz z əː-1 t͡ɕ u-4 ŋmz m i-1 ŋ̟z k u-1 ŋmz tʰ i-0 v iə-4 tz ɗ u-4 ŋmz n aː-1 uz,ɓ ə-0 iz z əː-1 t͡ɕ u-4 ŋmz m i-1 ŋ̟z k u-1 ŋmz tʰ i-0 v iə-4 tz ɗ u-4 ŋmz n aː-1 uz
TPA_Nu_6_S0009_37,audio_data/train/TPA_Nu_6_S0009_37.wav,ɗ i-0 l aː-1 mz ɗ i-0,ɗ i-0 l aː-1 mz ɗ i-0
DNK_7_NU_S0048_312,audio_data/train/DNK_7_NU_S0048_312.wav,t əː-4 k u-2 ŋmz ɗ o-1 ŋmz i-0 v əː-4 iz i-0 k iə-4 nz k uə-3 k ə-5 uz,t əː-4 k u-2 ŋmz ɗ o-1 ŋmz i-0 v əː-4 iz i-0 k iə-4 nz k uə-3 k ə-5 uz
TTD_7_NAM_S0001_138,audio_data/train/TTD_7_NAM_S0001_138.wav,h a-0 iz l aː-1 a-0 nz k ɔ-3 ɣ aː-1,h a-0 iz l aː-1 a-0 nz k ɔ-3 ɣ aː-1
CNBA_Nu_6_S0003_28,audio_data/train/CNBA_Nu_6_S0003_28.wav,a-0 nz s ɔ-0 ŋmz e-4 k̟z ɓ aː-3 uz,a-0 nz s ɔ-0 ŋmz e-4 k̟z ɓ aː-3 uz
PTT_7_NU_S0041_111,audio_data/train/PTT_7_NU_S0041_111.wav,v əː-1 nz ɗ o-0 iz k eaː-4 ŋ̟z n a-4 ŋz,v əː-1 nz ɗ o-0 iz k eaː-4 ŋ̟z n a-4 ŋz
NTM_Nam_6_S00010_41,audio_data/train/NTM_Nam_6_S00010_41.wav,tʰ a-1 ŋz k u-0 k aː-4 iz ɗ ɔ-3 ɛ-0 mz ɓ ɛ-4,tʰ a-1 ŋz k u-0 k aː-4 iz ɗ ɔ-3 ɛ-0 mz ɓ ɛ-4
PTL_7_NU_S0008_59,audio_data/train/PTL_7_NU_S0008_59.wav,k ɔ-0 nz ŋ ɨə-5 ɣ o-2 m a-1 uz ɗ ɔ-3,k ɔ-0 nz ŋ ɨə-5 ɣ o-2 m a-1 uz ɗ ɔ-3
PTL_7_NU_S0008_22,audio_data/train/PTL_7_NU_S0008_22.wav,ɲ ɨ-2 ŋz k ɔ-0 nz ɲ ɨ-2 ŋz k ɔ-0 nz ɓ e-4 ŋ ɨə-5 k ɔ-0 nz h ɨə-0 uz k ɔ-0 nz v ɔ-0 iz k ɔ-0 nz t e-0 z aː-4 kz tʰ i-1 t ɨ-1 ɓ ɛ-4 ɗ aː-2 f aː-3 iz t ɨ-5 ɗ i-0 tʰ ɛ-0 uz m ɛ-5,ɲ ɨ-2 ŋz k ɔ-0 nz ɲ ɨ-2 ŋz k ɔ-0 nz ɓ e-4 ŋ ɨə-5 k ɔ-0 nz h ɨə-0 uz k ɔ-0 nz v ɔ-0 iz k ɔ-0 nz t e-0 z aː-4 kz tʰ i-1 t ɨ-1 ɓ ɛ-4 ɗ aː-2 f aː-3 iz t ɨ-5 ɗ i-0 tʰ ɛ-0 uz m ɛ-5
TPA_Nu_6_S0009_40,audio_data/train/TPA_Nu_6_S0009_40.wav,t ɨ-1 ɗ ɔ-4 t͡ɕ u-4 t͡ɕ aː-3 z aː-4 mz h eaː-5 k̟z h eaː-5 k̟z s eaː-4 k̟z aː-0 iz n ɨə-2,t ɨ-1 ɗ ɔ-4 t͡ɕ u-4 t͡ɕ aː-3 z aː-4 mz h eaː-5 k̟z h eaː-5 k̟z s eaː-4 k̟z aː-0 iz n ɨə-2
DNK_7_NU_S0048_148,audio_data/train/DNK_7_NU_S0048_148.wav,ɗ e-4 nz t͡ɕ əː-0 iz i-0 mz l a-5 ŋz,ɗ e-4 nz t͡ɕ əː-0 iz i-0 mz l a-5 ŋz
THA_7_NU_S0043_57,audio_data/train/THA_7_NU_S0043_57.wav,x i-0 əː-0 iz ɓ ə-0 iz z əː-1 k ə-5 uz ɗ ɔ-5 kpz z u-4 pz t əː-4 ɓ aː-1 iz ɲ ɨ-2 ŋz k ə-0 iz s ɛ-0 nz ɗ aː-4 ɲ ɛ-4,x i-0 əː-0 iz ɓ ə-0 iz z əː-1 k ə-5 uz ɗ ɔ-5 kpz z u-4 pz t əː-4 ɓ aː-1 iz ɲ ɨ-2 ŋz k ə-0 iz s ɛ-0 nz ɗ aː-4 ɲ ɛ-4
DNK_7_NU_S0048_290,audio_data/train/DNK_7_NU_S0048_290.wav,t iə-4 ŋz h ɔ-4 tz k uə-3 t͡ɕ i-0 mz t͡ɕ əː-3 n e-0 nz ɓ w o-1 nz tʰ aː-3 mz v i-1,t iə-4 ŋz h ɔ-4 tz k uə-3 t͡ɕ i-0 mz t͡ɕ əː-3 n e-0 nz ɓ w o-1 nz tʰ aː-3 mz v i-1
PTL_7_NU_S0008_18,audio_data/train/PTL_7_NU_S0008_18.wav,ɲ ɨ-2 ŋz k ɔ-0 nz v ə-5 tz n aː-1 uz k ɔ-2 ŋmz h w a-5 kz ɗ i-5 uz k ɔ-0 nz ɓ a-1 ŋz l ɨ-0 ŋz ɓ a-1 ŋz t͡ɕ iə-4 kz t w i-4 z aː-0 əː-0 ɓ u-5 ŋmz,ɲ ɨ-2 ŋz k ɔ-0 nz v ə-5 tz n aː-1 uz k ɔ-2 ŋmz h w a-5 kz ɗ i-5 uz k ɔ-0 nz ɓ a-1 ŋz l ɨ-0 ŋz ɓ a-1 ŋz t͡ɕ iə-4 kz t w i-4 z aː-0 əː-0 ɓ u-5 ŋmz
PTL_7_NU_S0008_135,audio_data/train/PTL_7_NU_S0008_135.wav,t əː-4 k ɔ-4 m aː-0 ŋz z ə-4 tz ɲ iə-1 uz k w iə-3 nz s eaː-4 k̟z,t əː-4 k ɔ-4 m aː-0 ŋz z ə-4 tz ɲ iə-1 uz k w iə-3 nz s eaː-4 k̟z
TTD_7_NAM_S0001_132,audio_data/train/TTD_7_NAM_S0001_132.wav,k ɔ-0 nz t͡ɕ ə-0 uz aː-0 k ɔ-0 nz t͡ɕ ə-0 uz ɗ ɛ-0 nz l o-0 ŋmz m ɨə-5 tz,k ɔ-0 nz t͡ɕ ə-0 uz aː-0 k ɔ-0 nz t͡ɕ ə-0 uz ɗ ɛ-0 nz l o-0 ŋmz m ɨə-5 tz
NNM_Nu_6_S00045_121,audio_data/train/NNM_Nu_6_S00045_121.wav,v i-1 s aː-0 uz tʰ ɔ-3 ɲ i-1 nz tʰ ə-4 iz k aː-4 s ə-4 uz,v i-1 s aː-0 uz tʰ ɔ-3 ɲ i-1 nz tʰ ə-4 iz k aː-4 s ə-4 uz
VTA_Nam_6_S0002_6,audio_data/train/VTA_Nam_6_S0002_6.wav,k w aː-5 x w aː-0 ŋz m a-4 ŋz n ɔ-4 x ɔ-4 kpz x w aː-4 kz l aː-4 kz,k w aː-5 x w aː-0 ŋz m a-4 ŋz n ɔ-4 x ɔ-4 kpz x w aː-4 kz l w aː-4 kz
NMA_7_NU_S0002_189,audio_data/train/NMA_7_NU_S0002_189.wav,ɓ aː-5 nz ɲ ɔ-3 tʰ i-4 k̟z ɲ ɨ-2 ŋz k eaː-3 ŋ̟z v ə-5 tz n aː-1 uz əː-0 k w e-0,ɓ aː-5 nz ɲ ɔ-3 tʰ i-4 k̟z ɲ ɨ-2 ŋz k eaː-3 ŋ̟z v ə-5 tz n aː-1 uz əː-0 k w e-0
THA_Nu_6_S00042_72,audio_data/train/THA_Nu_6_S00042_72.wav,ɓ ɛ-4 ɲ ɛ-1 tʰ i-1 k o-0 t͡ɕ e-0 ɗ ɔ-4,ɓ ɛ-4 ɲ ɛ-4 tʰ i-1 k o-0 t͡ɕ e-0 ɗ ɔ-4
NDBA_7_NAM_S0010_114,audio_data/train/NDBA_7_NAM_S0010_114.wav,m ɛ-1 uz l aː-1 mz z aː-0 v ɛ-3 s əː-5 h aː-2 iz k ə-1 uz s i-0 nz s ɨ-0 t ɨ-3 h a-2 iz t͡ɕ əː-3 l aː-5 iz h i-1 ŋ̟z z aː-4 ŋz ɓ aː-0 nz ɗ ə-1 uz k uə-3 l aː-2 uz,m ɛ-1 uz l aː-1 mz z aː-0 v ɛ-3 s əː-5 h aː-2 iz k ə-1 uz s i-0 nz s ɨ-0 t ɨ-3 h a-2 iz t͡ɕ əː-3 l aː-5 iz h i-1 ŋ̟z z aː-4 ŋz ɓ aː-0 nz ɗ ə-1 uz k uə-3 l aː-2 uz
NMA_7_NU_S0002_245,audio_data/train/NMA_7_NU_S0002_245.wav,k w o-4 kpz t w aː-3 nz ɓ ɛ-1 nz t͡ɕ a-5 iz ɗ e-4 nz k w i-4 s w o-4 ŋmz t ə-0 uz,k w o-4 kpz t w aː-3 nz ɓ ɛ-1 nz t͡ɕ a-5 iz ɗ e-4 nz k w i-4 s w o-4 ŋmz t ə-0 uz
THA_7_NU_S0043_93,audio_data/train/THA_7_NU_S0043_93.wav,ɲ ɔ-4 mz h ɔ-5 kpz t͡ɕ ɔ-1 ɲ aː-0 uz ɲ aː-0 uz,ɲ ɔ-4 mz h ɔ-5 kpz t͡ɕ ɔ-1 ɲ aː-0 uz ɲ aː-0 uz
PTT_7_NU_S0041_112,audio_data/train/PTT_7_NU_S0041_112.wav,ɓ ɛ-4 t͡ɕ ɨə-0 ŋ u-3 ɗ ɨə-5 kz,ɓ ɛ-4 t͡ɕ ɨə-0 ŋ u-3 ɗ ɨə-5 kz
MK_7_NAM_S0005_28,audio_data/train/MK_7_NAM_S0005_28.wav,ɗ ɨə-5 kz ŋ a-4 mz ɲ ɨ-2 ŋz k ɔ-0 nz k ɔ-1 ɓ a-0 iz l ɨə-5 nz s ɛ-0 mz ɲ ɨ-2 ŋz k ɔ-0 nz t͡ɕ ə-0 uz a-0 nz k ɔ-3 v aː-1 ɗ ɨə-5 kz o-0 ŋmz ɗ i-0 h ɨə-4 ŋz z ə-2 nz t əː-4 ɗ i-0 tʰ aː-3 z iə-1 uz k ə-0 uz k aː-4 n ɨə-2,ɗ ɨə-5 kz ŋ a-4 mz ɲ ɨ-2 ŋz k ɔ-0 nz k ɔ-1 ɓ a-0 iz l ɨə-5 nz s ɛ-0 mz ɲ ɨ-2 ŋz k ɔ-0 nz t͡ɕ ə-0 uz a-0 nz k ɔ-3 v aː-1 ɗ ɨə-5 kz o-0 ŋmz ɗ i-0 h ɨə-4 ŋz z ə-2 nz t əː-4 ɗ i-0 tʰ aː-3 z iə-1 uz k ə-0 uz k aː-4 n ɨə-2
PTL_7_NU_S0008_27,audio_data/train/PTL_7_NU_S0008_27.wav,ɓ e-4 k ɔ-0 nz ɓ a-1 ŋz k eaː-4 k̟z n aː-1 uz,ɓ e-4 k ɔ-0 nz ɓ a-1 ŋz k eaː-4 k̟z n aː-1 uz
MK_7_NU_S0007_42,audio_data/train/MK_7_NU_S0007_42.wav,tʰ e-4 t əː-4 ɗ o-4 k ə-5 uz n əː-0 iz m i-1 ŋ̟z əː-0 k ɔ-4 m ə-4 iz m uə-1,tʰ e-4 t əː-4 ɗ o-4 k ə-5 uz n əː-0 iz m i-1 ŋ̟z əː-0 k ɔ-4 m ə-4 iz m uə-1
THA_Nu_6_S00042_27,audio_data/train/THA_Nu_6_S00042_27.wav,m a-0 iz k ɔ-4 t͡ɕ u-4 k ɔ-1 tʰ i-1 k iə-4 nz m əː-4 iz tʰ w aː-4 tz t͡ɕ e-4 tz,m a-0 iz k ɔ-4 t͡ɕ u-4 k ɔ-1 tʰ i-1 k iə-4 nz v əː-4 iz tʰ w aː-4 tz t͡ɕ e-4 tz
LDMT_Nam_6_S00047_22,audio_data/train/LDMT_Nam_6_S00047_22.wav,n ɔ-4 t͡ɕ aː-3 z aː-4 mz ɣ a-5 pz tʰ ɔ-3 v aː-1 ɲ i-4 mz,n ɔ-4 t͡ɕ aː-3 z aː-4 mz ɣ a-5 pz tʰ ɔ-3 v aː-1 ɲ i-4 mz
TPA_Nu_6_S0009_139,audio_data/train/TPA_Nu_6_S0009_139.wav,t͡ɕ i-5 ɓ aː-0 əː-0 iz m ɛ-5 t͡ɕ i-5 ɗ aː-0 ŋz o-4 mz ɗ ə-4 iz t͡ɕ i-5 h a-2 iz v e-1 tʰ a-0 mz m ɛ-5 ɗ i-0 ŋ a-0 iz ɗ i-0,t͡ɕ i-5 ɓ aː-0 əː-0 iz m ɛ-5 t͡ɕ i-5 ɗ aː-0 ŋz o-4 mz ɗ ə-4 iz t͡ɕ i-5 h a-2 iz v e-1 tʰ a-0 mz m ɛ-5 ɗ i-0 ŋ a-0 iz ɗ i-0
CNBA_Nu_6_S0003_143,audio_data/train/CNBA_Nu_6_S0003_143.wav,k aː-4 m a-0 ŋz ɓ ɛ-1 nz ɲ o-0 l e-0 nz ɓ aː-4 mz t͡ɕ a-5 tz t͡ɕ e-0 nz tʰ ə-0 nz t͡ɕ e-0 nz k aː-4 m ə-5 pz,k aː-4 m a-0 ŋz ɓ ɛ-1 nz ɲ o-0 l e-0 nz ɓ aː-4 mz t͡ɕ a-5 tz t͡ɕ e-0 nz tʰ ə-0 nz t͡ɕ e-0 nz k aː-4 m ə-5 pz
DNK_7_NU_S0048_231,audio_data/train/DNK_7_NU_S0048_231.wav,t͡ɕ i-0 mz s əː-0 nz k aː-0 s ɛ-2 t͡ɕ aː-3 l əː-1 iz tʰ e-4 n aː-1 uz,t͡ɕ i-0 mz s əː-0 nz k aː-0 s ɛ-2 t͡ɕ aː-3 l əː-1 iz tʰ e-4 n aː-1 uz
NMA_7_NU_S0002_93,audio_data/train/NMA_7_NU_S0002_93.wav,k aː-4 s ə-4 uz k ɔ-4 h aː-1 mz z a-0 ŋz s a-4 kz ɲ ɔ-5 nz ɲ ɨ-0 ŋz ɓ e-4 k ɔ-0 nz k u-2 ŋmz z ə-4 tz x ɛ-4 uz,k aː-4 s ə-4 uz k ɔ-4 h aː-1 mz z a-0 ŋz s a-4 kz ɲ ɔ-5 nz ɲ ɨ-0 ŋz ɓ e-4 k ɔ-0 nz k u-2 ŋmz z ə-4 tz x ɛ-4 uz
LXT_Nam_6_S0008_102,audio_data/train/LXT_Nam_6_S0008_102.wav,ɗ ɨə-5 kz,ɗ ɨə-5 kz
PC_7_NAM_S0004_124,audio_data/train/PC_7_NAM_S0004_124.wav,v ə-5 iz k ɔ-0 nz t͡ɕ ɔ-4 ɲ aː-1 ɓ aː-5 nz k ɔ-4 ɗ a-5 kz ɗ iə-3 mz ɣ i-1 ɗ ɛ-5 pz x o-0 ŋmz,v ə-5 iz k ɔ-0 nz t͡ɕ ɔ-4 ɲ aː-1 ɓ aː-5 nz k ɔ-4 ɗ a-5 kz ɗ iə-3 mz ɣ i-1 ɗ ɛ-5 pz x o-0 ŋmz
NT_7_NAM_S0009_44,audio_data/train/NT_7_NAM_S0009_44.wav,s ɨ-0 t ɨ-3 s w ə-4 tz k w ə-0 nz,s ɨ-0 t ɨ-3 s w ə-4 tz k w ə-0 nz
MK_7_NU_S0007_75,audio_data/train/MK_7_NU_S0007_75.wav,v aː-1 uz m ə-0 iz,v aː-1 uz m ə-0 iz
NMA_7_NU_S0002_215,audio_data/train/NMA_7_NU_S0002_215.wav,əː-0 k u-2 ŋmz tʰ w əː-3 ə-4 iz əː-0 v u-1 ŋmz n w i-4 f iə-4 ɓ a-4 kz k ɔ-4 n aː-1 ŋz ə-0 uz k əː-0 s i-0 ŋ̟z ɗ ɛ-5 pz t w iə-5 tz t͡ɕ ə-1 nz,əː-0 k u-2 ŋmz tʰ w əː-3 ə-4 iz əː-0 v u-1 ŋmz n w i-4 f iə-4 ɓ a-4 kz k ɔ-4 l aː-1 ŋz ə-0 uz k əː-0 s i-0 ŋ̟z ɗ ɛ-5 pz t w iə-5 tz t͡ɕ ə-1 nz
THA_7_NU_S0043_63,audio_data/train/THA_7_NU_S0043_63.wav,k aː-4 kz ɛ-0 mz k o-4 ɣ a-4 ŋz ɲ ɛ-4,k aː-4 kz ɛ-0 mz k o-4 ɣ a-4 ŋz ɲ ɛ-4
NMA_7_NU_S0002_43,audio_data/train/NMA_7_NU_S0002_43.wav,t aː-0 iz v ɔ-0 iz l aː-1 k aː-4 iz k w aː-5 tz,t aː-0 iz v ɔ-0 iz l aː-1 k aː-4 iz k w aː-5 tz
TTD_7_NAM_S0001_81,audio_data/train/TTD_7_NAM_S0001_81.wav,k u-1 ŋmz ɓ aː-5 nz tʰ ɨ-5 kz h eaː-1 ŋ̟z n ɔ-4 iz v aː-1 ɗ aː-4 pz l aː-5 iz l əː-1 iz x ɛ-0 nz l əː-1 iz aː-0 nz u-0 u-0 aː-0 nz w i-3 t͡ɕ ɔ-0 ŋmz k aː-4 kz t i-1 ŋ̟z h w o-4 ŋmz s a-0 uz,k u-1 ŋmz ɓ aː-5 nz tʰ ɨ-5 kz h eaː-1 ŋ̟z n ɔ-4 iz v aː-1 ɗ aː-4 pz l aː-5 iz l əː-1 iz x ɛ-0 nz l əː-1 iz aː-0 nz u-0 u-0 aː-0 nz w i-3 t͡ɕ ɔ-0 ŋmz k aː-4 kz t i-1 ŋ̟z h w o-4 ŋmz s a-0 uz
NTN_7_NU_S0042_31,audio_data/train/NTN_7_NU_S0042_31.wav,tʰ aː-0 mz z aː-0 k aː-4 kz h w aː-5 tz ɗ o-5 ŋmz ɓ o-3 i-4 k̟z,tʰ aː-0 mz z aː-0 k aː-4 kz h w aː-5 tz ɗ o-5 ŋmz ɓ o-3 i-4 k̟z
NDBA_7_NAM_S0010_129,audio_data/train/NDBA_7_NAM_S0010_129.wav,ɲ aː-1 v uə-0 ɗ aː-2 tʰ ə-4 iz ɗ ɨə-5 kz ɗ iə-1 uz ɗ ɔ-4 v aː-1 ŋ aː-1 iz h iə-3 uz z a-1 ŋz k aː-3 h aː-0 iz s ɛ-2 h eaː-5 ŋ̟z f u-4 kpz n e-4 uz ɗ ɨə-5 kz s o-4 ŋmz v əː-4 iz ɲ a-0 uz,ɲ aː-1 v uə-0 ɗ aː-2 tʰ ə-4 iz ɗ ɨə-5 kz ɗ iə-1 uz ɗ ɔ-4 v aː-1 ŋ aː-1 iz h iə-3 uz z a-1 ŋz k aː-3 h aː-0 iz s ɛ-2 h eaː-5 ŋ̟z f u-4 kpz n e-4 uz ɗ ɨə-5 kz s o-4 ŋmz v əː-4 iz ɲ a-0 uz
NHM_7_NU_S0006_172,audio_data/train/NHM_7_NU_S0006_172.wav,m ɛ-1 uz k w a-0 iz t͡ɕ əː-3 l aː-5 iz z ɨ-1 ŋz v aː-1 ɓ a-4 tz tʰ e-0 mz ɗ ɨə-5 kz h aː-0 iz k ɔ-0 nz ɣ aː-1 l o-0 iz t a-5 ŋz ɗ ɨə-4 v uə-0,m ɛ-1 uz k w a-0 iz t͡ɕ əː-3 l aː-5 iz z ɨ-1 ŋz v aː-1 ɓ a-4 tz tʰ e-0 mz ɗ ɨə-5 kz h aː-0 iz k ɔ-0 nz ɣ aː-1 l o-0 iz t a-5 ŋz ɗ ɨə-4 v uə-0
DNK_7_NU_S0048_53,audio_data/train/DNK_7_NU_S0048_53.wav,tʰ eaː-1 ŋ̟z əː-0 iz k ə-5 uz t͡ɕ aː-3 l əː-1 iz t͡ɕ ɔ-0 t əː-4 k ə-0 uz n a-1 iz ɲ ɛ-4,tʰ eaː-1 ŋ̟z əː-0 iz k ə-5 uz t͡ɕ aː-3 l əː-1 iz t͡ɕ ɔ-0 t əː-4 k ə-0 uz n a-1 iz ɲ ɛ-4
MK_7_NU_S0007_71,audio_data/train/MK_7_NU_S0007_71.wav,l ɨ-0 ŋz t͡ɕ əː-1 iz z ɔ-4 ɗ uə-1 m ə-0 iz,l ɨ-0 ŋz t͡ɕ əː-1 iz z ɔ-4 ɗ uə-1 m ə-0 iz
PC_7_NAM_S0004_114,audio_data/train/PC_7_NAM_S0004_114.wav,t əː-4 k ɔ-4 aː-0 t əː-4 x o-0 ŋmz ɓ iə-4 tz l w aː-1 iz h w aː-0 n aː-1 uz n ɨə-2,t əː-4 k ɔ-4 aː-0 t əː-4 x o-0 ŋmz ɓ iə-4 tz l w aː-1 iz h w aː-0 n aː-1 uz n ɨə-2
PC_7_NAM_S0004_60,audio_data/train/PC_7_NAM_S0004_60.wav,k ə-5 uz n e-0 nz l aː-1 mz ɣ i-1 ɗ e-3 ɓ aː-3 uz v e-5 ɲ ɨ-2 ŋz k ə-0 iz h w aː-0,k ə-5 uz l e-0 nz l aː-1 mz ɣ i-1 ɗ e-3 ɓ aː-3 uz v e-5 ɲ ɨ-2 ŋz k ə-0 iz h w aː-0
PTL_7_NU_S0008_45,audio_data/train/PTL_7_NU_S0008_45.wav,t e-0 nz ɗ o-1 t͡ɕ əː-0 iz ɣ ə-4 uz ɓ o-0 ŋmz,t e-0 nz ɗ o-1 t͡ɕ əː-0 iz ɣ ə-4 uz ɓ o-0 ŋmz
HYT_Nu_6_S0005_67,audio_data/train/HYT_Nu_6_S0005_67.wav,k ɔ-0 nz t e-0 nz l aː-1 h w aː-1 ŋz iə-4 nz t͡ɕ aː-0 ŋz,k ɔ-0 nz t e-0 nz l aː-1 h w aː-1 ŋz iə-4 nz t͡ɕ aː-0 ŋz
DNK_7_NU_S0048_149,audio_data/train/DNK_7_NU_S0048_149.wav,k ɔ-4 ɓ aː-4 kz ɓ o-1 n o-0 ŋmz,k ɔ-4 ɓ aː-4 kz ɓ o-1 n o-0 ŋmz
PTL_7_NU_S0008_150,audio_data/train/PTL_7_NU_S0008_150.wav,k ɔ-0 nz k ɔ-0 nz z uə-1 m aː-1 k ɔ-4 k aː-4 iz m aː-0 iz,k ɔ-0 nz k ɔ-0 nz z uə-1 m aː-1 k ɔ-4 k aː-4 iz m aː-0 iz
HYT_Nu_6_S0005_48,audio_data/train/HYT_Nu_6_S0005_48.wav,t əː-4 v əː-4 iz k ə-5 uz ɗ ɔ-5 kpz t iə-4 pz ɗ i-0,t əː-4 v əː-4 iz k ə-5 uz ɗ ɔ-5 kpz t iə-4 pz ɗ i-0
TPA_Nu_6_S0009_185,audio_data/train/TPA_Nu_6_S0009_185.wav,m o-5 tz l u-4 kpz s a-0 uz n ɔ-4 m aː-0 ŋz k w aː-3 ɓ ɔ-4 ŋmz l e-0 nz,m o-5 tz l u-4 kpz s a-0 uz n ɔ-4 m aː-0 ŋz k w aː-3 ɓ ɔ-4 ŋmz l e-0 nz
CNBA_Nu_6_S0003_121,audio_data/train/CNBA_Nu_6_S0003_121.wav,ɓ aː-1 iz ɗ ɔ-5 kpz n a-1 iz t e-0 nz l aː-1 k aː-4 m a-0 ŋz l aː-5 kz m ɛ-5,ɓ aː-1 iz ɗ ɔ-5 kpz n a-1 iz t e-0 nz l aː-1 k aː-4 m a-0 ŋz l aː-5 kz m ɛ-5
LXT_Nam_6_S0008_45,audio_data/train/LXT_Nam_6_S0008_45.wav,ɓ ə-0 iz z əː-1 t əː-4 ɗ ɔ-5 kpz l aː-5 iz t͡ɕ ɔ-0 ɓ aː-5 nz ŋ ɛ-0 ɲ ɛ-4,ɓ ə-0 iz z əː-1 t əː-4 ɗ ɔ-5 kpz l aː-5 iz t͡ɕ ɔ-0 ɓ aː-5 nz ŋ ɛ-0 ɲ ɛ-4
NMA_7_NU_S0002_14,audio_data/train/NMA_7_NU_S0002_14.wav,h ɨə-0 uz k aː-0 uz k o-3 s o-4 ŋmz v əː-4 iz k aː-4 kz l w aː-1 iz v ə-5 tz x aː-4 kz ɲ ɨ-0 tʰ e-4 n aː-1 uz,h ɨə-0 uz k aː-0 uz k o-3 s o-4 ŋmz v əː-4 iz k aː-4 kz l w aː-1 iz v ə-5 tz x aː-4 kz ɲ ɨ-0 tʰ e-4 n aː-1 uz
THA_7_NU_S0043_125,audio_data/train/THA_7_NU_S0043_125.wav,h o-0 mz n a-0 iz v e-1 m əː-3 h o-5 iz,h o-0 mz n a-0 iz v e-1 m əː-3 h o-5 iz
PTL_7_NU_S0008_58,audio_data/train/PTL_7_NU_S0008_58.wav,k u-1 ŋmz z ɨə-5 v aː-1 uz t͡ɕ u-4 ŋmz m i-1 ŋ̟z k u-1 ŋmz z ɨə-5 v aː-1 uz ɲ ɨ-2 ŋz ɗ iə-1 uz ɗ aː-2 k w aː-0 nz s aː-4 tz v aː-1 t͡ɕ aː-0 uz ɗ o-3 iz v əː-4 iz ɓ aː-5 nz əː-0 t iə-4 tz h ɔ-5 kpz t͡ɕ ɨə-4 kz əː-0,k u-1 ŋmz z ɨə-5 v aː-1 uz t͡ɕ u-4 ŋmz m i-1 ŋ̟z k u-1 ŋmz z ɨə-5 v aː-1 uz ɲ ɨ-2 ŋz ɗ iə-1 uz ɗ aː-2 k w aː-0 nz s aː-4 tz v aː-1 t͡ɕ aː-0 uz ɗ o-3 iz v əː-4 iz ɓ aː-5 nz əː-0 t iə-4 tz h ɔ-5 kpz t͡ɕ ɨə-4 kz əː-0
TPA_Nu_6_S0009_192,audio_data/train/TPA_Nu_6_S0009_192.wav,h a-2 iz m əː-3 k ɨə-3 z aː-0,h a-2 iz m əː-3 k ɨə-3 z aː-0
MK_7_NAM_S0005_5,audio_data/train/MK_7_NAM_S0005_5.wav,v e-1 k w e-0 ɗ ɨə-5 kz t a-4 mz z iə-4 ŋz l aː-1 ŋz,v e-1 k w e-0 ɗ ɨə-5 kz t a-4 mz z iə-4 ŋz l aː-1 ŋz
NDBA_7_NAM_S0010_87,audio_data/train/NDBA_7_NAM_S0010_87.wav,t͡ɕ iə-1 uz m ɛ-1 uz t͡ɕ əː-5 tz f aː-4 tz h iə-5 nz k w o-4 kpz t͡ɕ e-0 nz s ɛ-0 ŋ ɨə-5,t͡ɕ iə-1 uz m ɛ-1 uz t͡ɕ əː-5 tz f aː-4 tz h iə-5 nz k w o-4 kpz t͡ɕ e-0 nz s ɛ-0 ŋ ɨə-5
NDBA_7_NAM_S0010_143,audio_data/train/NDBA_7_NAM_S0010_143.wav,t aː-0 t aː-0 n a-0 iz t w o-3 iz ɗ aː-2 k aː-0 uz s ɨ-4 kz x w ɛ-3 ɗ aː-2 iə-4 uz,t aː-0 t aː-0 n a-0 iz t w o-3 iz ɗ aː-2 k aː-0 uz s ɨ-4 kz x w ɛ-3 ɗ aː-2 iə-4 uz
MK_7_NU_S0007_7,audio_data/train/MK_7_NU_S0007_7.wav,ɲ aː-1 t əː-4 k ɔ-4 ɓ o-4 nz ŋ ɨə-1 iz,ɲ aː-1 t əː-4 k ɔ-4 ɓ o-4 nz ŋ ɨə-1 iz
TTD_7_NAM_S0001_133,audio_data/train/TTD_7_NAM_S0001_133.wav,k ɔ-0 nz t͡ɕ ə-0 uz ɗ ɛ-0 nz l o-0 ŋmz m ɨə-5 tz,k ɔ-0 nz t͡ɕ ə-0 uz ɗ ɛ-0 nz l o-0 ŋmz m ɨə-5 tz
THA_Nu_6_S00042_146,audio_data/train/THA_Nu_6_S00042_146.wav,l u-4 kpz m ɛ-5 v e-1 m ɛ-5 s ɛ-2 ɓ aː-3 uz k aː-4 kz k ɔ-0 nz əː-0 iz m əː-3 k ɨə-3 t͡ɕ ɔ-0 m ɛ-5,l u-4 kpz m ɛ-5 v e-1 m ɛ-5 s ɛ-2 ɓ aː-3 uz k aː-4 kz k ɔ-0 nz əː-0 iz m əː-3 k ɨə-3 t͡ɕ ɔ-0 m ɛ-5
NMA_7_NU_S0002_68,audio_data/train/NMA_7_NU_S0002_68.wav,n iə-1 mz v w i-0 z u-3 n iə-1 mz v w i-0 n u-5 t͡ɕ o-1 iz,l iə-1 mz v w i-0 z u-3 n iə-1 mz v w i-0 l u-5 t͡ɕ o-1 iz
LXT_Nam_6_S0008_59,audio_data/train/LXT_Nam_6_S0008_59.wav,ɣ aː-1 t͡ɕ o-4 ŋmz s əː-5 t͡ɕ a-5 iz m ə-4 tz,ɣ aː-1 t͡ɕ o-4 ŋmz s əː-5 t͡ɕ a-5 iz m ə-4 tz
MK_7_NU_S0007_6,audio_data/train/MK_7_NU_S0007_6.wav,t əː-4 z ə-4 tz iə-0 uz k aː-3 ɲ aː-1 k uə-3 t əː-4,t əː-4 z ə-4 tz iə-0 uz k aː-3 ɲ aː-1 k uə-3 t əː-4
DNK_7_NU_S0048_260,audio_data/train/DNK_7_NU_S0048_260.wav,tʰ i-1 z aː-0 s əː-0 nz k aː-0 ɗ aː-2 ɓ i-5 ɲ o-4 tz t͡ɕ ɔ-0 ŋmz l o-1 ŋmz,tʰ i-1 z aː-0 s əː-0 nz k aː-0 ɗ aː-2 ɓ i-5 ɲ o-4 tz t͡ɕ ɔ-0 ŋmz l o-1 ŋmz
DNK_7_NU_S0048_193,audio_data/train/DNK_7_NU_S0048_193.wav,t o-4 iz z o-1 iz t͡ɕ a-3 ŋz aː-0 iz t͡ɕ ɔ-0 k ɔ-0 nz t͡ɕ i-0 mz x o-4 nz x o-3 m o-5 tz z ɔ-5 tz n ɨə-4 kz,t o-4 iz z o-1 iz t͡ɕ a-3 ŋz aː-0 iz t͡ɕ ɔ-0 k ɔ-0 nz t͡ɕ i-0 mz x o-4 nz x o-3 m o-5 tz z ɔ-5 tz n ɨə-4 kz
TTD_7_NAM_S0001_87,audio_data/train/TTD_7_NAM_S0001_87.wav,t͡ɕ a-4 uz k aː-3 mz əː-0 nz ɓ aː-4 kz v i-1 ɓ aː-4 kz ɗ aː-2 x ɛ-0 nz t͡ɕ a-4 uz,t͡ɕ a-4 uz k aː-3 mz əː-0 nz ɓ aː-4 kz v i-1 ɓ aː-4 kz ɗ aː-2 x ɛ-0 nz t͡ɕ a-4 uz
NTM_Nam_6_S00010_55,audio_data/train/NTM_Nam_6_S00010_55.wav,k ɔ-0 nz k aː-4 k ɔ-4 v a-3 iz,k ɔ-0 nz k aː-4 k ɔ-4 v a-3 iz
TPA_Nu_6_S0009_136,audio_data/train/TPA_Nu_6_S0009_136.wav,s ɔ-4 kpz k ɔ-0 nz v ɨə-1 n ɔ-4 iz s ɔ-0 ŋmz tʰ i-1 k o-0 t͡ɕ i-5 h aː-0 iz ɓ iə-4 nz ɓ iə-4 nz ŋ a-0 iz tʰ eaː-1 ŋ̟z k ɔ-0 nz ɲ e-5 nz v aː-1 s ɛ-0 t͡ɕ i-3 s w o-4 tz ɗ əː-1 iz,s ɔ-4 kpz k ɔ-0 nz v ɨə-1 n ɔ-4 iz s ɔ-0 ŋmz tʰ i-1 k o-0 t͡ɕ i-5 h aː-0 iz ɓ iə-4 nz ɓ iə-4 nz ŋ a-0 iz tʰ eaː-1 ŋ̟z k ɔ-0 nz ɲ e-5 nz v aː-1 s ɛ-0 t͡ɕ i-3 s w o-4 tz ɗ əː-1 iz
TTD_7_NAM_S0001_170,audio_data/train/TTD_7_NAM_S0001_170.wav,ɗ ə-4 iz s ɔ-0 ŋmz z o-1 iz ɓ ə-0 iz z əː-1 k o-0 t͡ɕ i-3 ɗ a-5 kz ɗ iə-3 mz ɗ i-0,ɗ ə-4 iz s ɔ-0 ŋmz z o-1 iz ɓ ə-0 iz z əː-1 k o-0 t͡ɕ i-3 ɗ a-5 kz ɗ iə-3 mz ɗ i-0
HYT_Nu_6_S0005_38,audio_data/train/HYT_Nu_6_S0005_38.wav,ɗ ɔ-4 l aː-1 k ɔ-0 nz m ɛ-1 uz,ɗ ɔ-4 l aː-1 k ɔ-0 nz m ɛ-1 uz
DNK_7_NU_S0048_230,audio_data/train/DNK_7_NU_S0048_230.wav,tʰ aː-0 tʰ iə-4 tz n ɔ-4 iz ɓ aː-5 nz h a-0 iz a-0 nz t o-0 iz ɗ i-0,tʰ aː-0 tʰ iə-4 tz n ɔ-4 iz ɓ aː-5 nz h a-0 iz a-0 nz t o-0 iz ɗ i-0
NNM_Nu_6_S00045_56,audio_data/train/NNM_Nu_6_S00045_56.wav,h aː-0 iz t͡ɕ u-4 l əː-5 nz t͡ɕ a-5 iz s aː-0 ŋz ɲ aː-1 ɛ-0 mz u-4 tz,h aː-0 iz t͡ɕ u-4 l əː-5 nz t͡ɕ a-5 iz s aː-0 ŋz ɲ aː-1 ɛ-0 mz u-4 tz
NMA_7_NU_S0002_208,audio_data/train/NMA_7_NU_S0002_208.wav,ŋ ɨə-1 iz z ə-0 nz k aː-3 n ɨə-4 kz v e-1 z o-2 t o-3 əː-0 ɗ e-1 nz h u-1 ŋmz f u-4 tʰ ɔ-5,ŋ ɨə-1 iz z ə-0 nz k aː-3 n ɨə-4 kz v e-1 z o-2 t o-3 əː-0 ɗ e-1 nz h u-1 ŋmz f u-4 tʰ ɔ-5
DNK_7_NU_S0048_129,audio_data/train/DNK_7_NU_S0048_129.wav,t͡ɕ i-0 mz ɣ i-1 ɓ aː-4 uz h iə-5 uz m uə-1 s w ə-0 nz s aː-0 ŋz,t͡ɕ i-0 mz ɣ i-1 ɓ aː-4 uz h iə-5 uz m uə-1 s w ə-0 nz s aː-0 ŋz
TTD_7_NAM_S0001_145,audio_data/train/TTD_7_NAM_S0001_145.wav,k ɔ-4 eaː-4 ŋ̟z m a-5 tz t͡ɕ əː-1 iz k ɔ-4 eaː-4 ŋ̟z m a-5 tz t͡ɕ a-0 ŋz t ɔ-3,k ɔ-4 eaː-4 ŋ̟z m a-5 tz t͡ɕ əː-1 iz k ɔ-4 eaː-4 ŋ̟z m a-5 tz t͡ɕ a-0 ŋz t ɔ-3
THA_Nu_6_S00042_145,audio_data/train/THA_Nu_6_S00042_145.wav,z a-5 nz k ɔ-0 nz l aː-1 ɗ ɨ-1 ŋz m əː-3 k ɨə-3 t͡ɕ ɔ-0 ŋ ɨə-1 iz l aː-5,z a-5 nz k ɔ-0 nz l aː-1 ɗ ɨ-1 ŋz m əː-3 k ɨə-3 t͡ɕ ɔ-0 ŋ ɨə-1 iz l aː-5
THA_Nu_6_S00042_150,audio_data/train/THA_Nu_6_S00042_150.wav,k aː-4 kz k ɔ-0 nz əː-0 iz m əː-3 k ɨə-3 t͡ɕ ɔ-0 m ɛ-5,k aː-4 kz k ɔ-0 nz əː-0 iz m əː-3 k ɨə-3 t͡ɕ ɔ-0 m ɛ-5
LDMT_Nam_6_S00047_27,audio_data/train/LDMT_Nam_6_S00047_27.wav,h ɨə-4 m aː-1 t͡ɕ aː-3 l aː-1 mz ɣ i-1 tʰ i-1 t e-5 k w aː-4,h ɨə-4 m aː-1 t͡ɕ aː-3 l aː-1 mz ɣ i-1 tʰ i-1 t e-5 k w aː-4
LXT_Nam_6_S0008_80,audio_data/train/LXT_Nam_6_S0008_80.wav,z u-1 z ə-4 tz s əː-5 z e-0 v ə-2 nz ɓ i-1 ŋ̟z t i-2 ŋ̟z n ɔ-4 iz,z u-1 z ə-4 tz s əː-5 z e-0 v ə-2 nz ɓ i-1 ŋ̟z t i-2 ŋ̟z n ɔ-4 iz
DNK_7_NU_S0048_69,audio_data/train/DNK_7_NU_S0048_69.wav,t͡ɕ i-0 mz ɗ aː-5 iz ɓ aː-1 ŋz t͡ɕ ə-0 nz v aː-1 ŋz m ɔ-3 ɗ ɔ-3,t͡ɕ i-0 mz ɗ aː-5 iz ɓ aː-1 ŋz t͡ɕ ə-0 nz v aː-1 ŋz m ɔ-3 ɗ ɔ-3
PTT_7_NU_S0041_146,audio_data/train/PTT_7_NU_S0041_146.wav,s e-0 v i-1 t͡ɕ ɨə-0 h ɛ-1 z ə-4 tz ɲ iə-1 uz z ɔ-4,s e-0 v i-1 t͡ɕ ɨə-0 h ɛ-1 z ə-4 tz ɲ iə-1 uz z ɔ-4
PC_7_NAM_S0004_121,audio_data/train/PC_7_NAM_S0004_121.wav,ɲ aː-1 t əː-4 n w o-0 iz m o-5 tz k ɔ-0 nz t͡ɕ ɔ-4 v aː-1 aː-0 h aː-0 iz k ɔ-0 nz t͡ɕ ɔ-4 v aː-1 m o-5 tz k ɔ-0 nz m ɛ-1 uz,ɲ aː-1 t əː-4 n w o-0 iz m o-5 tz k ɔ-0 nz t͡ɕ ɔ-4 v aː-1 aː-0 h aː-0 iz k ɔ-0 nz t͡ɕ ɔ-4 v aː-1 m o-5 tz k ɔ-0 nz m ɛ-1 uz
TTT_Nu_6_S00049_17,audio_data/train/TTT_Nu_6_S00049_17.wav,t aː-5 iz s aː-0 uz ɓ ɛ-4 l e-0 s əː-5,t aː-5 iz s aː-0 uz ɓ ɛ-4 l e-0 s əː-5
HYT_Nu_6_S0005_66,audio_data/train/HYT_Nu_6_S0005_66.wav,t əː-4 ɗ i-0 ɓ iə-3 nz ɲ aː-0 t͡ɕ aː-0 ŋz,t əː-4 ɗ i-0 ɓ iə-3 nz ɲ aː-0 t͡ɕ aː-0 ŋz
THA_Nu_6_S00042_177,audio_data/train/THA_Nu_6_S00042_177.wav,x i-0 z e-0 m ɛ-5 v ɨə-1 z aː-0 x ɔ-3 iz ɲ aː-1,x i-0 z e-0 m ɛ-5 v ɨə-1 z aː-0 x ɔ-3 iz ɲ aː-1
LXT_Nam_6_S0008_31,audio_data/train/LXT_Nam_6_S0008_31.wav,m i-1 ŋ̟z t͡ɕ ɔ-5 nz i-0 ə-0 iz v aː-1 i-0 s e-0,m i-1 ŋ̟z t͡ɕ ɔ-5 nz i-0 ə-0 iz v aː-1 i-0 s e-0
PTT_7_NU_S0041_49,audio_data/train/PTT_7_NU_S0041_49.wav,k ɔ-4 ɛ-0 mz h aː-5 k aː-4 kz k o-0 k ə-5 uz h ɔ-5 kpz t͡ɕ ɔ-1 m əː-4 iz ɗ ɨə-5 kz ŋ i-3 h ɛ-1,k ɔ-4 ɛ-0 mz h aː-5 k aː-4 kz k o-0 k ə-5 uz h ɔ-5 kpz t͡ɕ ɔ-1 m əː-4 iz ɗ ɨə-5 kz ŋ i-3 h ɛ-1
PTT_7_NU_S0041_135,audio_data/train/PTT_7_NU_S0041_135.wav,k ɔ-4 tʰ e-3 ŋ ɛ-0 tʰ ə-4 iz ə-0 mz tʰ eaː-0 ŋ̟z n aː-1 uz,k ɔ-4 tʰ e-3 ŋ ɛ-0 tʰ ə-4 iz ə-0 mz tʰ eaː-0 ŋ̟z n aː-1 uz
LXT_Nam_6_S0008_89,audio_data/train/LXT_Nam_6_S0008_89.wav,k ɔ-0 nz ɓ ɨə-4 mz t͡ɕ a-4 ŋz,k ɔ-0 nz ɓ ɨə-4 mz t͡ɕ a-4 ŋz
PTL_7_NU_S0008_123,audio_data/train/PTL_7_NU_S0008_123.wav,ɓ aː-5 nz k ɔ-4 h a-0 iz z u-3 ɛ-0 mz h aː-4 iz h w aː-0 t͡ɕ ɔ-0 ŋmz k o-0 ŋmz v iə-0 nz x o-0 ŋmz,ɓ aː-5 nz k ɔ-4 h a-0 iz z u-3 ɛ-0 mz h aː-4 iz h w aː-0 t͡ɕ ɔ-0 ŋmz k o-0 ŋmz v iə-0 nz x o-0 ŋmz
NMA_7_NU_S0002_59,audio_data/train/NMA_7_NU_S0002_59.wav,h w aː-0 ɗ aː-1 uz ɨə-0 z ɛ-4 tz,h w aː-0 ɗ aː-1 uz ɗ ɨə-0 z ɛ-4 tz
THA_Nu_6_S00042_13,audio_data/train/THA_Nu_6_S00042_13.wav,t aː-5 iz v i-1 k w aː-5 k e-0 uz k w aː-1 k w aː-1,t aː-5 iz v i-1 k w aː-5 k e-0 uz k w aː-1 k w aː-1
NHM_7_NU_S0006_110,audio_data/train/NHM_7_NU_S0006_110.wav,ɗ e-4 nz t͡ɕ iə-1 uz ɣ a-5 tz s ɔ-0 ŋmz z w o-5 ŋmz m ɔ-5 iz ŋ ɨə-1 iz,ɗ e-4 nz t͡ɕ iə-1 uz ɣ a-5 tz s ɔ-0 ŋmz z w o-5 ŋmz m ɔ-5 iz ŋ ɨə-1 iz
PTL_7_NU_S0008_101,audio_data/train/PTL_7_NU_S0008_101.wav,aː-0 t əː-4 ɲ i-1 nz tʰ ə-4 iz k ɔ-0 nz t͡ɕ ə-0 uz,aː-0 t əː-4 ɲ i-1 nz tʰ ə-4 iz k ɔ-0 nz t͡ɕ ə-0 uz
TPA_Nu_6_S0009_169,audio_data/train/TPA_Nu_6_S0009_169.wav,ɗ a-0 ŋz əː-0 iz ɓ aː-5 nz k ɔ-4 m w o-4 nz ŋ ɛ-0 t əː-4 k e-3 k ə-0 uz t͡ɕ w iə-5 nz h w aː-1 ŋz t ɨ-3 e-4 k̟z x o-0 ŋmz,ɗ a-0 ŋz əː-0 iz ɓ aː-5 nz k ɔ-4 m w o-4 nz ŋ ɛ-0 t əː-4 k e-3 k ə-0 uz t͡ɕ w iə-5 nz h w aː-1 ŋz t ɨ-3 e-4 k̟z x o-0 ŋmz
PTT_7_NU_S0041_90,audio_data/train/PTT_7_NU_S0041_90.wav,ɓ ɛ-4 t͡ɕ ɨə-0 ŋ u-3 ɗ ɨə-5 kz,ɓ ɛ-4 t͡ɕ ɨə-0 ŋ u-3 ɗ ɨə-5 kz
DNK_7_NU_S0048_115,audio_data/train/DNK_7_NU_S0048_115.wav,k ɔ-1 nz t͡ɕ i-0 mz ɨ-0 ŋz k ɔ-4 m ɔ-3 v ɨə-1 k ɨ-4 ŋz v ɨə-1 s a-4 kz,k ɔ-1 nz t͡ɕ i-0 mz ɨ-0 ŋz k ɔ-4 m ɔ-3 v ɨə-1 k ɨ-4 ŋz v ɨə-1 s a-4 kz
NDBA_7_NAM_S0010_13,audio_data/train/NDBA_7_NAM_S0010_13.wav,tʰ ə-5 tz t w iə-5 tz,tʰ ə-5 tz t w iə-5 tz
NTM_Nam_6_S00010_15,audio_data/train/NTM_Nam_6_S00010_15.wav,ɗ i-0 s ɛ-0 mz ɗ eaː-4 ŋ̟z k aː-4,ɗ i-0 s ɛ-0 mz ɗ eaː-4 ŋ̟z k aː-4
NHM_7_NU_S0006_27,audio_data/train/NHM_7_NU_S0006_27.wav,l aː-1 t͡ɕ a-5 tz,l aː-1 t͡ɕ a-5 tz
NDBA_7_NAM_S0010_17,audio_data/train/NDBA_7_NAM_S0010_17.wav,h a-1 ŋz ŋ a-1 iz t͡ɕ i-0 mz ɣ ɔ-2 k iə-4 nz ɣ ɔ-2 ɣ ɔ-2 ɗ u-5 kpz ɗ u-5 kpz t͡ɕ ɨə-2 ɓ e-5 ŋ̟z t͡ɕ ɔ-0 k ə-0 iz,h a-1 ŋz ŋ a-1 iz t͡ɕ i-0 mz ɣ ɔ-2 k iə-4 nz ɣ ɔ-2 ɣ ɔ-2 ɗ u-5 kpz ɗ u-5 kpz t͡ɕ ɨə-2 ɓ e-5 ŋ̟z t͡ɕ ɔ-0 k ə-0 iz
DNK_7_NU_S0048_16,audio_data/train/DNK_7_NU_S0048_16.wav,x i-0 l əː-4 nz tʰ e-0 mz m o-5 tz t w o-3 iz,x i-0 l əː-4 nz tʰ e-0 mz m o-5 tz t w o-3 iz
NMA_7_NU_S0002_117,audio_data/train/NMA_7_NU_S0002_117.wav,s aː-0 s aː-0 z ɨə-2 k eaː-4 ŋ̟z ɗ o-1 ŋmz ɗ aː-1 nz t͡ɕ ə-0 uz z aː-0 v e-1 l ɨ-2 ŋz tʰ ɨ-2 ŋz t ɨ-1 ŋz ɓ ɨə-4 kz n a-5 ŋz n e-1,s aː-0 s aː-0 z ɨə-2 k eaː-4 ŋ̟z ɗ o-1 ŋmz ɗ aː-1 nz t͡ɕ ə-0 uz z aː-0 v e-1 l ɨ-2 ŋz tʰ ɨ-2 ŋz t ɨ-1 ŋz ɓ ɨə-4 kz n a-5 ŋz n e-1
PTL_7_NU_S0008_171,audio_data/train/PTL_7_NU_S0008_171.wav,t͡ɕ u-4 ŋmz m i-1 ŋ̟z h a-2 iz ɗ ɔ-5 kpz n o-4 iz t iə-4 pz ɓ aː-1 iz ɗ o-5 ŋmz v ə-5 tz ɓ e-4 k ɔ-0 nz tʰ e-4 n aː-1 uz,t͡ɕ u-4 ŋmz m i-1 ŋ̟z h a-2 iz ɗ ɔ-5 kpz n o-4 iz t iə-4 pz ɓ aː-1 iz ɗ o-5 ŋmz v ə-5 tz ɓ e-4 k ɔ-0 nz tʰ e-4 n aː-1 uz
TPA_Nu_6_S0009_151,audio_data/train/TPA_Nu_6_S0009_151.wav,tʰ e-4 z o-1 iz ɓ w o-3 iz h ɔ-5 pz ə-4 iz k u-2 ŋmz ɗ e-4 nz,tʰ e-4 z o-1 iz ɓ w o-3 iz h ɔ-5 pz ə-4 iz k u-2 ŋmz ɗ e-4 nz
NHM_7_NU_S0006_108,audio_data/train/NHM_7_NU_S0006_108.wav,ɲ ɨ-2 ŋz h aː-5 tz m ə-3 iz v ɨə-1 tʰ əː-0 mz,ɲ ɨ-2 ŋz h aː-5 tz m ə-3 iz v ɨə-1 tʰ əː-0 mz
LXT_Nam_6_S0008_115,audio_data/train/LXT_Nam_6_S0008_115.wav,tʰ ɛ-0 uz k ə-5 uz tʰ ɛ-0 uz t͡ɕ ɔ-5 ŋmz v i-1 s aː-0 uz ɔ-0 ŋmz x o-0 ŋmz ɗ i-0 t͡ɕ əː-0 iz k u-1 ŋmz ɓ ɨə-4 mz,tʰ ɛ-0 uz k ə-5 uz tʰ ɛ-0 uz t͡ɕ ɔ-5 ŋmz v i-1 s aː-0 uz ɔ-0 ŋmz x o-0 ŋmz ɗ i-0 t͡ɕ əː-0 iz k u-1 ŋmz ɓ ɨə-4 mz
THA_Nu_6_S00042_36,audio_data/train/THA_Nu_6_S00042_36.wav,k ə-5 uz tʰ ə-4 iz t əː-4 ɗ ɔ-5 kpz h a-0 iz x o-0 ŋmz k ə-5 uz tʰ ə-4 iz t əː-4 k e-3 t͡ɕ w iə-5 nz h a-0 iz x o-0 ŋmz,k ə-5 uz tʰ ə-4 iz t əː-4 ɗ ɔ-5 kpz h a-0 iz x o-0 ŋmz k ə-5 uz tʰ ə-4 iz t əː-4 k e-3 t͡ɕ w iə-5 nz h a-0 iz x o-0 ŋmz
PTL_7_NU_S0008_73,audio_data/train/PTL_7_NU_S0008_73.wav,ɲ ɨ-0 ŋz t͡ɕ u-4 ŋmz ŋ w aː-5 mz z ə-4 tz x ɛ-4 uz ɗ e-3 x o-0 ŋmz l aː-1 mz ɗ a-0 uz l aː-1 mz z əː-0 iz k ɔ-0 nz,ɲ ɨ-0 ŋz t͡ɕ u-4 ŋmz ŋ w aː-5 mz z ə-4 tz x ɛ-4 uz ɗ e-3 x o-0 ŋmz l aː-1 mz ɗ a-0 uz l aː-1 mz z əː-0 iz k ɔ-0 nz
HYT_Nu_6_S0005_32,audio_data/train/HYT_Nu_6_S0005_32.wav,n ɔ-4 t͡ɕ i-3 m w o-4 nz ɗ uə-1 k ɔ-0 nz,n ɔ-4 t͡ɕ i-3 m w o-4 nz ɗ uə-1 k ɔ-0 nz
DNK_7_NU_S0048_245,audio_data/train/DNK_7_NU_S0048_245.wav,k aː-4 kz ɓ aː-5 nz s ɛ-2 t͡ɕ aː-3 l əː-1 iz l aː-5 iz l aː-1,k aː-4 kz ɓ aː-5 nz s ɛ-2 t͡ɕ aː-3 l əː-1 iz l aː-5 iz l aː-1
THA_7_NU_S0043_100,audio_data/train/THA_7_NU_S0043_100.wav,z o-1 iz tʰ ə-1 iz h ɔ-3 iz,z o-1 iz tʰ ə-1 iz h ɔ-3 iz
NTM_Nam_6_S00010_31,audio_data/train/NTM_Nam_6_S00010_31.wav,tʰ a-1 ŋz k u-0 v o-2 t͡ɕ aː-1 iz,tʰ a-1 ŋz k u-0 v o-2 t͡ɕ aː-1 iz
NNM_Nu_6_S00045_2,audio_data/train/NNM_Nu_6_S00045_2.wav,ɓ ɛ-4 l e-0 m e-0 t i-0 v i-0,ɓ ɛ-4 l e-0 m e-0 t i-0 v i-0
NMA_7_NU_S0002_175,audio_data/train/NMA_7_NU_S0002_175.wav,v e-1 k w e-0 ɗ ɨə-5 kz t a-4 mz z iə-4 ŋz l aː-1 ŋz,v e-1 k w e-0 ɗ ɨə-5 kz t a-4 mz z iə-4 ŋz l aː-1 ŋz
MK_7_NU_S0007_36,audio_data/train/MK_7_NU_S0007_36.wav,ə-0 mz tʰ ə-1 mz z aː-5 uz z ɨ-5 kz,ə-0 mz tʰ ə-1 mz z aː-4 uz z ɨ-4 kz
THA_7_NU_S0043_104,audio_data/train/THA_7_NU_S0043_104.wav,tʰ ə-1 iz z aː-4 uz m i-3 mz k ɨə-1 iz k aː-4 kz ɛ-0 mz m aː-0 ŋz t͡ɕ iə-4 kz s o-0 ɲ ɨə-5 ɗ e-4 nz ɗ ə-0 iz t͡ɕ o-1 ŋmz t aː-5 mz k ə-0 iz h w aː-0 v aː-1 uz ɗ ɔ-4,tʰ ə-1 iz z aː-4 uz m i-3 mz k ɨə-1 iz k aː-4 kz ɛ-0 mz m aː-0 ŋz t͡ɕ iə-4 kz s o-0 ɲ ɨə-5 ɗ e-4 nz ɗ ə-0 iz t͡ɕ o-1 ŋmz t aː-5 mz k ə-0 iz h w aː-0 v aː-1 uz ɗ ɔ-4
LXT_Nam_6_S0008_90,audio_data/train/LXT_Nam_6_S0008_90.wav,l ɨə-5 nz v ɨə-1 nz h o-1 ŋmz,l ɨə-5 nz v ɨə-1 nz h o-1 ŋmz
TTT_Nu_6_S00049_29,audio_data/train/TTT_Nu_6_S00049_29.wav,k ɔ-4 m aː-4 ɓ ɛ-4 l e-0 t͡ɕ aː-3 s əː-5 n ɨə-2,k ɔ-4 m aː-4 ɓ ɛ-4 l e-0 t͡ɕ aː-3 s əː-5 l ɨə-2
PTL_7_NU_S0008_36,audio_data/train/PTL_7_NU_S0008_36.wav,f ə-1 nz k w aː-0 nz s aː-4 tz ɲ ɛ-4,f ə-1 nz k w aː-0 nz s aː-4 tz ɲ ɛ-4
PTL_7_NU_S0008_63,audio_data/train/PTL_7_NU_S0008_63.wav,t͡ɕ u-4 ŋmz m i-1 ŋ̟z k u-1 ŋmz ɗ ɔ-5 kpz s eaː-4 k̟z ɓ aː-4 uz v iə-4 tz v e-1 l w aː-1 iz ɗ o-5 ŋmz v ə-5 tz,t͡ɕ u-4 ŋmz m i-1 ŋ̟z k u-1 ŋmz ɗ ɔ-5 kpz s eaː-4 k̟z ɓ aː-4 uz v iə-4 tz v e-1 l w aː-1 iz ɗ o-5 ŋmz v ə-5 tz
CNBA_Nu_6_S0003_145,audio_data/train/CNBA_Nu_6_S0003_145.wav,t aː-0 ɗ aː-2 a-0 nz n ɔ-4 t͡ɕ ɨə-0 ɲ i-3,t aː-0 ɗ aː-2 a-0 nz n ɔ-4 t͡ɕ ɨə-0 ɲ i-3
THA_7_NU_S0043_20,audio_data/train/THA_7_NU_S0043_20.wav,k aː-4 kz ɓ aː-5 nz h ɔ-5 kpz s i-0 ŋ̟z ɗ aː-2 l aː-1 mz ɣ i-1 v əː-4 iz z ɔ-5 ŋmz t͡ɕ aː-4 iz k ə-0 iz ɗ ɔ-4,k aː-4 kz ɓ aː-5 nz h ɔ-5 kpz s i-0 ŋ̟z ɗ aː-2 l aː-1 mz ɣ i-1 v əː-4 iz z ɔ-5 ŋmz t͡ɕ aː-4 iz k ə-0 iz ɗ ɔ-4
CNBA_Nu_6_S0003_93,audio_data/train/CNBA_Nu_6_S0003_93.wav,n aː-1 ŋz t iə-0 nz k aː-4 k ɔ-4 t ə-4 tz k aː-3 k aː-4 kz tʰ ɨ-4 n aː-1 ŋz m w o-4 nz,n aː-1 ŋz t iə-0 nz k aː-4 k ɔ-4 t ə-4 tz k aː-3 k aː-4 kz tʰ ɨ-4 n aː-1 ŋz m w o-4 nz
MK_7_NU_S0007_9,audio_data/train/MK_7_NU_S0007_9.wav,ɓ o-4 k w ɛ-4 tz z ɔ-5 nz,ɓ o-4 k w ɛ-4 tz z ɔ-5 nz
NT_7_NAM_S0009_5,audio_data/train/NT_7_NAM_S0009_5.wav,tʰ ə-1 nz s o-0 o-0 ŋmz ŋ aː-2 l a-0 nz k w a-0 iz z o-1 iz ɓ a-0 iz ɗ i-0 v əː-4 iz t iə-4 ŋz k ɨə-1 iz ŋ aː-5 uz ŋ e-2,tʰ ə-1 nz s o-0 o-0 ŋmz ŋ aː-2 l a-0 nz k w a-0 iz z o-1 iz ɓ a-0 iz ɗ i-0 v əː-4 iz t iə-4 ŋz k ɨə-1 iz ŋ aː-5 uz ŋ e-2
NMA_7_NU_S0002_52,audio_data/train/NMA_7_NU_S0002_52.wav,tʰ ɛ-0 uz t aː-4 kz z aː-3 v i-1 s aː-0 uz ɓ o-5 f ə-5 nz ə-4 iz k ɔ-4 ɗ a-5 kz ɗ iə-3 mz ɲ ɨ-0 v ə-5 iz,tʰ ɛ-0 uz t aː-4 kz z aː-3 v i-1 s aː-0 uz ɓ o-5 f ə-5 nz ə-4 iz k ɔ-4 ɗ a-5 kz ɗ iə-3 mz ɲ ɨ-0 v ə-5 iz
THA_7_NU_S0043_141,audio_data/train/THA_7_NU_S0043_141.wav,t͡ɕ i-0 mz eaː-4 ŋ̟z z u-3 k uə-3 s w ə-0 nz k u-1 ŋmz v e-1 ŋ iə-2 l aː-1 ɣ i-1,t͡ɕ i-0 mz eaː-4 ŋ̟z z u-3 k uə-3 s w ə-0 nz k u-1 ŋmz v e-1 ŋ iə-2 l aː-1 ɣ i-1
THA_Nu_6_S00042_91,audio_data/train/THA_Nu_6_S00042_91.wav,t͡ɕ u-4 ŋmz m i-1 ŋ̟z k u-1 ŋmz tʰ i-0 t i-1 mz t iə-4 ŋz ɲ ɛ-4,t͡ɕ u-4 ŋmz m i-1 ŋ̟z k u-1 ŋmz tʰ i-0 t i-1 mz t iə-4 ŋz ɲ ɛ-4
THA_7_NU_S0043_132,audio_data/train/THA_7_NU_S0043_132.wav,t͡ɕ əː-1 iz l a-4 kz ɓ w i-5 m ɨə-0 z əː-0 iz,t͡ɕ əː-1 iz l a-4 kz ɓ w i-5 m ɨə-0 z əː-0 iz
TPA_Nu_6_S0009_167,audio_data/train/TPA_Nu_6_S0009_167.wav,k ɔ-4 ɓ aː-5 nz w aː-1 l e-0 nz n ɨ-4 kz n əː-3,k ɔ-4 ɓ aː-5 nz w aː-1 l e-0 nz n ɨ-4 kz n əː-3
DNK_7_NU_S0048_160,audio_data/train/DNK_7_NU_S0048_160.wav,k aː-0 h aː-4 tz ŋ ə-5 tz ŋ u-1,k aː-0 h aː-4 tz ŋ ə-5 tz ŋ u-1
NMA_7_NU_S0002_28,audio_data/train/NMA_7_NU_S0002_28.wav,t͡ɕ ə-0 nz ɗ aː-5 pz ɣ i-1 k u-2 ŋmz n aː-4 tz,t͡ɕ ə-0 nz ɗ aː-5 pz ɣ i-1 k u-2 ŋmz n aː-4 tz
NTN_7_NU_S0042_6,audio_data/train/NTN_7_NU_S0042_6.wav,ɲ ɨ-2 ŋz ɗ iə-1 uz m aː-1 h aː-1 v aː-1 k aː-4 kz ɓ aː-5 nz iə-0 uz tʰ i-4 k̟z əː-0 ŋ o-0 iz t͡ɕ ɨə-1 ŋz m əː-4 iz ɗ ɔ-4 l aː-1,ɲ ɨ-2 ŋz ɗ iə-1 uz m aː-1 h aː-1 v aː-1 k aː-4 kz ɓ aː-5 nz iə-0 uz tʰ i-4 k̟z əː-0 ŋ o-0 iz t͡ɕ ɨə-1 ŋz m əː-4 iz ɗ ɔ-4 l aː-1
MK_7_NAM_S0005_107,audio_data/train/MK_7_NAM_S0005_107.wav,k u-2 ŋmz tʰ w əː-3 ə-4 iz əː-0 v u-1 ŋmz n w i-4 f iə-4 ɓ a-4 kz n aː-1 ŋz ə-0 uz k əː-0 s i-0 ŋ̟z ɗ ɛ-5 pz t w iə-5 tz t͡ɕ ə-1 nz k ɔ-4,k u-2 ŋmz tʰ w əː-3 ə-4 iz əː-0 v u-1 ŋmz n w i-4 f iə-4 ɓ a-4 kz n aː-1 ŋz ə-0 uz k əː-0 s i-0 ŋ̟z ɗ ɛ-5 pz t w iə-5 tz t͡ɕ ə-1 nz k ɔ-4
NMA_7_NU_S0002_155,audio_data/train/NMA_7_NU_S0002_155.wav,tʰ w iə-1 nz aː-0 iz k ɛ-4 uz l ɨə-4 iz,tʰ w iə-1 nz aː-0 iz k ɛ-4 uz l ɨə-4 iz
GQM_Nam_6_S0006_68,audio_data/train/GQM_Nam_6_S0006_68.wav,s a-0 uz ɗ ə-0 iz k ɔ-0 nz s ɛ-2 ɗ ɔ-5 kpz ɓ aː-1 iz n aː-1 ŋz t iə-0 nz k aː-4,s a-0 uz ɗ ə-0 iz k ɔ-0 nz s ɛ-2 ɗ ɔ-5 kpz ɓ aː-1 iz n aː-1 ŋz t iə-0 nz k aː-4
LDMT_Nam_6_S00047_26,audio_data/train/LDMT_Nam_6_S00047_26.wav,ɗ aː-2 h ɨə-4 tʰ i-1 k o-4 m aː-1 l aː-1 mz,ɗ aː-2 h ɨə-4 tʰ i-1 k o-4 m aː-1 l aː-1 mz
TPA_Nu_6_S0009_1,audio_data/train/TPA_Nu_6_S0009_1.wav,ɗ a-0 ŋz əː-0 iz ɓ ə-0 iz z əː-1 t əː-4 v aː-1 ɓ aː-5 nz k u-1 ŋmz ɗ ɔ-5 kpz ɓ aː-1 iz t͡ɕ u-4 ɣ aː-1 k w aː-0 nz t͡ɕ ɔ-5 ŋmz ɗ i-0,ɗ a-0 ŋz əː-0 iz ɓ ə-0 iz z əː-1 t əː-4 v aː-1 ɓ aː-5 nz k u-1 ŋmz ɗ ɔ-5 kpz ɓ aː-1 iz t͡ɕ u-4 ɣ aː-1 k w aː-0 nz t͡ɕ ɔ-5 ŋmz ɗ i-0
TTD_7_NAM_S0001_184,audio_data/train/TTD_7_NAM_S0001_184.wav,t aː-0 ɗ ə-0 iz t͡ɕ ə-0 uz ɗ ə-4 iz aː-0 iz m aː-1 k w aː-3 nz k o-0 ŋmz,t aː-0 ɗ ə-0 iz t͡ɕ ə-0 uz ɗ ə-4 iz aː-0 iz m aː-1 k w aː-3 nz k o-0 ŋmz
TPA_Nu_6_S0009_59,audio_data/train/TPA_Nu_6_S0009_59.wav,ɣ aː-1 t͡ɕ o-4 ŋmz s əː-5 t͡ɕ a-5 iz m ə-4 tz,ɣ aː-1 t͡ɕ o-4 ŋmz s əː-5 t͡ɕ a-5 iz m ə-4 tz
CNBA_Nu_6_S0003_88,audio_data/train/CNBA_Nu_6_S0003_88.wav,n aː-1 ŋz t iə-0 nz k aː-4,n aː-1 ŋz t iə-0 nz k aː-4
MK_7_NU_S0007_47,audio_data/train/MK_7_NU_S0007_47.wav,m uə-1 s w ə-0 nz l eaː-5 ŋ̟z s ɛ-0,m uə-1 s w ə-0 nz l eaː-5 ŋ̟z s ɛ-0
NHM_7_NU_S0006_118,audio_data/train/NHM_7_NU_S0006_118.wav,h o-0 mz s a-0 uz l aː-0 ŋz l iə-0 uz k u-1 ŋmz v əː-5 ɓ aː-1 nz k eaː-4 k̟z l aː-1 mz h aː-0 iz tʰ ɨ-4 ɓ eaː-4 ŋ̟z,h o-0 mz s a-0 uz l aː-0 ŋz l iə-0 uz k u-1 ŋmz v əː-5 ɓ aː-1 nz k eaː-4 k̟z l aː-1 mz h aː-0 iz tʰ ɨ-4 ɓ eaː-4 ŋ̟z
TTD_7_NAM_S0001_130,audio_data/train/TTD_7_NAM_S0001_130.wav,z o-1 iz z əː-1 ɓ ə-0 iz z əː-1 t͡ɕ u-4 ŋmz m i-1 ŋ̟z k u-1 ŋmz ɗ ɔ-5 kpz ɓ aː-1 iz k ɔ-0 nz t͡ɕ ə-0 uz ɗ ɛ-0 nz l o-0 ŋmz m ɨə-5 tz ɲ ɛ-4,z o-1 iz z əː-1 ɓ ə-0 iz z əː-1 t͡ɕ u-4 ŋmz m i-1 ŋ̟z k u-1 ŋmz ɗ ɔ-5 kpz ɓ aː-1 iz k ɔ-0 nz t͡ɕ ə-0 uz ɗ ɛ-0 nz l o-0 ŋmz m ɨə-5 tz ɲ ɛ-4
THA_Nu_6_S00042_113,audio_data/train/THA_Nu_6_S00042_113.wav,ɓ aː-5 nz k ɔ-4 tʰ e-3 t i-1 mz t͡ɕ ɔ-0 t əː-4 t iə-4 ŋz n aː-1 uz k ɔ-4 ə-0 mz ɨ-0,ɓ aː-5 nz k ɔ-4 tʰ e-3 t i-1 mz t͡ɕ ɔ-0 t əː-4 t iə-4 ŋz n aː-1 uz k ɔ-4 ə-0 mz ɨ-0
TTD_7_NAM_S0001_152,audio_data/train/TTD_7_NAM_S0001_152.wav,aː-0 k w e-0 nz l aː-1 l əː-1 iz k uə-3 ɓ aː-5 nz ɲ ɔ-3 n ɔ-4 iz v əː-4 iz k ɔ-0 nz t͡ɕ ə-0 uz,aː-0 k w e-0 nz l aː-1 l əː-1 iz k uə-3 ɓ aː-5 nz ɲ ɔ-3 l ɔ-4 iz v əː-4 iz k ɔ-0 nz t͡ɕ ə-0 uz
CNBA_Nu_6_S0003_92,audio_data/train/CNBA_Nu_6_S0003_92.wav,ɲ əː-1 tʰ e-4 n aː-1 ŋz l ɨə-4 tz t͡ɕ e-0 nz ɓ iə-3 nz z ə-4 tz ɲ ɛ-5 ɲ aː-1 ŋz,ɲ əː-1 tʰ e-4 n aː-1 ŋz l ɨə-4 tz t͡ɕ e-0 nz ɓ iə-3 nz z ə-4 tz ɲ ɛ-5 ɲ aː-1 ŋz
NDBA_7_NAM_S0010_85,audio_data/train/NDBA_7_NAM_S0010_85.wav,m ɛ-1 uz t͡ɕ əː-3 v e-1 ɓ aː-4 uz k aː-4 uz v əː-4 iz eaː-0 ŋ̟z t͡ɕ u-3 k uə-3 m i-1 ŋ̟z,m ɛ-1 uz t͡ɕ əː-3 v e-1 ɓ aː-4 uz k aː-4 uz v əː-4 iz eaː-0 ŋ̟z t͡ɕ u-3 k uə-3 m i-1 ŋ̟z
NNM_Nu_6_S00045_146,audio_data/train/NNM_Nu_6_S00045_146.wav,tʰ e-4 l aː-1 ɓ aː-1 t͡ɕ u-3,tʰ e-4 l aː-1 ɓ aː-1 t͡ɕ u-3
HYT_Nu_6_S0005_114,audio_data/train/HYT_Nu_6_S0005_114.wav,k aː-4 m a-0 ŋz l ɔ-0 l a-4 ŋz l a-4 mz,k aː-4 m a-0 ŋz l ɔ-0 l a-4 ŋz l a-4 mz
NNM_Nu_6_S00045_112,audio_data/train/NNM_Nu_6_S00045_112.wav,t ɨ-1 t͡ɕ ɔ-0 ŋmz m iə-5 ŋz k aː-4 s ə-4 uz k aː-4 s ə-4 uz,t ɨ-1 t͡ɕ ɔ-0 ŋmz m iə-5 ŋz k aː-4 s ə-4 uz k aː-4 s ə-4 uz
LXT_Nam_6_S0008_110,audio_data/train/LXT_Nam_6_S0008_110.wav,t o-0 iz k ɔ-1 nz ɓ ə-5 nz,t o-0 iz k ɔ-1 nz ɓ ə-5 nz
CNBA_Nu_6_S0003_39,audio_data/train/CNBA_Nu_6_S0003_39.wav,t͡ɕ aː-1 ŋz k aː-3 mz əː-0 nz k o-0 ŋmz t͡ɕ uə-4 ɗ aː-2 z u-4 pz n aː-1 ŋz t͡ɕ aː-1 ŋz f aː-4 ɓ ɔ-3 f ɛ-4 pz f u-1 tʰ w i-3 v aː-1 ŋ ɔ-3 l əː-1 iz s i-0 nz k ɨə-4 iz k o-0 ŋmz t͡ɕ uə-4,t͡ɕ aː-1 ŋz k aː-3 mz əː-0 nz k o-0 ŋmz t͡ɕ uə-4 ɗ aː-2 z u-4 pz n aː-1 ŋz t͡ɕ aː-1 ŋz f aː-4 ɓ ɔ-3 f ɛ-4 pz f u-1 tʰ w i-3 v aː-1 ŋ ɔ-3 l əː-1 iz s i-0 nz k ɨə-4 iz k o-0 ŋmz t͡ɕ uə-4
TPA_Nu_6_S0009_117,audio_data/train/TPA_Nu_6_S0009_117.wav,s ɔ-4 kpz k ɔ-0 nz ɗ i-0 z ɔ-1 ŋmz z aː-2 m o-5 tz ŋ a-1 iz m o-5 tz ɗ e-0 mz m əː-4 iz ɗ e-4 nz ɲ aː-1 k o-0 t͡ɕ i-5 k aː-3,s ɔ-4 kpz k ɔ-0 nz ɗ i-0 z ɔ-1 ŋmz z aː-2 m o-5 tz ŋ a-1 iz m o-5 tz ɗ e-0 mz m əː-4 iz ɗ e-4 nz ɲ aː-1 k o-0 t͡ɕ i-5 k aː-3
THA_Nu_6_S00042_1,audio_data/train/THA_Nu_6_S00042_1.wav,ɓ ə-0 iz z əː-1 t əː-4 k e-3 t͡ɕ ɔ-0 k ə-5 uz ŋ ɛ-0 k ə-0 uz t͡ɕ w iə-5 nz s ɛ-3 k w aː-5 ɲ ɛ-4,ɓ ə-0 iz z əː-1 t əː-4 k e-3 t͡ɕ ɔ-0 k ə-5 uz ŋ ɛ-0 k ə-0 uz t͡ɕ w iə-5 nz s ɛ-3 k w aː-5 ɲ ɛ-4
PTT_7_NU_S0041_52,audio_data/train/PTT_7_NU_S0041_52.wav,x o-0 ŋmz k ɔ-4 tʰ u-0 l aː-1 mz s aː-0 uz k ɔ-4 ɗ e-0 mz t͡ɕ a-0 ŋz z ɨə-4 kz ɗ ɛ-1 nz f aː-4 k o-2,x o-0 ŋmz k ɔ-4 tʰ u-0 l aː-1 mz s aː-0 uz k ɔ-4 ɗ e-0 mz t͡ɕ a-0 ŋz z ɨə-4 kz ɗ ɛ-1 nz f aː-4 k o-2
LDMT_Nam_6_S00047_5,audio_data/train/LDMT_Nam_6_S00047_5.wav,t͡ɕ i-0 m e-0 z ɛ-4 pz l a-4 mz,t͡ɕ i-0 m e-0 z ɛ-4 pz l a-4 mz
NNM_Nu_6_S00045_84,audio_data/train/NNM_Nu_6_S00045_84.wav,v i-1 s aː-0 uz s ɔ-4 iz x o-0 ŋmz f aː-4 ɗ ɨə-5 kz ɲ aː-1 k uə-3 l əː-5 nz u-4 tz,v i-1 s aː-0 uz s ɔ-4 iz x o-0 ŋmz f aː-4 ɗ ɨə-5 kz ɲ aː-1 k uə-3 l əː-5 nz u-4 tz
NHM_7_NU_S0006_42,audio_data/train/NHM_7_NU_S0006_42.wav,v i-1 o-0 ŋmz m eaː-5 ŋ̟z ɗ aː-2 z ɨ-5 ŋz m o-5 tz ŋ o-0 iz ɲ aː-1 tʰ ə-5 tz v ɨ-2 ŋz k w iə-4 tz t͡ɕ o-4 ŋmz t͡ɕ aː-3 l aː-5 iz tʰ ə-1 nz z ɔ-4 z ɔ-0 ɗ aː-2 s o-0 ŋ aː-2,v i-1 o-0 ŋmz m eaː-5 ŋ̟z ɗ aː-2 z ɨ-5 ŋz m o-5 tz ŋ o-0 iz ɲ aː-1 tʰ ə-5 tz v ɨ-2 ŋz k w iə-4 tz t͡ɕ o-4 ŋmz t͡ɕ aː-3 l aː-5 iz tʰ ə-1 nz z ɔ-4 z ɔ-0 ɗ aː-2 s o-0 ŋ aː-2
NTN_7_NU_S0042_3,audio_data/train/NTN_7_NU_S0042_3.wav,t ɨə-3 ŋz t ɨə-5 ŋz ɓ iə-4 tz ɓ aː-0 uz ɗ iə-1 uz v e-1 ŋ o-0 iz t͡ɕ ɨə-1 ŋz,t ɨə-3 ŋz t ɨə-5 ŋz ɓ iə-4 tz ɓ aː-0 uz ɗ iə-1 uz v e-1 ŋ o-0 iz t͡ɕ ɨə-1 ŋz
TTT_Nu_6_S00049_76,audio_data/train/TTT_Nu_6_S00049_76.wav,v aː-1 s ɔ-4 iz z u-1 ŋmz s ɨ-4 kz v aː-1 l ə-4 iz ŋ ɨə-1 iz f i-0 tʰ a-3 ŋz v aː-1 uz ɲ aː-1,v aː-1 s ɔ-4 iz z u-1 ŋmz s ɨ-4 kz v aː-1 l ə-4 iz ŋ ɨə-1 iz f i-0 tʰ a-3 ŋz v aː-1 uz ɲ aː-1
PC_7_NAM_S0004_36,audio_data/train/PC_7_NAM_S0004_36.wav,t͡ɕ ɔ-0 ŋmz k aː-4 kz l w aː-1 iz t͡ɕ i-0 mz t əː-4 tʰ i-4 k̟z ɲ ə-4 tz l aː-1 l w aː-1 iz t͡ɕ i-0 mz ɛ-4 nz,t͡ɕ ɔ-0 ŋmz k aː-4 kz l w aː-1 iz t͡ɕ i-0 mz t əː-4 tʰ i-4 k̟z ɲ ə-4 tz l aː-1 l w aː-1 iz t͡ɕ i-0 mz ɛ-4 nz
THA_Nu_6_S00042_141,audio_data/train/THA_Nu_6_S00042_141.wav,k ə-5 uz z ɔ-3 iz k w aː-4 t əː-4 x ɛ-0 nz k ə-5 uz,k ə-5 uz z ɔ-3 iz k w aː-4 t əː-4 x ɛ-0 nz k ə-5 uz
TPA_Nu_6_S0009_191,audio_data/train/TPA_Nu_6_S0009_191.wav,k ɔ-0 nz l aː-1 k o-0 ŋmz t͡ɕ uə-4 x o-0 ŋmz tʰ e-3 n w o-4 tz l əː-1 iz h ɨə-4 ɗ ɨə-5 kz,k ɔ-0 nz l aː-1 k o-0 ŋmz t͡ɕ uə-4 x o-0 ŋmz tʰ e-3 n w o-4 tz l əː-1 iz h ɨə-4 ɗ ɨə-5 kz
DNK_7_NU_S0048_222,audio_data/train/DNK_7_NU_S0048_222.wav,ɗ ɨ-1 ŋz l aː-1 mz v ə-5 iz,ɗ ɨ-1 ŋz l aː-1 mz v ə-5 iz
PTT_7_NU_S0041_58,audio_data/train/PTT_7_NU_S0041_58.wav,t ɨ-1 t əː-4 h ɔ-3 iz k ə-5 uz tʰ ɛ-0 uz l əː-1 iz ɓ aː-1 ɗ ə-4 tz m o-2 iz m uə-1 ɗ e-1 uz k ɔ-4 i-4 k̟z ɗ e-1 uz ɗ aː-4 ŋz iə-0 uz ɲ ɨ-0 tʰ e-4 n aː-1 uz,t ɨ-1 t əː-4 h ɔ-3 iz k ə-5 uz tʰ ɛ-0 uz l əː-1 iz ɓ aː-1 ɗ ə-4 tz m o-2 iz m uə-1 ɗ e-1 uz k ɔ-4 i-4 k̟z ɗ e-1 uz ɗ aː-4 ŋz iə-0 uz ɲ ɨ-0 tʰ e-4 n aː-1 uz
NT_7_NAM_S0009_8,audio_data/train/NT_7_NAM_S0009_8.wav,k aː-3 ɓ aː-0 l ə-1 nz ɲ aː-1 ɗ e-1 uz ɓ i-5 k w ə-5 tz ɗ o-3,k aː-3 ɓ aː-0 l ə-1 nz ɲ aː-1 ɗ e-1 uz ɓ i-5 k w ə-5 tz ɗ o-3
NTN_7_NU_S0042_57,audio_data/train/NTN_7_NU_S0042_57.wav,s ɛ-0 mz t͡ɕ u-4 ŋmz ɛ-0 mz h ɔ-5 kpz ɓ aː-1 iz,s ɛ-0 mz t͡ɕ u-4 ŋmz ɛ-0 mz h ɔ-5 kpz ɓ aː-1 iz
GQM_Nam_6_S0006_71,audio_data/train/GQM_Nam_6_S0006_71.wav,n ɨə-3 tʰ ə-0 nz t͡ɕ e-0 nz k uə-3 n aː-1 ŋz ɲ ɨ-0 m o-5 tz k o-0 ɓ ɛ-4,n ɨə-3 tʰ ə-0 nz t͡ɕ e-0 nz k uə-3 n aː-1 ŋz ɲ ɨ-0 m o-5 tz k o-0 ɓ ɛ-4
DNK_7_NU_S0048_248,audio_data/train/DNK_7_NU_S0048_248.wav,t͡ɕ u-4 ŋmz m i-1 ŋ̟z l aː-5 iz ɗ ɔ-5 kpz ɓ aː-1 iz ɗ ɔ-5 kpz,t͡ɕ u-4 ŋmz m i-1 ŋ̟z l aː-5 iz ɗ ɔ-5 kpz ɓ aː-1 iz ɗ ɔ-5 kpz
CNBA_Nu_6_S0003_12,audio_data/train/CNBA_Nu_6_S0003_12.wav,k o-0 ŋmz t͡ɕ uə-4 w aː-1 x ɔ-4 kpz t͡ɕ əː-5 tz k ɔ-4 m o-5 tz k ɔ-0 nz e-4 k̟z ɲ a-3 iz ɗ e-4 nz t͡ɕ ɨə-4 kz m a-5 tz n aː-1 ŋz,k o-0 ŋmz t͡ɕ uə-4 w aː-1 x ɔ-4 kpz t͡ɕ əː-5 tz k ɔ-4 m o-5 tz k ɔ-0 nz e-4 k̟z ɲ a-3 iz ɗ e-4 nz t͡ɕ ɨə-4 kz m a-5 tz l aː-1 ŋz
DNK_7_NU_S0048_15,audio_data/train/DNK_7_NU_S0048_15.wav,t͡ɕ i-0 mz əː-0 iz t͡ɕ i-0 mz n ɔ-4 iz ɣ i-1,t͡ɕ i-0 mz əː-0 iz t͡ɕ i-0 mz n ɔ-4 iz ɣ i-1
NMA_7_NU_S0002_224,audio_data/train/NMA_7_NU_S0002_224.wav,k u-2 ŋmz ɓ əː-3 iz s ɨ-5 t i-4 k̟z n a-1 iz m aː-1 ŋ ɨə-1 iz v iə-5 tz tʰ ɨə-1 ŋz ɗ ɨə-5 kz ɣ ɔ-5 iz l aː-1 k ɔ-0 nz z o-1 ŋmz t͡ɕ a-4 uz t iə-0 nz,k u-2 ŋmz ɓ əː-3 iz s ɨ-5 t i-4 k̟z n a-1 iz m aː-1 ŋ ɨə-1 iz v iə-5 tz tʰ ɨə-1 ŋz ɗ ɨə-5 kz ɣ ɔ-5 iz l aː-1 k ɔ-0 nz z o-1 ŋmz t͡ɕ a-4 uz t iə-0 nz
CNBA_Nu_6_S0003_50,audio_data/train/CNBA_Nu_6_S0003_50.wav,k u-4 nz tʰ ɔ-3 v aː-1 v ɨə-5 nz z aː-0 ɓ iə-3 nz,k u-4 nz tʰ ɔ-3 v aː-1 v ɨə-5 nz z aː-0 ɓ iə-3 nz
PC_7_NAM_S0004_86,audio_data/train/PC_7_NAM_S0004_86.wav,v ə-5 iz k w e-0 ɓ aː-5 nz əː-0 ɗ ə-0 uz,v ə-5 iz k w e-0 ɓ aː-5 nz əː-0 ɗ ə-0 uz
NNM_Nu_6_S00045_76,audio_data/train/NNM_Nu_6_S00045_76.wav,t͡ɕ u-4 l əː-5 nz eaː-0 ŋ̟z l aː-1 mz ɲ aː-1 ɓ a-1 ŋz t o-0 nz,t͡ɕ u-4 l əː-5 nz eaː-0 ŋ̟z l aː-1 mz ɲ aː-1 ɓ a-1 ŋz t o-0 nz
GQM_Nam_6_S0006_9,audio_data/train/GQM_Nam_6_S0006_9.wav,t͡ɕ w o-5 tz m ɛ-5 ɗ aː-4 pz,t͡ɕ w o-5 tz m ɛ-5 ɗ aː-4 pz
DNK_7_NU_S0048_64,audio_data/train/DNK_7_NU_S0048_64.wav,ɲ ɨ-2 ŋz k əː-0 nz z ɔ-4 ɲ ɛ-5 l aː-1 m a-5 tz n ɨə-4 kz h o-1 i-0 nz z əː-0 p aː-0 uz,ɲ ɨ-2 ŋz k əː-0 nz z ɔ-4 ɲ ɛ-5 l aː-1 m a-5 tz n ɨə-4 kz h o-1 i-0 nz z əː-0 p aː-0 uz
HYT_Nu_6_S0005_11,audio_data/train/HYT_Nu_6_S0005_11.wav,k ɔ-0 nz tʰ u-4 ɗ ɔ-4 z ə-4 tz h iə-1 nz,k ɔ-0 nz tʰ u-4 ɗ ɔ-4 z ə-4 tz h iə-1 nz
MK_7_NU_S0007_30,audio_data/train/MK_7_NU_S0007_30.wav,h w aː-0 ɗ aː-5 iz tʰ əː-0 mz h əː-0 nz,h w aː-0 ɗ aː-5 iz tʰ əː-0 mz h əː-0 nz
NDBA_7_NAM_S0010_198,audio_data/train/NDBA_7_NAM_S0010_198.wav,k w o-4 iz k u-1 ŋmz l aː-1 k aː-4 iz ɗ w o-0 iz,k w o-4 iz k u-1 ŋmz l aː-1 k aː-4 iz ɗ w o-0 iz
PTT_7_NU_S0041_142,audio_data/train/PTT_7_NU_S0041_142.wav,k ɔ-4 tʰ e-3 ŋ ɛ-0 tʰ ə-4 iz ə-0 mz tʰ eaː-0 ŋ̟z n ɔ-4 iz t͡ɕ e-0 nz,k ɔ-4 tʰ e-3 ŋ ɛ-0 tʰ ə-4 iz ə-0 mz tʰ eaː-0 ŋ̟z n ɔ-4 iz t͡ɕ e-0 nz
TTD_7_NAM_S0001_171,audio_data/train/TTD_7_NAM_S0001_171.wav,ɗ a-5 kz ɗ iə-3 mz l aː-1 ɗ ɛ-0 nz m ɨə-5 tz t͡ɕ ɔ-0 ŋmz t ɔ-3 s eaː-0 ŋ̟z,ɗ a-5 kz ɗ iə-3 mz l aː-1 ɗ ɛ-0 nz m ɨə-5 tz t͡ɕ ɔ-0 ŋmz t ɔ-3 s eaː-0 ŋ̟z
LXT_Nam_6_S0008_63,audio_data/train/LXT_Nam_6_S0008_63.wav,s a-4 pz s e-4 pz k aː-4 kz k aː-4 kz i-0 tʰ ɛ-0 uz ɗ u-4 ŋmz n o-5 iz z u-0 ŋmz k ə-0 uz t͡ɕ w iə-5 nz,s a-4 pz s e-4 pz k aː-4 kz k aː-4 kz i-0 tʰ ɛ-0 uz ɗ u-4 ŋmz n o-5 iz z u-0 ŋmz k ə-0 uz t͡ɕ w iə-5 nz
HYT_Nu_6_S0005_29,audio_data/train/HYT_Nu_6_S0005_29.wav,t əː-4 ɗ o-4 ɓ aː-5 nz m ɛ-5 aː-0 nz w i-3 t͡ɕ w o-5 tz u-4 tz ɲ ɨ-0 tʰ e-4 n aː-1 uz,t əː-4 ɗ o-4 ɓ aː-5 nz m ɛ-5 aː-0 nz w i-3 t͡ɕ w o-5 tz u-4 tz ɲ ɨ-0 tʰ e-4 n aː-1 uz
NNM_Nu_6_S00045_147,audio_data/train/NNM_Nu_6_S00045_147.wav,s e-4 pz ɗ o-1 t ɨ-1 l ɨə-1 k w aː-0 ŋ ɨə-5,s e-4 pz ɗ o-1 t ɨ-1 l ɨə-1 k w aː-0 ŋ ɨə-5
CNBA_Nu_6_S0003_61,audio_data/train/CNBA_Nu_6_S0003_61.wav,k u-4 nz tʰ ɔ-3 v aː-1 v ɨə-5 nz z aː-0 ɓ iə-3 nz,k u-4 nz tʰ ɔ-3 v aː-1 v ɨə-5 nz z aː-0 ɓ iə-3 nz
NMA_7_NU_S0002_178,audio_data/train/NMA_7_NU_S0002_178.wav,t͡ɕ ɛ-0 ɗ u-0 k ɛ-2 uz k ɛ-5 tz n a-4 ŋz ɗ ə-1 iz s ə-0 nz f əː-0 iz,t͡ɕ ɛ-0 ɗ u-0 k ɛ-2 uz k ɛ-5 tz n a-4 ŋz ɗ ə-1 iz s ə-0 nz f əː-0 iz
GQM_Nam_6_S0006_15,audio_data/train/GQM_Nam_6_S0006_15.wav,k ɔ-0 nz k ɔ-1 nz ɣ a-5 pz m o-5 tz k ɔ-0 nz tʰ u-4 z ə-4 tz h iə-1 nz,k ɔ-0 nz k ɔ-1 nz ɣ a-5 pz m o-5 tz k ɔ-0 nz tʰ u-4 z ə-4 tz h iə-1 nz
NNM_Nu_6_S00045_78,audio_data/train/NNM_Nu_6_S00045_78.wav,t͡ɕ u-4 l əː-5 nz u-4 tz l aː-1 mz ɲ aː-1 ɓ a-1 ŋz ɣ eaː-5 k̟z,t͡ɕ u-4 l əː-5 nz u-4 tz l aː-1 mz ɲ aː-1 ɓ a-1 ŋz ɣ eaː-5 k̟z
NTM_Nam_6_S00010_47,audio_data/train/NTM_Nam_6_S00010_47.wav,s o-0 iz k əː-0 mz n e-4 pz ɓ eaː-4 ŋ̟z t͡ɕ ɨ-0 ŋz z ɨə-5 uz,s o-0 iz k əː-0 mz n e-4 pz ɓ eaː-4 ŋ̟z t͡ɕ ɨ-0 ŋz z i-5 uz
NHM_7_NU_S0006_160,audio_data/train/NHM_7_NU_S0006_160.wav,t͡ɕ aː-1 ŋz t͡ɕ aː-0 iz t͡ɕ ɛ-3 h iə-3 uz z a-1 ŋz m i-1 ŋ̟z k ɔ-4 m o-5 tz t͡ɕ u-4 m ɛ-1 uz ɲ eaː-0 ŋ̟z t͡ɕ i-4,t͡ɕ aː-1 ŋz t͡ɕ aː-0 iz t͡ɕ ɛ-3 h iə-3 uz z a-1 ŋz m i-1 ŋ̟z k ɔ-4 m o-5 tz t͡ɕ u-4 m ɛ-1 uz ɲ eaː-0 ŋ̟z t͡ɕ i-4
THA_7_NU_S0043_108,audio_data/train/THA_7_NU_S0043_108.wav,ŋ a-1 iz m aː-0 iz n ɔ-4 s ɛ-2 ɗ ɨə-5 kz ɗ a-5 tz v aː-1 uz m o-5 tz t͡ɕ iə-4 kz t͡ɕ ə-5 uz m əː-4 iz,ŋ a-1 iz m aː-0 iz n ɔ-4 s ɛ-2 ɗ ɨə-5 kz ɗ a-5 tz v aː-1 uz m o-5 tz t͡ɕ iə-4 kz t͡ɕ ə-5 uz m əː-4 iz
NMA_7_NU_S0002_251,audio_data/train/NMA_7_NU_S0002_251.wav,v uə-0 ɓ aː-0 nz t͡ɕ ɔ-0 k w aː-3 k aː-0 mz k w i-4 ɲ ɨ-0 ŋz v ə-2 nz x o-0 ŋmz t͡ɕ ɔ-0 z ɨ-5 ɓ aː-1 nz v iə-5 kz n ɨə-4 kz,v uə-0 ɓ aː-0 nz t͡ɕ ɔ-0 k w aː-3 k aː-0 mz k w i-4 ɲ ɨ-0 ŋz v ə-2 nz x o-0 ŋmz t͡ɕ ɔ-0 z ɨ-5 ɓ aː-1 nz v iə-5 kz n ɨə-4 kz
HYT_Nu_6_S0005_16,audio_data/train/HYT_Nu_6_S0005_16.wav,k ɔ-0 nz k ɔ-1 nz ɣ a-5 pz m o-5 tz k ɔ-0 nz tʰ u-4 z ə-4 tz h iə-1 nz,k ɔ-0 nz k ɔ-1 nz ɣ a-5 pz m o-5 tz k ɔ-0 nz tʰ u-4 z ə-4 tz h iə-1 nz
NHM_7_NU_S0006_142,audio_data/train/NHM_7_NU_S0006_142.wav,v ə-5 iz t aː-5 iz s aː-0 uz ɓ aː-5 nz l aː-5 iz tʰ i-4 k̟z ɲ ə-0 nz v ə-5 tz ɗ ɔ-4,v ə-5 iz t aː-5 iz s aː-0 uz ɓ aː-5 nz l aː-5 iz tʰ i-4 k̟z ɲ ə-0 nz v ə-5 tz ɗ ɔ-4
TTD_7_NAM_S0001_93,audio_data/train/TTD_7_NAM_S0001_93.wav,ɓ ə-0 iz z əː-1 k ə-5 uz k e-3 v e-1 m o-5 tz k ɔ-0 nz v ə-5 tz əː-0 ɲ aː-1 m i-1 ŋ̟z n w o-0 iz h a-0 iz l aː-1 əː-0 ɗ ə-0 uz ɗ ɔ-4 ɗ i-0,ɓ ə-0 iz z əː-1 k ə-5 uz k e-3 v e-1 m o-5 tz k ɔ-0 nz v ə-5 tz əː-0 ɲ aː-1 m i-1 ŋ̟z n w o-0 iz h a-0 iz l aː-1 əː-0 ɗ ə-0 uz ɗ ɔ-4 ɗ i-0
DGB_7_NAM_S0003_12,audio_data/train/DGB_7_NAM_S0003_12.wav,n ɔ-4 iz z o-1 iz v uə-0 ɓ aː-0 nz t͡ɕ ɔ-0 k w o-4 kpz t w aː-3 nz m o-5 tz k w aː-3 k aː-0 mz,n ɔ-4 iz z o-1 iz v uə-0 ɓ aː-0 nz t͡ɕ ɔ-0 k w o-4 kpz t w aː-3 nz m o-5 tz k w aː-3 k aː-0 mz
NHM_7_NU_S0006_132,audio_data/train/NHM_7_NU_S0006_132.wav,v uə-0 ɓ ɛ-1 nz t͡ɕ ɔ-5 nz h aː-0 iz tʰ ɨ-4 ɓ eaː-4 ŋ̟z k uə-3 l aː-0 ŋz l iə-0 uz ɗ e-3 t e-4 t͡ɕ əː-1 iz ɗ ə-4 tz z o-1 iz t͡ɕ iə-0 t͡ɕ ɔ-0 k aː-4 kz h w aː-1 ŋz t ɨ-3 v aː-1 k aː-4 kz k w ə-1 nz tʰ ə-1 nz n e-4 mz tʰ ɨ-3,v uə-0 ɓ ɛ-1 nz t͡ɕ ɔ-5 nz h aː-0 iz tʰ ɨ-4 ɓ eaː-4 ŋ̟z k uə-3 l aː-0 ŋz l iə-0 uz ɗ e-3 t e-4 t͡ɕ əː-1 iz ɗ ə-4 tz z o-1 iz t͡ɕ iə-0 t͡ɕ ɔ-0 k aː-4 kz h w aː-1 ŋz t ɨ-3 v aː-1 k aː-4 kz k w ə-1 nz tʰ ə-1 nz n e-4 mz tʰ ɨ-3
NT_7_NAM_S0009_67,audio_data/train/NT_7_NAM_S0009_67.wav,k ɔ-1 nz eaː-0 ŋ̟z l ɨə-1 tʰ ɛ-4 tz t͡ɕ ɔ-0 v aː-0 ŋz ɲ ɨ-0 k ɛ-1 nz,k ɔ-1 nz eaː-0 ŋ̟z l ɨə-1 tʰ ɛ-4 tz t͡ɕ ɔ-0 v aː-0 ŋz ɲ ɨ-0 k ɛ-1 nz
NNM_Nu_6_S00045_34,audio_data/train/NNM_Nu_6_S00045_34.wav,ə-0 iz ɗ ə-1 mz ɓ e-0 ɗ ə-5 pz s e-0 t ə-4 pz,ə-0 iz ɗ ə-1 mz ɓ e-0 ɗ ə-5 pz s e-0 t ə-4 pz
HYT_Nu_6_S0005_12,audio_data/train/HYT_Nu_6_S0005_12.wav,n ɔ-4 t͡ɕ i-3 m w o-4 nz ɗ uə-1 k ɔ-0 nz,n ɔ-4 t͡ɕ i-3 m w o-4 nz ɗ uə-1 k ɔ-0 nz
THA_Nu_6_S00042_84,audio_data/train/THA_Nu_6_S00042_84.wav,t͡ɕ i-5 t͡ɕ i-3 t͡ɕ ɔ-0 ɓ ɛ-4 k aː-4 t͡ɕ e-0 k aː-4 m ɛ-1,t͡ɕ i-5 t͡ɕ i-3 t͡ɕ ɔ-0 ɓ ɛ-4 k aː-4 t͡ɕ e-0 k aː-4 m ɛ-1
MK_7_NU_S0007_21,audio_data/train/MK_7_NU_S0007_21.wav,ɓ w o-3 iz t͡ɕ ɨə-0 h ɛ-1,ɓ w o-3 iz t͡ɕ ɨə-0 h ɛ-1
THA_Nu_6_S00042_220,audio_data/train/THA_Nu_6_S00042_220.wav,ɣ aː-1 ɗ aː-4 pz t͡ɕ i-5 l aː-1 mz ɗ e-3 t͡ɕ ɔ-0 ɗ e-3 t͡ɕ i-5 l aː-1 mz ɗ e-3 k ɔ-4 l uə-4 t͡ɕ ɔ-0 l u-2 ɲ ɔ-3,ɣ aː-1 ɗ aː-4 pz t͡ɕ i-5 l aː-1 mz ɗ e-3 t͡ɕ ɔ-0 ɗ e-3 t͡ɕ i-5 l aː-1 mz ɗ e-3 k ɔ-4 l uə-4 t͡ɕ ɔ-0 l u-2 ɲ ɔ-3
LXT_Nam_6_S0008_58,audio_data/train/LXT_Nam_6_S0008_58.wav,ɣ aː-1 t͡ɕ o-4 ŋmz ɓ ɛ-1 nz h eaː-5 k̟z s eaː-4 k̟z ɓ aː-4 kz t͡ɕ ɔ-4,ɣ aː-1 t͡ɕ o-4 ŋmz ɓ ɛ-1 nz h eaː-5 k̟z s eaː-4 k̟z ɓ aː-4 kz t͡ɕ ɔ-4
CNBA_Nu_6_S0003_155,audio_data/train/CNBA_Nu_6_S0003_155.wav,k aː-4 m a-0 ŋz ɓ ɔ-3 k aː-4 m ə-5 pz t i-1 mz v e-1 ɲ aː-1,k aː-4 m a-0 ŋz ɓ ɔ-3 k aː-4 m ə-5 pz t i-1 mz v e-1 ɲ aː-1
NMA_7_NU_S0002_227,audio_data/train/NMA_7_NU_S0002_227.wav,ŋ a-1 iz s ɨə-0 əː-0 m iə-1 nz l aː-0 nz v iə-5 tz k ɔ-4 m o-5 tz v i-5 tʰ ə-1 nz t e-0 nz l aː-1 l aː-5 kz l ɔ-0 ŋmz k w ə-0 nz,ŋ a-1 iz s ɨə-0 əː-0 m iə-1 nz l aː-0 nz v iə-5 tz k ɔ-4 m o-5 tz v i-5 tʰ ə-1 nz t e-0 nz l aː-1 l aː-5 kz l ɔ-0 ŋmz k w ə-0 nz
NHM_7_NU_S0006_23,audio_data/train/NHM_7_NU_S0006_23.wav,l aː-1 l aː-1 mz ɗ iə-1 uz ŋ aː-0 ŋz ŋ ɨə-5 kz t͡ɕ e-0 nz x a-4 pz v u-1 ŋmz z o-5 ŋmz x o-0 ŋmz k iə-0 ŋz n e-3 aː-0 iz,l aː-1 l aː-1 mz ɗ iə-1 uz ŋ aː-0 ŋz ŋ ɨə-5 kz t͡ɕ e-0 nz x a-4 pz v u-1 ŋmz z o-5 ŋmz x o-0 ŋmz k iə-0 ŋz n e-3 aː-0 iz
NTN_7_NU_S0042_38,audio_data/train/NTN_7_NU_S0042_38.wav,x i-0 k o-0 h iə-5 uz t͡ɕ ɨə-3 ŋz ɗ eaː-4 ŋ̟z h o-1 iz t͡ɕ o-4 ŋmz x aː-0 iz t͡ɕ ɨə-1 ŋz tʰ i-1 t w aː-1 nz ɓ o-5 h ɔ-5 kpz s i-0 ŋ̟z k aː-4 kz tʰ ə-1 iz k o-0 ɗ e-1 uz v o-2 t a-0 iz tʰ ɛ-0 uz ɲ i-5 pz k uə-3 t iə-4 ŋz t͡ɕ o-4 ŋmz,x i-0 k o-0 h iə-5 uz t͡ɕ ɨə-3 ŋz ɗ eaː-4 ŋ̟z h o-1 iz t͡ɕ o-4 ŋmz x aː-0 iz t͡ɕ ɨə-1 ŋz tʰ i-1 t w aː-1 nz ɓ o-5 h ɔ-5 kpz s i-0 ŋ̟z k aː-4 kz tʰ ə-1 iz k o-0 ɗ e-1 uz v o-2 t a-0 iz tʰ ɛ-0 uz ɲ i-5 pz k uə-3 t iə-4 ŋz t͡ɕ o-4 ŋmz
MK_7_NU_S0007_54,audio_data/train/MK_7_NU_S0007_54.wav,t əː-4 ɗ ɔ-5 kpz m o-5 tz ɓ aː-1 iz n a-1 iz ɲ aː-4,t əː-4 ɗ ɔ-5 kpz m o-5 tz ɓ aː-1 iz n a-1 iz ɲ aː-4
NHM_7_NU_S0006_149,audio_data/train/NHM_7_NU_S0006_149.wav,x i-0 ɓ aː-4 kz k w aː-0 ɗ əː-1 iz ɓ aː-0 k ɔ-0 nz t͡ɕ iə-0 ɲ a-0 uz z aː-0 t aː-1 iz t͡ɕ aː-0 ɗ aː-2 ɗ e-3 l aː-5 iz,x i-0 ɓ aː-4 kz k w aː-0 ɗ əː-1 iz ɓ aː-0 k ɔ-0 nz t͡ɕ iə-0 ɲ a-0 uz z aː-0 t aː-1 iz t͡ɕ aː-0 ɗ aː-2 ɗ e-3 l aː-5 iz
NHM_7_NU_S0006_74,audio_data/train/NHM_7_NU_S0006_74.wav,l aː-1 k aː-4 l ɔ-4 kpz k aː-4 t͡ɕ w o-4 iz k aː-4 k w aː-3 ɲ ɔ-3,l aː-1 k aː-4 l ɔ-4 kpz k aː-4 t͡ɕ w o-4 iz k aː-4 k w aː-3 ɲ ɔ-3
NTN_7_NU_S0042_10,audio_data/train/NTN_7_NU_S0042_10.wav,tʰ ɛ-0 uz k ə-5 uz v i-1 s aː-0 uz t͡ɕ ɨə-1 ŋz m əː-4 iz t͡ɕ əː-3 tʰ eaː-1 ŋ̟z ŋ o-0 iz ɲ aː-1 tʰ ɨ-4 h aː-0 iz k uə-3 h aː-1 v aː-1 k aː-4 kz ɓ aː-5 nz,tʰ ɛ-0 uz k ə-5 uz v i-1 s aː-0 uz t͡ɕ ɨə-1 ŋz m əː-4 iz t͡ɕ əː-3 tʰ eaː-1 ŋ̟z ŋ o-0 iz ɲ aː-1 tʰ ɨ-4 h aː-0 iz k uə-3 h aː-1 v aː-1 k aː-4 kz ɓ aː-5 nz
NMA_7_NU_S0002_180,audio_data/train/NMA_7_NU_S0002_180.wav,v i-5 tz ɓ ə-1 uz t ɨ-1 ŋz ɲ ɔ-4 mz tʰ eaː-3 ŋ̟z tʰ əː-0 iz ɓ əː-0 iz tʰ w iə-1 nz,v i-5 tz ɓ ə-1 uz t ɨ-1 ŋz ɲ ɔ-4 mz tʰ eaː-3 ŋ̟z tʰ əː-0 iz ɓ əː-0 iz tʰ w iə-1 nz
NMA_7_NU_S0002_13,audio_data/train/NMA_7_NU_S0002_13.wav,t͡ɕ u-4 t aː-0 k ɔ-4 tʰ e-3 ŋ ɔ-4 ɗ ɨə-5 kz v aː-1 uz k ɨə-3 s o-3 t ə-1 ŋz h aː-0 iz m o-5 tz ŋ o-0 iz ɲ aː-1,t͡ɕ u-4 t aː-0 k ɔ-4 tʰ e-3 ŋ ɔ-4 ɗ ɨə-5 kz v aː-1 uz k ɨə-3 s o-3 t ə-1 ŋz h aː-0 iz m o-5 tz ŋ o-0 iz ɲ aː-1
NTN_7_NU_S0042_22,audio_data/train/NTN_7_NU_S0042_22.wav,h a-1 ŋz ŋ a-1 iz m i-1 ŋ̟z ɗ ɨə-5 kz h ɔ-5 kpz t ə-5 pz v w i-0 t͡ɕ əː-0 iz v aː-1 tʰ aː-0 mz z aː-0 ɓ iə-4 tz ɓ aː-0 uz h w aː-5 tz ɗ o-5 ŋmz l i-4 tʰ u-4,h a-1 ŋz ŋ a-1 iz m i-1 ŋ̟z ɗ ɨə-5 kz h ɔ-5 kpz t ə-5 pz v w i-0 t͡ɕ əː-0 iz v aː-1 tʰ aː-0 mz z aː-0 ɓ iə-4 tz ɓ aː-0 uz h w aː-5 tz ɗ o-5 ŋmz l i-4 tʰ u-4
TTD_7_NAM_S0001_109,audio_data/train/TTD_7_NAM_S0001_109.wav,t͡ɕ ɔ-0 ŋmz t͡ɕ eaː-0 ŋ̟z eaː-3 ŋ̟z k ɔ-0 nz v ə-5 tz ɗ aː-0 ŋz ɗ ɨ-4 ŋz ŋ o-1 iz əː-0 m o-5 tz ɣ o-4 kpz k ə-0 iz,t͡ɕ ɔ-0 ŋmz t͡ɕ eaː-0 ŋ̟z eaː-3 ŋ̟z k ɔ-0 nz v ə-5 tz ɗ aː-0 ŋz ɗ ɨ-4 ŋz ŋ o-1 iz əː-0 m o-5 tz ɣ o-4 kpz k ə-0 iz
DNK_7_NU_S0048_188,audio_data/train/DNK_7_NU_S0048_188.wav,ɓ o-2 ŋmz k ɔ-4 h aː-0 iz k ə-5 uz ɓ ɛ-4 ɗ i-0 v aː-1 uz v ɨə-1 nz k a-4 tz k aː-3 ɗ aː-4 mz k ɔ-3 l ə-2 nz ɓ o-0 ŋmz k u-4 kpz,ɓ o-2 ŋmz k ɔ-4 h aː-0 iz k ə-5 uz ɓ ɛ-4 ɗ i-0 v aː-1 uz v ɨə-1 nz k a-4 tz k aː-3 ɗ aː-4 mz k ɔ-3 l ə-2 nz ɓ o-0 ŋmz k u-4 kpz
TTT_Nu_6_S00049_31,audio_data/train/TTT_Nu_6_S00049_31.wav,ɓ aː-5 nz z ɔ-3 iz k w aː-4,ɓ aː-5 nz z ɔ-3 iz k w aː-4
DNK_7_NU_S0048_75,audio_data/train/DNK_7_NU_S0048_75.wav,m o-2 iz l ə-1 nz ɗ aː-5 iz ɓ aː-1 ŋz v o-2 k eaː-4 ŋ̟z l aː-5 iz f aː-4 tz z aː-0 ɲ ɨ-2 ŋz t iə-4 ŋz,m o-2 iz l ə-1 nz ɗ aː-5 iz ɓ aː-1 ŋz v o-2 k eaː-4 ŋ̟z l aː-5 iz f aː-4 tz z aː-0 ɲ ɨ-2 ŋz t iə-4 ŋz
HYT_Nu_6_S0005_58,audio_data/train/HYT_Nu_6_S0005_58.wav,ɣ ə-1 nz t͡ɕ ɨə-0 ɓ aː-0 ɓ aː-5 nz v e-1 ɲ aː-1,ɣ ə-1 nz t͡ɕ ɨə-0 ɓ aː-0 ɓ aː-5 nz v e-1 ɲ aː-1
NTM_Nam_6_S00010_32,audio_data/train/NTM_Nam_6_S00010_32.wav,ɓ a-4 tz t͡ɕ aː-0 iz ɓ ɔ-3 z ɔ-3,ɓ a-4 tz t͡ɕ aː-0 iz ɓ ɔ-3 z ɔ-3
NHM_7_NU_S0006_46,audio_data/train/NHM_7_NU_S0006_46.wav,t͡ɕ a-4 uz z ə-4 tz t ɨ-5 t i-0 nz v e-1 o-0 ŋmz,t͡ɕ a-4 uz z ə-4 tz t ɨ-5 t i-0 nz v e-1 o-0 ŋmz
LDMT_Nam_6_S00047_45,audio_data/train/LDMT_Nam_6_S00047_45.wav,n ɔ-4 s a-4 pz k ɔ-4 l u-2 k uə-0 ɓ ɛ-4 t i-4 ɓ ɔ-1 x a-4 pz h o-1,n ɔ-4 s a-4 pz k ɔ-4 l u-2 k uə-0 ɓ ɛ-4 t i-4 ɓ ɔ-1 x a-4 pz h o-1
THA_7_NU_S0043_112,audio_data/train/THA_7_NU_S0043_112.wav,tʰ ə-1 iz z aː-4 uz n ɔ-4 iz ɣ i-1 v əː-4 iz ɲ ɔ-4 mz h ɔ-5 kpz t͡ɕ ɔ-1 ɗ aː-0 ŋz v ə-0 iz k w eaː-0 ŋ̟z,tʰ ə-1 iz z aː-4 uz n ɔ-4 iz ɣ i-1 v əː-4 iz ɲ ɔ-4 mz h ɔ-5 kpz t͡ɕ ɔ-1 ɗ aː-0 ŋz v ə-0 iz k w eaː-0 ŋ̟z
PC_7_NAM_S0004_66,audio_data/train/PC_7_NAM_S0004_66.wav,t͡ɕ ɔ-0 ŋmz t͡ɕ ɔ-0 ŋmz k aː-4 kz k o-0 z a-5 iz əː-0 t͡ɕ ɨə-1 ŋz tʰ i-1 ɓ aː-5 nz tʰ i-4 k̟z ɲ ə-4 tz l aː-1 k o-0 n aː-1 uz,t͡ɕ ɔ-0 ŋmz t͡ɕ ɔ-0 ŋmz k aː-4 kz k o-0 z a-5 iz əː-0 t͡ɕ ɨə-1 ŋz tʰ i-1 ɓ aː-5 nz tʰ i-4 k̟z ɲ ə-4 tz l aː-1 k o-0 n aː-1 uz
DNK_7_NU_S0048_178,audio_data/train/DNK_7_NU_S0048_178.wav,t͡ɕ u-4 ɓ ɔ-4 iz tʰ eaː-1 ŋ̟z əː-0 iz,t͡ɕ u-4 ɓ ɔ-4 iz tʰ eaː-1 ŋ̟z əː-0 iz
LXT_Nam_6_S0008_79,audio_data/train/LXT_Nam_6_S0008_79.wav,z e-0 k ɔ-0 nz ɗ aː-0 ŋz ɣ a-5 mz k ɔ-3 ɓ o-2 ŋmz tʰ ə-4 iz s ɔ-4 iz əː-0 ŋ a-0 iz t͡ɕ ɨə-4 kz m a-5 tz,z e-0 k ɔ-0 nz ɗ aː-0 ŋz ɣ a-5 mz k ɔ-3 ɓ o-2 ŋmz tʰ ə-4 iz s ɔ-4 iz əː-0 ŋ a-0 iz t͡ɕ ɨə-4 kz m a-5 tz
NMA_7_NU_S0002_152,audio_data/train/NMA_7_NU_S0002_152.wav,tʰ əː-0 mz v aː-1 ŋz t͡ɕ əː-1 iz s aː-0,tʰ əː-0 mz v aː-1 ŋz t͡ɕ əː-1 iz s aː-0
PTL_7_NU_S0008_181,audio_data/train/PTL_7_NU_S0008_181.wav,ŋ ɨə-5 k ɔ-0 nz h ɨə-0 uz k ɔ-0 nz v ɔ-0 iz k ɔ-0 nz t e-0 z aː-4 kz k ɔ-0 nz tʰ i-1 t ɨ-1 ɓ ɛ-4 ɗ aː-2 f aː-3 iz t ɨ-5 ɗ i-0 tʰ ɛ-0 uz m ɛ-5,ŋ ɨə-5 k ɔ-0 nz h ɨə-0 uz k ɔ-0 nz v ɔ-0 iz k ɔ-0 nz t e-0 z aː-4 kz k ɔ-0 nz tʰ i-1 t ɨ-1 ɓ ɛ-4 ɗ aː-2 f aː-3 iz t ɨ-5 ɗ i-0 tʰ ɛ-0 uz m ɛ-5
NTN_7_NU_S0042_62,audio_data/train/NTN_7_NU_S0042_62.wav,t əː-4 ɗ ɔ-5 kpz s ɔ-0 ŋmz z o-1 iz ɗ e-4 nz l ɨə-5 tz k ə-5 uz,t əː-4 ɗ ɔ-5 kpz s ɔ-0 ŋmz z o-1 iz ɗ e-4 nz l ɨə-5 tz k ə-5 uz
PC_7_NAM_S0004_52,audio_data/train/PC_7_NAM_S0004_52.wav,ɗ ɔ-4 l aː-1 k ɔ-0 nz l aː-0 iz t əː-4 z ə-4 tz tʰ i-4 k̟z k ɔ-0 nz n aː-0 iz,ɗ ɔ-4 l aː-1 k ɔ-0 nz l aː-0 iz t əː-4 z ə-4 tz tʰ i-4 k̟z k ɔ-0 nz n aː-0 iz
TPA_Nu_6_S0009_176,audio_data/train/TPA_Nu_6_S0009_176.wav,m o-5 tz t͡ɕ iə-1 uz k o-0 ŋmz t͡ɕ uə-4 ɗ aː-0 ŋz t͡ɕ əː-0 iz ɓ ɔ-4 ŋmz,m o-5 tz t͡ɕ iə-1 uz k o-0 ŋmz t͡ɕ uə-4 ɗ aː-0 ŋz t͡ɕ əː-0 iz ɓ ɔ-4 ŋmz
GQM_Nam_6_S0006_102,audio_data/train/GQM_Nam_6_S0006_102.wav,ɓ aː-5 nz n aː-1 uz k ɔ-4 tʰ e-3 ɣ ɛ-4 pz ɗ ɨə-5 kz k ə-0 uz ɗ ə-1 uz t iə-0 nz n aː-1 uz,ɓ aː-5 nz n aː-1 uz k ɔ-4 tʰ e-3 ɣ ɛ-4 pz ɗ ɨə-5 kz k ə-0 uz ɗ ə-1 uz t iə-0 nz n aː-1 uz
PTT_7_NU_S0041_33,audio_data/train/PTT_7_NU_S0041_33.wav,ɗ əː-0 mz l aː-1 n a-3 iz z aː-0 s i-0 ŋ̟z z aː-0 t ɨ-5,ɗ əː-0 mz l aː-1 n a-3 iz z aː-0 s i-0 ŋ̟z z aː-0 t ɨ-5
NNM_Nu_6_S00045_92,audio_data/train/NNM_Nu_6_S00045_92.wav,n e-0 nz l iə-1 nz z aː-0 s o-0 ŋmz w o-4 ŋmz n ɨə-4 kz,n e-0 nz l iə-1 nz z aː-0 s o-0 ŋmz w o-4 ŋmz n ɨə-4 kz
PTT_7_NU_S0041_70,audio_data/train/PTT_7_NU_S0041_70.wav,m o-5 tz m uə-1 s w ə-0 nz ɗ aː-5 tz iə-0 uz ɓ əː-3 iz v i-1 x i-0 s w ə-0 nz v e-1 tʰ i-1 tʰ i-1 s ɛ-2 l aː-1 mz t͡ɕ ɔ-0 k ə-0 iz l aː-4 t ɨə-0 iz t o-4 tz,m o-5 tz m uə-1 s w ə-0 nz ɗ aː-5 tz iə-0 uz ɓ əː-3 iz v i-1 x i-0 s w ə-0 nz v e-1 tʰ i-1 tʰ i-1 s ɛ-2 l aː-1 mz t͡ɕ ɔ-0 k ə-0 iz l aː-4 t ɨə-0 iz t o-4 tz
THA_7_NU_S0043_124,audio_data/train/THA_7_NU_S0043_124.wav,t͡ɕ i-0 mz ɛ-4 nz ɓ ə-5 nz ɗ i-0 ɗ ə-0 uz,t͡ɕ i-0 mz ɛ-4 nz ɓ ə-5 nz ɗ i-0 ɗ ə-0 uz
NMA_7_NU_S0002_196,audio_data/train/NMA_7_NU_S0002_196.wav,ɓ aː-5 nz ɲ ɔ-3 ɗ ɨə-5 kz l aː-1 mz ɲ ɨ-2 ŋz k i-1 ɲ ɨ-2 ŋz ɣ i-1 x i-0 v e-1 k w e-0 ŋ i-3 h ɛ-1,ɓ aː-5 nz ɲ ɔ-3 ɗ ɨə-5 kz l aː-1 mz ɲ ɨ-2 ŋz k i-1 ɲ ɨ-2 ŋz ɣ i-1 x i-0 v e-1 k w e-0 ŋ i-3 h ɛ-1
CNBA_Nu_6_S0003_138,audio_data/train/CNBA_Nu_6_S0003_138.wav,ɲ ɨ-2 ŋz i-0 ɗ u-4 ŋmz l aː-1 m o-5 tz h o-0 mz m ɨə-0 t ɔ-0 k aː-4 m a-0 ŋz l aː-5 kz m ɛ-5 k aː-4 m a-0 ŋz t͡ɕ əː-5 tz ɣ a-5 pz k aː-4 m ə-5 pz,ɲ ɨ-2 ŋz i-0 ɗ u-4 ŋmz l aː-1 m o-5 tz h o-0 mz m ɨə-0 t ɔ-0 k aː-4 m a-0 ŋz l aː-5 kz m ɛ-5 k aː-4 m a-0 ŋz t͡ɕ əː-5 tz ɣ a-5 pz k aː-4 m ə-5 pz
GQM_Nam_6_S0006_5,audio_data/train/GQM_Nam_6_S0006_5.wav,m ɛ-5 aː-0 t͡ɕ e-0 nz s ə-0 nz k ɔ-4 m o-5 tz k ɔ-0 nz tʰ u-4 z ɨ-2 l a-4 mz,m ɛ-5 aː-0 t͡ɕ e-0 nz s ə-0 nz k ɔ-4 m o-5 tz k ɔ-0 nz tʰ u-4 z ɨ-2 l a-4 mz
NMA_7_NU_S0002_100,audio_data/train/NMA_7_NU_S0002_100.wav,k e-3 t e-0 nz ɲ ɨ-2 ŋz k ɔ-0 nz v ə-5 tz k ɔ-4 k eaː-4 k̟z tʰ aː-0 k ɔ-0 nz z o-4 ŋmz ɲ ɨ-0 tʰ aː-0 m o-1 iz,k e-3 t e-0 nz ɲ ɨ-2 ŋz k ɔ-0 nz v ə-5 tz k ɔ-4 k eaː-4 k̟z tʰ aː-0 k ɔ-0 nz z o-4 ŋmz ɲ ɨ-0 tʰ aː-0 m o-1 iz
TTT_Nu_6_S00049_2,audio_data/train/TTT_Nu_6_S00049_2.wav,h o-0 mz n a-0 iz t əː-4 s ɛ-2 k e-3 ɓ aː-1 iz ɓ ɛ-4 l e-0 ɓ ɛ-4 l e-0,h o-0 mz n a-0 iz t əː-4 s ɛ-2 k e-3 ɓ aː-1 iz ɓ ɛ-4 l e-0 ɓ ɛ-4 l e-0
GQM_Nam_6_S0006_78,audio_data/train/GQM_Nam_6_S0006_78.wav,k ɔ-0 nz t e-0 nz l aː-1 z aː-4 kz k w aː-0 ŋz m i-0 ŋ̟z,k ɔ-0 nz t e-0 nz l aː-1 z aː-4 kz k w aː-0 ŋz m i-0 ŋ̟z
DNK_7_NU_S0048_126,audio_data/train/DNK_7_NU_S0048_126.wav,n e-0 nz t͡ɕ u-4 ŋmz x o-0 ŋmz tʰ e-3 ɗ i-0 l aː-5 iz ɓ i-1 ŋ̟z tʰ ɨə-1 ŋz t͡ɕ e-0 nz m a-5 tz ɗ ə-4 tz,n e-0 nz t͡ɕ u-4 ŋmz x o-0 ŋmz tʰ e-3 ɗ i-0 l aː-5 iz ɓ i-1 ŋ̟z tʰ ɨə-1 ŋz t͡ɕ e-0 nz m a-5 tz ɗ ə-4 tz
NMA_7_NU_S0002_148,audio_data/train/NMA_7_NU_S0002_148.wav,m ɛ-5 t͡ɕ əː-5 tz k ɨə-1 iz ŋ o-5 ŋ i-2 ŋ̟z,m ɛ-5 t͡ɕ əː-5 tz k ɨə-1 iz ŋ o-5 ŋ i-2 ŋ̟z
TPA_Nu_6_S0009_190,audio_data/train/TPA_Nu_6_S0009_190.wav,v uə-0 t͡ɕ aː-0 z ə-5 nz z ɨ-5 z ɨ-2,v uə-0 t͡ɕ aː-0 z ə-5 nz z ɨ-5 z ɨ-2
DNK_7_NU_S0048_280,audio_data/train/DNK_7_NU_S0048_280.wav,k ə-5 uz t͡ɕ aː-3 l əː-1 iz k ə-0 uz h ɔ-3 iz n a-1 iz z u-4 pz t əː-4 ɲ ɛ-4,k ə-5 uz t͡ɕ aː-3 l əː-1 iz k ə-0 uz h ɔ-3 iz n a-1 iz z u-4 pz t əː-4 ɲ ɛ-4
NMA_7_NU_S0002_73,audio_data/train/NMA_7_NU_S0002_73.wav,ŋ w iə-2 nz v a-0 nz h aː-3 iz ɗ o-2 tʰ i-5 h aː-3 iz l e-0 ŋ w iə-2 nz k w aː-0 ŋz m i-0 ŋ̟z,ŋ w iə-2 nz v a-0 nz h aː-3 iz ɗ o-2 tʰ i-5 h aː-3 iz l e-0 ŋ w iə-2 nz k w aː-0 ŋz m i-0 ŋ̟z
NTN_7_NU_S0042_15,audio_data/train/NTN_7_NU_S0042_15.wav,m o-2 iz m o-5 tz x u-0 v ɨ-5 kz t͡ɕ ɔ-0 ŋmz t͡ɕ ɨə-1 ŋz ɲ ɨ-0 l əː-4 pz h ɔ-5 kpz v ɨə-1 nz t͡ɕ ɨə-1 ŋz tʰ ɨ-0 v iə-5 nz ɗ e-1 uz x iə-4 nz h aː-1 v aː-1 k aː-4 kz ɓ aː-5 nz iə-0 uz tʰ i-4 k̟z,m o-2 iz m o-5 tz x u-0 v ɨ-5 kz t͡ɕ ɔ-0 ŋmz t͡ɕ ɨə-1 ŋz ɲ ɨ-0 l əː-4 pz h ɔ-5 kpz v ɨə-1 nz t͡ɕ ɨə-1 ŋz tʰ ɨ-0 v iə-5 nz ɗ e-1 uz x iə-4 nz h aː-1 v aː-1 k aː-4 kz ɓ aː-5 nz iə-0 uz tʰ i-4 k̟z
TTD_7_NAM_S0001_29,audio_data/train/TTD_7_NAM_S0001_29.wav,m ɛ-5 z aː-0 ŋz ɗ o-0 iz k eaː-4 ŋ̟z,m ɛ-5 z aː-0 ŋz ɗ o-0 iz k eaː-4 ŋ̟z
PTT_7_NU_S0041_37,audio_data/train/PTT_7_NU_S0041_37.wav,k ə-0 uz t͡ɕ w iə-5 nz k ɔ-4 ɓ o-4 nz l aː-1 ŋz t iə-0 nz,k ə-0 uz t͡ɕ w iə-5 nz k ɔ-4 ɓ o-4 nz l aː-1 ŋz t iə-0 nz
NTN_7_NU_S0042_9,audio_data/train/NTN_7_NU_S0042_9.wav,k ə-5 uz t͡ɕ aː-3 l əː-1 iz z u-4 pz t əː-4 t iə-4 pz k ə-0 uz h ɔ-3 iz n a-1 iz ɲ ɛ-4,k ə-5 uz t͡ɕ aː-3 l əː-1 iz z u-4 pz t əː-4 t iə-4 pz k ə-0 uz h ɔ-3 iz n a-1 iz ɲ ɛ-4
LDMT_Nam_6_S00047_33,audio_data/train/LDMT_Nam_6_S00047_33.wav,k aː-3 l u-2 k e-3 l e-3 z o-0 mz z aː-3,k aː-3 l u-2 k e-3 l e-3 z o-0 mz z aː-3
TPA_Nu_6_S0009_113,audio_data/train/TPA_Nu_6_S0009_113.wav,m o-5 tz h o-0 mz ɓ aː-1 tʰ ə-4 iz t͡ɕ ɔ-0 ŋmz ŋ ɨə-1 iz m e-5 tz m ɔ-3 iz,m o-5 tz h o-0 mz ɓ aː-1 tʰ ə-4 iz t͡ɕ ɔ-0 ŋmz ŋ ɨə-1 iz m e-5 tz m ɔ-3 iz
NMA_7_NU_S0002_7,audio_data/train/NMA_7_NU_S0002_7.wav,h ɨə-0 uz k ə-0 uz k o-3 x o-0 ŋmz ɓ aː-0 uz z əː-1 tʰ eaː-1 ŋ̟z t͡ɕ a-5 tz t͡ɕ eaː-0 ŋ̟z z eaː-1 ŋ̟z tʰ ɨ-4 kz a-0 nz h a-0 iz n əː-0 iz əː-0 ɓ ə-4 tz v əː-4 iz ɓ ə-4 tz k i-1 l w aː-1 iz v ə-5 tz n aː-1 uz t͡ɕ e-0 nz ɗ o-1 ŋmz k ɔ-3,h ɨə-0 uz k ə-0 uz k o-3 x o-0 ŋmz ɓ aː-0 uz z əː-1 tʰ eaː-1 ŋ̟z t͡ɕ a-5 tz t͡ɕ eaː-0 ŋ̟z z eaː-1 ŋ̟z tʰ ɨ-4 kz a-0 nz h a-0 iz n əː-0 iz əː-0 ɓ ə-4 tz v əː-4 iz ɓ ə-4 tz k i-1 l w aː-1 iz v ə-5 tz l aː-1 uz t͡ɕ e-0 nz ɗ o-1 ŋmz k ɔ-3
NTN_7_NU_S0042_75,audio_data/train/NTN_7_NU_S0042_75.wav,ɲ ɨ-2 ŋz ɗ iə-3 mz m ɨə-1 iz k o-0 t͡ɕ ɔ-0,ɲ ɨ-2 ŋz ɗ iə-3 mz m ɨə-1 iz k o-0 t͡ɕ ɔ-0
PTT_7_NU_S0041_92,audio_data/train/PTT_7_NU_S0041_92.wav,ə-0 mz tʰ ə-1 mz z aː-5 uz z ɨ-5 kz,ə-0 mz tʰ ə-1 mz z aː-5 uz z ɨ-5 kz
NDBA_7_NAM_S0010_79,audio_data/train/NDBA_7_NAM_S0010_79.wav,v i-1 v ə-5 iz m ɛ-1 uz ɗ ɨə-5 kz z ə-2 nz t əː-4 iz z aː-0 m a-4 tz ɲ aː-1 v uə-0,v i-1 v ə-5 iz m ɛ-1 uz ɗ ɨə-5 kz z ə-2 nz t əː-4 iz z aː-0 m a-4 tz ɲ aː-1 v uə-0
TTT_Nu_6_S00049_46,audio_data/train/TTT_Nu_6_S00049_46.wav,ɗ ə-1 mz k aː-4 ɗ ə-5 pz l uə-4 t ə-4 pz n ə-5 pz,ɗ ə-1 mz k aː-4 ɗ ə-5 pz l uə-4 t ə-4 pz l ə-5 pz
TPA_Nu_6_S0009_69,audio_data/train/TPA_Nu_6_S0009_69.wav,n a-0 mz tʰ aː-4 ŋz t͡ɕ o-0 iz k w aː-0 ɓ aː-1 m ɛ-5 t w o-3 iz m o-2 iz ŋ a-1 iz m o-5 tz z aː-1 iə-4 uz,n a-0 mz tʰ aː-4 ŋz t͡ɕ o-0 iz k w aː-0 ɓ aː-1 m ɛ-5 t w o-3 iz m o-2 iz ŋ a-1 iz m o-5 tz z aː-1 iə-4 uz
GQM_Nam_6_S0006_3,audio_data/train/GQM_Nam_6_S0006_3.wav,t͡ɕ w o-5 tz u-4 tz ɓ w o-1 nz l w i-2 k w i-2 ɗ i-0 z aː-0 s ə-0 nz,t͡ɕ w o-5 tz u-4 tz ɓ w o-1 nz l w i-2 k w i-2 ɗ i-0 z aː-0 s ə-0 nz
NDBA_7_NAM_S0010_8,audio_data/train/NDBA_7_NAM_S0010_8.wav,n ɔ-4 l iə-1 nz z u-1 ŋmz t͡ɕ iə-4 kz m w i-2 z a-1 iz k uə-3 m i-1 ŋ̟z k w o-4 nz k eaː-1 ŋ̟z k ə-0 iz l e-0 nz v ɨ-4 tz z aː-0 s aː-0 z o-1 iz h əː-4 nz h əː-3 ɓ aː-3 uz k aː-4 kz ɓ aː-5 nz,n ɔ-4 l iə-1 nz z u-1 ŋmz t͡ɕ iə-4 kz m w i-2 z a-1 iz k uə-3 m i-1 ŋ̟z k w o-4 nz k eaː-1 ŋ̟z k ə-0 iz l e-0 nz v ɨ-4 tz z aː-0 s aː-0 z o-1 iz h əː-4 nz h əː-3 ɓ aː-3 uz k aː-4 kz ɓ aː-5 nz
NNM_Nu_6_S00045_79,audio_data/train/NNM_Nu_6_S00045_79.wav,ɗ iə-1 uz ɣ i-1 s a-3 iz z aː-0 x i-0 s ɔ-4 iz ɗ e-4 nz ɲ aː-1 l əː-5 nz eaː-0 ŋ̟z,ɗ iə-1 uz ɣ i-1 s a-3 iz z aː-0 x i-0 s ɔ-4 iz ɗ e-4 nz ɲ aː-1 l əː-5 nz eaː-0 ŋ̟z
PTL_7_NU_S0008_98,audio_data/train/PTL_7_NU_S0008_98.wav,k ə-5 uz ɲ i-1 nz tʰ ə-4 iz k ɔ-0 nz ɣ i-1,k ə-5 uz ɲ i-1 nz tʰ ə-4 iz k ɔ-0 nz ɣ i-1
NHM_7_NU_S0006_114,audio_data/train/NHM_7_NU_S0006_114.wav,t͡ɕ əː-1 iz t͡ɕ ɔ-1 nz ɗ ə-4 tz v w o-0 ŋmz,t͡ɕ əː-1 iz t͡ɕ ɔ-1 nz ɗ ə-4 tz v w o-0 ŋmz
THA_7_NU_S0043_67,audio_data/train/THA_7_NU_S0043_67.wav,ŋ a-0 iz k aː-3 v iə-5 kz m o-5 tz ɓ aː-5 nz h ɔ-5 kpz x aː-4 t͡ɕ ə-5 mz k u-2 ŋmz z ə-4 tz k o-4 ɣ a-4 ŋz,ŋ a-0 iz k aː-3 v iə-5 kz m o-5 tz ɓ aː-5 nz h ɔ-5 kpz x aː-4 t͡ɕ ɔ-5 ŋmz k u-2 ŋmz z ə-4 tz k o-4 ɣ a-4 ŋz
PC_7_NAM_S0004_132,audio_data/train/PC_7_NAM_S0004_132.wav,t͡ɕ u-4 m ɛ-1 uz z ə-4 tz ɗ aː-4 ŋz iə-0 uz v aː-1 ɲ ɨ-2 ŋz t͡ɕ u-4 k u-4 nz,t͡ɕ u-4 m ɛ-1 uz z ə-4 tz ɗ aː-4 ŋz iə-0 uz v aː-1 ɲ ɨ-2 ŋz t͡ɕ u-4 k u-4 nz
GQM_Nam_6_S0006_104,audio_data/train/GQM_Nam_6_S0006_104.wav,ɛ-0 mz tʰ ɨə-0 tʰ ə-1 iz n aː-1 ŋz t iə-0 nz k aː-4 ŋ ə-0 nz ŋ aː-0 h aː-4 tz,ɛ-0 mz tʰ ɨə-0 tʰ ə-1 iz n aː-1 ŋz t iə-0 nz k aː-4 ŋ ə-0 nz ŋ aː-0 h aː-4 tz
TTD_7_NAM_S0001_101,audio_data/train/TTD_7_NAM_S0001_101.wav,tʰ i-1 ɓ ə-0 iz z əː-1 k ə-5 uz h ɔ-3 iz t əː-4 l aː-1 ɲ aː-1 k ə-5 uz k ɔ-4 k ɔ-0 nz n w o-0 iz k ɔ-0 nz v ə-5 tz ɣ i-1 v aː-1 n ɔ-4 l ɨ-0 uz z ɨ-2 k i-3 n iə-5 mz v əː-4 iz k ə-5 uz ɲ ɨ-0 n aː-1 uz v aː-1 k ə-5 uz iə-0 uz n ɔ-4 ɲ ɨ-0 n aː-1 uz ə-4 iz,tʰ i-1 ɓ ə-0 iz z əː-1 k ə-5 uz h ɔ-3 iz t əː-4 l aː-1 ɲ aː-1 k ə-5 uz k ɔ-4 k ɔ-0 nz n w o-0 iz k ɔ-0 nz v ə-5 tz ɣ i-1 v aː-1 n ɔ-4 l ɨ-0 uz z ɨ-2 k i-3 n iə-5 mz v əː-4 iz k ə-5 uz ɲ ɨ-0 n aː-1 uz v aː-1 k ə-5 uz iə-0 uz n ɔ-4 ɲ ɨ-0 n aː-1 uz ə-4 iz
DNK_7_NU_S0048_241,audio_data/train/DNK_7_NU_S0048_241.wav,t əː-4 s ɛ-2 t͡ɕ aː-3 l əː-1 iz,t əː-4 s ɛ-2 t͡ɕ aː-3 l əː-1 iz
NNM_Nu_6_S00045_81,audio_data/train/NNM_Nu_6_S00045_81.wav,s ɔ-4 iz tʰ o-3 iz ɓ a-0 iz ɲ aː-1 l əː-5 nz eaː-0 ŋ̟z,s ɔ-4 iz tʰ o-3 iz ɓ a-0 iz ɲ aː-1 l əː-5 nz eaː-0 ŋ̟z
NHM_7_NU_S0006_77,audio_data/train/NHM_7_NU_S0006_77.wav,v ə-5 iz ɓ ə-0 iz z əː-1 m i-1 ŋ̟z h ɔ-3 iz ɓ aː-5 nz ɓ aː-1 iz v a-0 nz t aː-3 m uə-1 n ɨə-4 kz n o-3 iz əː-0 v u-1 ŋmz n aː-1 uz,v ə-5 iz ɓ ə-0 iz z əː-1 m i-1 ŋ̟z h ɔ-3 iz ɓ aː-5 nz ɓ aː-1 iz v a-0 nz t aː-3 m uə-1 l ɨə-4 kz l o-3 iz əː-0 v u-1 ŋmz n aː-1 uz
THA_Nu_6_S00042_78,audio_data/train/THA_Nu_6_S00042_78.wav,t͡ɕ i-5 t͡ɕ aː-1 z o-2 ɓ ɛ-4 ɲ ɛ-1 tʰ i-1 k o-0 t͡ɕ e-0 ɗ ɔ-4,t͡ɕ i-5 t͡ɕ aː-1 z o-2 ɓ ɛ-4 ɲ ɛ-1 tʰ i-1 k o-0 t͡ɕ e-0 ɗ ɔ-4
NHM_7_NU_S0006_181,audio_data/train/NHM_7_NU_S0006_181.wav,ɲ aː-1 v uə-0 ɗ w aː-1 nz t w i-1 t u-1 ŋmz ɗ e-4 nz ɣ ə-1 nz h o-1,ɲ aː-1 v uə-0 ɗ w aː-1 nz t w i-1 t u-1 ŋmz ɗ e-4 nz ɣ ə-1 nz h o-1
VTA_Nam_6_S0002_19,audio_data/train/VTA_Nam_6_S0002_19.wav,k w aː-5 x w aː-0 ŋz m a-4 ŋz n ɔ-4 x w aː-4 kz l aː-4 kz,k w aː-5 x w aː-0 ŋz m a-4 ŋz n ɔ-4 x w aː-4 kz l aː-4 kz
TTD_7_NAM_S0001_43,audio_data/train/TTD_7_NAM_S0001_43.wav,m o-5 tz z ɨ-1 ŋz t͡ɕ ə-0 nz k ɔ-0 nz,m o-5 tz z ɨ-1 ŋz t͡ɕ ə-0 nz k ɔ-0 nz
TTD_7_NAM_S0001_91,audio_data/train/TTD_7_NAM_S0001_91.wav,t͡ɕ eaː-0 ŋ̟z eaː-3 ŋ̟z m o-5 tz v ə-5 tz n w o-0 iz ɛ-0 mz iə-0 uz tʰ i-4 k̟z,t͡ɕ eaː-0 ŋ̟z eaː-3 ŋ̟z m o-5 tz v ə-5 tz n w o-0 iz ɛ-0 mz iə-0 uz tʰ i-4 k̟z
DNK_7_NU_S0048_122,audio_data/train/DNK_7_NU_S0048_122.wav,n e-4 uz tʰ ə-4 iz ŋ w i-0 h iə-3 mz k ɔ-1 k ɔ-4 tʰ e-3 ɓ a-0 iz ɗ i-0 t͡ɕ o-4 nz tʰ ə-5 tz ɲ eaː-0 ŋ̟z,n e-1 uz tʰ ə-4 iz ŋ w i-0 h iə-3 mz k ɔ-1 k ɔ-4 tʰ e-3 ɓ a-0 iz ɗ i-0 t͡ɕ o-4 nz tʰ ə-5 tz ɲ eaː-0 ŋ̟z
PC_7_NAM_S0004_127,audio_data/train/PC_7_NAM_S0004_127.wav,k ɔ-1 nz k ɔ-0 nz t͡ɕ ɔ-4 tʰ ɨ-4 h aː-0 iz t e-0 nz l aː-1 p i-0,k ɔ-1 nz k ɔ-0 nz t͡ɕ ɔ-4 tʰ ɨ-4 h aː-0 iz t e-0 nz l aː-1 p i-0
NDBA_7_NAM_S0010_7,audio_data/train/NDBA_7_NAM_S0010_7.wav,m o-5 tz h o-0 mz v ɔ-0 iz ɓ i-5 k eaː-1 ŋ̟z k ə-0 iz x o-0 t͡ɕ e-0 nz m a-5 tz ɗ ə-4 tz v ɨə-4 ŋz v aː-1 uz t͡ɕ ə-0 nz,m o-5 tz h o-0 mz v ɔ-0 iz ɓ i-5 k eaː-1 ŋ̟z k ə-0 iz x o-0 t͡ɕ e-0 nz m a-5 tz ɗ ə-4 tz v ɨə-4 ŋz v aː-1 uz t͡ɕ ə-0 nz
NHM_7_NU_S0006_192,audio_data/train/NHM_7_NU_S0006_192.wav,k aː-4 kz ɓ aː-4 kz n a-1 iz ɲ aː-1 v uə-0 s a-4 pz ɗ e-4 nz ɗ ə-0 iz,k aː-4 kz ɓ aː-4 kz l a-1 iz ɲ aː-1 v uə-0 s a-4 pz ɗ e-4 nz ɗ ə-0 iz
HYT_Nu_6_S0005_30,audio_data/train/HYT_Nu_6_S0005_30.wav,m ɛ-5 aː-0 nz w i-3 t͡ɕ w o-5 tz u-4 tz,m ɛ-5 aː-0 nz w i-3 t͡ɕ w o-5 tz u-4 tz
THA_7_NU_S0043_73,audio_data/train/THA_7_NU_S0043_73.wav,ɓ o-4 v iə-5 tz n ɔ-4 iz x i-0 t͡ɕ ɔ-1 ɗ ɛ-0 mz t͡ɕ ə-5 uz k ə-0 iz v e-1 v əː-5 t͡ɕ o-1 ŋmz t o-0 iz ɗ aː-2 m ɨ-1 ŋz z əː-0 iz n ɨə-4 kz m a-4 tz,ɓ o-4 v iə-5 tz n ɔ-4 iz x i-0 t͡ɕ ɔ-1 ɗ ɛ-0 mz t͡ɕ ə-5 uz k ə-0 iz v e-1 v əː-5 t͡ɕ o-1 ŋmz t o-0 iz ɗ aː-2 m ɨ-1 ŋz z əː-0 iz n ɨə-4 kz m a-4 tz
CNBA_Nu_6_S0003_76,audio_data/train/CNBA_Nu_6_S0003_76.wav,t əː-4 ɗ i-0 ɓ iə-3 nz ɲ aː-0 t͡ɕ aː-0 ŋz,t əː-4 ɗ i-0 ɓ iə-3 nz ɲ aː-0 t͡ɕ aː-0 ŋz
PC_7_NAM_S0004_94,audio_data/train/PC_7_NAM_S0004_94.wav,k w e-0 t əː-4 k ɔ-4 l aː-1 ŋz t ɨə-0 ŋz m aː-1 x a-4 pz m iə-1 nz ɓ a-4 kz ɗ aː-0 ŋz z u-1 ŋmz t ɨə-0 ŋz əː-0 f u-4 ɓ i-1 ŋ̟z,k w e-0 t əː-4 k ɔ-4 l aː-1 ŋz t ɨə-0 ŋz m aː-1 x a-4 pz m iə-1 nz ɓ a-4 kz ɗ aː-0 ŋz z u-1 ŋmz t ɨə-0 ŋz əː-0 f u-4 ɓ i-1 ŋ̟z
TTT_Nu_6_S00049_37,audio_data/train/TTT_Nu_6_S00049_37.wav,ɓ aː-5 nz t͡ɕ aː-3 l əː-1 iz ɗ u-4 ŋmz z o-1 iz,ɓ aː-5 nz t͡ɕ aː-3 l əː-1 iz ɗ u-4 ŋmz z o-1 iz
NT_7_NAM_S0009_78,audio_data/train/NT_7_NAM_S0009_78.wav,ɓ e-0 iə-4 uz ɲ ɨ-0,ɓ e-0 iə-4 uz ɲ ɨ-0
NDBA_7_NAM_S0010_20,audio_data/train/NDBA_7_NAM_S0010_20.wav,m o-5 tz h o-0 mz v ɔ-0 iz ɓ i-5 k eaː-1 ŋ̟z k ə-0 iz x o-0 t͡ɕ e-0 nz m a-5 tz ɗ ə-4 tz v ɨə-4 ŋz v aː-1 uz t͡ɕ ə-0 nz,m o-5 tz h o-0 mz v ɔ-0 iz ɓ i-5 k eaː-1 ŋ̟z k ə-0 iz x o-0 t͡ɕ e-0 nz m a-5 tz ɗ ə-4 tz v ɨə-4 ŋz v aː-1 uz t͡ɕ ə-0 nz
CNBA_Nu_6_S0003_27,audio_data/train/CNBA_Nu_6_S0003_27.wav,e-4 k̟z ɲ a-3 iz ɗ e-4 nz ɓ aː-1 nz ŋ o-1 iz a-0 nz k eaː-5 ŋ̟z n aː-1 ŋz,e-4 k̟z ɲ a-3 iz ɗ e-4 nz ɓ aː-1 nz ŋ o-1 iz a-0 nz k eaː-5 ŋ̟z n aː-1 ŋz
NMA_7_NU_S0002_263,audio_data/train/NMA_7_NU_S0002_263.wav,v uə-0 t͡ɕ w iə-1 nz t͡ɕ ɔ-0 k w o-4 kpz t w aː-3 nz ɗ u-4 ŋmz z ə-5 iz o-0 nz t o-1 nz ɓ aː-3 uz,v uə-0 t͡ɕ w iə-1 nz t͡ɕ ɔ-0 k w o-4 kpz t w aː-3 nz ɗ u-4 ŋmz z ə-5 iz o-0 nz t o-1 nz ɓ aː-3 uz
CNBA_Nu_6_S0003_36,audio_data/train/CNBA_Nu_6_S0003_36.wav,ɓ o-2 ŋmz k ɔ-4 m o-5 tz m o-5 tz l w o-1 ŋmz s aː-4 ŋz l w ɛ-4 l e-0 nz,ɓ o-2 ŋmz k ɔ-4 m o-5 tz m o-5 tz l w o-1 ŋmz s aː-4 ŋz l w ɛ-4 l e-0 nz
PTL_7_NU_S0008_118,audio_data/train/PTL_7_NU_S0008_118.wav,t əː-4 k u-2 ŋmz k ɔ-4 m o-5 tz k w iə-3 nz z o-4 ŋmz k ə-5 uz,t əː-4 k u-2 ŋmz k ɔ-4 m o-5 tz k w iə-3 nz z o-4 ŋmz k ə-5 uz
THA_7_NU_S0043_13,audio_data/train/THA_7_NU_S0043_13.wav,k aː-4 kz ɛ-0 mz h a-2 iz ɲ əː-4 l aː-5 iz ɲ ɨ-2 ŋz ɗ iə-1 uz ɗ aː-2 k w aː-0 nz s aː-4 tz v aː-1 t aː-3 l w aː-5 iz t͡ɕ aː-4 iz k ə-0 iz m aː-1 m i-1 ŋ̟z tʰ i-4 k̟z ɲ ə-4 tz,k aː-4 kz ɛ-0 mz h a-2 iz ɲ əː-4 l aː-5 iz ɲ ɨ-2 ŋz ɗ iə-1 uz ɗ aː-2 k w aː-0 nz s aː-4 tz v aː-1 t aː-3 l w aː-5 iz t͡ɕ aː-4 iz k ə-0 iz m aː-1 m i-1 ŋ̟z tʰ i-4 k̟z ɲ ə-4 tz
DNK_7_NU_S0048_151,audio_data/train/DNK_7_NU_S0048_151.wav,l i-0 nz i-0 mz ɲ ɨ-0 t ɨə-5 ŋz ɗ aː-4,l i-0 nz i-0 mz ɲ ɨ-0 t ɨə-5 ŋz ɗ aː-4
NDBA_7_NAM_S0010_109,audio_data/train/NDBA_7_NAM_S0010_109.wav,m ɛ-1 uz ɓ ɨə-4 kz v aː-1 uz l ə-0 uz ɗ aː-1 iz v aː-1 v aː-4 iz t͡ɕ aː-1 uz v əː-4 iz v ɛ-3 k i-4 ŋ̟z t͡ɕ ɔ-5 ŋmz,m ɛ-1 uz ɓ ɨə-4 kz v aː-1 uz l ə-0 uz ɗ aː-1 iz v aː-1 v aː-4 iz t͡ɕ aː-1 uz v əː-4 iz v ɛ-3 k i-4 ŋ̟z t͡ɕ ɔ-5 ŋmz
LXT_Nam_6_S0008_16,audio_data/train/LXT_Nam_6_S0008_16.wav,ɗ ɨə-5 kz,ɗ ɨə-5 kz
THA_Nu_6_S00042_209,audio_data/train/THA_Nu_6_S00042_209.wav,k aː-3 ɲ aː-1 v ɛ-0 t͡ɕ aː-3 k ɔ-4 ɣ i-1,k aː-3 ɲ aː-1 v ɛ-0 t͡ɕ aː-3 k ɔ-4 ɣ i-1
PC_7_NAM_S0004_84,audio_data/train/PC_7_NAM_S0004_84.wav,əː-0 ɗ aː-1 n a-2 ŋz k ɔ-1 nz k ɔ-4 k aː-3 k ə-1 uz z o-1 ŋmz,əː-0 ɗ aː-1 n a-2 ŋz k ɔ-1 nz k ɔ-4 k aː-3 k ə-1 uz z o-1 ŋmz
TPA_Nu_6_S0009_7,audio_data/train/TPA_Nu_6_S0009_7.wav,t͡ɕ u-4 ɨə-2 nz ŋ ɨ-5 kz ɗ i-0 ɗ i-0 l aː-5 iz l aː-5 iz,t͡ɕ u-4 ɨə-2 nz ŋ ɨ-5 kz ɗ i-0 ɗ i-0 l aː-5 iz l aː-5 iz
TPA_Nu_6_S0009_98,audio_data/train/TPA_Nu_6_S0009_98.wav,o-0 iz m ɛ-5 t͡ɕ i-5 ɗ aː-0 ŋz o-4 mz h aː-3 s ɔ-4 kpz t͡ɕ i-5 v e-1 ŋ a-0 iz ɗ ə-0 iz,o-0 iz m ɛ-5 t͡ɕ i-5 ɗ aː-0 ŋz o-4 mz h aː-3 s ɔ-4 kpz t͡ɕ i-5 v e-1 ŋ a-0 iz ɗ ə-0 iz
TPA_Nu_6_S0009_93,audio_data/train/TPA_Nu_6_S0009_93.wav,s ɔ-4 kpz k ɔ-0 nz v ɨə-1 n ɔ-4 iz s ɔ-0 ŋmz tʰ i-1 k o-0 t͡ɕ i-5 h aː-0 iz ɓ iə-4 nz ŋ a-0 iz h i-1 ŋ̟z k ɔ-0 nz ɲ e-5 nz v aː-1 s ɛ-0 t͡ɕ i-3 s w o-4 tz ɗ əː-1 iz,s ɔ-4 kpz k ɔ-0 nz v ɨə-1 n ɔ-4 iz s ɔ-0 ŋmz tʰ i-1 k o-0 t͡ɕ i-5 h aː-0 iz ɓ iə-4 nz ŋ aː-0 h i-1 ŋ̟z k ɔ-0 nz ɲ e-5 nz v aː-1 s ɛ-0 t͡ɕ i-3 s w o-4 tz ɗ əː-1 iz
TPA_Nu_6_S0009_104,audio_data/train/TPA_Nu_6_S0009_104.wav,t͡ɕ w iə-5 nz ɓ aː-0 k o-0 k ɔ-0 nz ɣ aː-4 iz,t͡ɕ w iə-5 nz ɓ aː-0 k o-0 k ɔ-0 nz ɣ aː-4 iz
HYT_Nu_6_S0005_75,audio_data/train/HYT_Nu_6_S0005_75.wav,n aː-1 ŋz t͡ɕ i-3 t͡ɕ ɨə-0 ɓ iə-4 tz ɗ ə-4 tz l iə-1 nz,n aː-1 ŋz t͡ɕ i-3 t͡ɕ ɨə-0 ɓ iə-4 tz ɗ ə-4 tz l iə-1 nz
PTT_7_NU_S0041_118,audio_data/train/PTT_7_NU_S0041_118.wav,ɓ aː-1 z ə-5 iz tʰ a-0 iz l aː-4,ɓ aː-1 z ə-5 iz tʰ a-0 iz l aː-4
THA_Nu_6_S00042_28,audio_data/train/THA_Nu_6_S00042_28.wav,k ɔ-4 m o-5 tz ɓ aː-4 kz tʰ əː-5 s a-0 nz ɗ aː-0 ŋz tʰ ə-4 iz k ɔ-1 ɓ a-0 iz t͡ɕ e-0 nz ɗ ə-5 uz t͡ɕ e-0 nz k eaː-1 ŋ̟z k ə-0 iz,k ɔ-4 m o-5 tz ɓ aː-4 kz tʰ əː-5 s a-0 nz ɗ aː-0 ŋz tʰ ə-4 iz k ɔ-1 ɓ a-0 iz t͡ɕ e-0 nz ɗ ə-5 uz t͡ɕ e-0 nz k eaː-1 ŋ̟z k ə-0 iz
TPA_Nu_6_S0009_145,audio_data/train/TPA_Nu_6_S0009_145.wav,ɓ w o-3 iz h ɔ-5 kpz k w o-4 iz n a-0 mz,ɓ w o-3 iz h ɔ-5 kpz k w o-4 iz n a-0 mz
DNK_7_NU_S0048_90,audio_data/train/DNK_7_NU_S0048_90.wav,ɗ aː-4 mz h o-1 m a-5 tz m a-5 tz h o-1 k aː-1 ŋz s eaː-0 ŋ̟z tʰ e-0 mz v aː-1 ɲ ɨ-0 z o-5 ŋmz z aː-0 m e-0 ŋ̟z m o-0 ŋmz,ɗ aː-4 mz h o-1 m a-5 tz m a-5 tz h o-1 k aː-1 ŋz s eaː-0 ŋ̟z tʰ e-0 mz v aː-1 ɲ ɨ-0 z o-5 ŋmz z aː-0 m e-0 ŋ̟z m o-0 ŋmz
DNK_7_NU_S0048_100,audio_data/train/DNK_7_NU_S0048_100.wav,v e-1 tʰ i-4 k̟z l w aː-5 iz t͡ɕ i-0 mz ɗ aː-5 iz ɓ aː-1 ŋz t͡ɕ ə-0 nz v aː-1 ŋz m a-1 uz ɗ ɔ-3 ɗ aː-0 ŋz t͡ɕ aː-0 uz l ɨə-5 nz,v e-1 tʰ i-4 k̟z l w aː-5 iz t͡ɕ i-0 mz ɗ aː-5 iz ɓ aː-1 ŋz t͡ɕ ə-0 nz v aː-1 ŋz m a-1 uz ɗ ɔ-3 ɗ aː-0 ŋz t͡ɕ aː-0 uz l ɨə-5 nz
GQM_Nam_6_S0006_79,audio_data/train/GQM_Nam_6_S0006_79.wav,h o-0 mz n a-0 iz k ɔ-0 nz s ɛ-2 ɗ ɔ-5 kpz ɓ aː-1 iz n aː-1 ŋz t iə-0 nz k aː-4,h o-0 mz n a-0 iz k ɔ-0 nz s ɛ-2 ɗ ɔ-5 kpz ɓ aː-1 iz n aː-1 ŋz t iə-0 nz k aː-4
NMA_7_NU_S0002_136,audio_data/train/NMA_7_NU_S0002_136.wav,tʰ w iə-1 nz aː-0 iz k ɛ-4 uz l ɨə-4 iz,tʰ w iə-1 nz aː-0 iz k ɛ-4 uz l ɨə-4 iz
PTT_7_NU_S0041_57,audio_data/train/PTT_7_NU_S0041_57.wav,k ɔ-0 nz t iə-4 pz t u-5 kpz h ɔ-3 iz ɓ aː-5 nz ɗ i-0,k ɔ-0 nz t iə-4 pz t u-5 kpz h ɔ-3 iz ɓ aː-5 nz ɗ i-0
THA_7_NU_S0043_115,audio_data/train/THA_7_NU_S0043_115.wav,k aː-4 kz ɓ aː-5 nz t͡ɕ ɔ-0 ŋmz l əː-4 pz t ɨə-3 ŋz t ɨə-5 ŋz k ə-0 iz h w aː-0 n ɔ-4 iz k aː-4 kz ɓ aː-5 nz k ɔ-4 tʰ ɨə-0 ŋz t o-0 iz x o-0 ŋmz t o-0 iz s ɛ-2 x o-0 ŋmz n əː-3 h w aː-0 ɗ ɨə-5 kz n ɨə-2,k aː-4 kz ɓ aː-5 nz t͡ɕ ɔ-0 ŋmz l əː-4 pz t ɨə-3 ŋz t ɨə-5 ŋz k ə-0 iz h w aː-0 n ɔ-4 iz k aː-4 kz ɓ aː-5 nz k ɔ-4 tʰ ɨə-0 ŋz t o-0 iz x o-0 ŋmz t o-0 iz s ɛ-2 x o-0 ŋmz n əː-3 h w aː-0 ɗ ɨə-5 kz n ɨə-2
NDBA_7_NAM_S0010_152,audio_data/train/NDBA_7_NAM_S0010_152.wav,t͡ɕ aː-1 ŋz v e-1 ɣ ɔ-5 iz v əː-5 k u-1 ŋmz ɓ aː-1 k ɔ-0 nz t͡ɕ ɔ-0 ŋmz s ɔ-4 mz z aː-0 ɣ a-5 tz,t͡ɕ aː-1 ŋz v e-1 ɣ ɔ-5 iz v əː-5 k u-1 ŋmz ɓ aː-1 k ɔ-0 nz t͡ɕ ɔ-0 ŋmz s ɔ-4 mz z aː-0 ɣ a-5 tz
DNK_7_NU_S0048_54,audio_data/train/DNK_7_NU_S0048_54.wav,t i-1 mz ɲ ɨ-2 ŋz k ə-0 uz tʰ əː-0 t aː-3 v ɛ-3 ɗ ɛ-5 pz k uə-3 k ə-0 iz k o-4 iz x i-0 s w ə-0 nz v e-1,t i-1 mz ɲ ɨ-2 ŋz k ə-0 uz tʰ əː-0 t aː-3 v ɛ-3 ɗ ɛ-5 pz k uə-3 k ə-0 iz k o-4 iz x i-0 s w ə-0 nz v e-1
THA_Nu_6_S00042_185,audio_data/train/THA_Nu_6_S00042_185.wav,s ɔ-4 iz tʰ ə-4 iz v ə-5 iz s ɔ-4 iz l iə-1 nz ɓ ɔ-3 ɗ i-0,s ɔ-4 iz tʰ ə-4 iz v ə-5 iz s ɔ-4 iz l iə-1 nz ɓ ɔ-3 ɗ i-0
CNBA_Nu_6_S0003_123,audio_data/train/CNBA_Nu_6_S0003_123.wav,əː-0 ɓ iə-3 nz l əː-4 nz k ɔ-4 m o-5 tz t͡ɕ u-4 tz k aː-4 m a-0 ŋz ɲ ɔ-3,əː-0 ɓ iə-3 nz l əː-4 nz k ɔ-4 m o-5 tz t͡ɕ u-4 tz k aː-4 m a-0 ŋz ɲ ɔ-3
NDBA_7_NAM_S0010_26,audio_data/train/NDBA_7_NAM_S0010_26.wav,aː-0 iz k u-2 ŋmz k ɔ-4 i-4 k̟z,aː-0 iz k u-2 ŋmz k ɔ-4 i-4 k̟z
TTD_7_NAM_S0001_154,audio_data/train/TTD_7_NAM_S0001_154.wav,l aː-1 t ɨ-1 ŋ ɨ-2 k aː-4 iz s ɨ-1 ŋz n ɔ-4 v e-0 ŋ̟z v e-0 ŋ̟z,l aː-1 t ɨ-1 ŋ ɨ-2 k aː-4 iz s ɨ-1 ŋz n ɔ-4 v e-0 ŋ̟z v e-0 ŋ̟z
VTA_Nam_6_S0002_12,audio_data/train/VTA_Nam_6_S0002_12.wav,ɣ a-5 pz tʰ ɔ-3 k w aː-5 z o-4 iz z i-4 tz k aː-3 mz əː-0 nz,ɣ a-5 pz tʰ ɔ-3 k w aː-5 z o-4 iz z i-4 tz k aː-3 mz əː-0 nz
NNM_Nu_6_S00045_31,audio_data/train/NNM_Nu_6_S00045_31.wav,k aː-4 m ə-5 pz t ə-5 pz m uə-4,k aː-4 m ə-5 pz t ə-5 pz m uə-4
DNK_7_NU_S0048_217,audio_data/train/DNK_7_NU_S0048_217.wav,t͡ɕ ɔ-5 nz k ə-0 uz t͡ɕ aː-3 l əː-1 iz,t͡ɕ ɔ-5 nz k ə-0 uz t͡ɕ aː-3 l əː-1 iz
TTD_7_NAM_S0001_112,audio_data/train/TTD_7_NAM_S0001_112.wav,t͡ɕ ɔ-0 ŋmz ɗ a-5 tz t e-0 nz t͡ɕ ɔ-0 t͡ɕ eaː-0 ŋ̟z eaː-3 ŋ̟z ɗ ɔ-4,t͡ɕ ɔ-0 ŋmz ɗ a-5 tz t e-0 nz t͡ɕ ɔ-0 t͡ɕ eaː-0 ŋ̟z eaː-3 ŋ̟z ɗ ɔ-4
TPA_Nu_6_S0009_72,audio_data/train/TPA_Nu_6_S0009_72.wav,ɓ aː-1 l iə-1 nz ɲ əː-1 s ɔ-4 kpz k ɔ-0 nz ɗ ɨə-0 tʰ ɨ-0 t͡ɕ ɔ-0 ɓ aː-0 k o-0 k ɔ-0 nz ɣ aː-4 iz ɓ aː-3 uz v e-1 t͡ɕ a-0 mz tʰ a-0 mz ɓ aː-1,ɓ aː-1 l iə-1 nz ɲ əː-1 s ɔ-4 kpz k ɔ-0 nz ɗ ɨə-0 tʰ ɨ-0 t͡ɕ ɔ-0 ɓ aː-0 k o-0 k ɔ-0 nz ɣ aː-4 iz ɓ aː-3 uz v e-1 t͡ɕ a-0 mz tʰ a-0 mz ɓ aː-1
GQM_Nam_6_S0006_30,audio_data/train/GQM_Nam_6_S0006_30.wav,k ɔ-0 nz tʰ u-4 ɗ ɔ-4 z ə-4 tz h iə-1 nz,k ɔ-0 nz tʰ u-4 ɗ ɔ-4 z ə-4 tz h iə-1 nz
CNBA_Nu_6_S0003_105,audio_data/train/CNBA_Nu_6_S0003_105.wav,k aː-4 m a-0 ŋz l aː-5 kz m ɛ-5,k aː-4 m a-0 ŋz l aː-5 kz m ɛ-5
PC_7_NAM_S0004_102,audio_data/train/PC_7_NAM_S0004_102.wav,v ə-5 iz k ə-5 uz k ɔ-4 əː-0 t͡ɕ ɨə-1 ŋz k ə-5 uz k ɔ-4 tʰ i-4 k̟z h ɔ-5 kpz m o-0 nz t w aː-4 nz x o-0 ŋmz,v ə-5 iz k ə-5 uz k ɔ-4 əː-0 t͡ɕ ɨə-1 ŋz k ə-5 uz k ɔ-4 tʰ i-4 k̟z h ɔ-5 kpz m o-0 nz t w aː-4 nz x o-0 ŋmz
NNM_Nu_6_S00045_23,audio_data/train/NNM_Nu_6_S00045_23.wav,ɓ e-0 ɓ ɛ-4 l e-0 s əː-5 k aː-4 m ə-5 pz,ɓ e-0 ɓ ɛ-4 l e-0 s əː-5 k aː-4 m ə-5 pz
TPA_Nu_6_S0009_177,audio_data/train/TPA_Nu_6_S0009_177.wav,ɗ o-5 tz ɲ iə-0 nz k w aː-3 ɓ ɔ-4 ŋmz t w o-5 tz x ɔ-3 iz t a-0 iz n aː-1 ŋz l a-0 nz s w o-4 ŋmz z iə-4 ŋz,ɗ o-5 tz ɲ iə-0 nz k w aː-3 ɓ ɔ-4 ŋmz t w o-5 tz x ɔ-3 iz t a-0 iz n aː-1 ŋz l a-0 nz s w o-4 ŋmz z iə-4 ŋz
TTD_7_NAM_S0001_73,audio_data/train/TTD_7_NAM_S0001_73.wav,ɓ o-4 k ə-0 uz z ə-4 tz tʰ o-0 ŋmz m i-0 ŋ̟z,ɓ o-4 k ə-0 uz z ə-4 tz tʰ o-0 ŋmz m i-0 ŋ̟z
THA_7_NU_S0043_29,audio_data/train/THA_7_NU_S0043_29.wav,tʰ ə-4 iz k aː-4 kz ɓ aː-5 nz k a-4 pz s eaː-4 k̟z ɗ e-4 nz t͡ɕ ɨə-1 ŋz k i-4 tʰ ɛ-1 mz l a-4 mz,tʰ ə-4 iz k aː-4 kz ɓ aː-5 nz k a-4 pz s eaː-4 k̟z ɗ e-4 nz t͡ɕ ɨə-1 ŋz k i-4 tʰ ɛ-1 mz l a-4 mz
DNK_7_NU_S0048_238,audio_data/train/DNK_7_NU_S0048_238.wav,t͡ɕ ɛ-1 uz l e-0 nz k ə-0 iz ɓ a-4 tz t͡ɕ i-0 mz n ɔ-0 nz t͡ɕ ɔ-0 ŋmz t o-3 t͡ɕ i-0 mz,t͡ɕ ɛ-1 uz l e-0 nz k ə-0 iz ɓ a-4 tz t͡ɕ i-0 mz n ɔ-0 nz t͡ɕ ɔ-0 ŋmz t o-3 t͡ɕ i-0 mz
PTT_7_NU_S0041_24,audio_data/train/PTT_7_NU_S0041_24.wav,tʰ u-0 l aː-1 mz t͡ɕ ɔ-0 tʰ u-0 l aː-1 mz t͡ɕ ɔ-0 t͡ɕ əː-1 iz s eaː-0 ŋ̟z k aː-0 uz,tʰ u-0 l aː-1 mz t͡ɕ ɔ-0 tʰ u-0 l aː-1 mz t͡ɕ ɔ-0 t͡ɕ əː-1 iz s eaː-0 ŋ̟z k aː-0 uz
THA_Nu_6_S00042_175,audio_data/train/THA_Nu_6_S00042_175.wav,k aː-4 kz k ɔ-0 nz əː-0 iz m əː-3 k ɨə-3 t͡ɕ ɔ-0 m ɛ-5 n aː-1 uz,k aː-4 kz k ɔ-0 nz əː-0 iz m əː-3 k ɨə-3 t͡ɕ ɔ-0 m ɛ-5 n aː-1 uz
CNBA_Nu_6_S0003_183,audio_data/train/CNBA_Nu_6_S0003_183.wav,ɓ iə-4 tz v ə-0 ŋz l əː-1 iz m ɛ-5 l əː-1 iz t͡ɕ aː-0,ɓ iə-4 tz v ə-0 ŋz l əː-1 iz m ɛ-5 l əː-1 iz t͡ɕ aː-0
DNK_7_NU_S0048_143,audio_data/train/DNK_7_NU_S0048_143.wav,s w o-4 tz ŋ a-1 iz ɗ ɔ-4 nz x eaː-4 k̟z,s w o-4 tz ŋ a-1 iz ɗ ɔ-4 nz x eaː-4 k̟z
THA_Nu_6_S00042_230,audio_data/train/THA_Nu_6_S00042_230.wav,s aː-5 pz tʰ aː-4 pz z uə-1 s aː-4 pz n ɛ-3,s aː-5 pz tʰ aː-4 pz z uə-1 s aː-4 pz n ɛ-3
THA_7_NU_S0043_80,audio_data/train/THA_7_NU_S0043_80.wav,v iə-5 tz k aː-3 mz tʰ ə-4 iz tʰ e-4 n aː-1 uz x i-0 ɲ ə-5 nz ɗ ɨə-5 kz k ə-0 iz s ɛ-0 nz ɗ aː-4,v iə-5 tz k aː-3 mz tʰ ə-4 iz tʰ e-4 n aː-1 uz x i-0 ɲ ə-5 nz ɗ ɨə-5 kz k ə-0 iz s ɛ-0 nz ɗ aː-4
NMA_7_NU_S0002_17,audio_data/train/NMA_7_NU_S0002_17.wav,ɓ aː-5 nz s i-0 ŋ̟z əː-0 tʰ u-3 ɗ o-0,ɓ aː-5 nz s i-0 ŋ̟z əː-0 tʰ u-3 ɗ o-0
PC_7_NAM_S0004_24,audio_data/train/PC_7_NAM_S0004_24.wav,ɓ əː-1 t͡ɕ ɛ-0 k w eaː-0 ŋ̟z h o-1,ɓ əː-1 t͡ɕ ɛ-0 k w eaː-0 ŋ̟z h o-1
NMA_7_NU_S0002_126,audio_data/train/NMA_7_NU_S0002_126.wav,ɓ ɛ-4 s ɛ-0 mz ɓ ɨ-4 kz t͡ɕ eaː-0 ŋ̟z,ɓ ɛ-4 s ɛ-0 mz ɓ ɨ-4 kz t͡ɕ eaː-0 ŋ̟z
NTM_Nam_6_S00010_1,audio_data/train/NTM_Nam_6_S00010_1.wav,ɗ a-0 ŋz əː-0 iz k ə-5 uz k ɔ-4 tʰ e-3 ɗ ɔ-5 kpz ɓ aː-1 iz o-0 ŋmz z a-3 ŋz o-0 ŋmz z a-0 ŋz t͡ɕ ɔ-0 t əː-4 ŋ ɛ-0 ɗ ɨə-5 kz x o-0 ŋmz,ɗ a-0 ŋz əː-0 iz k ə-5 uz k ɔ-4 tʰ e-3 ɗ ɔ-5 kpz ɓ aː-1 iz o-0 ŋmz z a-3 ŋz o-0 ŋmz z a-0 ŋz t͡ɕ ɔ-0 t əː-4 ŋ ɛ-0 ɗ ɨə-5 kz x o-0 ŋmz
NMA_7_NU_S0002_54,audio_data/train/NMA_7_NU_S0002_54.wav,n e-0 nz v ɔ-0 iz m əː-4 iz k ɔ-4 v ɔ-1 iz,n e-0 nz v ɔ-0 iz m əː-4 iz k ɔ-4 v ɔ-1 iz
LXT_Nam_6_S0008_24,audio_data/train/LXT_Nam_6_S0008_24.wav,t͡ɕ i-5 ɗ aː-2 t͡ɕ ɔ-0 ɓ ɔ-5 nz t͡ɕ ɛ-3 a-0 nz t͡ɕ ɨə-0,t͡ɕ i-5 ɗ aː-2 t͡ɕ ɔ-0 ɓ ɔ-5 nz t͡ɕ ɛ-3 a-0 nz t͡ɕ ɨə-0
THA_7_NU_S0043_9,audio_data/train/THA_7_NU_S0043_9.wav,k aː-4 kz ɛ-0 mz t͡ɕ ɔ-0 tʰ ə-1 iz ɓ iə-4 tz m i-1 ŋ̟z tʰ i-4 k̟z a-0 nz l w aː-5 iz t͡ɕ aː-4 iz k ə-0 iz n aː-1 uz,k aː-4 kz ɛ-0 mz t͡ɕ ɔ-0 tʰ ə-1 iz ɓ iə-4 tz m i-1 ŋ̟z tʰ i-4 k̟z a-0 nz l w aː-5 iz t͡ɕ aː-4 iz k ə-0 iz n aː-1 uz
PC_7_NAM_S0004_15,audio_data/train/PC_7_NAM_S0004_15.wav,ɗ ə-5 uz v aː-1 uz t͡ɕ o-2 k u-2,ɗ ə-5 uz v aː-1 uz t͡ɕ o-2 k u-2
DNK_7_NU_S0048_258,audio_data/train/DNK_7_NU_S0048_258.wav,ɲ ɨ-0 ŋz s aː-4 ŋz h o-0 mz s a-0 uz x i-0 v ɨə-1 s w ɛ-1 k eaː-4 ŋ̟z ɗ ɔ-4 nz ɓ i-1 ŋ̟z m i-0 ŋ̟z,ɲ ɨ-0 ŋz s aː-4 ŋz h o-0 mz s a-0 uz x i-0 v ɨə-1 s w ɛ-1 k eaː-4 ŋ̟z ɗ ɔ-4 nz ɓ i-1 ŋ̟z m i-0 ŋ̟z
GQM_Nam_6_S0006_122,audio_data/train/GQM_Nam_6_S0006_122.wav,k aː-4 m a-0 ŋz l ɔ-0 l a-4 ŋz l a-4 mz,k aː-4 m a-0 ŋz l ɔ-0 l a-4 ŋz l a-4 mz
PTL_7_NU_S0008_60,audio_data/train/PTL_7_NU_S0008_60.wav,əː-0 ɲ aː-1 ɛ-0 mz k ɔ-4 m o-5 tz k ɔ-0 nz ŋ ɨə-5 ɣ o-2 ɗ o-1 t͡ɕ əː-0 iz m a-1 uz ɗ ɔ-3 z ə-4 tz ɗ ɛ-5 pz,əː-0 ɲ aː-1 ɛ-0 mz k ɔ-4 m o-5 tz k ɔ-0 nz ŋ ɨə-5 ɣ o-2 ɗ o-1 t͡ɕ əː-0 iz m a-1 uz ɗ ɔ-3 z ə-4 tz ɗ ɛ-5 pz
DNK_7_NU_S0048_211,audio_data/train/DNK_7_NU_S0048_211.wav,ɗ ɔ-4 l aː-1 t͡ɕ i-0 mz s əː-0 nz k aː-0 tʰ i-1 ɗ aː-2 ɓ i-5 t͡ɕ e-4 tz z o-1 iz,ɗ ɔ-4 l aː-1 t͡ɕ i-0 mz s əː-0 nz k aː-0 tʰ i-1 ɗ aː-2 ɓ i-5 t͡ɕ e-4 tz z o-1 iz
TPA_Nu_6_S0009_50,audio_data/train/TPA_Nu_6_S0009_50.wav,f ɨə-0 ŋz eaː-0 ŋ̟z əː-0 iz ɓ aː-5 nz z u-4 pz t əː-4 s a-4 pz s e-4 pz k aː-4 kz i-0 tʰ ɛ-0 uz n o-5 iz ɗ u-4 ŋmz n o-5 iz z u-0 ŋmz t͡ɕ w iə-5 nz v əː-4 iz,f ɨə-0 ŋz eaː-0 ŋ̟z əː-0 iz ɓ aː-5 nz z u-4 pz t əː-4 s a-4 pz s e-4 pz k aː-4 kz i-0 tʰ ɛ-0 uz n o-5 iz ɗ u-4 ŋmz n o-5 iz z u-0 ŋmz t͡ɕ w iə-5 nz v əː-4 iz
LXT_Nam_6_S0008_124,audio_data/train/LXT_Nam_6_S0008_124.wav,m ɛ-5 m a-5 tz t͡ɕ əː-1 iz tʰ aː-3 h aː-5 tz n a-4 ŋz s w o-4 ŋmz ɗ ə-4 tz t͡ɕ əː-0 iz,m ɛ-5 m a-5 tz t͡ɕ əː-1 iz tʰ aː-3 h aː-5 tz n a-4 ŋz s w o-4 ŋmz ɗ ə-4 tz t͡ɕ əː-0 iz
HYT_Nu_6_S0005_47,audio_data/train/HYT_Nu_6_S0005_47.wav,o-0 iz k ə-5 uz z ɔ-3 iz k w aː-4,o-0 iz k ə-5 uz z ɔ-3 iz k w aː-4
THA_Nu_6_S0001_100,audio_data/train/THA_Nu_6_S0001_100.wav,tʰ ɨə-0 ŋz ɛ-0 mz s ɛ-3 eaː-0 ŋ̟z k o-4 s ɨ-4 kz k ɛ-4 uz ɲ ɨ-2 ŋz k ɔ-5 ŋmz z əː-0 mz t͡ɕ ɔ-0 ŋmz t o-3 t͡ɕ ɛ-0 t͡ɕ ɔ-0 ɛ-0 mz,tʰ ɨə-0 ŋz ɛ-0 mz s ɛ-3 eaː-0 ŋ̟z k o-4 s ɨ-4 kz k ɛ-4 uz ɲ ɨ-2 ŋz k ɔ-5 ŋmz z əː-0 mz t͡ɕ ɔ-0 ŋmz t o-3 t͡ɕ ɛ-0 t͡ɕ ɔ-0 ɛ-0 mz
GQM_Nam_6_S0006_7,audio_data/train/GQM_Nam_6_S0006_7.wav,n ɔ-4 k w aː-4 tz z ɔ-2 t ɔ-0,n ɔ-4 k w aː-4 tz z ɔ-2 t ɔ-0
NDBA_7_NAM_S0010_15,audio_data/train/NDBA_7_NAM_S0010_15.wav,x o-0 ŋmz l ə-0 uz s a-0 uz t ɨ-1 ɲ ɨ-2 ŋz t͡ɕ o-2 ɗ ə-4 tz t͡ɕ o-4 ŋmz m ɔ-5 kpz l e-0 nz ɲ iə-1 uz l e-0 nz m ə-1 mz k ə-0 iz s eaː-0 ŋ̟z t o-4 tz,x o-0 ŋmz l ə-0 uz s a-0 uz t ɨ-1 ɲ ɨ-2 ŋz t͡ɕ o-2 ɗ ə-4 tz t͡ɕ o-4 ŋmz m ɔ-5 kpz l e-0 nz ɲ iə-1 uz l e-0 nz m ə-1 mz k ə-0 iz s eaː-0 ŋ̟z t o-4 tz
NT_7_NAM_S0009_53,audio_data/train/NT_7_NAM_S0009_53.wav,z w aː-5 k w ə-0 nz ɗ i-5 k̟z z ɨə-2 t͡ɕ ə-5 nz t iə-1 nz,z w aː-5 k w ə-0 nz ɗ i-5 k̟z z ɨə-2 t͡ɕ ə-5 nz t iə-1 nz
NTN_7_NU_S0042_35,audio_data/train/NTN_7_NU_S0042_35.wav,t əː-4 k ɔ-1 nz ɲ əː-4 t əː-4 z ə-4 tz ə-4 nz t ɨə-5 ŋz v əː-4 iz ɓ w o-3 iz l e-2 x aː-0 iz z aː-3 ŋz ɗ ɔ-4,t əː-4 k ɔ-1 nz ɲ əː-4 t əː-4 z ə-4 tz ə-4 nz t ɨə-5 ŋz v əː-4 iz ɓ w o-3 iz l e-2 x aː-0 iz z aː-3 ŋz ɗ ɔ-4
MK_7_NAM_S0005_40,audio_data/train/MK_7_NAM_S0005_40.wav,t͡ɕ ɨə-4 kz ɗ i-0,t͡ɕ ɨə-4 kz ɗ i-0
NMA_7_NU_S0002_179,audio_data/train/NMA_7_NU_S0002_179.wav,t͡ɕ ɔ-4 m ɛ-1 uz k ɨ-4 k w ə-3 nz t͡ɕ əː-0 iz ŋ ɨə-1 iz,t͡ɕ ɔ-4 m ɛ-1 uz k ɨ-4 k w ə-3 nz t͡ɕ əː-0 iz ŋ ɨə-1 iz
NMA_7_NU_S0002_89,audio_data/train/NMA_7_NU_S0002_89.wav,ɗ o-5 ŋmz v ə-5 tz ɓ e-4 k ɔ-0 nz tʰ e-4 n aː-1 uz,ɗ o-5 ŋmz v ə-5 tz ɓ e-4 k ɔ-0 nz tʰ e-4 n aː-1 uz
TTD_7_NAM_S0001_64,audio_data/train/TTD_7_NAM_S0001_64.wav,ɨ-0 tʰ i-1 k ə-5 uz ɗ ɔ-5 kpz ɗ w aː-5 nz m o-5 tz h a-0 iz l aː-1 ɗ w aː-5 nz h aː-0 iz,ɨ-0 tʰ i-1 k ə-5 uz ɗ ɔ-5 kpz ɗ w aː-5 nz m o-5 tz h a-0 iz l aː-1 ɗ w aː-5 nz h aː-0 iz
NMA_7_NU_S0002_216,audio_data/train/NMA_7_NU_S0002_216.wav,ə-0 uz k əː-0 ɣ a-5 pz l aː-5 kz l ɔ-0 ŋmz k w ə-0 nz z o-1 iz n e-0 nz v əː-5 n e-0 nz t͡ɕ o-1 ŋmz,ə-0 uz k əː-0 ɣ a-5 pz l aː-5 kz l ɔ-0 ŋmz k w ə-0 nz z o-1 iz n e-0 nz v əː-5 n e-0 nz t͡ɕ o-1 ŋmz
NMA_7_NU_S0002_205,audio_data/train/NMA_7_NU_S0002_205.wav,ŋ ɨə-1 iz v iə-5 tz n aː-0 mz,ŋ ɨə-1 iz v iə-5 tz n aː-0 mz
NNM_Nu_6_S00045_46,audio_data/train/NNM_Nu_6_S00045_46.wav,h o-1 iz ɗ ɔ-4 s ɔ-4 iz ɗ e-4 nz k aː-1 uz v aː-1 uz v eaː-4 k̟z l e-1 uz k ɔ-3,h o-1 iz ɗ ɔ-4 s ɔ-4 iz ɗ e-4 nz k aː-1 uz v aː-1 uz v eaː-4 k̟z l e-1 uz k ɔ-3
NTN_7_NU_S0042_47,audio_data/train/NTN_7_NU_S0042_47.wav,ɗ ɔ-5 kpz t͡ɕ ɨə-4 kz ɗ i-0,ɗ ɔ-5 kpz t͡ɕ ɨə-4 kz ɗ i-0
HYT_Nu_6_S0005_122,audio_data/train/HYT_Nu_6_S0005_122.wav,m o-5 tz h o-0 mz m ɨə-0 t ɔ-0 z ɔ-4 l əː-4 nz k aː-4 m a-0 ŋz l aː-5 kz m ɛ-5,m o-5 tz h o-0 mz m ɨə-0 t ɔ-0 z ɔ-4 l əː-4 nz k aː-4 m a-0 ŋz l aː-5 kz m ɛ-5
NDBA_7_NAM_S0010_110,audio_data/train/NDBA_7_NAM_S0010_110.wav,tʰ ɨə-0 ŋ aː-1 iz t o-0 iz ŋ ɛ-0 n ɔ-4 iz l ə-0 uz z a-1 ŋz ŋ a-1 iz l aː-1 m o-5 tz ŋ ɨə-1 iz tʰ ə-1 nz tʰ o-0 ŋmz k w aː-3 ŋz ɗ aː-5 iz k ɔ-4 tʰ e-3 ɓ iə-4 nz tʰ eaː-1 ŋ̟z s ɨ-0 t ɨ-3 h u-0 ŋmz z ɨ-2 t͡ɕ ɔ-0 ŋmz ɲ a-4 iz m a-4 tz,tʰ ɨə-0 ŋ aː-1 iz t o-0 iz ŋ ɛ-0 n ɔ-4 iz l ə-0 uz z a-1 ŋz ŋ a-1 iz l aː-1 m o-5 tz ŋ ɨə-1 iz tʰ ə-1 nz tʰ o-0 ŋmz k w aː-3 ŋz ɗ aː-5 iz k ɔ-4 tʰ e-3 ɓ iə-4 nz tʰ eaː-1 ŋ̟z s ɨ-0 t ɨ-3 h u-0 ŋmz z ɨ-2 t͡ɕ ɔ-0 ŋmz ɲ a-4 iz m a-4 tz
TTD_7_NAM_S0001_77,audio_data/train/TTD_7_NAM_S0001_77.wav,s a-0 uz n a-1 iz m a-5 kz z u-1 ɗ aː-2 k ɔ-4 ɲ ɨ-2 ŋz f ɨə-0 ŋz t iə-5 nz tʰ o-0 ŋmz s i-0 nz l iə-0 nz l aː-5 kz h iə-5 nz ɗ aː-5 iz əː-0 m o-5 tz s o-4 n ɨə-4 kz ŋ ɨə-1 iz t aː-0 v ə-2 nz s ɨ-3 z u-5 ŋmz ɓ ɨ-0 uz ɗ iə-5 nz t͡ɕ i-0 mz ɓ o-1 k ə-0 uz,s a-0 uz l a-1 iz m a-5 kz z u-1 ɗ aː-2 k ɔ-4 ɲ ɨ-2 ŋz f ɨə-0 ŋz t iə-5 nz tʰ o-0 ŋmz s i-0 nz l iə-0 nz l aː-5 kz h iə-5 nz ɗ aː-5 iz əː-0 m o-5 tz s o-4 n ɨə-4 kz ŋ ɨə-1 iz t aː-0 v ə-2 nz s ɨ-3 z u-5 ŋmz ɓ ɨ-0 uz ɗ iə-5 nz t͡ɕ i-0 mz ɓ o-1 k ə-0 uz
PTT_7_NU_S0041_144,audio_data/train/PTT_7_NU_S0041_144.wav,ə-0 iz v i-1 t͡ɕ ɨə-0 h ɛ-1 z ə-4 tz n a-4 ŋz,ə-0 iz v i-1 t͡ɕ ɨə-0 h ɛ-1 z ə-4 tz n a-4 ŋz
PTL_7_NU_S0008_57,audio_data/train/PTL_7_NU_S0008_57.wav,ɛ-0 mz tʰ ɨə-1 ŋz o-0 mz n ɔ-4 ŋ u-3,ɛ-0 mz tʰ ɨə-1 ŋz o-0 mz n ɔ-4 ŋ u-3
PC_7_NAM_S0004_158,audio_data/train/PC_7_NAM_S0004_158.wav,t əː-4 tʰ i-4 k̟z ɲ ə-4 tz l aː-1 s ɛ-0 m a-4 iz ɓ əː-3 iz aː-0 t əː-4 tʰ i-4 k̟z ɲ ə-4 tz l aː-1 s ɛ-0 ɗ aː-5 pz ɓ əː-3 iz v i-1 h a-1 ŋz ŋ a-1 iz t əː-4 tʰ ɨə-1 ŋz ɗ aː-5 pz n ɔ-4 k u-1 ŋmz v əː-4 iz k aː-4 kz eaː-0 ŋ̟z t͡ɕ i-5 t͡ɕ ɔ-0 ŋmz s ɔ-4 mz v aː-1 ɲ ɨ-2 ŋz l u-4 kpz ɲ ɨ-0 v ə-5 iz t əː-4 s ɛ-2 z ə-4 tz l aː-1 v w i-0,t əː-4 tʰ i-4 k̟z ɲ ə-4 tz l aː-1 s ɛ-0 m a-4 iz ɓ əː-3 iz aː-0 t əː-4 tʰ i-4 k̟z ɲ ə-4 tz l aː-1 s ɛ-0 ɗ aː-5 pz ɓ əː-3 iz v i-1 h a-1 ŋz ŋ a-1 iz t əː-4 tʰ ɨə-1 ŋz ɗ aː-5 pz n ɔ-4 k u-1 ŋmz v əː-4 iz k aː-4 kz eaː-0 ŋ̟z t͡ɕ i-5 t͡ɕ ɔ-0 ŋmz s ɔ-4 mz v aː-1 ɲ ɨ-2 ŋz l u-4 kpz ɲ ɨ-0 v ə-5 iz t əː-4 s ɛ-2 z ə-4 tz l aː-1 v w i-0
CNBA_Nu_6_S0003_124,audio_data/train/CNBA_Nu_6_S0003_124.wav,v i-1 s aː-0 uz k aː-4 m a-0 ŋz l aː-5 kz m ɛ-5,v i-1 s aː-0 uz k aː-4 m a-0 ŋz l aː-5 kz m ɛ-5
THA_7_NU_S0043_90,audio_data/train/THA_7_NU_S0043_90.wav,z əː-1 z aː-0 t͡ɕ əː-0 iz,z əː-1 z aː-0 t͡ɕ əː-0 iz
GQM_Nam_6_S0006_91,audio_data/train/GQM_Nam_6_S0006_91.wav,n aː-1 ŋz t e-0 nz k aː-4 l aː-1 v uə-0 k uə-3 aː-0 iz,n aː-1 ŋz t e-0 nz k aː-4 l aː-1 v uə-0 k uə-3 aː-0 iz
DNK_7_NU_S0048_184,audio_data/train/DNK_7_NU_S0048_184.wav,t͡ɕ i-0 mz v ɛ-4 uz v ɔ-0 nz z o-1 iz m əː-4 iz ɓ a-0 iz v e-1 t͡ɕ əː-1 iz s eaː-0 ŋ̟z tʰ a-3 mz,t͡ɕ i-0 mz v ɛ-4 uz v ɔ-0 nz z o-1 iz m əː-4 iz ɓ a-0 iz v e-1 t͡ɕ əː-1 iz s eaː-0 ŋ̟z tʰ aː-3 mz
TTT_Nu_6_S00049_88,audio_data/train/TTT_Nu_6_S00049_88.wav,v ə-5 iz t əː-4 ɗ o-4 ɓ aː-5 nz,v ə-5 iz t əː-4 ɗ o-4 ɓ aː-5 nz
DNK_7_NU_S0048_118,audio_data/train/DNK_7_NU_S0048_118.wav,k ɔ-1 k ɔ-4 k əː-0 tʰ e-3 t ɨə-0 ŋz ɗ o-4 iz l əː-4 nz,k ɔ-1 k ɔ-4 k əː-0 tʰ e-3 t ɨə-0 ŋz ɗ o-4 iz l əː-4 nz
NHM_7_NU_S0006_154,audio_data/train/NHM_7_NU_S0006_154.wav,ɲ ɨ-0 ŋz m ɛ-1 uz t ɔ-3 z aː-0 tʰ o-0 ŋmz m i-0 ŋ̟z v aː-1 n ɔ-4 iz,ɲ ɨ-0 ŋz m ɛ-1 uz t ɔ-3 z aː-0 tʰ o-0 ŋmz m i-0 ŋ̟z v aː-1 n ɔ-4 iz
NDBA_7_NAM_S0010_75,audio_data/train/NDBA_7_NAM_S0010_75.wav,l i-4 ŋ̟z k eaː-0 ŋ̟z ŋ aː-5 kz ɲ iə-0 nz k w aː-4 tz,l i-4 ŋ̟z k eaː-0 ŋ̟z ŋ aː-5 kz ɲ iə-0 nz k w aː-4 tz
THA_7_NU_S0043_27,audio_data/train/THA_7_NU_S0043_27.wav,ɓ aː-1 nz t͡ɕ ə-0 nz k i-1 z iə-5 uz,ɓ aː-1 nz t͡ɕ ə-0 nz k i-1 z iə-5 uz
TPA_Nu_6_S0009_83,audio_data/train/TPA_Nu_6_S0009_83.wav,tʰ e-4 tʰ i-1 k ɨ-4 əː-0 ɲ aː-1 m aː-1 k ɔ-5 t͡ɕ ə-5 uz s w o-4 tz ɗ əː-1 iz,tʰ e-4 tʰ i-1 k ɨ-4 əː-0 ɲ aː-1 m aː-1 k ɔ-5 t͡ɕ ə-5 uz s w o-4 tz ɗ əː-1 iz
THA_7_NU_S0043_11,audio_data/train/THA_7_NU_S0043_11.wav,t͡ɕ u-4 ŋmz t o-0 iz k u-1 ŋmz ɲ a-0 uz a-0 nz t͡ɕ aː-4 iz k ə-0 iz z o-1 iz n ɔ-4 iz k aː-3 mz ɲ ə-5 nz k uə-3 m i-1 ŋ̟z,t͡ɕ u-4 ŋmz t o-0 iz k u-1 ŋmz ɲ a-0 uz a-0 nz t͡ɕ aː-4 iz k ə-0 iz z o-1 iz n ɔ-4 iz k aː-3 mz ɲ ə-5 nz k uə-3 m i-1 ŋ̟z
TPA_Nu_6_S0009_27,audio_data/train/TPA_Nu_6_S0009_27.wav,s e-0 ɣ aː-1 t͡ɕ o-4 ŋmz s aː-0 iz x iə-4 nz z a-5 iz z o-2 t ə-4 tz k aː-3,s e-0 ɣ aː-1 t͡ɕ o-4 ŋmz s aː-0 iz x iə-4 nz z a-5 iz z o-2 t ə-4 tz k aː-3
GQM_Nam_6_S0006_26,audio_data/train/GQM_Nam_6_S0006_26.wav,tʰ e-4 ɗ ɔ-4 l aː-1 k ɔ-0 nz ɣ i-1,tʰ e-4 ɗ ɔ-4 l aː-1 k ɔ-0 nz ɣ i-1
PTT_7_NU_S0041_10,audio_data/train/PTT_7_NU_S0041_10.wav,k ɔ-4 ɛ-0 mz h aː-5 k aː-4 kz k o-0 k ə-5 uz h ɔ-5 kpz t͡ɕ ɔ-1 v əː-4 iz ɗ ɨə-5 kz ŋ i-3 h ɛ-1,k ɔ-4 ɛ-0 mz h aː-5 k aː-4 kz k o-0 k ə-5 uz h ɔ-5 kpz t͡ɕ ɔ-1 v əː-4 iz ɗ ɨə-5 kz ŋ i-3 h ɛ-1
CNBA_Nu_6_S0003_2,audio_data/train/CNBA_Nu_6_S0003_2.wav,h o-0 mz n a-0 iz t͡ɕ u-4 ŋmz m i-1 ŋ̟z k u-1 ŋmz ɗ ɔ-5 kpz ɓ aː-1 iz h w aː-1 ŋz t ɨ-3 e-4 k̟z ɗ i-0,h o-0 mz n a-0 iz t͡ɕ u-4 ŋmz m i-1 ŋ̟z k u-1 ŋmz ɗ ɔ-5 kpz ɓ aː-1 iz h w aː-1 ŋz t ɨ-3 e-4 k̟z ɗ i-0
THA_7_NU_S0043_117,audio_data/train/THA_7_NU_S0043_117.wav,t͡ɕ ɔ-5 nz k ə-0 uz t͡ɕ aː-3 l əː-1 iz k uə-3 k ə-5 uz ɲ ɛ-4,t͡ɕ ɔ-5 nz k ə-0 uz t͡ɕ aː-3 l əː-1 iz k uə-3 k ə-5 uz ɲ ɛ-4
LXT_Nam_6_S0008_93,audio_data/train/LXT_Nam_6_S0008_93.wav,ɓ ɨə-4 mz l iə-1 nz ɣ ɔ-5 iz,ɓ ɨə-4 mz l iə-1 nz ɣ ɔ-5 iz
MK_7_NU_S0007_51,audio_data/train/MK_7_NU_S0007_51.wav,z o-1 iz n ɔ-4 ŋmz h a-0 iz l eaː-5 ŋ̟z ɗ e-1 uz ɲ iə-1 uz m ɨə-0 h a-0 iz ɲ iə-1 uz n a-4 ŋz,z o-1 iz n ɔ-4 ŋmz h a-0 iz l eaː-5 ŋ̟z ɗ e-1 uz ɲ iə-1 uz m ɨə-0 h a-0 iz ɲ iə-1 uz n a-4 ŋz
MK_7_NAM_S0005_33,audio_data/train/MK_7_NAM_S0005_33.wav,tʰ e-4 aː-0 k w e-0 k ə-5 uz k ɔ-1 nz ɣ i-1 m aː-1 l aː-1 mz k ə-5 uz tʰ i-4 k̟z n ɨə-2 x o-0 ŋmz,tʰ e-4 aː-0 k w e-0 k ə-5 uz k ɔ-1 nz ɣ i-1 m aː-1 l aː-1 mz k ə-5 uz tʰ i-4 k̟z n ɨə-2 x o-0 ŋmz
THA_Nu_6_S00042_179,audio_data/train/THA_Nu_6_S00042_179.wav,v i-1 s aː-0 uz ɓ ə-0 iz ɓ ə-1 iz z e-0 k ɔ-0 nz k ɔ-0 nz x o-0 ŋmz m əː-3 k ɨə-3,v i-1 s aː-0 uz ɓ ə-0 iz ɓ ə-1 iz z e-0 k ɔ-0 nz k ɔ-0 nz x o-0 ŋmz m əː-3 k ɨə-3
TPA_Nu_6_S0009_61,audio_data/train/TPA_Nu_6_S0009_61.wav,t əː-4 k ɔ-4 ɓ aː-5 nz k e-3 t əː-4 ŋ ɛ-0 ɗ i-0,t əː-4 k ɔ-4 ɓ aː-5 nz k e-3 t əː-4 ŋ ɛ-0 ɗ i-0
PTL_7_NU_S0008_31,audio_data/train/PTL_7_NU_S0008_31.wav,s o-4 tʰ ɨ-4 t ɨ-5 m o-5 tz,s o-4 tʰ ɨ-4 t ɨ-5 m o-5 tz
NPC_7_NU_S0047_497,audio_data/train/NPC_7_NU_S0047_497.wav,t͡ɕ a-4 uz x w ɛ-3 h əː-0 nz o-0 ŋmz ɲ iə-1 uz,t͡ɕ a-4 uz x w ɛ-3 h əː-0 nz o-0 ŋmz ɲ iə-1 uz
NDBA_7_NAM_S0010_42,audio_data/train/NDBA_7_NAM_S0010_42.wav,t͡ɕ ɔ-0 ŋmz ɣ eaː-4 ŋ̟z t͡ɕ ɔ-0 ŋmz ɣ eaː-4 ŋ̟z s iə-4 kz ɓ aː-5 nz ɓ iə-4 tz k ɔ-0 nz v ə-5 tz n aː-1 uz ɗ ɨə-5 kz ɓ iə-3 uz z iə-2 nz x o-0 ŋmz,t͡ɕ ɔ-0 ŋmz ɣ eaː-4 ŋ̟z t͡ɕ ɔ-0 ŋmz ɣ eaː-4 ŋ̟z s iə-4 kz ɓ aː-5 nz ɓ iə-4 tz k ɔ-0 nz v ə-5 tz n aː-1 uz ɗ ɨə-5 kz ɓ iə-3 uz z iə-2 nz x o-0 ŋmz
TPA_Nu_6_S0009_153,audio_data/train/TPA_Nu_6_S0009_153.wav,m a-4 tz aː-0 iz k u-2 ŋmz ɗ ɔ-3 h w ɛ-0,m a-4 tz aː-0 iz k u-2 ŋmz ɗ ɔ-3 h w ɛ-0
THA_Nu_6_S0001_14,audio_data/train/THA_Nu_6_S0001_14.wav,ɓ a-4 tz t͡ɕ aː-0 iz ɓ ɔ-3 z ɔ-3,ɓ a-4 tz t͡ɕ aː-0 iz ɓ ɔ-3 z ɔ-3
PTL_7_NU_S0008_170,audio_data/train/PTL_7_NU_S0008_170.wav,t əː-4 ɲ i-1 nz tʰ ə-4 iz k ɔ-0 nz t e-0 z aː-4 kz,t əː-4 ɲ i-1 nz tʰ ə-4 iz k ɔ-0 nz t e-0 z aː-4 kz
NHM_7_NU_S0006_3,audio_data/train/NHM_7_NU_S0006_3.wav,ŋ a-1 iz s ɨə-0 l w aː-1 iz ŋ ɨə-1 iz t͡ɕ ɨə-0 ɓ iə-4 tz l aː-1 mz ɲ aː-1 f aː-3 iz əː-0 h aː-0 ŋz n w i-4,ŋ a-1 iz s ɨə-0 l w aː-1 iz ŋ ɨə-1 iz t͡ɕ ɨə-0 ɓ iə-4 tz l aː-1 mz ɲ aː-1 f aː-3 iz əː-0 h aː-0 ŋz n w i-4
DNK_7_NU_S0048_185,audio_data/train/DNK_7_NU_S0048_185.wav,ɲ ɨ-0 ŋz s aː-4 ŋz h o-0 mz s a-0 uz x i-0 v ɨə-1 s w ɛ-1 k eaː-4 ŋ̟z ɗ ɔ-4 nz ɓ i-1 ŋ̟z m i-0 ŋ̟z,ɲ ɨ-0 ŋz s aː-4 ŋz h o-0 mz s a-0 uz x i-0 v ɨə-1 s w ɛ-1 k eaː-4 ŋ̟z ɗ ɔ-4 nz ɓ i-1 ŋ̟z m i-0 ŋ̟z
NTM_Nam_6_S00010_50,audio_data/train/NTM_Nam_6_S00010_50.wav,k ɔ-0 nz t͡ɕ ə-0 uz k a-1 iz t͡ɕ iə-0 mz,k ɔ-0 nz t͡ɕ ə-0 uz k a-1 iz t͡ɕ iə-0 mz
LDMT_Nam_6_S00047_35,audio_data/train/LDMT_Nam_6_S00047_35.wav,ɣ aː-1 k e-3 n ɔ-4 t͡ɕ a-0 mz l u-2 ɣ aː-1 ɲ ɔ-3 ɲ ɨ-0 n a-4 mz z əː-0 mz,ɣ aː-1 k e-3 n ɔ-4 t͡ɕ a-0 mz l u-2 ɣ aː-1 ɲ ɔ-3 ɲ ɨ-0 n a-4 mz z əː-0 mz
THA_Nu_6_S00042_168,audio_data/train/THA_Nu_6_S00042_168.wav,t͡ɕ ɨə-4 kz x i-0 ɗ i-0,t͡ɕ ɨə-4 kz x i-0 ɗ i-0
NDBA_7_NAM_S0010_10,audio_data/train/NDBA_7_NAM_S0010_10.wav,k aː-4 kz ɓ aː-5 nz ɗ e-1 uz k ɨə-1 iz,k aː-4 kz ɓ aː-5 nz ɗ e-1 uz k ɨə-1 iz
PTL_7_NU_S0008_86,audio_data/train/PTL_7_NU_S0008_86.wav,k ɔ-0 nz z uə-1 m aː-1 k ɔ-4 k aː-4 iz m aː-0 iz,k ɔ-0 nz z uə-1 m aː-1 k ɔ-4 k aː-4 iz m aː-0 iz
NMA_7_NU_S0002_226,audio_data/train/NMA_7_NU_S0002_226.wav,n ɔ-4 iz ɲ ɨ-2 ŋz ɗ iə-1 uz ɛ-0 mz ɓ iə-4 tz v e-1 l aː-5 kz l ɔ-0 ŋmz k w ə-0 nz v aː-1 ə-0 uz k əː-0 k w aː-0 ɗ w aː-5 nz m o-5 tz,n ɔ-4 iz ɲ ɨ-2 ŋz ɗ iə-1 uz ɛ-0 mz ɓ iə-4 tz v e-1 l aː-5 kz l ɔ-0 ŋmz k w ə-0 nz v aː-1 ə-0 uz k əː-0 k w aː-0 ɗ w aː-5 nz m o-5 tz
NDBA_7_NAM_S0010_50,audio_data/train/NDBA_7_NAM_S0010_50.wav,n ɔ-4 v ə-2 iz k aː-4 iz ɗ w o-0 iz z o-1 iz n ɔ-4 t əː-4 tʰ ɨə-1 ŋz t͡ɕ əː-0 iz v əː-4 iz n ɔ-4,n ɔ-4 v ə-2 iz k aː-4 iz ɗ w o-0 iz z o-1 iz n ɔ-4 t əː-4 tʰ ɨə-1 ŋz t͡ɕ əː-0 iz v əː-4 iz n ɔ-4
PTL_7_NU_S0008_84,audio_data/train/PTL_7_NU_S0008_84.wav,k ɔ-0 nz k aː-4 m aː-1 k ɔ-4 k aː-4 iz ɗ w o-0 iz,k ɔ-0 nz k aː-4 m aː-1 k ɔ-4 k aː-4 iz ɗ w o-0 iz
TTD_7_NAM_S0001_46,audio_data/train/TTD_7_NAM_S0001_46.wav,h ɔ-1 nz t əː-0 m w o-5 nz t əː-0 t əː-0 s əː-5 iz z ə-4 tz m eaː-3 ŋ̟z m ɨə-5 tz,h ɔ-1 nz t əː-0 m w o-5 nz t əː-0 t əː-0 s əː-5 z ə-4 tz m eaː-3 ŋ̟z m ɨə-5 tz
THA_7_NU_S0043_149,audio_data/train/THA_7_NU_S0043_149.wav,k ɔ-3 m ɔ-5 kpz s eaː-0 ŋ̟z t͡ɕ ə-0 nz ɗ e-0,k ɔ-3 m ɔ-5 kpz s eaː-0 ŋ̟z t͡ɕ ə-0 nz ɗ e-0
NMA_7_NU_S0002_146,audio_data/train/NMA_7_NU_S0002_146.wav,ɓ ɨ-4 kz t͡ɕ eaː-0 ŋ̟z m aː-1 ɓ aː-5 nz ɲ ɔ-3 s ɛ-0 mz v ɛ-2 v e-1 ɲ ɨ-2 ŋz ɣ i-1,ɓ ɨ-4 kz t͡ɕ eaː-0 ŋ̟z m aː-1 ɓ aː-5 nz ɲ ɔ-3 s ɛ-0 mz v ɛ-2 v e-1 ɲ ɨ-2 ŋz ɣ i-1
THA_7_NU_S0043_35,audio_data/train/THA_7_NU_S0043_35.wav,l ə-1 nz n a-1 iz k o-0 z aː-4 uz ɲ ə-5 nz ɛ-0 mz v aː-1 uz h ɔ-5 kpz k o-0,l ə-1 nz n a-1 iz k o-0 z aː-4 uz ɲ ə-5 nz ɛ-0 mz v aː-1 uz h ɔ-5 kpz k o-0
NMA_7_NU_S0002_56,audio_data/train/NMA_7_NU_S0002_56.wav,t͡ɕ ɔ-0 ŋmz z ɨ-1 ŋz ɗ i-0 ɲ ɨ-0 t͡ɕ əː-0 iz,t͡ɕ ɔ-0 ŋmz z ɨ-1 ŋz ɗ i-0 ɲ ɨ-0 t͡ɕ əː-0 iz
GQM_Nam_6_S0006_75,audio_data/train/GQM_Nam_6_S0006_75.wav,n aː-1 ŋz t͡ɕ i-3 n aː-1 ŋz t͡ɕ i-3 t͡ɕ ɨə-0 ɓ iə-4 tz ɗ ə-4 tz t͡ɕ ɨə-0 ɓ iə-4 tz ɗ ə-4 tz l iə-1 nz,n aː-1 ŋz t͡ɕ i-3 n aː-1 ŋz t͡ɕ i-3 t͡ɕ ɨə-0 ɓ iə-4 tz ɗ ə-4 tz t͡ɕ ɨə-0 ɓ iə-4 tz ɗ ə-4 tz l iə-1 nz
NNM_Nu_6_S00045_41,audio_data/train/NNM_Nu_6_S00045_41.wav,v i-1 l w o-0 nz ɓ i-5 s ɔ-4 iz z i-1 ŋ̟z z ə-5 pz n e-0 nz t͡ɕ u-4 ŋmz k w iə-4 tz ɗ i-5 ŋ̟z,v i-1 l w o-0 nz ɓ i-5 s ɔ-4 iz z i-1 ŋ̟z z ə-5 pz n e-0 nz t͡ɕ u-4 ŋmz k w iə-4 tz ɗ i-5 ŋ̟z
NHM_7_NU_S0006_55,audio_data/train/NHM_7_NU_S0006_55.wav,m i-1 ŋ̟z z ə-4 tz tʰ i-4 k̟z o-0 ŋmz m eaː-5 ŋ̟z v i-1 o-0 ŋmz ə-4 iz z ə-4 tz l aː-1 t ɔ-3 z aː-0 v ɛ-3 s ɨ-4 kz m eaː-5 ŋ̟z k uə-3 l w aː-1 iz ŋ ɨə-1 iz m a-5 kz z u-1 ɗ aː-2 z aː-1 ɲ ɨ-2 ŋz v ə-2 nz k w iə-4 tz t͡ɕ o-4 ŋmz t͡ɕ aː-3 ɗ ɨə-5 kz,m i-1 ŋ̟z z ə-4 tz tʰ i-4 k̟z o-0 ŋmz m eaː-5 ŋ̟z v i-1 o-0 ŋmz ə-4 iz z ə-4 tz l aː-1 t ɔ-3 z aː-0 v ɛ-3 s ɨ-4 kz m eaː-5 ŋ̟z k uə-3 l w aː-1 iz ŋ ɨə-1 iz m a-5 kz z u-1 ɗ aː-2 z aː-1 ɲ ɨ-2 ŋz v ə-2 nz k w iə-4 tz t͡ɕ o-4 ŋmz t͡ɕ aː-3 ɗ ɨə-5 kz
THA_7_NU_S0043_81,audio_data/train/THA_7_NU_S0043_81.wav,v iə-5 tz k aː-3 mz tʰ ə-4 iz z ə-4 tz t ɨ-5 h aː-1 uz x i-0 ɲ ə-5 nz ɗ ɨə-5 kz k ə-0 iz s ɛ-0 nz ɗ aː-4,v iə-5 tz k aː-3 mz tʰ ə-4 iz z ə-4 tz t ɨ-5 h aː-1 uz x i-0 ɲ ə-5 nz ɗ ɨə-5 kz k ə-0 iz s ɛ-0 nz ɗ aː-4
THA_7_NU_S0043_71,audio_data/train/THA_7_NU_S0043_71.wav,v iə-5 tz ɓ eaː-4 k̟z t͡ɕ u-4 ŋmz z aː-0 t͡ɕ o-1 ŋmz v aː-1 uz ɲ iə-1 uz t͡ɕ ə-5 uz x aː-4 kz,v iə-5 tz ɓ eaː-4 k̟z t͡ɕ u-4 ŋmz z aː-0 t͡ɕ o-1 ŋmz v aː-1 uz ɲ iə-1 uz t͡ɕ ə-5 uz x aː-4 kz
PC_7_NAM_S0004_69,audio_data/train/PC_7_NAM_S0004_69.wav,ɓ əː-3 iz k o-0 z a-5 iz t͡ɕ ɔ-0 t əː-4 z ə-4 tz ɲ iə-1 uz tʰ ɨ-4,ɓ əː-3 iz k o-0 z a-5 iz t͡ɕ ɔ-0 t əː-4 z ə-4 tz ɲ iə-1 uz tʰ ɨ-4
NMA_7_NU_S0002_25,audio_data/train/NMA_7_NU_S0002_25.wav,ɗ ɨ-1 ŋz ɗ ɨə-1 ŋz z ɨ-1 ŋz l a-4 mz l w aː-5 iz ɣ aː-0 iz,ɗ ɨ-1 ŋz ɗ ɨə-1 ŋz z ɨ-1 ŋz l aː-1 iz l w aː-5 iz ɣ aː-0 iz
TPA_Nu_6_S0009_97,audio_data/train/TPA_Nu_6_S0009_97.wav,t͡ɕ i-5 h a-2 iz v e-1 tʰ a-0 mz m ɛ-5 t͡ɕ i-5 ŋ a-0 iz ɗ i-0,t͡ɕ i-5 h a-2 iz v e-1 tʰ a-0 mz m ɛ-5 t͡ɕ i-5 ŋ a-0 iz ɗ i-0
GQM_Nam_6_S0006_27,audio_data/train/GQM_Nam_6_S0006_27.wav,ɗ ɔ-4 l aː-1 k ɔ-0 nz ɣ aː-1,ɗ ɔ-4 l aː-1 k ɔ-0 nz ɣ aː-1
THA_7_NU_S0043_5,audio_data/train/THA_7_NU_S0043_5.wav,tʰ ə-1 iz m w o-4 nz k aː-4 kz ɛ-0 mz k w aː-0 nz s aː-4 tz ɲ ɨ-2 ŋz t͡ɕ aː-4 iz k ə-0 iz n a-1 iz ɗ e-3 v iə-4 tz ɗ w aː-5 nz v a-0 nz,tʰ ə-1 iz m w o-4 nz k aː-4 kz ɛ-0 mz k w aː-0 nz s aː-4 tz ɲ ɨ-2 ŋz t͡ɕ aː-4 iz k ə-0 iz n a-1 iz ɗ e-3 v iə-4 tz ɗ w aː-5 nz v a-0 nz
PC_7_NAM_S0004_45,audio_data/train/PC_7_NAM_S0004_45.wav,t əː-4 x o-0 ŋmz n e-0 nz s a-0 nz ɓ a-4 tz v aː-1 ɓ a-4 tz t͡ɕ u-4 ŋmz ɲ o-4 tz v aː-1 uz t͡ɕ w o-1 ŋmz,t əː-4 x o-0 ŋmz n e-0 nz s a-0 nz ɓ a-4 tz v aː-1 ɓ a-4 tz t͡ɕ u-4 ŋmz ɲ o-4 tz v aː-1 uz t͡ɕ w o-1 ŋmz
CNBA_Nu_6_S0003_102,audio_data/train/CNBA_Nu_6_S0003_102.wav,ɗ e-0 mz ɗ e-0 mz ŋ a-1 iz n aː-1 ŋz ŋ ə-0 nz ŋ aː-0 h aː-4 tz,ɗ e-0 mz ɗ e-0 mz ŋ a-1 iz n aː-1 ŋz ŋ ə-0 nz ŋ aː-0 h aː-4 tz
PTT_7_NU_S0041_29,audio_data/train/PTT_7_NU_S0041_29.wav,ɣ ɛ-4 pz ɲ ɨ-2 ŋz t ɨ-1 əː-0 ɓ e-0 nz v əː-4 iz ɓ e-0 nz ə-0 iz v əː-4 iz ŋ iə-2 f u-1 h əː-5 pz v aː-1 ɓ e-0 nz ɓ e-0 nz ɓ e-0,ɣ ɛ-4 pz ɲ ɨ-2 ŋz t ɨ-1 əː-0 ɓ e-0 nz v əː-4 iz ɓ e-0 nz ə-0 iz v əː-4 iz ŋ iə-2 f u-1 h əː-5 pz v aː-1 ɓ e-0 nz ɓ e-0 nz ɓ e-0
NTN_7_NU_S0042_50,audio_data/train/NTN_7_NU_S0042_50.wav,s aː-4 ŋz n aː-1 uz ɛ-0 mz ɗ e-4 nz l əː-4 pz,s aː-4 ŋz n aː-1 uz ɛ-0 mz ɗ e-4 nz l əː-4 pz
NDBA_7_NAM_S0010_16,audio_data/train/NDBA_7_NAM_S0010_16.wav,t͡ɕ i-0 mz ɣ ɔ-2 k iə-4 nz v aː-1 s ɔ-4 kpz l aː-1 mz ɣ i-1 ɗ e-3 t͡ɕ a-0 mz s ɔ-4 kpz k ə-0 iz v aː-1 t͡ɕ o-1 ŋmz k ə-0 iz,t͡ɕ i-0 mz ɣ ɔ-2 k iə-4 nz v aː-1 s ɔ-4 kpz l aː-1 mz ɣ i-1 ɗ e-3 t͡ɕ a-0 mz s ɔ-4 kpz k ə-0 iz v aː-1 t͡ɕ o-1 ŋmz k ə-0 iz
LXT_Nam_6_S0008_84,audio_data/train/LXT_Nam_6_S0008_84.wav,o-0 ŋmz t͡ɕ u-3 ɗ aː-0 ŋz əː-0 ɣ ə-1 nz ɗ ɔ-4 ŋ ɛ-0 tʰ ə-4 iz l iə-1 nz v aː-4 kz ɣ ə-5 iz t͡ɕ a-5 iz l aː-5 iz n e-5 nz s ɔ-4 iz m o-5 tz t͡ɕ ə-5 nz n e-0 nz tʰ ə-0 nz,o-0 ŋmz t͡ɕ u-3 ɗ aː-0 ŋz əː-0 ɣ ə-1 nz ɗ ɔ-4 ŋ ɛ-0 tʰ ə-4 iz l iə-1 nz v aː-4 kz ɣ ə-5 iz t͡ɕ a-5 iz l aː-5 iz n i-0 ŋ̟z s ɔ-4 iz m o-5 tz t͡ɕ ə-5 nz n e-0 nz tʰ ə-0 nz
NMA_7_NU_S0002_160,audio_data/train/NMA_7_NU_S0002_160.wav,t͡ɕ ɔ-0 ŋmz v ɛ-0 uz t͡ɕ əː-1 iz k aː-0 uz,t͡ɕ ɔ-0 ŋmz v ɛ-0 uz t͡ɕ əː-1 iz k aː-0 uz
TTD_7_NAM_S0001_74,audio_data/train/TTD_7_NAM_S0001_74.wav,t͡ɕ u-4 ŋmz k ɔ-4 tʰ e-3 ɓ a-0 iz s aː-0 t əː-4 iz m o-5 tz ŋ i-1 nz t aː-4 mz t͡ɕ a-0 mz k i-0 l o-0 m ɛ-4 tz ɲ ɨ-0 ŋz z u-1 ɓ a-0 iz z aː-0 ɗ e-4 nz ɗ ə-0 uz t͡ɕ u-4 ŋmz v ə-2 nz ɲ əː-4 ɗ ɨə-1 ŋz v e-1,t͡ɕ u-4 ŋmz k ɔ-4 tʰ e-3 ɓ a-0 iz s aː-0 t əː-4 iz m o-5 tz ŋ i-1 nz t aː-4 mz t͡ɕ a-0 mz k i-0 l o-0 m ɛ-4 tz ɲ ɨ-0 ŋz z u-1 ɓ a-0 iz z aː-0 ɗ e-4 nz ɗ ə-0 uz t͡ɕ u-4 ŋmz v ə-2 nz ɲ əː-4 ɗ ɨə-1 ŋz v e-1
NMA_7_NU_S0002_78,audio_data/train/NMA_7_NU_S0002_78.wav,m w o-4 nz s aː-0 uz t͡ɕ ɔ-0 x a-4 pz tʰ ə-1 nz z ə-0 nz t͡ɕ o-3 t aː-1 iz,m w o-4 nz s aː-0 uz t͡ɕ ɔ-0 x a-4 pz tʰ ə-1 nz z ə-0 nz t͡ɕ o-3 t aː-1 iz
CNBA_Nu_6_S0003_164,audio_data/train/CNBA_Nu_6_S0003_164.wav,v i-1 k aː-4 m ə-5 pz h aː-5 iz n ɔ-4,v i-1 k aː-4 m ə-5 pz h aː-5 iz l ɔ-4
DNK_7_NU_S0048_257,audio_data/train/DNK_7_NU_S0048_257.wav,t͡ɕ i-0 mz v ɛ-4 uz v ɔ-0 nz m aː-2 iz z o-1 iz m əː-4 iz ɓ a-0 iz v e-1 t͡ɕ əː-1 iz s eaː-0 ŋ̟z tʰ a-3 mz,t͡ɕ i-0 mz v ɛ-4 uz v ɔ-0 nz m aː-2 iz z o-1 iz m əː-4 iz ɓ a-0 iz v e-1 t͡ɕ əː-1 iz s eaː-0 ŋ̟z tʰ a-3 mz
TTD_7_NAM_S0001_118,audio_data/train/TTD_7_NAM_S0001_118.wav,t aː-3 m o-5 tz ɗ w aː-5 nz ŋ a-4 nz n a-1 iz əː-0,t aː-3 m o-5 tz ɗ w aː-5 nz ŋ a-4 nz n a-1 iz əː-0
CNBA_Nu_6_S0003_167,audio_data/train/CNBA_Nu_6_S0003_167.wav,h aː-0 iz k aː-4 m a-0 ŋz ɓ aː-4 mz t͡ɕ a-5 tz tʰ ə-0 nz t͡ɕ e-0 nz t͡ɕ ə-4 mz t͡ɕ ə-4 mz t͡ɕ ə-4 mz,h aː-0 iz k aː-4 m a-0 ŋz ɓ aː-4 mz t͡ɕ a-5 tz tʰ ə-0 nz t͡ɕ e-0 nz t͡ɕ ə-4 mz t͡ɕ ə-4 mz t͡ɕ ə-4 mz
PC_7_NAM_S0004_61,audio_data/train/PC_7_NAM_S0004_61.wav,t əː-4 n e-0 nz t ɨə-4 iz n ɨə-4 kz t͡ɕ ɔ-0 t͡ɕ u-4 ŋmz v aː-1 x o-0 ŋmz n e-0 nz h aː-4 iz h w aː-0 ɓ ɛ-3 k eaː-1 ŋ̟z,t əː-4 n e-0 nz t ɨə-4 iz n ɨə-4 kz t͡ɕ ɔ-0 t͡ɕ u-4 ŋmz v aː-1 x o-0 ŋmz n e-0 nz h aː-4 iz h w aː-0 ɓ ɛ-3 k eaː-1 ŋ̟z
LXT_Nam_6_S0008_18,audio_data/train/LXT_Nam_6_S0008_18.wav,ŋ ɛ-0 t iə-4 ŋz ɣ a-4 iz aː-0 iz k u-2 ŋmz t i-3 ŋ̟z z ə-4 kz,ŋ ɛ-0 t iə-4 ŋz ɣ a-4 iz aː-0 iz k u-2 ŋmz t i-3 ŋ̟z z ə-4 kz
TPA_Nu_6_S0009_215,audio_data/train/TPA_Nu_6_S0009_215.wav,t əː-4 k aː-3 mz əː-0 nz ɓ aː-5 nz v i-1 k ə-0 uz t͡ɕ w iə-5 nz v ɨə-1 z o-1 iz ɲ ɛ-4,t əː-4 k aː-3 mz əː-0 nz ɓ aː-5 nz v i-1 k ə-0 uz t͡ɕ w iə-5 nz v ɨə-1 z o-1 iz ɲ ɛ-4
CNBA_Nu_6_S0003_18,audio_data/train/CNBA_Nu_6_S0003_18.wav,k o-0 ŋmz t͡ɕ uə-4 m ɨ-1 ŋz z əː-2 k ə-1 mz ɓ ɔ-4 ŋmz t͡ɕ a-5 iz v e-1 k w e-0 nz k aː-3 e-4 k̟z ɗ aː-0 ŋz ɗ ɨ-4 ŋz ɗ ɔ-4,k o-0 ŋmz t͡ɕ uə-4 m ɨ-1 ŋz z əː-2 k ə-1 mz ɓ ɔ-4 ŋmz t͡ɕ a-5 iz v e-1 k w e-0 nz k aː-3 e-4 k̟z ɗ aː-0 ŋz ɗ ɨ-4 ŋz ɗ ɔ-4
TPA_Nu_6_S0009_158,audio_data/train/TPA_Nu_6_S0009_158.wav,k aː-3 l əː-4 pz t i-4 uz t i-4 tz t͡ɕ w ə-3 nz ɓ i-5 t͡ɕ ɔ-0 ɓ w o-3 iz h ɔ-5 kpz k w o-4 iz n a-0 mz,k aː-3 l əː-4 pz t i-4 uz t i-4 tz t͡ɕ w ə-3 nz ɓ i-5 t͡ɕ ɔ-0 ɓ w o-3 iz h ɔ-5 kpz k w o-4 iz n a-0 mz
CNBA_Nu_6_S0003_14,audio_data/train/CNBA_Nu_6_S0003_14.wav,k o-0 ŋmz t͡ɕ uə-4 tʰ ə-4 iz e-4 k̟z s ə-4 uz s i-4 x o-0 ŋmz ɓ a-1 ŋz l ɔ-1 ŋmz ɲ ɨ-0 ŋz x o-0 ŋmz ɗ o-1 ŋmz i-0 tʰ i-1 e-4 k̟z x o-0 ŋmz l ə-4 iz ɓ ɔ-4 ŋmz t͡ɕ ɔ-0,k o-0 ŋmz t͡ɕ uə-4 tʰ ə-4 iz e-4 k̟z s ə-4 uz s i-4 x o-0 ŋmz ɓ a-1 ŋz l ɔ-1 ŋmz ɲ ɨ-0 ŋz x o-0 ŋmz ɗ o-1 ŋmz i-0 tʰ i-1 e-4 k̟z x o-0 ŋmz l ə-4 iz ɓ ɔ-4 ŋmz t͡ɕ ɔ-0
NTM_Nam_6_S00010_23,audio_data/train/NTM_Nam_6_S00010_23.wav,ŋ ɛ-0 t əː-4 ɲ ɛ-4,ŋ ɛ-0 t əː-4 ɲ ɛ-4
NTM_Nam_6_S00010_37,audio_data/train/NTM_Nam_6_S00010_37.wav,k aː-4 iz l ɨə-5 kz t͡ɕ aː-3 iz ɗ ə-1 uz,k aː-4 iz l ɨə-5 kz t͡ɕ a-5 iz ɗ ə-1 uz
LXT_Nam_6_S0008_122,audio_data/train/LXT_Nam_6_S0008_122.wav,ɗ e-3 t əː-4 ɗ ɔ-5 kpz ɲ ɛ-4,ɗ e-3 t əː-4 ɗ ɔ-5 kpz ɲ ɛ-4
NNM_Nu_6_S00045_3,audio_data/train/NNM_Nu_6_S00045_3.wav,t i-0 v i-0 k ɔ-4 s ə-0 mz k ə-1 mz,t i-0 v i-0 k ɔ-4 s ə-0 mz k ə-1 mz
TTD_7_NAM_S0001_20,audio_data/train/TTD_7_NAM_S0001_20.wav,ɓ ə-0 iz z əː-1 t͡ɕ u-4 ŋmz m i-1 ŋ̟z k u-1 ŋmz ɗ ɔ-5 kpz ɓ aː-1 iz ɲ ɛ-4,ɓ ə-0 iz z əː-1 t͡ɕ u-4 ŋmz m i-1 ŋ̟z k u-1 ŋmz ɗ ɔ-5 kpz ɓ aː-1 iz ɲ ɛ-4
TTT_Nu_6_S00049_28,audio_data/train/TTT_Nu_6_S00049_28.wav,tʰ ɛ-0 uz t əː-4 i-0 s e-0,tʰ ɛ-0 uz t əː-4 i-0 s e-0
NDBA_7_NAM_S0010_54,audio_data/train/NDBA_7_NAM_S0010_54.wav,t əː-4 ɓ iə-4 tz v e-1 k ɔ-0 nz k aː-4 h ɛ-0 uz,t əː-4 ɓ iə-4 tz v e-1 k ɔ-0 nz k aː-4 h ɛ-0 uz
TPA_Nu_6_S0009_134,audio_data/train/TPA_Nu_6_S0009_134.wav,tʰ ɨə-0 ŋz tʰ ɨə-0 ŋz tʰ ɨə-0 ŋz m ɛ-5 tʰ ɨə-0 ŋz m ɛ-5 m aː-1 k ɔ-1 nz s ɛ-0 t͡ɕ i-3 s ɔ-0 ŋmz t͡ɕ ɔ-0 s ɔ-0 ŋmz ɗ o-4 ŋmz t͡ɕ i-3 z o-1 iz m əː-4 iz v e-1 t͡ɕ a-0 mz m ɛ-5,tʰ ɨə-0 ŋz tʰ ɨə-0 ŋz tʰ ɨə-0 ŋz m ɛ-5 tʰ ɨə-0 ŋz m ɛ-5 m aː-1 k ɔ-1 nz s ɛ-0 t͡ɕ i-3 s ɔ-0 ŋmz t͡ɕ ɔ-0 s ɔ-0 ŋmz ɗ o-4 ŋmz t͡ɕ i-3 z o-1 iz m əː-4 iz v e-1 t͡ɕ a-0 mz m ɛ-5
HYT_Nu_6_S0005_115,audio_data/train/HYT_Nu_6_S0005_115.wav,t͡ɕ u-4 ɗ aː-0 ŋz k o-4 t i-1 mz m ɛ-5 tʰ i-1 t ɨ-1 ɗ a-1 ŋz s aː-0 t͡ɕ əː-5 tz h iə-5 nz z aː-0 m o-5 tz k ɔ-0 nz k aː-4 m ə-5 pz s e-0,t͡ɕ u-4 ɗ aː-0 ŋz k o-4 t i-1 mz m ɛ-5 tʰ i-1 t ɨ-1 ɗ a-1 ŋz s aː-0 t͡ɕ əː-5 tz h iə-5 nz z aː-0 m o-5 tz k ɔ-0 nz k aː-4 m ə-5 pz s e-0
THA_7_NU_S0043_7,audio_data/train/THA_7_NU_S0043_7.wav,t͡ɕ u-4 ŋmz t o-0 iz t͡ɕ w iə-1 nz t a-0 iz ɲ a-0 uz v w o-4 tz v ɛ-0 l a-4 mz ŋ iə-4 v aː-1 ŋ ɨ-3 iz ɲ ɨ-2 ŋz t͡ɕ aː-4 iz t aː-4 uz l e-0 t͡ɕ w o-4 iz s w aː-1 iz k w i-4 tz m aː-1 tʰ ə-1 iz ɗ ɨə-0 t͡ɕ ɔ-0,t͡ɕ u-4 ŋmz t o-0 iz t͡ɕ w iə-1 nz t a-0 iz ɲ a-0 uz v w o-4 tz v ɛ-0 l a-4 mz ŋ iə-4 v aː-1 ŋ ɨ-3 iz ɲ ɨ-2 ŋz t͡ɕ aː-4 iz t aː-4 uz l e-0 t͡ɕ w o-4 iz s w aː-1 iz k w i-4 tz m aː-1 tʰ ə-1 iz ɗ ɨə-0 t͡ɕ ɔ-0
NTM_Nam_6_S00010_20,audio_data/train/NTM_Nam_6_S00010_20.wav,k aː-4 iz l iə-1 mz k a-4 tz l aː-4,k aː-4 iz l iə-1 mz k a-4 tz l aː-4
TTD_7_NAM_S0001_173,audio_data/train/TTD_7_NAM_S0001_173.wav,ɓ ə-0 iz z əː-1 t əː-4 k ə-5 uz ɗ ɔ-5 kpz t͡ɕ ɨə-4 kz ɗ i-0 m o-2 iz m o-2 iz m o-2 iz ŋ ɨə-1 iz h aː-0 iz z ɔ-1 ŋmz ɓ əː-3 iz ɓ aː-1 iz tʰ əː-0 n a-1 iz ŋ a-4 nz,ɓ ə-0 iz z əː-1 t əː-4 k ə-5 uz ɗ ɔ-5 kpz t͡ɕ ɨə-4 kz ɗ i-0 m o-2 iz m o-2 iz m o-2 iz ŋ ɨə-1 iz h aː-0 iz z ɔ-1 ŋmz ɓ əː-3 iz ɓ aː-1 iz tʰ əː-0 n a-1 iz ŋ a-4 nz
NDBA_7_NAM_S0010_4,audio_data/train/NDBA_7_NAM_S0010_4.wav,x i-3 k ɔ-0 nz tʰ i-1 ɗ u-0 t ɨ-1 k ə-0 iz n a-1 iz s aː-0 ŋz k ə-0 iz x aː-4 kz z ə-5 tz ɲ ɨ-2 ŋz z ə-0 iz l ɛ-0 uz t͡ɕ a-1 ŋz t͡ɕ i-5 tz s w o-4 ŋmz ɗ e-3 k ə-0 iz x o-0 ŋmz v ɨə-4 ŋz v i-4 uz,x i-3 k ɔ-0 nz tʰ i-1 ɗ u-0 t ɨ-1 k ə-0 iz n a-1 iz s aː-0 ŋz k ə-0 iz x aː-4 kz z ə-5 tz ɲ ɨ-2 ŋz z ə-0 iz l ɛ-0 uz t͡ɕ a-1 ŋz t͡ɕ i-5 tz s w o-4 ŋmz ɗ e-3 k ə-0 iz x o-0 ŋmz v ɨə-4 ŋz v i-4 uz
NHM_7_NU_S0006_13,audio_data/train/NHM_7_NU_S0006_13.wav,ɗ e-0 mz ə-4 iz tʰ ə-1 nz z ɔ-4 ɗ e-4 nz ɗ ə-5 pz k ɨə-3 tʰ ɛ-4 tz,ɗ e-0 mz ə-4 iz tʰ ə-1 nz z ɔ-4 ɗ e-4 nz ɗ ə-5 pz k ɨə-3 tʰ ɛ-4 tz
LXT_Nam_6_S0008_39,audio_data/train/LXT_Nam_6_S0008_39.wav,ɣ aː-1 t͡ɕ o-4 ŋmz x o-0 ŋmz k ɔ-4 aː-0 iz ɗ e-3 z aː-0 l e-5 ŋ̟z z ə-4 tz ɓ w o-1 nz,ɣ aː-1 t͡ɕ o-4 ŋmz x o-0 ŋmz k ɔ-4 aː-0 iz ɗ e-3 z aː-0 l e-5 ŋ̟z z ə-4 tz ɓ w o-1 nz
CNBA_Nu_6_S0003_86,audio_data/train/CNBA_Nu_6_S0003_86.wav,k ɔ-0 nz t e-0 nz l aː-1 t͡ɕ ə-1 nz ŋ w iə-0 nz x aː-0 ŋz,k ɔ-0 nz t e-0 nz l aː-1 t͡ɕ ə-1 nz ŋ w iə-0 nz x aː-0 ŋz
NDBA_7_NAM_S0010_14,audio_data/train/NDBA_7_NAM_S0010_14.wav,t ɨ-1 ɗ ɔ-4 v ɔ-0 iz z u-1 ŋmz t͡ɕ iə-4 kz m w i-2 k uə-3 m i-1 ŋ̟z z ɔ-5 nz s eaː-5 k̟z ɲ ɨ-2 ŋz k eaː-1 ŋ̟z k ə-0 iz x o-0 z əː-0 iz z u-5 ŋmz ŋ aː-0 ŋz z ɔ-5 kpz t͡ɕ ɔ-0 ŋmz z ɨ-1 ŋz t aː-5 uz z aː-0 z ə-4 tz ɲ iə-1 uz t͡ɕ o-2 t͡ɕ o-4 ŋmz t͡ɕ ɔ-0 s ɔ-4 kpz t͡ɕ o-1 ŋmz k ə-0 iz,t ɨ-1 ɗ ɔ-4 v ɔ-0 iz z u-1 ŋmz t͡ɕ iə-4 kz m w i-2 k uə-3 m i-1 ŋ̟z z ɔ-5 nz s eaː-5 k̟z ɲ ɨ-2 ŋz k eaː-1 ŋ̟z k ə-0 iz x o-0 z əː-0 iz z u-5 ŋmz ŋ aː-0 ŋz z ɔ-5 kpz t͡ɕ ɔ-0 ŋmz z ɨ-1 ŋz t aː-5 uz z aː-0 z ə-4 tz ɲ iə-1 uz t͡ɕ o-2 t͡ɕ o-4 ŋmz t͡ɕ ɔ-0 s ɔ-4 kpz t͡ɕ o-1 ŋmz k ə-0 iz
TTT_Nu_6_S00049_55,audio_data/train/TTT_Nu_6_S00049_55.wav,l aː-1 mz m o-5 tz ŋ o-0 iz ɲ aː-1,l aː-1 mz m o-5 tz ŋ o-0 iz ɲ aː-1
NHM_7_NU_S0006_81,audio_data/train/NHM_7_NU_S0006_81.wav,ɓ ə-0 iz z əː-1 m i-1 ŋ̟z h ɔ-3 iz ɓ aː-5 nz t i-1 mz m o-5 tz v aː-1 iz h i-1 ŋ̟z eaː-3 ŋ̟z v e-1 m uə-1 n ɨə-4 kz n o-3 iz t͡ɕ ɔ-0 ŋmz ɓ aː-1 iz,ɓ ə-0 iz z əː-1 m i-1 ŋ̟z h ɔ-3 iz ɓ aː-5 nz t i-1 mz m o-5 tz v aː-1 iz h i-1 ŋ̟z eaː-3 ŋ̟z v e-1 m uə-1 l ɨə-4 kz l o-3 iz t͡ɕ ɔ-0 ŋmz ɓ aː-1 iz
TPA_Nu_6_S0009_38,audio_data/train/TPA_Nu_6_S0009_38.wav,ɓ aː-4 kz t͡ɕ ɔ-4 t ɨ-4 kz m i-1 ŋ̟z t əː-5 pz t͡ɕ ɔ-0 m o-5 tz k aː-4 iz,ɓ aː-4 kz t͡ɕ ɔ-4 t ɨ-4 kz m i-1 ŋ̟z t əː-5 pz t͡ɕ ɔ-0 m o-5 tz k aː-4 iz
DNK_7_NU_S0048_186,audio_data/train/DNK_7_NU_S0048_186.wav,ɓ o-0 ŋmz k u-4 kpz ɗ aː-2 ŋ ɛ-0 tʰ ə-4 iz t iə-4 ŋz s əː-0 nz k aː-0 ɓ w o-1 nz tʰ aː-3 mz,ɓ o-0 ŋmz k u-4 kpz ɗ aː-2 ŋ ɛ-0 tʰ ə-4 iz t iə-4 ŋz s əː-0 nz k aː-0 ɓ w o-1 nz tʰ aː-3 mz
NTN_7_NU_S0042_48,audio_data/train/NTN_7_NU_S0042_48.wav,ɗ ɨə-5 kz tʰ o-0 iz t əː-4 ɗ ɔ-5 kpz ɲ ɛ-4,ɗ ɨə-5 kz tʰ o-0 iz t əː-4 ɗ ɔ-5 kpz ɲ ɛ-4
NHM_7_NU_S0006_54,audio_data/train/NHM_7_NU_S0006_54.wav,ɓ aː-5 nz tʰ i-4 k̟z ɲ ə-0 nz v ə-5 tz n aː-1 uz t͡ɕ ɔ-0 ŋmz k ə-0 uz t͡ɕ w iə-5 nz n a-1 iz,ɓ aː-5 nz tʰ i-4 k̟z ɲ ə-0 nz v ə-5 tz n aː-1 uz t͡ɕ ɔ-0 ŋmz k ə-0 uz t͡ɕ w iə-5 nz n a-1 iz
THA_Nu_6_S00042_176,audio_data/train/THA_Nu_6_S00042_176.wav,s ɔ-4 iz l aː-1 mz ɣ i-1,s ɔ-4 iz l aː-1 mz ɣ i-1
CNBA_Nu_6_S0003_182,audio_data/train/CNBA_Nu_6_S0003_182.wav,z ɔ-4 ŋ w aː-0 nz z ɔ-4 k w aː-5 tz h ɨə-0 ŋz tʰ əː-0 mz x a-4 pz ɲ aː-1,z ɔ-4 ŋ w aː-0 nz z ɔ-4 k w aː-5 tz h ɨə-0 ŋz tʰ əː-0 mz x a-4 pz ɲ aː-1
THA_7_NU_S0043_68,audio_data/train/THA_7_NU_S0043_68.wav,v aː-1 k w o-4 iz k u-1 ŋmz k u-2 ŋmz ɲ ə-5 nz ɗ ɨə-5 kz f ə-1 nz tʰ ɨə-3 ŋz,v aː-1 k w o-4 iz k u-1 ŋmz k u-2 ŋmz ɲ ə-5 nz ɗ ɨə-5 kz f ə-1 nz tʰ ɨə-3 ŋz
LXT_Nam_6_S0008_134,audio_data/train/LXT_Nam_6_S0008_134.wav,h aː-5 tz n a-4 ŋz ɣ a-5 pz ɓ o-0 ŋmz h o-1 ŋmz ɓ i-5 ɣ a-2 iz k eaː-1 ŋ̟z ɗ aː-0 ŋz s u-5 tz s w i-1 x ɔ-4 kpz,h aː-5 tz n a-4 ŋz ɣ a-5 pz ɓ o-0 ŋmz h o-1 ŋmz ɓ i-5 ɣ a-2 iz k eaː-1 ŋ̟z ɗ aː-0 ŋz s u-5 tz s w i-1 x ɔ-4 kpz
TTD_7_NAM_S0001_157,audio_data/train/TTD_7_NAM_S0001_157.wav,x o-0 ŋmz ɓ o-4 nz z ɔ-1 ŋmz ɗ ə-1 uz k əː-0 tʰ i-1 t əː-4 ɣ əː-5 iz i-0 t͡ɕ ɔ-0 k ə-5 uz ɲ ɛ-4,x o-0 ŋmz ɓ o-4 nz z ɔ-1 ŋmz ɗ ə-1 uz k əː-0 tʰ i-1 t əː-4 ɣ əː-5 iz i-0 t͡ɕ ɔ-0 k ə-5 uz ɲ ɛ-4
HYT_Nu_6_S0005_53,audio_data/train/HYT_Nu_6_S0005_53.wav,t͡ɕ e-0 nz ɓ əː-1 l u-2 t͡ɕ w o-5 tz t͡ɕ ɨə-5 tz v aː-4 nz n o-0 ɗ uə-1 ə-1 mz i-0,t͡ɕ e-0 nz ɓ əː-1 l u-2 t͡ɕ w o-5 tz t͡ɕ ɨə-5 tz v aː-4 nz n o-0 ɗ uə-1 ə-1 mz i-0
NHM_7_NU_S0006_94,audio_data/train/NHM_7_NU_S0006_94.wav,ɗ ɨə-5 kz,ɗ ɨə-5 kz
PTL_7_NU_S0008_10,audio_data/train/PTL_7_NU_S0008_10.wav,tʰ iə-0 nz tʰ iə-0 nz ŋ aː-0 m ɛ-5 k ɔ-2 ŋmz k ɔ-0 nz t͡ɕ e-0 nz l ɨ-0 ŋz ɓ əː-0 iz ɗ i-0 ɗ ə-0 iz ɗ i-0 ɗ ɔ-4,tʰ iə-0 nz tʰ iə-0 nz ŋ aː-0 m ɛ-5 k ɔ-2 ŋmz k ɔ-0 nz t͡ɕ e-0 nz l ɨ-0 ŋz ɓ əː-0 iz ɗ i-0 ɗ ə-0 iz ɗ i-0 ɗ ɔ-4
NMA_7_NU_S0002_177,audio_data/train/NMA_7_NU_S0002_177.wav,t͡ɕ əː-1 iz k aː-0 uz l o-1 ŋmz l o-5 ŋmz z ɔ-4 m ə-0 iz,t͡ɕ əː-1 iz k aː-0 uz l o-1 ŋmz l o-5 ŋmz z ɔ-4 m ə-0 iz
NHM_7_NU_S0006_164,audio_data/train/NHM_7_NU_S0006_164.wav,m ɛ-1 uz h o-4 h ɨ-3 ŋz h i-4 h ɨ-3 ŋz ɗ ɛ-0 mz ŋ a-0 iz t͡ɕ iə-4 nz l əː-5 iz f ə-3 mz k uə-3 m i-1 ŋ̟z v aː-1 uz k u-0 ŋmz,m ɛ-1 uz h o-4 h ɨ-3 ŋz h i-4 h ɨ-3 ŋz ɗ ɛ-0 mz ŋ a-0 iz t͡ɕ iə-4 nz l əː-5 iz f ə-3 mz k uə-3 m i-1 ŋ̟z v aː-1 uz k u-0 ŋmz
NDBA_7_NAM_S0010_100,audio_data/train/NDBA_7_NAM_S0010_100.wav,m ɛ-1 uz z a-5 nz h ɔ-5,m ɛ-1 uz z a-5 nz h ɔ-5
TPA_Nu_6_S0009_85,audio_data/train/TPA_Nu_6_S0009_85.wav,s ɔ-4 kpz k ɔ-0 nz ɗ e-4 nz ɲ aː-1 t͡ɕ i-5 tʰ ɨ-4 h aː-0 iz l aː-5 iz z ɔ-2 ŋmz z aː-1 z ɔ-1 ŋmz z aː-2 m o-5 tz ŋ a-1 iz m o-5 tz ɗ e-0 mz n ɨə-2,s ɔ-4 kpz k ɔ-0 nz ɗ e-4 nz ɲ aː-1 t͡ɕ i-5 tʰ ɨ-4 h aː-0 iz l aː-5 iz z ɔ-2 ŋmz z aː-1 z ɔ-1 ŋmz z aː-2 m o-5 tz ŋ a-1 iz m o-5 tz ɗ e-0 mz n ɨə-2
NMA_7_NU_S0002_6,audio_data/train/NMA_7_NU_S0002_6.wav,x i-0 ɗ ɔ-4 h ɨə-0 uz k aː-0 uz k o-3 f aː-3 iz s w aː-5 kz h aː-0 iz t͡ɕ ə-0 nz t͡ɕ ɨə-4 kz tʰ ə-5 tz z o-5 ŋmz m əː-4 iz k w i-4 ɗ ɨə-5 kz ɗ ə-1 uz s w o-4 ŋmz v u-2 ŋmz n ɨə-4 kz ɗ e-3 w o-4 ŋmz,x i-0 ɗ ɔ-4 h ɨə-0 uz k aː-0 uz k o-3 f aː-3 iz s w aː-5 kz h aː-0 iz t͡ɕ ə-0 nz t͡ɕ ɨə-4 kz tʰ ə-5 tz z o-5 ŋmz m əː-4 iz k w i-4 ɗ ɨə-5 kz ɗ ə-1 uz s w o-4 ŋmz v u-2 ŋmz n ɨə-4 kz ɗ e-3 w o-4 ŋmz
TPA_Nu_6_S0009_164,audio_data/train/TPA_Nu_6_S0009_164.wav,tʰ e-4 z o-1 iz ɓ w o-3 iz h ɔ-5 kpz ə-4 iz k u-2 ŋmz ɗ e-4 nz,tʰ e-4 z o-1 iz ɓ w o-3 iz h ɔ-5 kpz ə-4 iz k u-2 ŋmz ɗ e-4 nz
DNK_7_NU_S0048_55,audio_data/train/DNK_7_NU_S0048_55.wav,tʰ ɛ-0 uz t əː-4 t əː-4 l aː-1 k ɔ-3 m ɔ-5 kpz s eaː-0 ŋ̟z t͡ɕ ə-0 nz ɗ e-0,tʰ ɛ-0 uz t əː-4 t əː-4 l aː-1 k ɔ-3 m ɔ-5 kpz s eaː-0 ŋ̟z t͡ɕ ə-0 nz ɗ e-0
DNK_7_NU_S0048_207,audio_data/train/DNK_7_NU_S0048_207.wav,t͡ɕ w iə-5 nz ɣ i-1 ɗ aː-2 s a-3 iz z aː-0 v aː-1 uz ŋ a-1 iz h o-0 mz s a-0 uz,t͡ɕ w iə-5 nz ɣ i-1 ɗ aː-2 s a-3 iz z aː-0 v aː-1 uz ŋ a-1 iz h o-0 mz s a-0 uz
THA_Nu_6_S00042_80,audio_data/train/THA_Nu_6_S00042_80.wav,t əː-4 ɗ o-4 ɓ aː-5 nz,t əː-4 ɗ o-4 ɓ aː-5 nz
PTT_7_NU_S0041_132,audio_data/train/PTT_7_NU_S0041_132.wav,ɓ ɛ-4 n a-1 mz ɓ ɛ-4 n a-1 mz ɓ ɛ-4 ŋ ɛ-0,ɓ ɛ-4 n a-1 mz ɓ ɛ-4 n a-1 mz ɓ ɛ-4 ŋ ɛ-0
PTT_7_NU_S0041_47,audio_data/train/PTT_7_NU_S0041_47.wav,ɲ ɨ-0 ŋz m uə-1 s w ə-0 nz n ɔ-4 iz,ɲ ɨ-0 ŋz m uə-1 s w ə-0 nz n ɔ-4 iz
NMA_7_NU_S0002_200,audio_data/train/NMA_7_NU_S0002_200.wav,v i-5 tz ɓ ə-1 uz t ɨ-1 ŋz ɲ ɔ-4 mz tʰ eaː-3 ŋ̟z tʰ əː-0 iz ɓ əː-0 iz tʰ w iə-1 nz,v i-5 tz ɓ ə-1 uz t ɨ-1 ŋz ɲ ɔ-4 mz tʰ eaː-3 ŋ̟z tʰ əː-0 iz ɓ əː-0 iz tʰ w iə-1 nz
THA_7_NU_S0043_10,audio_data/train/THA_7_NU_S0043_10.wav,v aː-1 t aː-5 iz s aː-0 uz m i-1 ŋ̟z tʰ i-4 k̟z l w aː-5 iz t͡ɕ aː-4 iz k ə-0 iz ɗ ɔ-3 ɲ ɛ-4,v aː-1 t aː-5 iz s aː-0 uz m i-1 ŋ̟z tʰ i-4 k̟z l w aː-5 iz t͡ɕ aː-4 iz k ə-0 iz ɗ ɔ-3 ɲ ɛ-4
LXT_Nam_6_S0008_127,audio_data/train/LXT_Nam_6_S0008_127.wav,ŋ ɛ-0 h aː-5 tz m ə-1 mz tʰ i-1 tʰ ə-1 mz n ɔ-4 f aː-3 h əː-0 iz ə-4 mz s w o-4 ŋmz ɗ ə-4 tz,ŋ ɛ-0 h aː-5 tz m ə-1 mz tʰ i-1 tʰ ə-1 mz n ɔ-4 f aː-3 h əː-0 iz ə-4 mz s w o-4 ŋmz ɗ ə-4 tz
NHM_7_NU_S0006_106,audio_data/train/NHM_7_NU_S0006_106.wav,z iə-0 ŋz l aː-0 ŋz l iə-0 uz z ə-4 tz ɓ a-0 nz x w a-0 nz l ɔ-0 x o-0 ŋmz ɓ iə-4 tz t i-1 mz v ə-5 tz ɣ i-1 ɗ e-3 z ə-0 ŋz l e-0 nz v uə-0 t͡ɕ aː-0 ɓ a-1 iz t ɔ-3 l ɔ-1 ŋmz h iə-4 uz tʰ aː-3 uz k uə-3 m i-1 ŋ̟z,z iə-0 ŋz l aː-0 ŋz l iə-0 uz z ə-4 tz ɓ a-0 nz x w a-0 nz l ɔ-0 x o-0 ŋmz ɓ iə-4 tz t i-1 mz v ə-5 tz ɣ i-1 ɗ e-3 z ə-0 ŋz l e-0 nz v uə-0 t͡ɕ aː-0 ɓ a-1 iz t ɔ-3 l ɔ-1 ŋmz h iə-4 uz tʰ aː-3 uz k uə-3 m i-1 ŋ̟z
VTA_Nam_6_S0002_42,audio_data/train/VTA_Nam_6_S0002_42.wav,k aː-3 ɗ o-5 iz m ɨ-1 ŋz k o-0 ŋmz,k aː-3 ɗ o-5 iz m ɨ-1 ŋz k o-0 ŋmz
NTM_Nam_6_S00010_19,audio_data/train/NTM_Nam_6_S00010_19.wav,k ɔ-0 nz t͡ɕ ə-0 uz k a-1 iz t͡ɕ iə-0 mz,k ɔ-0 nz t͡ɕ ə-0 uz k a-1 iz t͡ɕ iə-0 mz
NNM_Nu_6_S00045_119,audio_data/train/NNM_Nu_6_S00045_119.wav,tʰ ɔ-3 ɗ e-4 nz ɓ əː-1 s o-0 ŋmz ɗ e-3 w o-4 ŋmz n ɨə-4 kz,tʰ ɔ-3 ɗ e-4 nz ɓ əː-1 s o-0 ŋmz ɗ e-3 w o-4 ŋmz n ɨə-4 kz
NTN_7_NU_S0042_67,audio_data/train/NTN_7_NU_S0042_67.wav,k o-0 m i-3 mz k ɨə-1 iz tʰ ə-5 tz t ɨə-0 iz,k o-0 m i-3 mz k ɨə-1 iz tʰ ə-5 tz t ɨə-0 iz
MK_7_NAM_S0005_27,audio_data/train/MK_7_NAM_S0005_27.wav,z iə-4 ŋz əː-0 k w e-0 t əː-4 t͡ɕ ɔ-0 ŋmz ɗ ɛ-5 pz,z iə-4 ŋz əː-0 k w e-0 t əː-4 t͡ɕ ɔ-0 ŋmz ɗ ɛ-5 pz
CNBA_Nu_6_S0003_72,audio_data/train/CNBA_Nu_6_S0003_72.wav,t əː-4 ɗ i-0 v əː-4 iz k aː-3 ɲ aː-1 t əː-4,t əː-4 ɗ i-0 v əː-4 iz k aː-3 ɲ aː-1 t əː-4
PC_7_NAM_S0004_116,audio_data/train/PC_7_NAM_S0004_116.wav,v ə-5 iz t͡ɕ ɔ-0 ŋmz k aː-4 kz l w aː-1 iz ɗ o-5 ŋmz v ə-5 tz k ə-5 uz tʰ ə-4 iz l w aː-1 iz ɗ o-5 ŋmz v ə-5 tz n aː-1 uz l aː-1 ɗ ɛ-5 pz ɲ ə-4 tz,v ə-5 iz t͡ɕ ɔ-0 ŋmz k aː-4 kz l w aː-1 iz ɗ o-5 ŋmz v ə-5 tz k ə-5 uz tʰ ə-4 iz l w aː-1 iz ɗ o-5 ŋmz v ə-5 tz n aː-1 uz l aː-1 ɗ ɛ-5 pz ɲ ə-4 tz
THA_Nu_6_S00042_76,audio_data/train/THA_Nu_6_S00042_76.wav,k w aː-0 t͡ɕ əː-5 t͡ɕ i-5 t͡ɕ i-3 t͡ɕ ɔ-0 ɓ ɛ-4 k aː-4 t͡ɕ e-0 k aː-4 m ɛ-1,k w aː-0 t͡ɕ əː-5 t͡ɕ i-5 t͡ɕ i-3 t͡ɕ ɔ-0 ɓ ɛ-4 k aː-4 t͡ɕ e-0 k aː-4 m ɛ-1
TTD_7_NAM_S0001_3,audio_data/train/TTD_7_NAM_S0001_3.wav,l aː-1 x o-3 tʰ əː-0 tʰ ɨ-4 ɲ ə-4 tz v aː-1 x o-3 tʰ əː-0 tʰ ɨ-4 n a-0 mz,l aː-1 x o-3 tʰ əː-0 tʰ ɨ-4 ɲ ə-4 tz v aː-1 x o-3 tʰ əː-0 tʰ ɨ-4 n a-0 mz
NMA_7_NU_S0002_45,audio_data/train/NMA_7_NU_S0002_45.wav,z ɨ-1 ŋz k u-2 ŋmz k ɔ-4 k ɛ-1 nz k ɛ-3 aː-4 kz,z ɨ-1 ŋz k u-2 ŋmz k ɔ-4 k ɛ-1 nz k ɛ-3 aː-4 kz
THA_7_NU_S0043_77,audio_data/train/THA_7_NU_S0043_77.wav,tʰ ə-1 iz z aː-4 tʰ əː-5 s ɛ-0 nz ɗ aː-4 ɗ e-4 nz l əː-4 pz ɗ e-3 t a-5 ŋz t͡ɕ ɔ-0 h ɔ-5 kpz s i-0 ŋ̟z k ɔ-4 k e-4 tz k w aː-3 h ɔ-5 kpz t ə-5 pz k aː-0 uz ɲ ə-4 tz t͡ɕ ɔ-0 ŋmz t w ə-1 nz,tʰ ə-1 iz z aː-4 tʰ əː-5 s ɛ-0 nz ɗ aː-4 ɗ e-4 nz l əː-4 pz ɗ e-3 t a-5 ŋz t͡ɕ ɔ-0 h ɔ-5 kpz s i-0 ŋ̟z k ɔ-4 k e-4 tz k w aː-3 h ɔ-5 kpz t ə-5 pz k aː-0 uz ɲ ə-4 tz t͡ɕ ɔ-0 ŋmz t w ə-1 nz
TPA_Nu_6_S0009_64,audio_data/train/TPA_Nu_6_S0009_64.wav,ŋ a-1 iz s ɨə-0 k ɔ-4 m o-5 tz ɓ aː-1 m ɛ-5 s i-0 ŋ̟z ɗ ɨə-5 kz ɓ aː-0 k o-0 k ɔ-0 nz ɣ aː-4 iz v aː-1 z ə-4 tz iə-0 uz tʰ ɨə-0 ŋz k aː-4 kz k ɔ-0 nz l ɔ-0 t͡ɕ ɔ-0 k aː-4 kz k ɔ-0 nz t ɨ-1 ŋz l i-0 t ɨ-1 ŋz t i-4,ŋ a-1 iz s ɨə-0 k ɔ-4 m o-5 tz ɓ aː-1 m ɛ-5 s i-0 ŋ̟z ɗ ɨə-5 kz ɓ aː-0 k o-0 k ɔ-0 nz ɣ aː-4 iz v aː-1 z ə-4 tz iə-0 uz tʰ ɨə-0 ŋz k aː-4 kz k ɔ-0 nz l ɔ-0 t͡ɕ ɔ-0 k aː-4 kz k ɔ-0 nz t ɨ-1 ŋz l i-0 t ɨ-1 ŋz t i-4
CNBA_Nu_6_S0003_16,audio_data/train/CNBA_Nu_6_S0003_16.wav,e-4 k̟z ɲ a-3 iz t u-1 mz s w o-4 ŋmz n ɨə-4 kz z iə-4 ŋz,e-4 k̟z ɲ a-3 iz t u-1 mz s w o-4 ŋmz l ɨə-4 kz z iə-4 ŋz
MK_7_NAM_S0005_39,audio_data/train/MK_7_NAM_S0005_39.wav,h a-0 iz ɓ ə-0 iz z əː-1 m i-1 ŋ̟z t͡ɕ əː-0 iz ɗ o-4 t͡ɕ ɨ-2 ɗ i-0,h a-0 iz ɓ ə-0 iz z əː-1 m i-1 ŋ̟z t͡ɕ əː-0 iz ɗ o-4 t͡ɕ ɨ-2 ɗ i-0
TTD_7_NAM_S0001_168,audio_data/train/TTD_7_NAM_S0001_168.wav,ɓ ə-0 iz z əː-1 t əː-4 s ɨ-5 v ə-5 tz t͡ɕ ɨə-4 kz n a-1 iz,ɓ ə-0 iz z əː-1 t əː-4 s ɨ-5 v ə-5 tz t͡ɕ ɨə-4 kz n a-1 iz
LXT_Nam_6_S0008_67,audio_data/train/LXT_Nam_6_S0008_67.wav,ɓ o-4 nz ɣ aː-1 t͡ɕ o-4 ŋmz s əː-5 t͡ɕ a-5 iz m ə-4 tz,ɓ o-4 nz ɣ aː-1 t͡ɕ o-4 ŋmz s əː-5 t͡ɕ a-5 iz m ə-4 tz
NTN_7_NU_S0042_53,audio_data/train/NTN_7_NU_S0042_53.wav,k o-0 m i-3 mz k ɨə-1 iz tʰ ə-5 tz t ɨə-0 iz,k o-0 m i-3 mz k ɨə-1 iz tʰ ə-5 tz t ɨə-0 iz
NMA_7_NU_S0002_269,audio_data/train/NMA_7_NU_S0002_269.wav,ŋ i-2 ɗ e-4 nz k w ə-0 nz z a-5 kz ɗ aː-0 ŋz l a-0 mz l ɛ-0 ɗ ə-1 uz ɗ ə-1 uz k ɨə-2 iz k o-3 z ə-0 nz m i-1 ŋ̟z k ə-5 uz ŋ iə-4 nz z a-0 ŋz h aː-0 iz t a-0 iz ɓ aː-1 nz t a-0 iz ɓ ɔ-4 pz t͡ɕ a-5 tz,ŋ i-2 ɗ e-4 nz k w ə-0 nz z a-5 kz ɗ aː-0 ŋz l a-0 mz l ɛ-0 ɗ ə-1 uz ɗ ə-1 uz k ɨə-2 iz k o-3 z ə-0 nz m i-1 ŋ̟z k ə-5 uz ŋ iə-4 nz z a-0 ŋz h aː-0 iz t a-0 iz ɓ aː-1 nz t a-0 iz ɓ ɔ-4 pz t͡ɕ a-5 tz
MK_7_NAM_S0005_16,audio_data/train/MK_7_NAM_S0005_16.wav,əː-0 k w e-0 ŋ a-1 iz ŋ a-4 nz t i-4 t ɛ-0 uz,əː-0 k w e-0 ŋ a-1 iz ŋ a-4 nz t i-4 t ɛ-0 uz
PC_7_NAM_S0004_153,audio_data/train/PC_7_NAM_S0004_153.wav,t əː-4 k ɔ-4,t əː-4 k ɔ-4
HYT_Nu_6_S0005_10,audio_data/train/HYT_Nu_6_S0005_10.wav,t͡ɕ w o-5 tz m ɛ-5 ɗ aː-4 pz,t͡ɕ w o-5 tz m ɛ-5 ɗ aː-4 pz
NTN_7_NU_S0042_55,audio_data/train/NTN_7_NU_S0042_55.wav,z ɔ-4 ɗ ɨə-0 tʰ w aː-3 ŋz h ɨə-0 ŋz ɲ aː-1 iz,z ɔ-4 ɗ ɨə-0 tʰ w aː-3 ŋz h ɨə-0 ŋz ɲ aː-1 iz
TPA_Nu_6_S0009_74,audio_data/train/TPA_Nu_6_S0009_74.wav,s ɔ-4 kpz ɗ i-0 z ɔ-1 ŋmz z aː-2 m o-5 tz ŋ a-1 iz m o-5 tz ɗ e-0 mz m əː-4 iz ɗ e-4 nz ɲ aː-1 k o-0 t͡ɕ i-5 k aː-3 tʰ ə-4 iz k ɔ-4 ɣ i-1 k aː-3,s ɔ-4 kpz ɗ i-0 z ɔ-1 ŋmz z aː-2 m o-5 tz ŋ a-1 iz m o-5 tz ɗ e-0 mz m əː-4 iz ɗ e-4 nz ɲ aː-1 k o-0 t͡ɕ i-5 k aː-3 tʰ ə-4 iz k ɔ-4 ɣ i-1 k aː-3
THA_Nu_6_S00042_171,audio_data/train/THA_Nu_6_S00042_171.wav,k aː-4 kz k ɔ-0 nz əː-0 ɲ aː-1,k aː-4 kz k ɔ-0 nz əː-0 ɲ aː-1
PTL_7_NU_S0008_143,audio_data/train/PTL_7_NU_S0008_143.wav,ɗ ɔ-4 l aː-1 k ɔ-0 nz s ɔ-4 kpz ɗ ə-4 iz,ɗ ɔ-4 l aː-1 k ɔ-0 nz s ɔ-4 kpz ɗ ə-4 iz
LDMT_Nam_6_S00047_15,audio_data/train/LDMT_Nam_6_S00047_15.wav,t͡ɕ i-0 ɲ ɔ-1 mz ɲ ɔ-1 mz ɣ ə-1 mz ɣ e-4 l aː-0 t ɔ-0,t͡ɕ i-0 ɲ ɔ-1 mz ɲ ɔ-1 mz ɣ ə-1 mz ɣ e-4 l aː-0 t ɔ-0
NDBA_7_NAM_S0010_63,audio_data/train/NDBA_7_NAM_S0010_63.wav,ɛ-0 mz u-4 tz ɓ w o-1 nz ɓ aː-2 x o-0 ŋmz k ɔ-1 nz k eaː-4 k̟z n aː-1 uz x aː-4 kz ɲ ə-5 nz k ɔ-0 nz m ɛ-1 uz v ə-5 iz,ɛ-0 mz u-4 tz ɓ w o-1 nz ɓ aː-2 x o-0 ŋmz k ɔ-1 nz k eaː-4 k̟z n aː-1 uz x aː-4 kz ɲ ə-5 nz k ɔ-0 nz m ɛ-1 uz v ə-5 iz
NMA_7_NU_S0002_50,audio_data/train/NMA_7_NU_S0002_50.wav,v ɔ-0 iz k u-2 ŋmz ɓ w o-1 nz m o-5 tz t i-5,v ɔ-0 iz k u-2 ŋmz ɓ w o-1 nz m o-5 tz t i-5
NMA_7_NU_S0002_186,audio_data/train/NMA_7_NU_S0002_186.wav,k i-1 ŋ i-3 m o-5 tz tʰ aː-4 ŋz t͡ɕ o-0 iz v ɛ-1 uz ɲ ɨ-0 x o-0 ŋmz,k i-1 ŋ i-3 m o-5 tz tʰ aː-4 ŋz t͡ɕ o-0 iz v ɛ-1 uz ɲ ɨ-0 x o-0 ŋmz
PTT_7_NU_S0041_116,audio_data/train/PTT_7_NU_S0041_116.wav,k ɔ-0 nz t a-1 mz a-0 nz z ə-0 uz,k ɔ-0 nz t a-1 mz a-0 nz z ə-0 uz
THA_Nu_6_S00042_131,audio_data/train/THA_Nu_6_S00042_131.wav,ɓ aː-5 nz ɓ aː-5 nz əː-0 iz tʰ ɔ-3 ɗ aː-2 z u-3 aː-0 iz tʰ i-0 ɗ i-0 ɓ o-5,ɓ aː-5 nz ɓ aː-5 nz əː-0 iz tʰ ɔ-3 ɗ aː-2 z u-5 aː-0 iz tʰ i-0 ɗ i-0 ɓ o-5
NNM_Nu_6_S00045_103,audio_data/train/NNM_Nu_6_S00045_103.wav,tʰ ɔ-3 əː-0 t͡ɕ ɔ-0 ŋmz m iə-5 ŋz k aː-4 s ə-4 uz s əː-5 t͡ɕ e-4 tz x iə-4 pz,tʰ ɔ-3 əː-0 t͡ɕ ɔ-0 ŋmz m iə-5 ŋz k aː-4 s ə-4 uz s əː-5 t͡ɕ e-4 tz x iə-4 pz
DNK_7_NU_S0048_72,audio_data/train/DNK_7_NU_S0048_72.wav,m o-2 iz l ə-1 nz ɗ aː-5 iz ɓ aː-1 ŋz v o-2 k eaː-4 ŋ̟z,m o-2 iz l ə-1 nz ɗ aː-5 iz ɓ aː-1 ŋz v o-2 k eaː-4 ŋ̟z
DNK_7_NU_S0048_73,audio_data/train/DNK_7_NU_S0048_73.wav,l aː-5 iz f aː-4 tz z aː-0 ɲ ɨ-2 ŋz t iə-4 ŋz v i-0 v u-0 v i-0 v u-4 tz t ɨ-1 t͡ɕ e-0 nz n e-1 nz t͡ɕ əː-1 iz s eaː-0 ŋ̟z t͡ɕ a-4 ŋz s eaː-0 ŋ̟z tʰ a-3 mz,l aː-5 iz f aː-4 tz z aː-0 ɲ ɨ-2 ŋz t iə-4 ŋz v i-0 v u-0 v i-0 v u-4 tz t ɨ-1 t͡ɕ e-0 nz n e-1 nz t͡ɕ əː-1 iz s eaː-0 ŋ̟z t͡ɕ a-4 ŋz s eaː-0 ŋ̟z tʰ a-3 mz
MK_7_NAM_S0005_31,audio_data/train/MK_7_NAM_S0005_31.wav,tʰ e-4 k w e-0 k ə-5 uz k ɔ-4 ɣ i-1 m aː-1 l aː-1 mz k ə-5 uz tʰ i-4 k̟z,tʰ e-4 k w e-0 k ə-5 uz k ɔ-4 ɣ i-1 m aː-1 l aː-1 mz k ə-5 uz tʰ i-4 k̟z
NT_7_NAM_S0009_174,audio_data/train/NT_7_NAM_S0009_174.wav,t͡ɕ iə-4 kz k o-3 z aː-1 iz k uə-3 h ɨə-0 uz k aː-0 uz k o-3 z u-4 pz h ɨə-0 uz h ɨə-0 uz v əː-4 iz t əː-4 iz ɲ ɨ-2 ŋz k eaː-1 ŋ̟z k eaː-1 ŋ̟z l aː-4 t͡ɕ e-0 nz k aː-0 uz v aː-1 z e-2 z aː-1 ŋz f aː-4 tz h iə-5 nz k ɛ-3 tʰ u-1,t͡ɕ iə-4 kz k o-3 z aː-1 iz k uə-3 h ɨə-0 uz k aː-0 uz k o-3 z u-4 pz h ɨə-0 uz h ɨə-0 uz v əː-4 iz t əː-4 iz ɲ ɨ-2 ŋz k eaː-1 ŋ̟z k eaː-1 ŋ̟z l aː-4 t͡ɕ e-0 nz k aː-0 uz v aː-1 z e-2 z aː-1 ŋz f aː-4 tz h iə-5 nz k ɛ-3 tʰ u-1
LDMT_Nam_6_S00047_38,audio_data/train/LDMT_Nam_6_S00047_38.wav,t əː-4 m əː-1 iz ɲ ə-5 tz m i-0 ŋ̟z ɗ ɔ-5 kpz l aː-5 iz,t əː-4 m əː-1 iz ɲ ə-5 tz m i-0 ŋ̟z ɗ ɔ-5 kpz l aː-5 iz
CNBA_Nu_6_S0003_110,audio_data/train/CNBA_Nu_6_S0003_110.wav,t͡ɕ u-4 ɗ aː-0 ŋz k o-4 t i-1 mz m ɛ-5 tʰ i-1 t ɨ-1 ɗ a-1 ŋz s aː-0 t͡ɕ əː-5 tz h iə-5 nz z aː-0 m o-5 tz k ɔ-0 nz k aː-4 m ə-5 pz,t͡ɕ u-4 ɗ aː-0 ŋz k o-4 t i-1 mz m ɛ-5 tʰ i-1 t ɨ-1 ɗ a-1 ŋz s aː-0 t͡ɕ əː-5 tz h iə-5 nz z aː-0 m o-5 tz k ɔ-0 nz k aː-4 m ə-5 pz
CNBA_Nu_6_S0003_129,audio_data/train/CNBA_Nu_6_S0003_129.wav,k aː-4 m a-0 ŋz l ɔ-0 l a-4 ŋz l a-4 mz,k aː-4 m a-0 ŋz l ɔ-0 l a-4 ŋz l a-4 mz
DNK_7_NU_S0048_168,audio_data/train/DNK_7_NU_S0048_168.wav,k ə-0 uz tʰ əː-0 n aː-1 uz t͡ɕ ɔ-0 tʰ ə-4 iz ɓ əː-1 t͡ɕ ɛ-0 z ə-4 tz v w i-0 x i-0 k ɔ-4 x eaː-4 k̟z ɗ e-4 nz,k ə-0 uz tʰ əː-0 n aː-1 uz t͡ɕ ɔ-0 tʰ ə-4 iz ɓ əː-1 t͡ɕ ɛ-0 z ə-4 tz v w i-0 x i-0 k ɔ-4 x eaː-4 k̟z ɗ e-4 nz
PC_7_NAM_S0004_131,audio_data/train/PC_7_NAM_S0004_131.wav,ɗ əː-5 iz k ɔ-1 nz t əː-4 tʰ i-1 t əː-4 z ə-4 tz tʰ i-4 k̟z t͡ɕ u-4 m ɛ-1 uz,ɗ əː-5 iz k ɔ-1 nz t əː-4 tʰ i-1 t əː-4 z ə-4 tz tʰ i-4 k̟z t͡ɕ u-4 m ɛ-1 uz
PTT_7_NU_S0041_25,audio_data/train/PTT_7_NU_S0041_25.wav,t͡ɕ ɔ-0 h ɔ-5 kpz s i-0 ŋ̟z ɲ əː-4 ŋ a-1 iz t ɨ-5 uz t͡ɕ ɨə-1 ŋz,t͡ɕ ɔ-0 h ɔ-5 kpz s i-0 ŋ̟z ɲ əː-4 ŋ a-1 iz t ɨ-5 uz t͡ɕ ɨə-1 ŋz
DNK_7_NU_S0048_133,audio_data/train/DNK_7_NU_S0048_133.wav,t͡ɕ i-0 mz ɣ i-1 ɓ iə-4 tz ɗ ɨə-0 tʰ ɨ-0 l aː-1 ɓ iə-3 uz t ɨə-5 ŋz k uə-3 h w aː-1 ɓ i-1 ŋ̟z,t͡ɕ i-0 mz ɣ i-1 ɓ iə-4 tz ɗ ɨə-0 tʰ ɨ-0 l aː-1 ɓ iə-3 uz t ɨə-5 ŋz k uə-3 h w aː-1 ɓ i-1 ŋ̟z
NT_7_NAM_S0009_65,audio_data/train/NT_7_NAM_S0009_65.wav,k aː-4 uz ɲ iə-1 uz m ɨ-0 uz k e-4 ŋ o-1 iz t͡ɕ ɔ-0 ŋmz l w ə-5 nz ɓ aː-1 nz,k aː-4 uz ɲ iə-1 uz m ɨ-0 uz k e-4 ŋ o-1 iz t͡ɕ ɔ-0 ŋmz l w ə-5 nz ɓ aː-1 nz
NMA_7_NU_S0002_41,audio_data/train/NMA_7_NU_S0002_41.wav,n e-0 nz z aː-0 v ɔ-0 iz z ə-4 tz z a-1 iz,n e-0 nz z aː-0 v ɔ-0 iz z ə-4 tz z a-1 iz
HYT_Nu_6_S0005_23,audio_data/train/HYT_Nu_6_S0005_23.wav,v i-1 t͡ɕ w o-5 tz u-4 tz tʰ ə-4 iz m o-5 tz k w aː-4 iz k ɔ-0 nz k w aː-4 iz v ə-5 tz,v i-1 t͡ɕ w o-5 tz u-4 tz tʰ ə-4 iz m o-5 tz k w aː-4 iz k ɔ-0 nz k w aː-4 iz v ə-5 tz
PTT_7_NU_S0041_38,audio_data/train/PTT_7_NU_S0041_38.wav,n aː-1 ŋz t iə-0 nz s w ə-0 nz t ɨə-5 ŋz t͡ɕ ɨ-0 ŋz t͡ɕ ɔ-0 m uə-1 s w ə-0 nz,n aː-1 ŋz t iə-0 nz s w ə-0 nz t ɨə-5 ŋz t͡ɕ ɨ-0 ŋz t͡ɕ ɔ-0 m uə-1 s w ə-0 nz
TTT_Nu_6_S00049_56,audio_data/train/TTT_Nu_6_S00049_56.wav,l əː-5 nz eaː-0 ŋ̟z l aː-1 mz m o-5 tz ŋ o-0 iz ɲ aː-1 ɓ a-1 ŋz k ɔ-3,l əː-5 nz eaː-0 ŋ̟z l aː-1 mz m o-5 tz ŋ o-0 iz ɲ aː-1 ɓ a-1 ŋz k ɔ-3
PTL_7_NU_S0008_117,audio_data/train/PTL_7_NU_S0008_117.wav,t əː-4 m aː-0 ŋz x u-3 ŋmz l ɔ-0 ŋmz m w o-0 ŋmz tʰ u-4 t iə-1 nz s ɨ-3,t əː-4 m aː-0 ŋz x u-3 ŋmz l ɔ-0 ŋmz m w o-0 ŋmz tʰ u-4 t iə-1 nz s ɨ-3
TTT_Nu_6_S00049_260,audio_data/train/TTT_Nu_6_S00049_260.wav,k ə-0 uz t͡ɕ w iə-5 nz ɗ e-4 nz ɗ ə-0 iz ɛ-0 mz k e-3 ɗ aː-2 h e-4 tz,k ə-0 uz t͡ɕ w iə-5 nz ɗ e-4 nz ɗ ə-0 iz ɛ-0 mz k e-3 ɗ aː-2 h e-4 tz
NHM_7_NU_S0006_100,audio_data/train/NHM_7_NU_S0006_100.wav,t aː-0 n a-0 iz ɗ aː-2 t w o-3 iz k aː-0 uz s ɨ-4 kz ɗ aː-2 iə-4 uz,t aː-0 n a-0 iz ɗ aː-2 t w o-3 iz k aː-0 uz s ɨ-4 kz ɗ aː-2 iə-4 uz
MK_7_NAM_S0005_19,audio_data/train/MK_7_NAM_S0005_19.wav,k w e-0 t əː-4 əː-0 s ɔ-4 kpz s əː-0 nz,k w e-0 t əː-4 əː-0 s ɔ-4 kpz s əː-0 nz
NHM_7_NU_S0006_12,audio_data/train/NHM_7_NU_S0006_12.wav,ŋ o-0 iz ɲ aː-1 ɗ aː-2 l aː-1 mz s ɔ-0 ŋmz,ŋ o-0 iz ɲ aː-1 ɗ aː-2 l aː-1 mz s ɔ-0 ŋmz
NNM_Nu_6_S00045_115,audio_data/train/NNM_Nu_6_S00045_115.wav,ɓ aː-5 nz tʰ ə-4 iz k ə-0 uz t͡ɕ w iə-5 nz k ɔ-4 h a-0 iz x o-0 ŋmz,ɓ aː-5 nz tʰ ə-4 iz k ə-0 uz t͡ɕ w iə-5 nz k ɔ-4 h a-0 iz x o-0 ŋmz
TTT_Nu_6_S00049_16,audio_data/train/TTT_Nu_6_S00049_16.wav,ɓ ɛ-4 l e-0 tʰ i-4 k̟z s ɛ-0 mz t i-0 v i-0,ɓ ɛ-4 l e-0 tʰ i-4 k̟z s ɛ-0 mz t i-0 v i-0
CNBA_Nu_6_S0003_133,audio_data/train/CNBA_Nu_6_S0003_133.wav,m o-1 mz k aː-4 m ə-5 pz h aː-4 t ɔ-0 z a-0 ŋz s a-4 kz ɲ ɔ-5 nz l əː-3 mz t͡ɕ əː-3 mz,m o-1 mz k aː-4 m ə-5 pz h aː-4 t ɔ-0 z a-0 ŋz s a-4 kz ɲ ɔ-5 nz l əː-3 mz t͡ɕ əː-3 mz
THA_Nu_6_S00042_191,audio_data/train/THA_Nu_6_S00042_191.wav,m aː-4 k ɔ-4 k w aː-1 t͡ɕ ɔ-0 k aː-3 ɲ aː-1,m aː-4 k ɔ-4 k w aː-1 t͡ɕ ɔ-0 k aː-3 ɲ aː-1
NDBA_7_NAM_S0010_147,audio_data/train/NDBA_7_NAM_S0010_147.wav,k ɛ-3 tʰ i-1 s w o-4 ŋmz ɓ iə-3 nz ɓ a-4 tz z ə-0 nz t͡ɕ aː-1 iz m ɔ-1 m ɔ-1 t͡ɕ aː-0 iz ɓ a-4 tz k aː-4,k ɛ-3 tʰ i-1 s w o-4 ŋmz ɓ iə-3 nz ɓ a-4 tz z ə-0 nz t͡ɕ aː-1 iz m ɔ-1 m ɔ-1 t͡ɕ aː-0 iz ɓ a-4 tz k aː-4
TPA_Nu_6_S0009_144,audio_data/train/TPA_Nu_6_S0009_144.wav,ɓ ə-0 iz z əː-1 t͡ɕ u-4 ŋmz m i-1 ŋ̟z ɗ ɔ-5 kpz t iə-4 pz ɓ aː-1 iz ɓ w o-3 iz h ɔ-5 kpz k w o-4 iz n a-0 mz ɲ ɛ-4,ɓ ə-0 iz z əː-1 t͡ɕ u-4 ŋmz m i-1 ŋ̟z ɗ ɔ-5 kpz t iə-4 pz ɓ aː-1 iz ɓ w o-3 iz h ɔ-5 kpz k w o-4 iz n a-0 mz ɲ ɛ-4
PTL_7_NU_S0008_41,audio_data/train/PTL_7_NU_S0008_41.wav,ɣ ə-4 uz t w i-4 t͡ɕ w o-5 tz t w i-4,ɣ ə-4 uz t w i-4 t͡ɕ w o-5 tz t w i-4
CNBA_Nu_6_S0003_82,audio_data/train/CNBA_Nu_6_S0003_82.wav,n aː-1 ŋz t iə-0 nz k aː-4 k ɔ-4 t ə-4 tz k aː-3 k aː-4 kz tʰ ɨ-4 n aː-1 ŋz m w o-4 nz,l aː-1 ŋz t iə-0 nz k aː-4 k ɔ-4 t ə-4 tz k aː-3 k aː-4 kz tʰ ɨ-4 l aː-1 ŋz m w o-4 nz
NHM_7_NU_S0006_109,audio_data/train/NHM_7_NU_S0006_109.wav,t͡ɕ aː-1 ŋz v e-1 ɣ ɔ-5 iz v əː-5 k u-1 ŋmz ɓ aː-1 k ɔ-0 nz t͡ɕ ɔ-0 ŋmz s ɔ-4 mz z aː-0 ɣ a-5 tz,t͡ɕ aː-1 ŋz v e-1 ɣ ɔ-5 iz v əː-5 k u-1 ŋmz ɓ aː-1 k ɔ-0 nz t͡ɕ ɔ-0 ŋmz s ɔ-4 mz z aː-0 ɣ a-5 tz
NDBA_7_NAM_S0010_196,audio_data/train/NDBA_7_NAM_S0010_196.wav,z ɨ-1 ŋz k u-2 ŋmz k ɔ-1 nz k ɛ-3 aː-4 kz,z ɨ-1 ŋz k u-2 ŋmz k ɔ-1 nz k ɛ-3 aː-4 kz
DNK_7_NU_S0048_26,audio_data/train/DNK_7_NU_S0048_26.wav,h w aː-0 x w ɛ-0 s a-4 kz n əː-0 iz n əː-0 iz,h w aː-0 x w ɛ-0 s a-4 kz n əː-0 iz n əː-0 iz
NDBA_7_NAM_S0010_37,audio_data/train/NDBA_7_NAM_S0010_37.wav,s aː-0 uz ɓ ə-0 iz z əː-1 ɓ aː-5 nz m əː-4 iz ɓ iə-4 tz m i-1 ŋ̟z k ɔ-4 m w i-2,s aː-0 uz ɓ ə-0 iz z əː-1 ɓ aː-5 nz m əː-4 iz ɓ iə-4 tz m i-1 ŋ̟z k ɔ-4 m w i-2
DNK_7_NU_S0048_71,audio_data/train/DNK_7_NU_S0048_71.wav,ɓ ɔ-4 ŋmz t͡ɕ ɛ-0 z əː-5 pz m a-5 tz ɗ ə-4 tz,ɓ ɔ-4 ŋmz t͡ɕ ɛ-0 z əː-5 pz m a-5 tz ɗ ə-4 tz
DNK_7_NU_S0048_218,audio_data/train/DNK_7_NU_S0048_218.wav,ə-0 iz ɛ-0 mz tʰ i-4 k̟z,ə-0 iz ɛ-0 mz tʰ i-4 k̟z
HYT_Nu_6_S0005_73,audio_data/train/HYT_Nu_6_S0005_73.wav,ɲ əː-1 tʰ e-4 n aː-1 ŋz l ɨə-4 tz t͡ɕ e-0 nz ɓ iə-3 nz z ə-4 tz ɲ ɛ-5 ɲ aː-1 ŋz,ɲ əː-1 tʰ e-4 n aː-1 ŋz l ɨə-4 tz t͡ɕ e-0 nz ɓ iə-3 nz z ə-4 tz ɲ ɛ-5 ɲ aː-1 ŋz
CNBA_Nu_6_S0003_13,audio_data/train/CNBA_Nu_6_S0003_13.wav,e-4 k̟z h ɨə-4 l ə-4 iz t͡ɕ aː-4 iz ɓ ɔ-4 ŋmz t ɨ-1 z iə-4 ŋz l e-0 nz t͡ɕ ɔ-0 n aː-1 ŋz t͡ɕ i-3 k ə-1 nz n aː-1 ŋz ɗ o-1 ŋmz i-0 l aː-1 mz ɓ aː-5 nz n ɔ-4 t͡ɕ ɔ-0 n ɔ-4 a-0 nz k u-1 ŋmz əː-0 k u-1 ŋmz,e-4 k̟z h ɨə-4 l ə-4 iz t͡ɕ aː-4 iz ɓ ɔ-4 ŋmz t ɨ-1 z iə-4 ŋz l e-0 nz t͡ɕ ɔ-0 l aː-1 ŋz t͡ɕ i-3 k ə-1 nz l aː-1 ŋz ɗ o-1 ŋmz i-0 l aː-1 mz ɓ aː-5 nz n ɔ-4 t͡ɕ ɔ-0 n ɔ-4 a-0 nz k u-1 ŋmz əː-0 k u-1 ŋmz
NT_7_NAM_S0009_79,audio_data/train/NT_7_NAM_S0009_79.wav,s e-0 ɲ eaː-0 ŋ̟z ɲ ɨ-0,s e-0 ɲ eaː-0 ŋ̟z ɲ ɨ-0
PTT_7_NU_S0041_108,audio_data/train/PTT_7_NU_S0041_108.wav,h w aː-0 ɗ aː-5 iz tʰ əː-0 mz h əː-0 nz,h w aː-0 ɗ aː-5 iz tʰ əː-0 mz h əː-0 nz
HYT_Nu_6_S0005_93,audio_data/train/HYT_Nu_6_S0005_93.wav,n aː-1 ŋz t iə-0 nz k aː-4 l aː-1 mz ɣ i-1 ɗ e-3 z ə-0 nz ɗ i-0 ɓ iə-3 nz h e-4 tz ɓ w o-1 nz,n aː-1 ŋz t iə-0 nz k aː-4 l aː-1 mz ɣ i-1 ɗ e-3 z ə-0 nz ɗ i-0 ɓ iə-3 nz h e-4 tz ɓ w o-1 nz
NDBA_7_NAM_S0010_112,audio_data/train/NDBA_7_NAM_S0010_112.wav,l aː-2 uz f u-1 tʰ w i-3 f o-1 ŋmz m w i-2 v əː-4 iz l əː-1 iz n i-5 ŋ̟z h ɔ-4 tz ɓ əː-5 ɗ əː-2 k uə-3 m ɛ-1 uz,l aː-2 uz f u-1 tʰ w i-3 f o-1 ŋmz m w i-2 v əː-4 iz l əː-1 iz n i-5 ŋ̟z h ɔ-4 tz ɓ əː-5 ɗ əː-2 k uə-3 m ɛ-1 uz
PTL_7_NU_S0008_71,audio_data/train/PTL_7_NU_S0008_71.wav,m ɛ-1 uz h o-3 ɓ aː-4 uz s ɨ-0 t ɨ-3 tʰ aː-0 k ɔ-0 nz z o-4 ŋmz ɲ ɨ-0 tʰ aː-0 k ɔ-0 nz m o-1 iz,m ɛ-1 uz h o-3 ɓ aː-4 uz s ɨ-0 t ɨ-3 tʰ aː-0 k ɔ-0 nz z o-4 ŋmz ɲ ɨ-0 tʰ aː-0 k ɔ-0 nz m o-1 iz
MK_7_NAM_S0005_152,audio_data/train/MK_7_NAM_S0005_152.wav,h a-0 iz ɓ ə-0 iz z əː-1 m i-1 ŋ̟z ɗ ɔ-5 kpz m o-5 tz ɓ aː-1 iz tʰ əː-0,h a-0 iz ɓ ə-0 iz z əː-1 m i-1 ŋ̟z ɗ ɔ-5 kpz m o-5 tz ɓ aː-1 iz tʰ əː-0
DNK_7_NU_S0048_107,audio_data/train/DNK_7_NU_S0048_107.wav,t ɨ-1 ɗ ɔ-4 n ɔ-4 iz l aː-5 iz ɗ i-0 k ɔ-0 nz,t ɨ-1 ɗ ɔ-4 n ɔ-4 iz l aː-5 iz ɗ i-0 k ɔ-0 nz
TPA_Nu_6_S0009_5,audio_data/train/TPA_Nu_6_S0009_5.wav,ŋ ɛ-0 t iə-4 ŋz ɣ a-4 iz aː-0 iz k u-2 ŋmz t i-3 ŋ̟z z ə-4 kz,ŋ ɛ-0 t iə-4 ŋz ɣ a-4 iz aː-0 iz k u-2 ŋmz t i-3 ŋ̟z z ə-4 kz
NT_7_NAM_S0009_82,audio_data/train/NT_7_NAM_S0009_82.wav,ɣ əː-1 z ɨ-2 ɲ ɨ-0,ɣ əː-1 z ɨ-2 ɲ ɨ-0
NHM_7_NU_S0006_45,audio_data/train/NHM_7_NU_S0006_45.wav,ɓ ə-0 iz z əː-1 m i-1 ŋ̟z h ɔ-3 iz l aː-5 iz ɓ aː-5 nz n ɔ-4 iz m o-5 tz h aː-0 iz s a-0 uz tʰ e-3 h iə-5 nz s ɨ-5 ɗ o-1 ŋmz t i-1 ŋ̟z k uə-3 ɛ-0 mz v e-1 o-0 ŋmz m eaː-5 ŋ̟z x i-0 o-0 ŋmz k w iə-4 tz l aː-1 mz m o-5 tz ŋ o-0 iz ɲ aː-1 tʰ ə-5 tz v ɨ-2 ŋz t͡ɕ aː-2 iz,ɓ ə-0 iz z əː-1 m i-1 ŋ̟z h ɔ-3 iz l aː-5 iz ɓ aː-5 nz l ɔ-4 iz m o-5 tz h aː-0 iz s a-0 uz tʰ e-3 h iə-5 nz s ɨ-5 ɗ o-1 ŋmz t i-1 ŋ̟z k uə-3 ɛ-0 mz v e-1 o-0 ŋmz m eaː-5 ŋ̟z x i-0 o-0 ŋmz k w iə-4 tz l aː-1 mz m o-5 tz ŋ o-0 iz ɲ aː-1 tʰ ə-5 tz v ɨ-2 ŋz t͡ɕ aː-2 iz
THA_7_NU_S0043_72,audio_data/train/THA_7_NU_S0043_72.wav,z o-1 iz t͡ɕ ɛ-0 uz l e-0 nz aː-0 iz ɗ e-4 nz t͡ɕ əː-0 iz k u-2 ŋmz t͡ɕ ə-1 mz t͡ɕ o-1 v aː-1 ɲ ɨ-2 ŋz t͡ɕ ə-5 uz k ə-0 iz s i-0 ŋ̟z ɗ ɛ-5 pz ə-4 iz,z o-1 iz t͡ɕ ɛ-0 uz l e-0 nz aː-0 iz ɗ e-4 nz t͡ɕ əː-0 iz k u-2 ŋmz t͡ɕ ə-1 mz t͡ɕ o-1 v aː-1 ɲ ɨ-2 ŋz t͡ɕ ə-5 uz k ə-0 iz s i-0 ŋ̟z ɗ ɛ-5 pz ə-4 iz
THA_Nu_6_S00042_21,audio_data/train/THA_Nu_6_S00042_21.wav,t iə-4 ŋz s ɛ-0 t iə-4 ŋz s o-0 v aː-1 t iə-4 ŋz s ɛ-3,t iə-4 ŋz s ɛ-0 t iə-4 ŋz s o-0 v aː-1 t iə-4 ŋz s ɛ-3
LXT_Nam_6_S0008_121,audio_data/train/LXT_Nam_6_S0008_121.wav,ɓ aː-5 nz ɗ ɔ-5 kpz t͡ɕ ɨə-4 kz ɗ i-0 ɲ ɛ-4,ɓ aː-5 nz ɗ ɔ-5 kpz t͡ɕ ɨə-4 kz ɗ i-0 ɲ ɛ-4
NDBA_7_NAM_S0010_47,audio_data/train/NDBA_7_NAM_S0010_47.wav,k ɔ-0 nz m ɛ-1 uz k ɔ-4 l o-0 ŋmz m ɨə-5 tz n ɔ-4 n ɔ-4 z ə-4 tz h iə-1 nz x i-0,k ɔ-0 nz m ɛ-1 uz k ɔ-4 l o-0 ŋmz m ɨə-5 tz n ɔ-4 n ɔ-4 l ə-4 tz h iə-1 nz x i-0
TPA_Nu_6_S0009_42,audio_data/train/TPA_Nu_6_S0009_42.wav,t͡ɕ u-4 ɣ aː-1 k w aː-0 nz t͡ɕ ɔ-5 ŋmz h aː-0 iz,t͡ɕ u-4 ɣ aː-1 k w aː-0 nz t͡ɕ ɔ-5 ŋmz h aː-0 iz
LXT_Nam_6_S0008_82,audio_data/train/LXT_Nam_6_S0008_82.wav,s ɔ-4 iz ɗ o-1 ŋmz i-0,s ɔ-4 iz ɗ o-1 ŋmz i-0
NMA_7_NU_S0002_113,audio_data/train/NMA_7_NU_S0002_113.wav,z e-2 k ə-0 iz n o-3 iz l e-0 nz m a-5 tz ɗ ə-4 tz tʰ eaː-1 ŋ̟z ɲ ɨ-2 ŋz h i-1 ŋ̟z tʰ u-1 k w aː-4 iz l aː-5 ɲ ɨ-0 ɲ ɨ-2 ŋz k ɔ-0 nz z a-4 nz h o-3 m aː-0 ŋz z ə-5 nz z ɨ-2,z e-2 k ə-0 iz n o-3 iz l e-0 nz m a-5 tz ɗ ə-4 tz tʰ eaː-1 ŋ̟z ɲ ɨ-2 ŋz h i-1 ŋ̟z tʰ u-1 k w aː-4 iz l aː-5 ɲ ɨ-0 ɲ ɨ-2 ŋz k ɔ-0 nz z a-4 nz h o-3 m aː-0 ŋz z ə-5 nz z ɨ-2
GQM_Nam_6_S0006_77,audio_data/train/GQM_Nam_6_S0006_77.wav,z ə-0 nz ɗ i-0 ɓ iə-3 nz ŋ ɛ-0 n aː-1 ŋz h aː-4 tz k w e-0 nz k aː-3 m e-5 tz k aː-3 ɓ w o-1 nz,z ə-0 nz ɗ i-0 ɓ iə-3 nz ŋ ɛ-0 n aː-1 ŋz h aː-4 tz k w e-0 nz k aː-3 m e-5 tz k aː-3 ɓ w o-1 nz
CNBA_Nu_6_S0003_106,audio_data/train/CNBA_Nu_6_S0003_106.wav,əː-0 ɓ iə-3 nz l əː-4 nz k aː-3 k ɔ-4 m o-5 tz t͡ɕ u-4 k aː-4 m a-0 ŋz ɲ ɔ-3,əː-0 ɓ iə-3 nz l əː-4 nz k aː-3 k ɔ-4 m o-5 tz t͡ɕ u-4 k aː-4 m a-0 ŋz ɲ ɔ-3
TPA_Nu_6_S0009_11,audio_data/train/TPA_Nu_6_S0009_11.wav,t͡ɕ i-5 ɗ aː-2 t͡ɕ ɔ-0 ɓ ɔ-5 nz t͡ɕ ɛ-3 a-0 nz t͡ɕ ɨə-0,t͡ɕ i-5 ɗ aː-2 t͡ɕ ɔ-0 ɓ ɔ-5 nz t͡ɕ ɛ-3 a-0 nz t͡ɕ ɨə-0
NHM_7_NU_S0006_22,audio_data/train/NHM_7_NU_S0006_22.wav,ɓ ə-0 iz z əː-1 m i-1 ŋ̟z l aː-5 iz ɗ o-4 h ɔ-3 iz l aː-5 iz ɓ aː-5 nz h w eaː-1 ŋ̟z h eaː-1 ŋ̟z l aː-1 ɣ i-1,ɓ ə-0 iz z əː-1 m i-1 ŋ̟z l aː-5 iz ɗ o-4 h ɔ-3 iz l aː-5 iz ɓ aː-5 nz h w eaː-1 ŋ̟z h eaː-1 ŋ̟z l aː-1 ɣ i-1
NT_7_NAM_S0009_14,audio_data/train/NT_7_NAM_S0009_14.wav,tʰ ə-1 nz z ɔ-4 z ə-5 nz z ɨ-2 l o-1 ŋmz l o-5 nz s w o-4 tz ɗ e-0 mz ɲ ɨ-0 ŋz x o-0 ŋmz tʰ e-3 s o-0 ɗ o-3 ŋ o-0 iz ɲ aː-1,tʰ ə-1 nz z ɔ-4 z ə-5 nz z ɨ-2 l o-1 ŋmz l o-5 nz s w o-4 tz ɗ e-0 mz ɲ ɨ-0 ŋz x o-0 ŋmz tʰ e-3 s o-0 ɗ o-3 ŋ o-0 iz ɲ aː-1
CNBA_Nu_6_S0003_71,audio_data/train/CNBA_Nu_6_S0003_71.wav,t əː-4 t͡ɕ ɨə-0 k ə-5 uz aː-0,t əː-4 t͡ɕ ɨə-0 k ə-5 uz aː-0
NPC_7_NU_S0047_6,audio_data/train/NPC_7_NU_S0047_6.wav,m uə-1 s w ə-0 nz k ɔ-4 ɣ i-1,m uə-1 s w ə-0 nz k ɔ-4 ɣ i-1
NDBA_7_NAM_S0010_120,audio_data/train/NDBA_7_NAM_S0010_120.wav,t͡ɕ i-3 ɲ əː-1 k ɔ-4 tʰ e-4 m ɛ-1 uz v o-1 l ə-4 iz v aː-1 s əː-0 iz ŋ ɔ-0 nz l eaː-1 ŋ̟z,t͡ɕ i-3 ɲ əː-1 k ɔ-4 tʰ e-4 m ɛ-1 uz v o-1 l ə-4 iz v aː-1 s əː-0 iz ŋ ɔ-0 nz l eaː-1 ŋ̟z
THA_Nu_6_S00042_103,audio_data/train/THA_Nu_6_S00042_103.wav,t͡ɕ u-4 t͡ɕ ɔ-4 s u-1 s əː-5 k w aː-4,t͡ɕ u-4 t͡ɕ ɔ-4 s u-1 s əː-5 k w aː-4
LDMT_Nam_6_S00047_46,audio_data/train/LDMT_Nam_6_S00047_46.wav,s a-0 uz ɗ ə-0 iz t əː-4 s ɛ-2 ɗ ɔ-5 kpz k ɔ-1 v aː-1 k w aː-5,s a-0 uz ɗ ə-0 iz t əː-4 s ɛ-2 ɗ ɔ-5 kpz k ɔ-1 v aː-1 k w aː-5
NMA_7_NU_S0002_239,audio_data/train/NMA_7_NU_S0002_239.wav,ɓ ɔ-4 pz n aː-4 tz k w aː-3 k aː-0 mz,ɓ ɔ-4 pz n aː-4 tz k w aː-3 k aː-0 mz
THA_7_NU_S0043_34,audio_data/train/THA_7_NU_S0043_34.wav,k o-0 l aː-4 tz k aː-3 mz ɗ o-5 ŋmz t͡ɕ ɔ-0 ɛ-0 mz m əː-4 iz v iə-0 nz f ə-4 nz m o-5 tz tʰ əː-1 iz z aː-0 nz s a-0 uz k i-4 l aː-5 iz ɗ e-4 nz l əː-4 pz,k o-0 l aː-4 tz k aː-3 mz ɗ o-5 ŋmz t͡ɕ ɔ-0 ɛ-0 mz m əː-4 iz v iə-0 nz f ə-4 nz m o-5 tz tʰ əː-1 iz z aː-0 nz s a-0 uz k i-4 l aː-5 iz ɗ e-4 nz l əː-4 pz
NHM_7_NU_S0006_8,audio_data/train/NHM_7_NU_S0006_8.wav,t ɨ-1 ɗ ɔ-4 o-0 ŋmz m eaː-5 ŋ̟z k w iə-4 tz t͡ɕ o-4 ŋmz t͡ɕ aː-3,t ɨ-1 ɗ ɔ-4 o-0 ŋmz m eaː-5 ŋ̟z k w iə-4 tz t͡ɕ o-4 ŋmz t͡ɕ aː-3
LXT_Nam_6_S0008_14,audio_data/train/LXT_Nam_6_S0008_14.wav,k ɨ-4 tʰ e-4 t͡ɕ u-4 s aː-0 iz x iə-4 nz z a-5 iz z o-2 t ə-4 tz k aː-3,k ɨ-4 tʰ e-4 t͡ɕ u-4 s aː-0 iz x iə-4 nz z a-5 iz z o-2 t ə-4 tz k aː-3
PTT_7_NU_S0041_63,audio_data/train/PTT_7_NU_S0041_63.wav,ɗ o-0 ŋmz ə-4 pz u-0 m ə-1 mz s o-4 ŋmz ɗ e-3 s w ə-0 nz v e-1 k ə-0 iz k o-4 iz ɗ o-0 ŋmz t͡ɕ o-1 iz n a-3 iz l o-5 kpz,ɗ o-0 ŋmz ə-4 pz u-0 m ə-1 mz s o-4 ŋmz ɗ e-3 s w ə-0 nz v e-1 k ə-0 iz k o-4 iz ɗ o-0 ŋmz t͡ɕ o-1 iz n a-3 iz n o-5 kpz
GQM_Nam_6_S0006_95,audio_data/train/GQM_Nam_6_S0006_95.wav,z ə-0 nz ɗ i-0 ɓ iə-3 nz ŋ ɛ-0 n aː-1 ŋz h aː-4 tz k w e-0 nz k aː-3 m e-5 tz k aː-3 ɓ w o-1 nz,z ə-0 nz ɗ i-0 ɓ iə-3 nz ŋ ɛ-0 n aː-1 ŋz h aː-4 tz k w e-0 nz k aː-3 m e-5 tz k aː-3 ɓ w o-1 nz
PC_7_NAM_S0004_134,audio_data/train/PC_7_NAM_S0004_134.wav,t͡ɕ ɔ-0 ŋmz k aː-4 kz ɗ o-1 z u-1 ŋmz h ɔ-5 kpz t ə-5 pz t əː-4 tʰ i-4 k̟z ɲ ə-4 tz l aː-1 t͡ɕ iə-4 kz ɓ u-4 tz m ɨ-5 kz,t͡ɕ ɔ-0 ŋmz k aː-4 kz ɗ o-1 z u-1 ŋmz h ɔ-5 kpz t ə-5 pz t əː-4 tʰ i-4 k̟z ɲ ə-4 tz l aː-1 t͡ɕ iə-4 kz ɓ u-4 tz m ɨ-5 kz
HYT_Nu_6_S0005_90,audio_data/train/HYT_Nu_6_S0005_90.wav,n aː-1 ŋz t iə-0 nz k aː-4 n ɨə-3 tʰ ə-0 nz t͡ɕ e-0 nz k uə-3 n aː-1 ŋz ɲ ɨ-0 m o-5 tz k o-0 ɓ ɛ-4 n ɨə-3 tʰ ə-0 nz k iə-0 l aː-1 k aː-4,n aː-1 ŋz t iə-0 nz k aː-4 n ɨə-3 tʰ ə-0 nz t͡ɕ e-0 nz k uə-3 n aː-1 ŋz ɲ ɨ-0 m o-5 tz k o-0 ɓ ɛ-4 n ɨə-3 tʰ ə-0 nz k iə-0 l aː-1 k aː-4
TTT_Nu_6_S00049_7,audio_data/train/TTT_Nu_6_S00049_7.wav,ɓ ɛ-4 l aː-0 s əː-5,ɓ ɛ-4 l aː-0 s əː-5
MK_7_NU_S0007_48,audio_data/train/MK_7_NU_S0007_48.wav,m uə-1 h ɛ-1 n ɔ-4 ŋmz n ɨ-5 kz,m uə-1 h ɛ-1 n ɔ-4 ŋmz n ɨ-5 kz
DNK_7_NU_S0048_112,audio_data/train/DNK_7_NU_S0048_112.wav,m a-1 uz t͡ɕ i-0 mz s ɛ-3 v aː-1 t͡ɕ i-0 mz ɓ o-1 k ə-0 uz h i-1 ŋ̟z t aː-0 mz z aː-4 kz ɲ ɔ-3 ŋ a-4 nz v aː-1 k ɨ-4 ŋz v i-1 t͡ɕ u-4 ŋmz a-0 nz h aː-5 tz ŋ u-2 k o-4 kpz,m a-1 uz t͡ɕ i-0 mz s ɛ-3 v aː-1 t͡ɕ i-0 mz ɓ o-1 k ə-0 uz h i-1 ŋ̟z t aː-0 mz z aː-4 kz ɲ ɔ-3 ŋ a-4 nz v aː-1 k ɨ-4 ŋz v i-1 t͡ɕ u-4 ŋmz a-0 nz h aː-5 tz ŋ u-2 k o-4 kpz
THA_Nu_6_S00042_54,audio_data/train/THA_Nu_6_S00042_54.wav,h o-3 h aː-1 h o-3 x aː-1 x aː-1 aː-0,h o-3 h aː-1 h o-3 x aː-1 x aː-1 aː-0
NNM_Nu_6_S00045_38,audio_data/train/NNM_Nu_6_S00045_38.wav,ɓ ə-0 iz z əː-1 t əː-4 s ɛ-2 k e-3 t͡ɕ ɔ-0 ɓ aː-5 nz ŋ ɛ-0 ɓ aː-0 t͡ɕ u-4 l əː-5 nz k ɔ-0 nz,ɓ ə-0 iz z əː-1 t əː-4 s ɛ-2 k e-3 t͡ɕ ɔ-0 ɓ aː-5 nz ŋ ɛ-0 ɓ aː-0 t͡ɕ u-4 l əː-5 nz k ɔ-0 nz
DNK_7_NU_S0048_310,audio_data/train/DNK_7_NU_S0048_310.wav,m aː-1 x o-0 ŋmz ɗ e-3 i-0 t əː-4 iz z aː-4 t͡ɕ i-5 k uə-3 t͡ɕ u-4 ŋmz,m aː-1 x o-0 ŋmz ɗ e-3 i-0 t əː-4 iz z aː-4 t͡ɕ i-5 k uə-3 t͡ɕ u-4 ŋmz
NHM_7_NU_S0006_68,audio_data/train/NHM_7_NU_S0006_68.wav,l aː-5 iz f aː-3 iz l ə-4 iz v aː-4 nz l ə-4 iz t͡ɕ ɛ-0 l aː-1 mz k ə-1 uz t ɨ-1 k ɨə-3 v aː-1 uz ɗ e-4 nz t ə-5 nz ɓ e-4 pz,l aː-5 iz f aː-3 iz l ə-4 iz v aː-4 nz l ə-4 iz t͡ɕ ɛ-0 l aː-1 mz k ə-1 uz t ɨ-1 k ɨə-3 v aː-1 uz ɗ e-4 nz t ə-5 nz ɓ e-4 pz
CNBA_Nu_6_S0003_202,audio_data/train/CNBA_Nu_6_S0003_202.wav,n ɨə-4 kz ŋ w aː-0 nz z ɨə-3 t͡ɕ a-4 ŋz ɓ aː-1 nz t a-0 iz,l ɨə-4 kz ŋ w aː-0 nz z ɨə-3 t͡ɕ a-4 ŋz ɓ aː-1 nz t a-0 iz
CNBA_Nu_6_S0003_45,audio_data/train/CNBA_Nu_6_S0003_45.wav,k o-0 ŋmz t͡ɕ uə-4 ɗ aː-2 ɲ ə-5 nz ɗ ɨə-5 kz m o-5 tz ɓ aː-1 iz h ɔ-5 kpz,k o-0 ŋmz t͡ɕ uə-4 ɗ aː-2 ɲ ə-5 nz ɗ ɨə-5 kz m o-5 tz ɓ aː-1 iz h ɔ-5 kpz
CNBA_Nu_6_S0003_81,audio_data/train/CNBA_Nu_6_S0003_81.wav,ɲ əː-1 tʰ e-4 n aː-1 ŋz l ɨə-5 nz ɲ ɨ-0 t͡ɕ e-0 nz ɓ iə-3 nz z ə-4 tz ɲ ɛ-5 ɲ aː-1 ŋz,ɲ əː-1 tʰ e-4 l aː-1 ŋz l ɨə-5 nz ɲ ɨ-0 t͡ɕ e-0 nz ɓ iə-3 nz z ə-4 tz ɲ ɛ-5 ɲ aː-1 ŋz
DNK_7_NU_S0048_292,audio_data/train/DNK_7_NU_S0048_292.wav,ɗ iə-1 uz ɣ i-1 t͡ɕ ɔ-0 tʰ ə-4 iz k aː-4 kz k ə-5 uz ɓ ɛ-4 z ə-4 tz v o-0 t i-1 ŋ̟z,ɗ iə-1 uz ɣ i-1 t͡ɕ ɔ-0 tʰ ə-4 iz k aː-4 kz k ə-5 uz ɓ ɛ-4 z ə-4 tz v o-0 t i-4 ŋ̟z
GQM_Nam_6_S0006_47,audio_data/train/GQM_Nam_6_S0006_47.wav,t əː-4 v əː-4 iz k ə-5 uz ɗ ɔ-5 kpz t iə-4 pz ɗ i-0,t əː-4 v əː-4 iz k ə-5 uz ɗ ɔ-5 kpz t iə-4 pz ɗ i-0
PTT_7_NU_S0041_83,audio_data/train/PTT_7_NU_S0041_83.wav,s a-0 uz ɓ w o-3 iz k a-1 iz m aː-0 iz,s a-0 uz ɓ w o-3 iz k a-1 iz m aː-0 iz
VTA_Nam_6_S0002_25,audio_data/train/VTA_Nam_6_S0002_25.wav,ɣ a-5 pz tʰ ɔ-3 k w aː-5 z o-4 iz z i-4 tz k aː-3 mz əː-0 nz,ɣ a-5 pz tʰ ɔ-3 k w aː-5 z o-4 iz z i-4 tz k aː-3 mz əː-0 nz
THA_7_NU_S0043_52,audio_data/train/THA_7_NU_S0043_52.wav,ɓ iə-4 tz v ɨə-5 tz l e-0 nz x ɔ-4 x a-0 nz h iə-4 mz h w iə-4 tz k ɨ-4 tʰ e-3,ɓ iə-4 tz v ɨə-5 tz l e-0 nz x ɔ-4 x a-0 nz h iə-4 mz h w iə-4 tz k ɨ-4 tʰ e-3
DNK_7_NU_S0048_176,audio_data/train/DNK_7_NU_S0048_176.wav,ɗ aː-1 nz k ɔ-1 ɗ aː-1 nz k ɔ-1 n o-4 iz v əː-4 iz h aː-5 k eaː-4 ŋ̟z z ɛ-0 uz m ɨ-1 ŋz,ɗ aː-1 nz k ɔ-1 ɗ aː-1 nz k ɔ-1 n o-4 iz v əː-4 iz h aː-5 k eaː-4 ŋ̟z z ɛ-0 uz m ɨ-1 ŋz
THA_7_NU_S0043_8,audio_data/train/THA_7_NU_S0043_8.wav,ɓ ə-0 iz z əː-1 k aː-4 kz ɛ-0 mz h a-2 iz n e-4 mz tʰ ɨ-3 t͡ɕ aː-4 iz k ə-0 iz v aː-1 k aː-3 mz ɲ ə-5 nz v i-5 tʰ əː-0 mz l aː-0 nz k uə-3 t͡ɕ u-4 ŋmz,ɓ ə-0 iz z əː-1 k aː-4 kz ɛ-0 mz h a-2 iz n e-4 mz tʰ ɨ-3 t͡ɕ aː-4 iz k ə-0 iz v aː-1 k aː-3 mz ɲ ə-5 nz v i-5 tʰ əː-0 mz l aː-0 nz k uə-3 t͡ɕ u-4 ŋmz
NDBA_7_NAM_S0010_69,audio_data/train/NDBA_7_NAM_S0010_69.wav,k ə-5 uz əː-0 iz k ə-5 uz z iə-4 tz t o-0 iz l aː-1 mz ɣ i-1,k ə-5 uz əː-0 iz k ə-5 uz z iə-4 tz t o-0 iz l aː-1 mz ɣ i-1
TPA_Nu_6_S0009_14,audio_data/train/TPA_Nu_6_S0009_14.wav,t͡ɕ u-4 ɣ aː-1 k w aː-0 nz t͡ɕ ɔ-5 ŋmz,t͡ɕ u-4 ɣ aː-1 k w aː-0 nz t͡ɕ ɔ-5 ŋmz
NMA_7_NU_S0002_183,audio_data/train/NMA_7_NU_S0002_183.wav,ɓ w o-3 iz t͡ɕ ɨə-0 t͡ɕ a-4 uz m aː-3 iz ɗ i-0 k ə-0 uz,ɓ w o-3 iz t͡ɕ ɨə-0 t͡ɕ a-4 uz m aː-3 iz ɗ i-0 k ə-0 uz
PTL_7_NU_S0008_119,audio_data/train/PTL_7_NU_S0008_119.wav,t əː-4 k ɔ-1 nz m aː-0 ŋz tʰ e-0 mz m o-5 tz k w iə-3 nz s ɨ-4 s əː-3 m w o-0 ŋmz tʰ u-4 t͡ɕ ɔ-0 k ə-5 uz n ɛ-1,t əː-4 k ɔ-1 nz m aː-0 ŋz tʰ e-0 mz m o-5 tz k w iə-3 nz s ɨ-4 s əː-3 m w o-0 ŋmz tʰ u-4 t͡ɕ ɔ-0 k ə-5 uz n ɛ-1
CNBA_Nu_6_S0003_160,audio_data/train/CNBA_Nu_6_S0003_160.wav,v i-1 s aː-0 uz k aː-4 m ə-5 pz x o-0 ŋmz a-0 nz ɗ ɨə-5 kz n ɔ-4,v i-1 s aː-0 uz k aː-4 m ə-5 pz x o-0 ŋmz a-0 nz ɗ ɨə-5 kz n ɔ-4
NHM_7_NU_S0006_91,audio_data/train/NHM_7_NU_S0006_91.wav,ɗ a-5 tz m o-5 tz k ə-0 uz h ɔ-3 iz v e-1 m uə-1 n ɨə-4 kz n o-3 iz tʰ ɛ-0 uz m ə-2 uz aː-0 iz tʰ e-4 n aː-1 uz l aː-1 ɓ aː-5 nz,ɗ a-5 tz m o-5 tz k ə-0 uz h ɔ-3 iz v e-1 m uə-1 l ɨə-4 kz l o-3 iz tʰ ɛ-0 uz m ə-2 uz aː-0 iz tʰ e-4 n aː-1 uz l aː-1 ɓ aː-5 nz
PTT_7_NU_S0041_87,audio_data/train/PTT_7_NU_S0041_87.wav,z ɨə-2 ɗ əː-2 z əː-1 t͡ɕ ɨə-0 v a-4 ŋz,z ɨə-2 ɗ əː-2 z əː-1 t͡ɕ ɨə-0 v a-4 ŋz
NMA_7_NU_S0002_108,audio_data/train/NMA_7_NU_S0002_108.wav,k ə-0 iz ɗ aː-0 ŋ i-1 nz n a-0 mz ɗ aː-2 ɣ a-4 nz l iə-1 nz v əː-4 iz tʰ əː-1 iz tʰ əː-0 ə-4 uz k uə-3 t͡ɕ u-4 ŋmz t o-0 iz,k ə-0 iz ɗ aː-0 ŋ i-1 nz n a-0 mz ɗ aː-2 ɣ a-4 nz l iə-1 nz v əː-4 iz tʰ əː-1 tʰ əː-0 ə-4 uz k uə-3 t͡ɕ u-4 ŋmz t o-0 iz
HYT_Nu_6_S0005_2,audio_data/train/HYT_Nu_6_S0005_2.wav,t͡ɕ w o-5 tz u-4 tz m o-5 tz,t͡ɕ w o-5 tz u-4 tz m o-5 tz
PC_7_NAM_S0004_65,audio_data/train/PC_7_NAM_S0004_65.wav,v i-1 k ə-5 uz z ə-4 tz h iə-1 nz v aː-1 h ɔ-5 kpz z ɔ-3 iz,v i-1 k ə-5 uz z ə-4 tz h iə-1 nz v aː-1 h ɔ-5 kpz z ɔ-3 iz
GQM_Nam_6_S0006_36,audio_data/train/GQM_Nam_6_S0006_36.wav,ɗ ɔ-4 l aː-1 k ɔ-0 nz ɣ i-1,ɗ ɔ-4 l aː-1 k ɔ-0 nz ɣ i-1
DNK_7_NU_S0048_263,audio_data/train/DNK_7_NU_S0048_263.wav,ɓ o-2 ŋmz k ɔ-4 h aː-0 iz k ə-5 uz ɓ ɛ-4 ɗ i-0 v aː-1 uz v ɨə-1 nz k a-4 tz k aː-3 ɗ aː-4 mz k ɔ-3 l ə-2 nz ɓ o-0 ŋmz k u-4 kpz,ɓ o-2 ŋmz k ɔ-4 h aː-0 iz k ə-5 uz ɓ ɛ-4 ɗ i-0 v aː-1 uz v ɨə-1 nz k a-4 tz k aː-3 ɗ aː-4 mz k ɔ-3 l ə-2 nz ɓ o-0 ŋmz k u-4 kpz
NMA_7_NU_S0002_201,audio_data/train/NMA_7_NU_S0002_201.wav,ɛ-0 mz h iə-3 uz h aː-0 iz l ɔ-1 ŋmz h aː-0 iz z ɔ-1 ŋmz k w o-4 iz ɓ aː-1 iz tʰ əː-0 ɲ ɨ-0 n aː-1 uz,ɛ-0 mz h iə-3 uz h aː-0 iz l ɔ-1 ŋmz h aː-0 iz l ɔ-1 ŋmz k w o-4 iz ɓ aː-1 iz tʰ əː-0 ɲ ɨ-0 n aː-1 uz
PTL_7_NU_S0008_5,audio_data/train/PTL_7_NU_S0008_5.wav,ɲ ɨ-0 ŋz t͡ɕ u-4 ŋmz ŋ w aː-5 mz z ə-4 tz x ɛ-4 uz ɗ e-3 x o-0 ŋmz l aː-1 mz ɗ a-0 uz l aː-1 mz z əː-0 iz k ɔ-0 nz,ɲ ɨ-0 ŋz t͡ɕ u-4 ŋmz ŋ w aː-5 mz z ə-4 tz x ɛ-4 uz ɗ e-3 x o-0 ŋmz l aː-1 mz ɗ a-0 uz l aː-1 mz z əː-0 iz k ɔ-0 nz
NNM_Nu_6_S00045_68,audio_data/train/NNM_Nu_6_S00045_68.wav,tʰ e-4 l aː-1 h e-4 tz ɗ əː-1 iz k ɔ-0 nz s ɔ-4 iz z aː-0 nz aː-4 kz,tʰ e-4 l aː-1 h e-4 tz ɗ əː-1 iz k ɔ-0 nz s ɔ-4 iz z aː-0 nz aː-4 kz
THA_Nu_6_S00042_180,audio_data/train/THA_Nu_6_S00042_180.wav,ɗ o-1 ŋmz tʰ eaː-0 ŋ̟z ɗ w o-3 iz s ɔ-4 iz ɗ i-0,ɗ o-1 ŋmz tʰ eaː-1 ŋ̟z ɗ w o-3 iz s ɔ-4 iz ɗ i-0
DNK_7_NU_S0048_95,audio_data/train/DNK_7_NU_S0048_95.wav,ɓ aː-1 iz tʰ iə-0 nz ŋ aː-0 t͡ɕ a-4 ŋz m w o-4 tz ɗ aː-0 ŋz ɓ əː-0 iz l o-5 iz,ɓ aː-1 iz tʰ iə-0 nz ŋ aː-0 t͡ɕ a-4 ŋz m w o-4 tz ɗ aː-0 ŋz ɓ əː-0 iz l o-5 iz
NDBA_7_NAM_S0010_144,audio_data/train/NDBA_7_NAM_S0010_144.wav,t w iə-4 tz ɗ ə-1 uz n a-0 mz n a-0 iz aː-0 iz t i-1 mz ɗ ɨə-5 kz k uə-3 ŋ ɔ-0 nz v ə-5 tz l aː-5 ɲ ə-4 tz ɗ ɛ-0 nz ɗ ɛ-0 mz ɗ e-4 nz ɗ e-3 t aː-0 t e-4 t͡ɕ əː-1 iz ɗ ə-4 tz tʰ i-1 s ɛ-2 ɗ ɨə-5 kz ɲ ɨə-1 ŋz m o-0 ŋ o-0 iz,t w iə-4 tz ɗ ə-1 uz n a-0 mz n a-0 iz aː-0 iz t i-1 mz ɗ ɨə-5 kz k uə-3 ŋ ɔ-0 nz v ə-5 tz l aː-5 ɲ ə-4 tz ɗ ɛ-0 nz ɗ ɛ-0 mz ɗ e-4 nz ɗ e-3 t aː-0 t e-4 t͡ɕ əː-1 iz ɗ ə-4 tz tʰ i-1 s ɛ-2 ɗ ɨə-5 kz ɲ ɨə-1 ŋz m o-0 ŋ o-0 iz
THA_7_NU_S0043_120,audio_data/train/THA_7_NU_S0043_120.wav,s e-0 k ɔ-4 v i-1 tʰ ə-1 iz t͡ɕ eaː-4 ŋ̟z t͡ɕ ɔ-0 h w i-0 v aː-1 l ə-0 nz v aː-1 t͡ɕ eaː-0 ŋ̟z k aː-2 iz s ɛ-0 mz aː-0 iz k ɔ-4 l o-2 iz,s e-0 k ɔ-4 v i-1 tʰ ə-1 iz t͡ɕ eaː-4 ŋ̟z t͡ɕ ɔ-0 h w i-0 v aː-1 l ə-0 nz v aː-1 t͡ɕ eaː-0 ŋ̟z k aː-2 iz s ɛ-0 mz aː-0 iz k ɔ-4 l o-2 iz
PTT_7_NU_S0041_72,audio_data/train/PTT_7_NU_S0041_72.wav,x i-0 m uə-1 h aː-5 v e-1 tʰ i-1 t͡ɕ ɔ-0 t͡ɕ aː-4 iz ŋ ɔ-5 tz h w aː-0 tʰ əː-0 mz,x i-0 m uə-1 h aː-5 v e-1 tʰ i-1 t͡ɕ ɔ-0 t͡ɕ aː-4 iz ŋ ɔ-5 tz h w aː-0 tʰ əː-0 mz
THA_7_NU_S0043_113,audio_data/train/THA_7_NU_S0043_113.wav,tʰ ə-1 iz z aː-4 uz ɗ aː-2 n ɔ-4 iz v əː-4 iz ɲ ɔ-4 mz h ɔ-5 kpz t͡ɕ ɔ-1 ɗ aː-0 ŋz v ə-0 iz k w eaː-0 ŋ̟z z a-1 ŋz t͡ɕ ɨə-4 kz h e-4 tz f aː-3 iz k ɨ-4 uz k ə-0 iz h w aː-0 ɗ aː-2,tʰ ə-1 iz z aː-4 uz ɗ aː-2 n ɔ-4 iz v əː-4 iz ɲ ɔ-4 mz h ɔ-5 kpz t͡ɕ ɔ-1 ɗ aː-0 ŋz v ə-0 iz k w eaː-0 ŋ̟z z a-1 ŋz t͡ɕ ɨə-4 kz h e-4 tz f aː-3 iz k ɨ-4 uz k ə-0 iz h w aː-0 ɗ aː-2
DNK_7_NU_S0048_66,audio_data/train/DNK_7_NU_S0048_66.wav,ɓ ə-1 uz t͡ɕ əː-1 iz t͡ɕ ɔ-0 ŋmz s eaː-0 ŋ̟z s ɔ-0 iz ɓ ɔ-4 ŋmz s w o-4 ŋmz ɗ a-4 iz h o-1,ɓ ə-1 uz t͡ɕ əː-1 iz t͡ɕ ɔ-0 ŋmz s eaː-0 ŋ̟z s ɔ-0 iz ɓ ɔ-4 ŋmz s w o-4 ŋmz ɗ a-4 iz h o-1
NDBA_7_NAM_S0010_86,audio_data/train/NDBA_7_NAM_S0010_86.wav,k aː-3 h aː-0 iz s u-0 ŋmz s ɨə-4 ŋz ɓ aː-1 nz k e-4 h w eaː-5 k̟z,k aː-3 h aː-0 iz s u-0 ŋmz s ɨə-4 ŋz ɓ aː-1 nz k e-4 h w eaː-5 k̟z
TPA_Nu_6_S0009_15,audio_data/train/TPA_Nu_6_S0009_15.wav,s aː-4 ŋz s aː-4 ŋz ɣ aː-1 t͡ɕ o-4 ŋmz ɣ a-4 iz v aː-0 ŋz,s aː-4 ŋz s aː-4 ŋz ɣ aː-1 t͡ɕ o-4 ŋmz ɣ a-4 iz v aː-0 ŋz
PTT_7_NU_S0041_9,audio_data/train/PTT_7_NU_S0041_9.wav,s w ə-0 nz n ɔ-4 iz ɲ ɨ-0 ŋz f aː-3 iz k ɔ-4 n a-4 ŋz k uə-3 ɛ-0 mz h aː-5 tʰ i-1 k ə-0 iz t͡ɕ ɔ-0 ŋmz v ɨə-1 nz m əː-4 iz ɗ əː-0 mz t͡ɕ aː-4 iz ŋ ɔ-5 tz,s w ə-0 nz n ɔ-4 iz ɲ ɨ-0 ŋz f aː-3 iz k ɔ-4 n a-4 ŋz k uə-3 ɛ-0 mz h aː-5 tʰ i-1 k ə-0 iz t͡ɕ ɔ-0 ŋmz v ɨə-1 nz m əː-4 iz ɗ əː-0 mz t͡ɕ aː-4 iz ŋ ɔ-5 tz
NMA_7_NU_S0002_5,audio_data/train/NMA_7_NU_S0002_5.wav,l ɔ-4 t͡ɕ i-3 s w ə-4 tz n ɔ-4 t͡ɕ i-3 ɓ ə-4 tz t iə-5 nz x i-0 h ɨə-0 uz k w i-4 s w o-4 ŋmz tʰ ə-4 pz,l ɔ-4 t͡ɕ i-3 s w ə-4 tz n ɔ-4 t͡ɕ i-3 ɓ ə-4 tz t iə-5 nz x i-0 h ɨə-0 uz k w i-4 s w o-4 ŋmz tʰ ə-4 pz
NDBA_7_NAM_S0010_61,audio_data/train/NDBA_7_NAM_S0010_61.wav,t aː-1 iz s aː-3 nz k uə-3 ɓ aː-4 kz t͡ɕ i-3 k ɔ-4 k aː-4 iz k o-4 iz s a-0 iz m o-5 tz k ɔ-0 nz l ɨə-1 v aː-1 m o-5 tz t͡ɕ u-4 m ɛ-1 uz s i-0 ŋ̟z s a-4 nz,t aː-1 iz s aː-3 nz k uə-3 ɓ aː-4 kz t͡ɕ i-3 k ɔ-4 k aː-4 iz k o-4 iz s a-0 iz m o-5 tz k ɔ-0 nz l ɨə-1 v aː-1 m o-5 tz t͡ɕ u-4 m ɛ-1 uz s i-0 ŋ̟z s a-4 nz
THA_7_NU_S0043_41,audio_data/train/THA_7_NU_S0043_41.wav,s a-0 uz m o-5 tz tʰ əː-1 iz z aː-0 nz k i-1 ɗ aː-2 tʰ eaː-1 ŋ̟z k o-0 ŋmz h e-4 tz l əː-4 pz m o-5 tz k i-4 ɗ w o-3 iz k i-5 pz k aː-4 kz ɓ aː-5 nz,s a-0 uz m o-5 tz tʰ əː-1 iz z aː-0 nz k i-1 ɗ aː-2 tʰ eaː-1 ŋ̟z k o-0 ŋmz h e-4 tz l əː-4 pz m o-5 tz k i-4 ɗ w o-3 iz k i-5 pz k aː-4 kz ɓ aː-5 nz
GQM_Nam_6_S0006_43,audio_data/train/GQM_Nam_6_S0006_43.wav,k ɔ-0 nz m aː-1 ɗ e-4 nz ɣ ə-1 nz n ɔ-4 s ɛ-2 a-0 nz tʰ i-5 tz k ɔ-0 nz ɗ ɔ-4,k ɔ-0 nz m aː-1 ɗ e-4 nz ɣ ə-1 nz n ɔ-4 s ɛ-2 a-0 nz tʰ i-5 tz k ɔ-0 nz ɗ ɔ-4
THA_Nu_6_S00042_105,audio_data/train/THA_Nu_6_S00042_105.wav,ɓ aː-5 nz əː-0 iz l u-2 ɣ aː-1 ɗ aː-0 ŋz ŋ ɔ-2 t͡ɕ ɔ-4 s u-1 l aː-1 aː-0 iz,ɓ aː-5 nz əː-0 iz l u-2 ɣ aː-1 ɗ aː-0 ŋz ŋ ɔ-2 t͡ɕ ɔ-4 s u-1 l aː-1 aː-0 iz
PTT_7_NU_S0041_42,audio_data/train/PTT_7_NU_S0041_42.wav,t əː-4 h ɔ-3 iz k ə-5 uz tʰ ɛ-0 uz l əː-1 iz k aː-4 kz n aː-1 ŋz t iə-0 nz m o-2 iz m uə-1 k ɔ-4 ɣ i-1 h a-0 iz,t əː-4 h ɔ-3 iz k ə-5 uz tʰ ɛ-0 uz l əː-1 iz k aː-4 kz n aː-1 ŋz t iə-0 nz m o-2 iz m uə-1 k ɔ-4 ɣ i-1 h a-0 iz
DNK_7_NU_S0048_23,audio_data/train/DNK_7_NU_S0048_23.wav,k ɔ-3 m ɔ-5 kpz s eaː-0 ŋ̟z t͡ɕ ə-0 nz ɗ e-0,k ɔ-3 m ɔ-5 kpz s eaː-0 ŋ̟z t͡ɕ ə-0 nz ɗ e-0
NPC_7_NU_S0047_16,audio_data/train/NPC_7_NU_S0047_16.wav,ɓ w o-3 iz t͡ɕ ɨə-0 h ɛ-1,ɓ w o-3 iz t͡ɕ ɨə-0 h ɛ-1
LXT_Nam_6_S0008_74,audio_data/train/LXT_Nam_6_S0008_74.wav,s ɔ-4 iz ɗ o-1 ŋmz i-0,s ɔ-4 iz ɗ o-1 ŋmz i-0
PTL_7_NU_S0008_76,audio_data/train/PTL_7_NU_S0008_76.wav,t͡ɕ w o-5 tz t w i-4 ɣ ə-4 uz t w i-4 ɗ i-5 uz k ɔ-0 nz t͡ɕ ɔ-0 ŋmz t͡ɕ iə-4 kz t w i-4 t͡ɕ ɨə-4 kz ɓ u-5 ŋmz,t͡ɕ w o-5 tz t w i-4 ɣ ə-4 uz t w i-4 ɗ i-5 uz k ɔ-0 nz t͡ɕ ɔ-0 ŋmz t͡ɕ iə-4 kz t w i-4 t͡ɕ ɨə-4 kz ɓ u-5 ŋmz
PTT_7_NU_S0041_17,audio_data/train/PTT_7_NU_S0041_17.wav,s aː-0 uz m ɔ-5 iz ŋ ɨə-1 iz l aː-5 iz x o-0 ŋmz tʰ i-4 k̟z ɛ-0 mz ɗ ɨə-5 kz,s aː-0 uz m ɔ-5 iz ŋ ɨə-1 iz l aː-5 iz x o-0 ŋmz tʰ i-4 k̟z ɛ-0 mz ɗ ɨə-5 kz
NNM_Nu_6_S00045_44,audio_data/train/NNM_Nu_6_S00045_44.wav,l əː-5 nz ɲ əː-2 z ɨ-5 ŋz m o-5 tz k a-0 nz ɲ aː-1 ɣ o-2,l əː-5 nz ɲ əː-2 z ɨ-5 ŋz m o-5 tz k a-0 nz ɲ aː-1 ɣ o-2
DNK_7_NU_S0048_99,audio_data/train/DNK_7_NU_S0048_99.wav,k ɔ-1 nz k ə-5 uz tʰ i-1 k ə-5 uz tʰ i-4 k̟z l w aː-5 iz t͡ɕ i-0 mz n aː-1 uz,k ɔ-1 nz k ə-5 uz tʰ i-1 k ə-5 uz tʰ i-4 k̟z l w aː-5 iz t͡ɕ i-0 mz n aː-1 uz
NMA_7_NU_S0002_75,audio_data/train/NMA_7_NU_S0002_75.wav,ɨə-4 kz m əː-0 k uə-3 t əː-4 l aː-1 l aː-1 mz ɓ aː-4 kz s i-2,ɨə-4 kz m əː-0 k uə-3 t əː-4 l aː-1 l aː-1 mz ɓ aː-4 kz s i-2
PC_7_NAM_S0004_126,audio_data/train/PC_7_NAM_S0004_126.wav,k ɔ-0 nz t͡ɕ ɔ-4 ɲ aː-1 t əː-4 k u-2 ŋmz t e-0 nz l aː-1 m i-4 k̟z,k ɔ-0 nz t͡ɕ ɔ-4 ɲ aː-1 t əː-4 k u-2 ŋmz t e-0 nz l aː-1 m i-4 k̟z
THA_Nu_6_S00042_40,audio_data/train/THA_Nu_6_S00042_40.wav,ɓ aː-4 kz tʰ əː-5 s a-0 nz l aː-1 mz ɣ i-1 x i-0 ɲ i-1 nz tʰ ə-4 iz ɓ o-1 k ə-0 uz,ɓ aː-4 kz tʰ əː-5 s a-0 nz l aː-1 mz ɣ i-1 x i-0 ɲ i-1 nz tʰ ə-4 iz ɓ o-1 k ə-0 uz
CNBA_Nu_6_S0003_98,audio_data/train/CNBA_Nu_6_S0003_98.wav,n aː-1 ŋz t iə-0 nz k aː-4 n ɨə-3 tʰ ə-0 nz t͡ɕ e-0 nz k uə-3 n aː-1 ŋz ɲ ɨ-0 m o-5 tz k o-0 ɓ ɛ-4 n ɨə-3 tʰ ə-0 nz k iə-0 l aː-1 k aː-4,n aː-1 ŋz t iə-0 nz k aː-4 n ɨə-3 tʰ ə-0 nz t͡ɕ e-0 nz k uə-3 n aː-1 ŋz ɲ ɨ-0 m o-5 tz k o-0 ɓ ɛ-4 n ɨə-3 tʰ ə-0 nz k iə-0 l aː-1 k aː-4
THA_Nu_6_S00042_97,audio_data/train/THA_Nu_6_S00042_97.wav,s a-0 uz ɗ ə-0 iz ɛ-0 mz s ɛ-2 k e-3 t͡ɕ ɔ-0 ɓ aː-5 nz ŋ ɛ-0 k ə-0 uz t͡ɕ w iə-5 nz t͡ɕ ɔ-4 s u-1,s a-0 uz ɗ ə-0 iz ɛ-0 mz s ɛ-2 k e-3 t͡ɕ ɔ-0 ɓ aː-5 nz ŋ ɛ-0 k ə-0 uz t͡ɕ w iə-5 nz t͡ɕ ɔ-4 s u-1
DNK_7_NU_S0048_155,audio_data/train/DNK_7_NU_S0048_155.wav,t͡ɕ u-4 v u-5 tz ɓ a-0 iz l e-0 nz,t͡ɕ u-4 v u-5 tz ɓ a-0 iz l e-0 nz
DNK_7_NU_S0048_200,audio_data/train/DNK_7_NU_S0048_200.wav,k aː-4 kz k ə-5 uz ɗ aː-2 ɗ e-3 m a-5 kz n ɔ-4 t͡ɕ e-4 tz v i-1 ɗ ɔ-4 iz x aː-4 tz,k aː-4 kz k ə-5 uz ɗ aː-2 ɗ e-3 m a-5 kz n ɔ-4 t͡ɕ e-4 tz v i-1 ɗ ɔ-4 iz x aː-4 tz
GQM_Nam_6_S0006_56,audio_data/train/GQM_Nam_6_S0006_56.wav,tʰ ɔ-3 s əː-5 ɨə-4 tz n e-0 nz tʰ ɔ-3 s əː-5 ɨə-4 tz əː-0 t͡ɕ e-0 nz ɓ əː-1 k o-3 v u-2,tʰ ɔ-3 s əː-5 ɨə-4 tz n e-0 nz tʰ ɔ-3 s əː-5 ɨə-4 tz əː-0 t͡ɕ e-0 nz ɓ əː-1 k o-3 v u-2
PTL_7_NU_S0008_99,audio_data/train/PTL_7_NU_S0008_99.wav,t əː-4 ɲ i-1 nz tʰ ə-4 iz k ɔ-0 nz t͡ɕ w o-5 tz t w i-4,t əː-4 ɲ i-1 nz tʰ ə-4 iz k ɔ-0 nz t͡ɕ w o-5 tz t w i-4
LDMT_Nam_6_S00047_2,audio_data/train/LDMT_Nam_6_S00047_2.wav,m ɛ-5 əː-0 tʰ i-5 s aː-2 v e-1 m uə-0 z ɛ-4 pz t͡ɕ ɔ-0 ɓ ɛ-4 t͡ɕ i-0,m ɛ-5 əː-0 tʰ i-5 s aː-2 v e-1 m uə-0 z ɛ-4 pz t͡ɕ ɔ-0 ɓ ɛ-4 t͡ɕ i-0
NNM_Nu_6_S00045_86,audio_data/train/NNM_Nu_6_S00045_86.wav,k ə-0 uz t͡ɕ w iə-5 nz k e-4 tz tʰ u-4 kpz z aː-0 s aː-0 uz,k ə-0 uz t͡ɕ w iə-5 nz k e-4 tz tʰ u-4 kpz z aː-0 s aː-0 uz
NTN_7_NU_S0042_23,audio_data/train/NTN_7_NU_S0042_23.wav,m i-1 ŋ̟z z ə-4 tz iə-0 uz t͡ɕ ɨə-1 ŋz m i-1 ŋ̟z,m i-1 ŋ̟z z ə-4 tz iə-0 uz t͡ɕ ɨə-1 ŋz m i-1 ŋ̟z
DNK_7_NU_S0048_250,audio_data/train/DNK_7_NU_S0048_250.wav,m o-2 iz ŋ ɨə-1 iz ɗ ɔ-5 kpz m o-5 tz ɗ w aː-5 nz k ə-5 uz ɗ ɔ-5 kpz t͡ɕ ɨə-4 kz ɗ i-0,m o-2 iz ŋ ɨə-1 iz ɗ ɔ-5 kpz m o-5 tz ɗ w aː-5 nz k ə-5 uz ɗ ɔ-5 kpz t͡ɕ ɨə-4 kz ɗ i-0
DNK_7_NU_S0048_125,audio_data/train/DNK_7_NU_S0048_125.wav,v i-1 k w ɛ-0 nz z u-1 ŋmz ɗ o-1 ŋmz tʰ əː-1 iz h aː-0 iz t͡ɕ ə-0 nz,v i-1 k w ɛ-0 nz z u-1 ŋmz ɗ o-1 ŋmz tʰ əː-1 iz h aː-0 iz t͡ɕ ə-0 nz
MK_7_NU_S0007_59,audio_data/train/MK_7_NU_S0007_59.wav,k ɔ-1 nz ɓ ə-1 uz t͡ɕ əː-1 iz tʰ i-1 t͡ɕ aː-1 nz ŋ ə-5 pz t iə-4 ŋz t͡ɕ i-0 mz t͡ɕ ɔ-0 ŋmz t͡ɕ ɛ-3 uz,k ɔ-1 nz ɓ ə-1 uz t͡ɕ əː-1 iz tʰ i-1 t͡ɕ aː-1 nz ŋ ə-5 pz t iə-4 ŋz t͡ɕ i-0 mz t͡ɕ ɔ-0 ŋmz t͡ɕ ɛ-3 uz
NDBA_7_NAM_S0010_30,audio_data/train/NDBA_7_NAM_S0010_30.wav,s ɔ-4 kpz k ɔ-0 nz v w i-1 ɲ ɨ-2 ŋz h aː-5 tz tʰ o-0 ŋmz s w o-4 ŋmz l əː-4 pz ɗ ə-4 tz m e-1 mz,s ɔ-4 kpz k ɔ-0 nz v w i-1 ɲ ɨ-2 ŋz h aː-5 tz tʰ o-0 ŋmz s w o-4 ŋmz l əː-4 pz ɗ ə-4 tz m e-1 mz
DNK_7_NU_S0048_309,audio_data/train/DNK_7_NU_S0048_309.wav,v i-1 tʰ e-4 k aː-4 kz ɓ aː-5 nz x o-0 ŋmz n e-0 nz ɓ a-4 tz t͡ɕ i-0 mz v aː-1 ŋ a-4 tz h w aː-0,v i-1 tʰ e-4 k aː-4 kz ɓ aː-5 nz x o-0 ŋmz n e-0 nz ɓ a-4 tz t͡ɕ i-0 mz v aː-1 ŋ a-4 tz h w aː-0
CNBA_Nu_6_S0003_179,audio_data/train/CNBA_Nu_6_S0003_179.wav,n ɨə-4 kz ŋ w aː-0 nz z ɨə-3 t͡ɕ a-4 ŋz ɓ aː-1 nz t a-0 iz,n ɨə-4 kz ŋ w aː-0 nz z ɨə-3 t͡ɕ a-4 ŋz ɓ aː-1 nz t a-0 iz
CNBA_Nu_6_S0003_48,audio_data/train/CNBA_Nu_6_S0003_48.wav,t əː-4 ɗ ɔ-5 kpz ɓ aː-1 iz l ɨə-4 tz v aː-4 nz ɲ ɛ-4,t əː-4 ɗ ɔ-5 kpz ɓ aː-1 iz l ɨə-4 tz v aː-4 nz ɲ ɛ-4
MK_7_NU_S0007_3,audio_data/train/MK_7_NU_S0007_3.wav,m ɛ-5 t əː-4 k w ɛ-4 tz z ɔ-5 nz ɲ aː-1 k ɨə-3,m ɛ-5 t əː-4 k w ɛ-4 tz z ɔ-5 nz ɲ aː-1 k ɨə-3
THA_Nu_6_S00042_136,audio_data/train/THA_Nu_6_S00042_136.wav,v i-1 l aː-1 v i-1 l aː-1 tʰ ɔ-3 k ɨ-4 l aː-0 k aː-1 t͡ɕ e-0 nz z ɨ-1 ŋz n e-0 nz k ɨ-4 l əː-0 ɗ əː-0 ŋ u-3 z o-1 iz k ɨ-4 ɲ aː-4 ɲ aː-4 k ɔ-3 ɲ aː-4 z ɨə-0,v i-1 l aː-1 v i-1 l aː-1 tʰ ɔ-3 k ɨ-4 l aː-0 k aː-1 t͡ɕ e-0 nz z ɨ-1 ŋz n e-0 nz k ɨ-4 l əː-0 ɗ əː-0 ŋ u-3 z o-1 iz k ɨ-4 ɲ aː-4 ɲ aː-4 k ɔ-3 ɲ aː-4 z ɨə-0
MK_7_NU_S0007_68,audio_data/train/MK_7_NU_S0007_68.wav,ɲ ɨ-0 k w aː-3 ɓ ɔ-4 ŋmz,ɲ ɨ-0 k w aː-3 ɓ ɔ-4 ŋmz
LXT_Nam_6_S0008_57,audio_data/train/LXT_Nam_6_S0008_57.wav,l u-2 ɣ aː-1 m aː-4 iz t͡ɕ o-4 nz s eaː-5 k̟z,l u-2 ɣ aː-1 m aː-4 iz t͡ɕ o-4 nz s eaː-5 k̟z
TTD_7_NAM_S0001_58,audio_data/train/TTD_7_NAM_S0001_58.wav,ɲ aː-1 t əː-4 n w o-0 iz k ɔ-0 nz ɣ aː-1 k ɔ-0 nz t͡ɕ ɔ-4 k ɔ-0 nz m ɛ-1 uz,ɲ aː-1 t əː-4 n w o-0 iz k ɔ-0 nz ɣ aː-1 k ɔ-0 nz t͡ɕ ɔ-4 k ɔ-0 nz m ɛ-1 uz
LXT_Nam_6_S0008_137,audio_data/train/LXT_Nam_6_S0008_137.wav,tʰ e-4 l aː-1 m ə-1 mz k ə-0 iz ɗ o-5 iz ɗ ə-4 tz ɲ o-0 l e-0 nz,tʰ e-4 l aː-1 m ə-1 mz k ə-0 iz ɗ o-5 iz ɗ ə-4 tz ɲ o-0 l e-0 nz
PC_7_NAM_S0004_21,audio_data/train/PC_7_NAM_S0004_21.wav,t əː-4 tʰ ə-4 iz k ɔ-4 ɗ aː-1 nz k ɔ-1 ɓ eaː-5 k̟z k ɔ-4 ɓ aː-4 kz ɓ o-1 n o-0 ŋmz k ɔ-4 t͡ɕ u-4 ɓ ɔ-4 iz k aː-4 v aː-1 k ɔ-4 ɲ ɨ-2 ŋz t͡ɕ u-4 t͡ɕ i-0 mz k u-0,t əː-4 tʰ ə-4 iz k ɔ-4 ɗ aː-1 nz k ɔ-1 ɓ eaː-5 k̟z k ɔ-4 ɓ aː-4 kz ɓ o-1 n o-0 ŋmz k ɔ-4 t͡ɕ u-4 ɓ ɔ-4 iz k aː-4 v aː-1 k ɔ-4 ɲ ɨ-2 ŋz t͡ɕ u-4 t͡ɕ i-0 mz k u-0
HYT_Nu_6_S0005_34,audio_data/train/HYT_Nu_6_S0005_34.wav,k ɔ-0 nz k ɔ-1 nz ɣ a-5 pz m o-5 tz k ɔ-0 nz tʰ u-4 z ə-4 tz h iə-1 nz,k ɔ-0 nz k ɔ-1 nz ɣ a-5 pz m o-5 tz k ɔ-0 nz tʰ u-4 z ə-4 tz h iə-1 nz
NDBA_7_NAM_S0010_46,audio_data/train/NDBA_7_NAM_S0010_46.wav,əː-0 ɲ aː-1 t əː-4 n w o-0 iz k ɔ-0 nz m ɛ-1 uz,əː-0 ɲ aː-1 t əː-4 n w o-0 iz k ɔ-0 nz m ɛ-1 uz
NMA_7_NU_S0002_55,audio_data/train/NMA_7_NU_S0002_55.wav,v ɨə-4 ŋz k eaː-1 ŋ̟z v ɔ-0 iz ɓ ɛ-3 z a-4 kz,v ɨə-0 ŋz k eaː-1 ŋ̟z v ɔ-0 iz ɓ ɛ-3 z a-4 kz
PTT_7_NU_S0041_110,audio_data/train/PTT_7_NU_S0041_110.wav,k ɔ-0 nz ɓ ɨə-4 mz t͡ɕ ə-5 pz t͡ɕ əː-1 nz,k ɔ-0 nz ɓ ɨə-4 mz t͡ɕ ə-5 pz t͡ɕ əː-1 nz
PC_7_NAM_S0004_125,audio_data/train/PC_7_NAM_S0004_125.wav,n ɔ-4 k ɔ-4 n ɔ-4 k ɔ-4 m o-5 tz ɓ o-5 l o-0 ŋmz s aː-4 mz s ɛ-0 nz l ə-2 nz v əː-4 iz t͡ɕ a-4 ŋz v aː-1 t əː-4 ɗ a-5 tz t e-0 nz t͡ɕ ɔ-0 n ɔ-4 l aː-1 m i-4 k̟z,n ɔ-4 k ɔ-4 n ɔ-4 k ɔ-4 m o-5 tz ɓ o-5 l o-0 ŋmz s aː-4 mz s ɛ-0 nz l ə-2 nz v əː-4 iz t͡ɕ a-4 ŋz v aː-1 t əː-4 ɗ a-5 tz t e-0 nz t͡ɕ ɔ-0 n ɔ-4 l aː-1 m i-4 k̟z
PTT_7_NU_S0041_65,audio_data/train/PTT_7_NU_S0041_65.wav,t͡ɕ u-4 ŋmz t aː-0 ɓ ə-0 iz z əː-1 t͡ɕ u-4 ŋmz t aː-0 s ɛ-2 x aː-4 mz f aː-4 f ə-1 nz l w iə-5 nz t ə-5 pz t əː-4 h ɔ-3 iz k ə-5 uz s ɨ-3 z u-5 ŋmz k ə-0 uz h ɔ-3 iz v i-1 s aː-0 uz,t͡ɕ u-4 ŋmz t aː-0 ɓ ə-0 iz z əː-1 t͡ɕ u-4 ŋmz t aː-0 s ɛ-2 x aː-4 mz f aː-4 f ə-1 nz l w iə-5 nz t ə-5 pz t əː-4 h ɔ-3 iz k ə-5 uz s ɨ-3 z u-5 ŋmz k ə-0 uz h ɔ-3 iz v i-1 s aː-0 uz
NMA_7_NU_S0002_276,audio_data/train/NMA_7_NU_S0002_276.wav,t͡ɕ eaː-0 ŋ̟z tʰ e-3 h iə-5 nz i-0 t ɨə-3 ŋz k ə-0 nz s ɨ-3 l i-4 ɗ o-5 kpz h aː-5 iz,t͡ɕ eaː-0 ŋ̟z tʰ e-3 h iə-5 nz i-0 t ɨə-3 ŋz k ə-0 nz s ɨ-3 l i-4 ɗ o-5 kpz h aː-5 iz
PC_7_NAM_S0004_53,audio_data/train/PC_7_NAM_S0004_53.wav,k ə-5 uz n e-0 nz l aː-1 mz ɣ i-1 ɗ e-3 ɓ aː-3 uz v e-5 n ɔ-4,k ə-5 uz n e-0 nz l aː-1 mz ɣ i-1 ɗ e-3 ɓ aː-3 uz v e-5 n ɔ-4
TTT_Nu_6_S00049_49,audio_data/train/TTT_Nu_6_S00049_49.wav,s a-0 uz ɗ ə-0 iz t əː-4 s i-0 nz k e-3 k ə-0 uz t͡ɕ w iə-5 nz,s a-0 uz ɗ ə-0 iz t əː-4 s i-0 nz k e-3 k ə-0 uz t͡ɕ w iə-5 nz
NNM_Nu_6_S00045_28,audio_data/train/NNM_Nu_6_S00045_28.wav,t͡ɕ u-4 ŋmz m i-1 ŋ̟z k u-1 ŋmz ɲ a-0 uz t i-1 mz t iə-4 ŋz k ɔ-4 v ə-1 nz ə-0 mz ɲ ɛ-4,t͡ɕ u-4 ŋmz m i-1 ŋ̟z k u-1 ŋmz ɲ a-0 uz t i-1 mz t iə-4 ŋz k ɔ-4 v ə-1 nz ə-0 mz ɲ ɛ-4
TTT_Nu_6_S00049_75,audio_data/train/TTT_Nu_6_S00049_75.wav,h a-2 iz tʰ ɨ-3 ɗ i-0,h a-2 iz tʰ ɨ-3 ɗ i-0
DNK_7_NU_S0048_39,audio_data/train/DNK_7_NU_S0048_39.wav,m ə-1 mz n ɔ-0 nz v ɨə-0 nz ɗ ɨ-4 ŋz z ə-5 iz,m ə-1 mz n ɔ-0 nz v ɨə-0 nz ɗ ɨ-4 ŋz z ə-5 iz
LXT_Nam_6_S0008_101,audio_data/train/LXT_Nam_6_S0008_101.wav,t əː-4 ɗ ɔ-5 kpz l aː-5 iz ɓ aː-5 nz ŋ ɛ-0 ɲ ɛ-4,t əː-4 ɗ ɔ-5 kpz l aː-5 iz ɓ aː-5 nz ŋ ɛ-0 ɲ ɛ-4
HYT_Nu_6_S0005_40,audio_data/train/HYT_Nu_6_S0005_40.wav,t͡ɕ w o-5 tz m ɛ-5 l aː-0 l əː-4 nz,t͡ɕ w o-5 tz m ɛ-5 l aː-0 l əː-4 nz
CNBA_Nu_6_S0003_74,audio_data/train/CNBA_Nu_6_S0003_74.wav,tʰ e-4 ɓ aː-5 nz ɗ aː-2 ɲ i-1 nz tʰ ə-4 iz k aː-4 iz ɣ i-1 əː-0 ɓ iə-3 nz t͡ɕ ɨə-0,tʰ e-4 ɓ aː-5 nz ɗ aː-2 ɲ i-1 nz tʰ ə-4 iz k aː-4 iz ɣ i-1 əː-0 ɓ iə-3 nz t͡ɕ ɨə-0
GQM_Nam_6_S0006_14,audio_data/train/GQM_Nam_6_S0006_14.wav,t͡ɕ w o-5 tz u-4 tz h əː-4 nz h əː-3 k e-3 t iə-4 pz,t͡ɕ w o-5 tz u-4 tz h əː-4 nz h əː-3 k e-3 t iə-4 pz
NNM_Nu_6_S00045_26,audio_data/train/NNM_Nu_6_S00045_26.wav,k ɔ-4 m aː-4 ɓ ɛ-4 l e-0 t͡ɕ aː-3 s əː-5 n ɨə-2,k ɔ-4 m aː-4 ɓ ɛ-4 l e-0 t͡ɕ aː-3 s əː-5 n ɨə-2
THA_7_NU_S0043_14,audio_data/train/THA_7_NU_S0043_14.wav,ɗ ɨ-1 ŋz k w e-0 nz s ɔ-0 s eaː-4 ŋ̟z v əː-4 iz l w aː-5 iz t͡ɕ aː-4 iz k ə-0 iz x aː-4 kz ɲ ɛ-4 t o-0 iz v ɨə-1 v iə-4 tz v ɨə-1 ŋ i-2,ɗ ɨ-1 ŋz k w e-0 nz s ɔ-0 s eaː-4 ŋ̟z v əː-4 iz l w aː-5 iz t͡ɕ aː-4 iz k ə-0 iz x aː-4 kz ɲ ɛ-4 t o-0 iz v ɨə-1 v iə-4 tz v ɨə-1 ŋ i-2
PC_7_NAM_S0004_35,audio_data/train/PC_7_NAM_S0004_35.wav,t͡ɕ ɔ-0 ŋmz k aː-4 kz l w aː-1 iz t͡ɕ i-0 mz ɓ aː-5 nz tʰ i-4 k̟z ɲ ə-4 tz l aː-1 l w aː-1 iz t͡ɕ i-0 mz n aː-1 uz,t͡ɕ ɔ-0 ŋmz k aː-4 kz l w aː-1 iz t͡ɕ i-0 mz ɓ aː-5 nz tʰ i-4 k̟z ɲ ə-4 tz l aː-1 l w aː-1 iz t͡ɕ i-0 mz n aː-1 uz
CNBA_Nu_6_S0003_99,audio_data/train/CNBA_Nu_6_S0003_99.wav,n aː-1 ŋz t iə-0 nz k aː-4 l aː-1 v uə-0 k uə-3 aː-0 iz,l aː-1 ŋz t iə-0 nz k aː-4 l aː-1 v uə-0 k uə-3 aː-0 iz
NDBA_7_NAM_S0010_57,audio_data/train/NDBA_7_NAM_S0010_57.wav,v ə-5 iz k ə-5 uz ɓ iə-4 tz k ə-0 uz t͡ɕ w iə-5 nz n aː-1 uz k ə-5 uz k e-3 t͡ɕ ɔ-0 t əː-4 ŋ ɛ-0 ɗ ɨə-5 kz x o-0 ŋmz,v ə-5 iz k ə-5 uz ɓ iə-4 tz k ə-0 uz t͡ɕ w iə-5 nz n aː-1 uz k ə-5 uz k e-3 t͡ɕ ɔ-0 t əː-4 ŋ ɛ-0 ɗ ɨə-5 kz x o-0 ŋmz
NMA_7_NU_S0002_133,audio_data/train/NMA_7_NU_S0002_133.wav,tʰ əː-0 mz v aː-1 ŋz t͡ɕ əː-1 iz s aː-0,tʰ əː-0 mz v aː-1 ŋz t͡ɕ əː-1 iz s aː-0
THA_7_NU_S0043_102,audio_data/train/THA_7_NU_S0043_102.wav,n ɔ-4 s ɛ-2 n ɔ-4 iz ɣ i-1 v əː-4 iz k aː-4 kz ɛ-0 mz,n ɔ-4 s ɛ-2 n ɔ-4 iz ɣ i-1 v əː-4 iz k aː-4 kz ɛ-0 mz
TPA_Nu_6_S0009_124,audio_data/train/TPA_Nu_6_S0009_124.wav,ŋ ɛ-0 t͡ɕ i-5 k aː-3 n ɔ-4 iz s ɔ-0 ŋmz s ɔ-4 kpz k ɔ-0 nz z ə-5 nz z ɨ-2 m a-4 ŋz t͡ɕ i-5 k aː-3,ŋ ɛ-0 t͡ɕ i-5 k aː-3 n ɔ-4 iz s ɔ-0 ŋmz s ɔ-4 kpz k ɔ-0 nz z ə-5 nz z ɨ-2 m a-4 ŋz t͡ɕ i-5 k aː-3
NHM_7_NU_S0006_48,audio_data/train/NHM_7_NU_S0006_48.wav,x i-0 o-0 ŋmz k e-4 tz ɓ aː-5 nz v əː-4 iz tʰ ə-1 nz z ɔ-4 tʰ i-1 s aː-0 uz ɓ aː-5 nz,x i-0 o-0 ŋmz k e-4 tz ɓ aː-5 nz v əː-4 iz tʰ ə-1 nz z ɔ-4 tʰ i-1 s aː-0 uz ɓ aː-5 nz
NTM_Nam_6_S00010_14,audio_data/train/NTM_Nam_6_S00010_14.wav,k aː-4 iz ɗ ɔ-3 a-2 mz ɛ-0 mz,k aː-4 iz ɗ ɔ-3 ɗ a-2 mz ɛ-0 mz
NDBA_7_NAM_S0010_132,audio_data/train/NDBA_7_NAM_S0010_132.wav,k aː-3 n ɨə-4 kz h ə-0 nz h w aː-0 nz t͡ɕ iə-0 v w i-0 k u-1 ŋmz h eaː-5 ŋ̟z f u-4 kpz k uə-3 ɓ aː-4 t ɨə-4 kz v aː-1 k o-0 ŋmz t͡ɕ uə-4,k aː-3 n ɨə-4 kz h ə-0 nz h w aː-0 nz t͡ɕ iə-0 v w i-0 k u-1 ŋmz h eaː-5 ŋ̟z f u-4 kpz k uə-3 ɓ aː-4 t ɨə-4 kz v aː-1 k o-0 ŋmz t͡ɕ uə-4
THA_7_NU_S0043_24,audio_data/train/THA_7_NU_S0043_24.wav,t əː-4 k u-1 ɗ o-1 ŋmz i-0 v əː-4 iz k ə-0 uz t͡ɕ aː-3 l əː-1 iz k uə-3 k ə-5 uz t͡ɕ u-4 ŋmz m i-1 ŋ̟z l aː-5 iz ɗ ɔ-5 kpz t iə-4 pz m u-5 kpz s eaː-4 k̟z ɓ aː-4 uz n ɔ-4 iz v e-1 tʰ ə-1 iz k o-0 ɲ ɛ-4,t əː-4 k u-1 ɗ o-1 ŋmz i-0 v əː-4 iz k ə-0 uz t͡ɕ aː-3 l əː-1 iz k uə-3 k ə-5 uz t͡ɕ u-4 ŋmz m i-1 ŋ̟z l aː-5 iz ɗ ɔ-5 kpz t iə-4 pz m u-5 kpz s eaː-4 k̟z ɓ aː-4 uz n ɔ-4 iz v e-1 tʰ ə-1 iz k o-0 ɲ ɛ-4
PTT_7_NU_S0041_76,audio_data/train/PTT_7_NU_S0041_76.wav,ɲ i-0 əː-0 iz ɓ ə-0 iz z əː-1 t əː-4 v əː-4 iz k ə-5 uz k u-1 ŋmz ɗ ɔ-5 kpz v aː-1 ɓ w o-3 iz t͡ɕ ɨə-0 h ɛ-1 ɓ aː-1 iz ɗ ɔ-5 kpz h aː-0 iz,ɲ i-0 əː-0 iz ɓ ə-0 iz z əː-1 t əː-4 v əː-4 iz k ə-5 uz k u-1 ŋmz ɗ ɔ-5 kpz v aː-1 ɓ w o-3 iz t͡ɕ ɨə-0 h ɛ-1 ɓ aː-1 iz ɗ ɔ-5 kpz h aː-0 iz
PC_7_NAM_S0004_78,audio_data/train/PC_7_NAM_S0004_78.wav,ɛ-0 mz ɣ aː-4 iz k uə-3 t əː-4 z ə-4 tz k w aː-0 nz t ə-0 mz ɗ e-4 nz t əː-4 l w o-0 nz l w o-0 nz ŋ i-2 ɗ e-4 nz ɲ ɨ-2 ŋz ɗ iə-1 uz t əː-4 k ə-1 nz,ɛ-0 mz ɣ aː-4 iz k uə-3 t əː-4 z ə-4 tz k w aː-0 nz t ə-0 mz ɗ e-4 nz t əː-4 l w o-0 nz l w o-0 nz ŋ i-2 ɗ e-4 nz ɲ ɨ-2 ŋz ɗ iə-1 uz t əː-4 k ə-1 nz
DNK_7_NU_S0048_170,audio_data/train/DNK_7_NU_S0048_170.wav,k ɔ-1 nz m o-5 tz k ə-0 uz n ɨə-2 k ə-5 uz t͡ɕ aː-3 l əː-1 iz z u-4 pz t əː-4 n o-4 tz,k ɔ-1 nz m o-5 tz k ə-0 uz n ɨə-2 k ə-5 uz t͡ɕ aː-3 l əː-1 iz z u-4 pz t əː-4 n o-4 tz
TTD_7_NAM_S0001_35,audio_data/train/TTD_7_NAM_S0001_35.wav,ɗ e-0 mz aː-0 ɗ aː-1 nz k ɔ-0 nz ɓ ɛ-4 t i-4 l i-4 uz z i-4 uz t͡ɕ a-5 iz s a-0 uz,ɗ e-0 mz aː-0 ɗ aː-1 nz k ɔ-0 nz ɓ ɛ-4 t i-4 l i-4 uz z i-4 uz t͡ɕ a-5 iz s a-0 uz
NMA_7_NU_S0002_190,audio_data/train/NMA_7_NU_S0002_190.wav,v ɨə-1 nz s a-0 uz ɣ aː-1 ɓ əː-4 iz z u-0 nz l e-0 nz,v ɨə-1 nz s a-0 uz ɣ aː-1 m əː-4 iz z u-0 nz l e-0 nz
PC_7_NAM_S0004_41,audio_data/train/PC_7_NAM_S0004_41.wav,v i-1 s aː-0 uz ɓ aː-5 nz l aː-5 iz tʰ i-4 k̟z l w aː-1 iz t͡ɕ i-0 mz k o-0 ŋmz,v i-1 s aː-0 uz ɓ aː-5 nz l aː-5 iz tʰ i-4 k̟z l w aː-1 iz t͡ɕ i-0 mz k o-0 ŋmz
DNK_7_NU_S0048_4,audio_data/train/DNK_7_NU_S0048_4.wav,h o-0 mz n a-0 iz v e-1 m əː-3 h o-5 iz,h o-0 mz n a-0 iz v e-1 m əː-3 h o-5 iz
GQM_Nam_6_S0006_120,audio_data/train/GQM_Nam_6_S0006_120.wav,s aː-4 ŋz s aː-4 ŋz m ɛ-5 z ə-2 nz t͡ɕ u-4 ɗ i-0 k iə-4 mz a-0 nz,s aː-4 ŋz s aː-4 ŋz m ɛ-5 z ə-2 nz t͡ɕ u-4 ɗ i-0 k iə-4 mz a-0 nz
TPA_Nu_6_S0009_202,audio_data/train/TPA_Nu_6_S0009_202.wav,v aː-1 uz ɗ e-4 nz n əː-0 iz e-4 k̟z ɲ a-3 iz t ɔ-4 tz l e-0 nz z ɨə-1 ŋz,v aː-1 uz ɗ e-4 nz n əː-0 iz e-4 k̟z ɲ a-3 iz t ɔ-4 tz l e-0 nz z ɨə-1 ŋz
TTT_Nu_6_S00049_40,audio_data/train/TTT_Nu_6_S00049_40.wav,i-0 ə-0 iz t əː-4 k ɔ-4 l aː-1,i-0 ə-0 iz t əː-4 k ɔ-4 l aː-1
LXT_Nam_6_S0008_87,audio_data/train/LXT_Nam_6_S0008_87.wav,ɗ ɨə-5 kz,ɗ ɨə-5 kz
TPA_Nu_6_S0009_131,audio_data/train/TPA_Nu_6_S0009_131.wav,o-0 iz tʰ e-4 h aː-3 s ɔ-4 kpz t͡ɕ i-5 ɓ w o-1 nz k w aː-4,o-0 iz tʰ e-4 h aː-3 s ɔ-4 kpz t͡ɕ i-5 ɓ w o-1 nz k w aː-4
NNM_Nu_6_S00045_20,audio_data/train/NNM_Nu_6_S00045_20.wav,k aː-3 mz əː-0 nz ɓ aː-5 nz,k aː-3 mz əː-0 nz ɓ aː-5 nz
GQM_Nam_6_S0006_10,audio_data/train/GQM_Nam_6_S0006_10.wav,k ɔ-0 nz tʰ u-4 ɗ ɔ-4 z ə-4 tz h iə-1 nz,k ɔ-0 nz tʰ u-4 ɗ ɔ-4 z ə-4 tz h iə-1 nz
CNBA_Nu_6_S0003_26,audio_data/train/CNBA_Nu_6_S0003_26.wav,k o-0 ŋmz t͡ɕ uə-4 ɗ eaː-1 ŋ̟z z aː-0 m əː-3 k ɨə-3,k o-0 ŋmz t͡ɕ uə-4 ɗ eaː-1 ŋ̟z z aː-0 m əː-3 k ɨə-3
HYT_Nu_6_S0005_84,audio_data/train/HYT_Nu_6_S0005_84.wav,ɲ əː-1 tʰ e-4 n aː-1 ŋz l ɨə-4 tz t͡ɕ e-0 nz ɓ iə-3 nz z ə-4 tz ɲ ɛ-5 ɲ aː-1 ŋz,ɲ əː-1 tʰ e-4 n aː-1 ŋz l ɨə-4 kz t͡ɕ e-0 nz ɓ iə-3 nz z ə-4 tz ɲ ɛ-5 ɲ aː-1 ŋz
PTT_7_NU_S0041_36,audio_data/train/PTT_7_NU_S0041_36.wav,m o-2 iz n aː-1 ŋz v iə-0 nz t ɨə-5 ŋz t͡ɕ ɨ-0 ŋz t͡ɕ ɔ-0 m uə-1 n aː-1 uz,m o-2 iz n aː-1 ŋz v iə-0 nz t ɨə-5 ŋz t͡ɕ ɨ-0 ŋz t͡ɕ ɔ-0 m uə-1 n aː-1 uz
THA_Nu_6_S00042_102,audio_data/train/THA_Nu_6_S00042_102.wav,m i-0 m aː-1 l aː-1 s ɨ-0 t ɨ-3 aː-0,m i-0 m aː-1 l aː-1 s ɨ-0 t ɨ-3 aː-0
THA_Nu_6_S00042_227,audio_data/train/THA_Nu_6_S00042_227.wav,t əː-4 ɗ o-4 ɓ aː-5 nz t iə-4 ŋz n aː-1 uz k ɔ-4 v ə-1 nz ə-0 iz,t əː-4 ɗ o-4 ɓ aː-5 nz t iə-4 ŋz n aː-1 uz k ɔ-4 v ə-1 nz ə-0 iz
HYT_Nu_6_S0005_59,audio_data/train/HYT_Nu_6_S0005_59.wav,z aː-0 ɓ iə-3 nz tʰ u-4 v i-5 tʰ ə-5 tz,z aː-0 ɓ iə-3 nz tʰ u-4 v i-5 tʰ ə-5 tz
NTN_7_NU_S0042_59,audio_data/train/NTN_7_NU_S0042_59.wav,ə-4 mz t͡ɕ aː-0 ŋz v əː-3 tʰ əː-0 mz tʰ ɔ-0,ə-4 mz t͡ɕ aː-0 ŋz v əː-3 tʰ əː-0 mz tʰ ɔ-0
DNK_7_NU_S0048_190,audio_data/train/DNK_7_NU_S0048_190.wav,k ɔ-0 nz t͡ɕ i-0 mz ɓ i-5 k ə-1 mz t u-1 h ɔ-5 ŋmz x o-0 ɓ ɔ-3 ŋmz v i-1 x aː-4 tz,k ɔ-0 nz t͡ɕ i-0 mz ɓ i-5 k ə-1 mz t u-1 h ɔ-5 ŋmz x o-0 ɓ ɔ-3 ŋmz v i-1 x aː-4 tz
NNM_Nu_6_S00045_106,audio_data/train/NNM_Nu_6_S00045_106.wav,eaː-0 ŋ̟z f aː-3 iz k e-0 uz h aː-0 h aː-0,eaː-0 ŋ̟z f aː-3 iz k e-0 uz h aː-0 h aː-0
PTL_7_NU_S0008_127,audio_data/train/PTL_7_NU_S0008_127.wav,n ɔ-4 s ɛ-2 x iə-4 nz k aː-4 kz ɗ o-1 v ə-5 tz ɓ a-1 ŋz n ɔ-4 s ɛ-2 x iə-4 nz k aː-4 kz ɗ o-1 v ə-5 tz ɓ a-1 ŋz tʰ w i-3 t i-0 ŋ̟z ɓ i-5 v əː-2 ɗ ə-4 iz,n ɔ-4 s ɛ-2 x iə-4 nz k aː-4 kz ɗ o-1 v ə-5 tz ɓ a-1 ŋz n ɔ-4 s ɛ-2 x iə-4 nz k aː-4 kz ɗ o-1 v ə-5 tz ɓ a-1 ŋz tʰ w i-3 t i-0 ŋ̟z ɓ i-5 v əː-2 ɗ ə-4 iz
DNK_7_NU_S0048_220,audio_data/train/DNK_7_NU_S0048_220.wav,ɓ e-0 x o-0 ŋmz t əː-4 x o-0 ŋmz ɓ a-4 tz t͡ɕ i-0 mz ɗ ə-0 uz t o-5 iz ŋ iə-5 pz n ɔ-4,ɓ e-0 x o-0 ŋmz t əː-4 x o-0 ŋmz ɓ a-4 tz t͡ɕ i-0 mz ɗ ə-0 uz t o-5 iz ŋ iə-5 pz n ɔ-4
TPA_Nu_6_S0009_110,audio_data/train/TPA_Nu_6_S0009_110.wav,tʰ e-4 z o-1 iz l ə-1 nz tʰ e-4 z o-1 iz l ə-1 nz l ɨə-5 tz k aː-4 kz k ɔ-0 nz ɗ i-0 l ə-4 iz t͡ɕ o-1 ŋmz,tʰ e-4 z o-1 iz l ə-1 nz tʰ e-4 z o-1 iz l ə-1 nz l ɨə-5 tz k aː-4 kz k ɔ-0 nz ɗ i-0 l ə-4 iz t͡ɕ o-1 ŋmz
THA_Nu_6_S00042_7,audio_data/train/THA_Nu_6_S00042_7.wav,k w aː-5 l aː-0 k w aː-1 k w aː-1 ɓ ɛ-4 s əː-5 ɣ i-1,k w aː-5 l aː-0 k w aː-1 k w aː-1 ɓ ɛ-4 s əː-5 ɣ i-1
THA_7_NU_S0043_119,audio_data/train/THA_7_NU_S0043_119.wav,ɓ e-0 k ɔ-4 v i-1 tʰ ə-1 iz ɗ aː-2 h ɨə-4 ŋz s w i-0 ŋ i-2 k uə-3 h ɔ-5 kpz s i-0 ŋ̟z v aː-1 v iə-5 kz k ɨ-4 uz k ə-0 iz h w aː-0,ɓ e-0 k ɔ-4 v i-1 tʰ ə-1 iz ɗ aː-2 h ɨə-4 ŋz s w i-0 ŋ i-2 k uə-3 h ɔ-5 kpz s i-0 ŋ̟z v aː-1 v iə-5 kz k ɨ-4 uz k ə-0 iz h w aː-0
NTN_7_NU_S0042_1,audio_data/train/NTN_7_NU_S0042_1.wav,n a-0 mz ŋ w aː-4 iz z əː-1 z aː-0 t͡ɕ əː-0 iz,n a-0 mz ŋ w aː-4 iz z əː-1 z aː-0 t͡ɕ əː-0 iz
NHM_7_NU_S0006_6,audio_data/train/NHM_7_NU_S0006_6.wav,m o-5 tz h o-0 mz tʰ ə-1 nz z ɔ-4 ɣ a-5 pz m o-5 tz ŋ ɨə-1 iz t e-0 nz l aː-1 m eaː-5 ŋ̟z,m o-5 tz h o-0 mz tʰ ə-1 nz z ɔ-4 ɣ a-5 pz m o-5 tz ŋ ɨə-1 iz t e-0 nz l aː-1 m eaː-5 ŋ̟z
PC_7_NAM_S0004_47,audio_data/train/PC_7_NAM_S0004_47.wav,v ə-5 iz ɲ aː-1 ɓ aː-5 nz k ɔ-4 n w o-0 iz l w aː-1 iz t͡ɕ i-0 mz n aː-1 uz x o-0 ŋmz ɲ aː-1 t əː-4 t͡ɕ aː-3 n w o-0 iz k ɔ-0 nz n aː-1 uz k aː-3,v ə-5 iz ɲ aː-1 ɓ aː-5 nz k ɔ-4 n w o-0 iz l w aː-1 iz t͡ɕ i-0 mz n aː-1 uz x o-0 ŋmz ɲ aː-1 t əː-4 t͡ɕ aː-3 n w o-0 iz k ɔ-0 nz n aː-1 uz k aː-3
PC_7_NAM_S0004_108,audio_data/train/PC_7_NAM_S0004_108.wav,t͡ɕ o-0 ŋmz m a-1 uz h o-1 ŋmz ɗ ə-5 mz z ə-4 tz t͡ɕ o-0 ŋmz z ə-4 tz ɗ ɛ-5 pz,t͡ɕ o-0 ŋmz m a-1 uz h o-1 ŋmz ɗ ə-5 mz z ə-4 tz t͡ɕ o-0 ŋmz z ə-4 tz ɗ ɛ-5 pz
THA_Nu_6_S00042_142,audio_data/train/THA_Nu_6_S00042_142.wav,z əː-1 t əː-4 s ɛ-2 k e-3 t͡ɕ ɔ-0 k ə-5 uz k ə-0 uz t͡ɕ w iə-5 nz,z əː-1 t əː-4 s ɛ-2 k e-3 t͡ɕ ɔ-0 k ə-5 uz k ə-0 uz t͡ɕ w iə-5 nz
GQM_Nam_6_S0006_64,audio_data/train/GQM_Nam_6_S0006_64.wav,tʰ e-4 ɓ aː-5 nz ɓ aː-5 nz ɗ aː-2 ɲ i-1 nz tʰ ə-4 iz k aː-4 iz ɣ i-1 əː-0 ɓ iə-3 nz t͡ɕ ɨə-0,tʰ e-4 ɓ aː-5 nz ɓ aː-5 nz ɗ aː-2 ɲ i-1 nz tʰ ə-4 iz k aː-4 iz ɣ i-1 əː-0 ɓ iə-3 nz t͡ɕ ɨə-0
THA_7_NU_S0043_142,audio_data/train/THA_7_NU_S0043_142.wav,t͡ɕ ɔ-0 i-0 ɗ u-4 ŋmz,t͡ɕ ɔ-0 i-0 ɗ u-4 ŋmz
PC_7_NAM_S0004_106,audio_data/train/PC_7_NAM_S0004_106.wav,v i-1 s aː-0 uz ɓ aː-5 nz l aː-5 iz tʰ i-4 k̟z l w aː-1 iz h w aː-0 h o-1 ŋmz,v i-1 s aː-0 uz ɓ aː-5 nz l aː-5 iz tʰ i-4 k̟z l w aː-1 iz h w aː-0 h o-1 ŋmz
CNBA_Nu_6_S0003_170,audio_data/train/CNBA_Nu_6_S0003_170.wav,t əː-4 s ɛ-2 ɗ iə-1 nz k aː-4 kz k u-5 mz t ɨ-1 k ɔ-1 nz tʰ iə-4 uz ɲ ɨ-0 s a-0 uz,t əː-4 s ɛ-2 ɗ iə-1 nz k aː-4 kz k u-5 mz t ɨ-1 k ɔ-1 nz tʰ iə-4 uz ɲ ɨ-0 s a-0 uz
NMA_7_NU_S0002_39,audio_data/train/NMA_7_NU_S0002_39.wav,ɗ ɨə-1 ŋz z ɨ-1 ŋz l w aː-5 iz l w aː-5 iz k ə-0 iz ɣ aː-0 iz,ɗ ɨə-1 ŋz z ɨ-1 ŋz l w aː-5 iz l w aː-5 iz k ə-0 iz ɣ aː-0 iz
NDBA_7_NAM_S0010_111,audio_data/train/NDBA_7_NAM_S0010_111.wav,v ə-5 iz l iə-5 uz ŋ aː-1 iz k ɔ-4 tʰ e-3 t͡ɕ ɔ-0 t o-0 iz t͡ɕ ɨ-4 ŋz k iə-4 nz f ɛ-4 pz tʰ w ə-5 tz k aː-0 uz s iə-0 uz k uə-3 ŋ aː-1 iz ɗ ɨə-5 kz x o-0 ŋmz,v ə-5 iz l iə-5 uz ŋ aː-1 iz k ɔ-4 tʰ e-3 t͡ɕ ɔ-0 t o-0 iz t͡ɕ ɨ-4 ŋz k iə-4 nz f ɛ-4 pz tʰ w ə-5 tz k aː-0 uz s iə-0 uz k uə-3 ŋ aː-1 iz ɗ ɨə-5 kz x o-0 ŋmz
THA_Nu_6_S00042_170,audio_data/train/THA_Nu_6_S00042_170.wav,z e-0 m ɛ-5 z a-5 nz l aː-1,z e-0 m ɛ-5 z a-5 nz n aː-1
HYT_Nu_6_S0005_120,audio_data/train/HYT_Nu_6_S0005_120.wav,əː-0 ɓ iə-3 nz l əː-4 nz k ɔ-4 m o-5 tz t͡ɕ u-4 k aː-4 m a-0 ŋz ɲ ɔ-3,əː-0 ɓ iə-3 nz l əː-4 nz k ɔ-4 m o-5 tz t͡ɕ u-4 k aː-4 m a-0 ŋz ɲ ɔ-3
HYT_Nu_6_S0005_20,audio_data/train/HYT_Nu_6_S0005_20.wav,ɗ ɔ-4 l aː-1 k ɛ-3 tʰ u-1 k uə-3 ɲ aː-1 t͡ɕ w o-5 tz,ɗ ɔ-4 l aː-1 k ɛ-3 tʰ u-1 k uə-3 ɲ aː-1 t͡ɕ w o-5 tz
CNBA_Nu_6_S0003_20,audio_data/train/CNBA_Nu_6_S0003_20.wav,k o-0 ŋmz t͡ɕ uə-4 ɲ ə-5 nz z aː-0 t iə-4 ŋz e-4 k̟z,k o-0 ŋmz t͡ɕ uə-4 ɲ ə-5 nz z aː-0 t iə-4 ŋz e-4 k̟z
TTD_7_NAM_S0001_57,audio_data/train/TTD_7_NAM_S0001_57.wav,z o-1 iz k ɔ-1 nz ɲ aː-1 k ə-5 uz tʰ i-1 n w o-0 iz k ɔ-0 nz v ə-5 tz ɣ i-1,z o-1 iz k ɔ-1 nz ɲ aː-1 k ə-5 uz tʰ i-1 n w o-0 iz k ɔ-0 nz v ə-5 tz ɣ i-1
NDBA_7_NAM_S0010_82,audio_data/train/NDBA_7_NAM_S0010_82.wav,m ɛ-1 uz k w a-0 iz t͡ɕ əː-3 l aː-5 iz z ɨ-1 ŋz v aː-1 ɓ a-4 tz tʰ e-0 mz ɗ ɨə-5 kz h aː-0 iz k ɔ-0 nz ɣ aː-1 l o-0 iz t a-5 ŋz ɗ ɨ-4 kz v uə-0 ɓ ɨə-4 kz v aː-1 uz k u-0 ŋmz ɗ iə-5 nz,m ɛ-1 uz k w a-0 iz t͡ɕ əː-3 l aː-5 iz z ɨ-1 ŋz v aː-1 ɓ a-4 tz tʰ e-0 mz ɗ ɨə-5 kz h aː-0 iz k ɔ-0 nz ɣ aː-1 l o-0 iz t a-5 ŋz ɗ ɨ-4 kz v uə-0 ɓ ɨə-4 kz v aː-1 uz k u-0 ŋmz ɗ iə-5 nz
TTD_7_NAM_S0001_143,audio_data/train/TTD_7_NAM_S0001_143.wav,ɗ ə-0 iz z o-1 iz n ɨə-4 kz m ɨə-0 ŋz t͡ɕ ɔ-0 ŋmz,ɗ ə-0 iz z o-1 iz n ɨə-4 kz m ɨə-0 ŋz t͡ɕ ɔ-0 ŋmz
NNM_Nu_6_S00045_69,audio_data/train/NNM_Nu_6_S00045_69.wav,t ɨ-1 ɗ ɔ-4 ɓ aː-0 eaː-0 ŋ̟z ɛ-0 mz l əː-5 nz s o-4 ŋmz v w i-0 v ɛ-3 v aː-1 h w aː-1 ɓ i-1 ŋ̟z,t ɨ-1 ɗ ɔ-4 ɓ aː-0 eaː-0 ŋ̟z ɛ-0 mz l əː-5 nz s o-4 ŋmz v w i-0 v ɛ-3 v aː-1 h w aː-1 ɓ i-1 ŋ̟z
GQM_Nam_6_S0006_11,audio_data/train/GQM_Nam_6_S0006_11.wav,n ɔ-4 t͡ɕ i-3 m w o-4 nz ɗ uə-1 k ɔ-0 nz,n ɔ-4 t͡ɕ i-3 m w o-4 nz ɗ uə-1 k ɔ-0 nz
PC_7_NAM_S0004_76,audio_data/train/PC_7_NAM_S0004_76.wav,v i-1 h ɔ-5 z ə-4 tz h iə-1 nz h a-0 iz z a-5 iz t͡ɕ ɔ-0 t əː-4 ɲ iə-1 uz tʰ ɨ-4,v i-1 h ɔ-5 z ə-4 tz h iə-1 nz h a-0 iz z a-5 iz t͡ɕ ɔ-0 t əː-4 ɲ iə-1 uz tʰ ɨ-4
CNBA_Nu_6_S0003_46,audio_data/train/CNBA_Nu_6_S0003_46.wav,t ɨ-1 ɗ ɔ-4 n aː-1 ŋz l w o-0 nz t ɨ-3 t e-4 v aː-1 ɲ aː-2 ɲ a-5 nz v əː-4 iz m ɔ-5 iz ŋ ɨə-1 iz z u-1 t͡ɕ o-0 ŋmz h ɔ-5 ɲ ɨ-0 tʰ e-4 n aː-1 uz ɗ i-0 n ɨə-2,t ɨ-1 ɗ ɔ-4 n aː-1 ŋz l w o-0 nz t ɨ-3 t e-4 v aː-1 ɲ aː-2 ɲ a-5 nz v əː-4 iz m ɔ-5 iz ŋ ɨə-1 iz z u-1 t͡ɕ o-0 ŋmz h ɔ-5 ɲ ɨ-0 tʰ e-4 n aː-1 uz ɗ i-0 n ɨə-2
VTA_Nam_6_S0002_3,audio_data/train/VTA_Nam_6_S0002_3.wav,tʰ ɔ-3 t͡ɕ a-4 ŋz v aː-1 k w aː-5 x w aː-0 ŋz,tʰ ɔ-3 t͡ɕ a-4 ŋz v aː-1 k w aː-5 x w aː-0 ŋz
GQM_Nam_6_S0006_82,audio_data/train/GQM_Nam_6_S0006_82.wav,n ɨə-3 tʰ ə-0 nz k iə-0 l aː-1 k aː-4,n ɨə-3 tʰ ə-0 nz k iə-0 l aː-1 k aː-4
GQM_Nam_6_S0006_24,audio_data/train/GQM_Nam_6_S0006_24.wav,m u-2 m u-2 n ɔ-4 ɗ ɔ-3 m ɔ-3 ɲ ɔ-5 nz m a-4 tz tʰ o-0 l o-4,m u-2 m u-2 n ɔ-4 ɗ ɔ-3 m ɔ-3 ɲ ɔ-5 nz m a-4 tz tʰ o-0 l o-4
LXT_Nam_6_S0008_98,audio_data/train/LXT_Nam_6_S0008_98.wav,v iə-5 kz t͡ɕ ɨə-0 s ɔ-0 ŋmz,v iə-5 kz t͡ɕ ɨə-0 s ɔ-0 ŋmz
DNK_7_NU_S0048_7,audio_data/train/DNK_7_NU_S0048_7.wav,k ɔ-3 m ɔ-5 kpz s i-0 ŋ̟z s eaː-0 ŋ̟z t͡ɕ ə-0 nz ɗ e-0,k ɔ-3 m ɔ-5 kpz s i-0 ŋ̟z s eaː-0 ŋ̟z t͡ɕ ə-0 nz ɗ e-0
NT_7_NAM_S0009_86,audio_data/train/NT_7_NAM_S0009_86.wav,iə-4 uz ɲ ɨ-0,iə-4 uz ɲ ɨ-0
THA_7_NU_S0043_84,audio_data/train/THA_7_NU_S0043_84.wav,m o-2 iz l ə-1 nz k ɔ-4 aː-0 iz x ɛ-0 nz ɲ ɨ-2 ŋz t͡ɕ ə-5 uz s ɛ-0 nz ɗ aː-4,m o-2 iz l ə-1 nz k ɔ-4 aː-0 iz x ɛ-0 nz ɲ ɨ-2 ŋz t͡ɕ ə-5 uz s ɛ-0 nz ɗ aː-4
PTL_7_NU_S0008_74,audio_data/train/PTL_7_NU_S0008_74.wav,k aː-4 s ə-4 uz k ɔ-4 h aː-1 mz z a-0 ŋz s a-4 kz ɲ ɔ-5 nz ɲ ɨ-0 ŋz ɓ e-4 k ɔ-0 nz k u-2 ŋmz z ə-4 tz x ɛ-4 uz,k aː-4 s ə-4 uz k ɔ-4 h aː-1 mz z a-0 ŋz s a-4 kz ɲ ɔ-5 nz ɲ ɨ-0 ŋz ɓ e-4 k ɔ-0 nz k u-2 ŋmz z ə-4 tz x ɛ-4 uz
NTM_Nam_6_S00010_42,audio_data/train/NTM_Nam_6_S00010_42.wav,ɲ aː-1 ɓ aː-5 nz ɲ ɔ-3 k ɔ-4 ɲ ɨ-2 ŋz ɗ o-1 v ə-5 tz ɣ i-1,ɲ aː-1 ɓ aː-5 nz ɲ ɔ-3 k ɔ-4 ɲ ɨ-2 ŋz ɗ o-1 v ə-5 tz ɣ i-1
HYT_Nu_6_S0005_15,audio_data/train/HYT_Nu_6_S0005_15.wav,t͡ɕ w o-5 tz u-4 tz h əː-4 nz h əː-3 k e-3 t iə-4 pz,t͡ɕ w o-5 tz u-4 tz h əː-4 nz h əː-3 k e-3 t iə-4 pz
TPA_Nu_6_S0009_68,audio_data/train/TPA_Nu_6_S0009_68.wav,t͡ɕ i-3 ɓ aː-1 m ɛ-5 əː-0 ɲ aː-1 m o-5 tz m i-1 ŋ̟z,t͡ɕ i-3 ɓ aː-1 m ɛ-5 əː-0 ɲ aː-1 m o-5 tz m i-1 ŋ̟z
LDMT_Nam_6_S00047_1,audio_data/train/LDMT_Nam_6_S00047_1.wav,s a-0 uz ɗ ə-0 iz t əː-4 s ɛ-2 k e-3 t͡ɕ ɔ-0 k aː-4 kz ɓ aː-5 nz ŋ ɛ-0 k ə-0 uz t͡ɕ w iə-5 nz n a-1 mz m əː-0,s a-0 uz ɗ ə-0 iz t əː-4 s ɛ-2 k e-3 t͡ɕ ɔ-0 k aː-4 kz ɓ aː-5 nz ŋ ɛ-0 k ə-0 uz t͡ɕ w iə-5 nz n a-1 mz m əː-0
DNK_7_NU_S0048_249,audio_data/train/DNK_7_NU_S0048_249.wav,t͡ɕ i-0 mz s əː-0 nz k aː-0 v aː-1 ɓ o-0 ŋmz k u-4 kpz t͡ɕ a-4 ŋz ɲ ɛ-4,t͡ɕ i-0 mz s əː-0 nz k aː-0 v aː-1 ɓ o-0 ŋmz k u-4 kpz t͡ɕ a-4 ŋz ɲ ɛ-4
TTD_7_NAM_S0001_41,audio_data/train/TTD_7_NAM_S0001_41.wav,ɓ ɨə-4 mz ɓ a-0 iz z ə-5 pz z əː-1 nz,ɓ ɨə-4 mz ɓ a-0 iz z ə-5 pz z əː-1 nz
GQM_Nam_6_S0006_53,audio_data/train/GQM_Nam_6_S0006_53.wav,t͡ɕ e-0 nz m a-5 tz ɓ iə-3 nz ɓ ɔ-5 nz ɓ ɔ-5 nz k aː-4 t͡ɕ w o-1 nz h a-0 mz h əː-3 l ɨə-4 tz ɗ i-0,t͡ɕ e-0 nz m a-5 tz ɓ iə-3 nz ɓ ɔ-5 nz ɓ ɔ-5 nz k aː-4 t͡ɕ w o-1 nz h a-0 mz h əː-3 l ɨə-4 tz ɗ i-0
NNM_Nu_6_S00045_1,audio_data/train/NNM_Nu_6_S00045_1.wav,s a-0 uz ɗ ə-0 iz t əː-4 s ɛ-2 k e-3 t͡ɕ w iə-5 nz ɓ ɛ-4 l e-0 ɓ ɛ-4 l e-0,s a-0 uz ɗ ə-0 iz t əː-4 s ɛ-2 k e-3 t͡ɕ w iə-5 nz ɓ ɛ-4 l e-0 ɓ ɛ-4 l e-0
VTA_Nam_6_S0002_8,audio_data/train/VTA_Nam_6_S0002_8.wav,h o-0 mz s a-0 uz k w aː-5 ɗ aː-0 ŋz əː-0 ɗ aː-0 ŋz ɗ aː-0 ŋz ɗ ə-5 uz əː-0 ɓ əː-1 z aː-1 uz tʰ i-1 ɓ i-5 t͡ɕ ɔ-4 v o-1,h o-0 mz s a-0 uz k w aː-5 ɗ aː-0 ŋz əː-0 ɗ aː-0 ŋz ɗ aː-0 ŋz ɗ ə-5 uz əː-0 ɓ əː-1 z aː-1 uz tʰ i-1 ɓ i-5 t͡ɕ ɔ-4 v o-1
HYT_Nu_6_S0005_45,audio_data/train/HYT_Nu_6_S0005_45.wav,t əː-4 ɗ o-4 k ə-5 uz ɗ ɔ-4 l aː-1 k ɔ-0 nz ɣ i-1,t əː-4 ɗ o-4 k ə-5 uz ɗ ɔ-4 l aː-1 k ɔ-0 nz ɣ i-1
LDMT_Nam_6_S00047_25,audio_data/train/LDMT_Nam_6_S00047_25.wav,m ɛ-5 n ɔ-4 tʰ u-3 tʰ i-3,m ɛ-5 n ɔ-4 tʰ u-3 tʰ i-3
NTN_7_NU_S0042_43,audio_data/train/NTN_7_NU_S0042_43.wav,t əː-4 k u-2 ŋmz v ə-2 nz k ɔ-1 nz ɲ əː-4 h i-1 ŋ̟z eaː-3 ŋ̟z k uə-3 h iə-5 uz t͡ɕ ɨə-3 ŋz ɗ eaː-4 ŋ̟z t͡ɕ o-4 ŋmz t͡ɕ e-0 nz s ə-0 nz x ə-4 uz v aː-1 ɗ ɨə-5 kz ŋ ɛ-0 k o-0 h iə-5 uz t͡ɕ ɨə-3 ŋz f aː-4 tz ɓ iə-3 uz,t əː-4 k u-2 ŋmz v ə-2 nz k ɔ-1 nz ɲ əː-4 h i-1 ŋ̟z eaː-3 ŋ̟z k uə-3 h iə-5 uz t͡ɕ ɨə-3 ŋz ɗ eaː-4 ŋ̟z t͡ɕ o-4 ŋmz t͡ɕ e-0 nz s ə-0 nz x ə-4 uz v aː-1 ɗ ɨə-5 kz ŋ ɛ-0 k o-0 h iə-5 uz t͡ɕ ɨə-3 ŋz f aː-4 tz ɓ iə-3 uz
CNBA_Nu_6_S0003_149,audio_data/train/CNBA_Nu_6_S0003_149.wav,t əː-4 ɗ ɔ-5 kpz l aː-5 iz ɓ aː-1 iz ɲ ɛ-4,t əː-4 ɗ ɔ-5 kpz l aː-5 iz ɓ aː-1 iz ɲ ɛ-4
THA_Nu_6_S00042_147,audio_data/train/THA_Nu_6_S00042_147.wav,t͡ɕ ɔ-4 s ɔ-4 iz t ɨ-1 s aː-0 ŋ ɛ-0 v ə-5 iz,t͡ɕ ɔ-4 s ɔ-4 iz t ɨ-1 s aː-0 ŋ ɛ-0 v ə-5 iz
GQM_Nam_6_S0006_1,audio_data/train/GQM_Nam_6_S0006_1.wav,s a-0 uz ɗ ə-0 iz t əː-4 s ɛ-2 ɗ ɔ-5 kpz ɓ aː-1 iz t͡ɕ w o-5 tz u-4 tz,s a-0 uz ɗ ə-0 iz t əː-4 s ɛ-2 ɗ ɔ-5 kpz ɓ aː-1 iz t͡ɕ w o-5 tz u-4 tz
THA_7_NU_S0043_70,audio_data/train/THA_7_NU_S0043_70.wav,v aː-1 z ə-4 tz t ɨ-5 h aː-1 uz m o-5 tz tʰ əː-1 iz z aː-0 nz s a-0 uz k ə-0 iz s ɛ-0 nz ɗ aː-4 k uə-3 v iə-5 tz l əː-4 nz l e-0 nz s i-0 ŋ̟z z aː-0 z ə-4 tz ɲ iə-1 uz k ə-0 iz k ɔ-0 nz,v aː-1 z ə-4 tz t ɨ-5 h aː-1 uz m o-5 tz tʰ əː-1 iz z aː-0 nz s a-0 uz k ə-0 iz s ɛ-0 nz ɗ aː-4 k uə-3 v iə-5 tz l əː-4 nz l e-0 nz s i-0 ŋ̟z z aː-0 z ə-4 tz ɲ iə-1 uz k ə-0 iz k ɔ-0 nz
NHM_7_NU_S0006_178,audio_data/train/NHM_7_NU_S0006_178.wav,ɓ w o-3 iz t͡ɕ iə-1 uz m ɛ-1 uz f aː-4 tz h iə-5 nz ɲ aː-1 v uə-0 v aː-1 k o-0 ŋmz t͡ɕ uə-4 ɗ aː-0 ŋz ɗ i-0 z aː-5 uz k w eaː-0 ŋ̟z v ɨə-0 ŋz k w o-4 kpz t͡ɕ e-0 nz s ɛ-0 ŋ ɨə-5,ɓ w o-3 iz t͡ɕ iə-1 uz m ɛ-1 uz f aː-4 tz h iə-5 nz ɲ aː-1 v uə-0 v aː-1 k o-0 ŋmz t͡ɕ uə-4 ɗ aː-0 ŋz ɗ i-0 z aː-5 uz k w eaː-0 ŋ̟z v ɨə-0 ŋz k w o-4 kpz t͡ɕ e-0 nz s ɛ-0 ŋ ɨə-5
NTN_7_NU_S0042_94,audio_data/train/NTN_7_NU_S0042_94.wav,ɲ ɨ-2 ŋz ɗ iə-3 mz m ɨə-1 iz k o-0 t͡ɕ ɔ-0,ɲ ɨ-2 ŋz ɗ iə-3 mz m ɨə-1 iz k o-0 t͡ɕ ɔ-0
NTM_Nam_6_S00010_46,audio_data/train/NTM_Nam_6_S00010_46.wav,ɲ aː-1 ɓ aː-5 nz ɲ ɔ-3 k ɔ-4 ɗ o-1 a-0 nz tʰ ɨ-4 kz w o-4 ŋmz ɣ i-1,ɲ aː-1 ɓ aː-5 nz ɲ ɔ-3 k ɔ-4 ɗ o-1 a-0 nz tʰ ɨ-4 kz w o-4 ŋmz ɣ i-1
DNK_7_NU_S0048_46,audio_data/train/DNK_7_NU_S0048_46.wav,ɛ-0 mz h iə-3 uz t͡ɕ i-0 mz ɛ-4 nz z u-3 m uə-1 s w ə-0 nz k u-1 ŋmz v e-1 ŋ iə-2 l aː-1 ɣ i-1,ɛ-0 mz h iə-3 uz t͡ɕ i-0 mz ɛ-4 nz z u-3 m uə-1 s w ə-0 nz k u-1 ŋmz v e-1 ŋ iə-2 l aː-1 ɣ i-1
CNBA_Nu_6_S0003_68,audio_data/train/CNBA_Nu_6_S0003_68.wav,ɣ ə-1 nz t͡ɕ ɨə-0 ɓ aː-0 ɓ aː-5 nz v e-1 ɲ aː-1,ɣ ə-1 nz t͡ɕ ɨə-0 ɓ aː-0 ɓ aː-5 nz v e-1 ɲ aː-1
NT_7_NAM_S0009_184,audio_data/train/NT_7_NAM_S0009_184.wav,t͡ɕ u-4 t aː-0 k ɔ-4 tʰ e-3 ŋ ɔ-4 ɗ ɨə-5 kz v aː-1 uz h aː-0 iz k ɨə-3 s o-3 t ə-1 ŋz h aː-0 iz k uə-3 m o-5 tz ŋ o-0 iz ɲ aː-1,t͡ɕ u-4 t aː-0 k ɔ-4 tʰ e-3 ŋ ɔ-4 ɗ ɨə-5 kz v aː-1 uz h aː-0 iz k ɨə-3 s o-3 t ə-1 ŋz h aː-0 iz k uə-3 m o-5 tz ŋ o-0 iz ɲ aː-1
NDBA_7_NAM_S0010_195,audio_data/train/NDBA_7_NAM_S0010_195.wav,m w o-2 iz z ɨ-1 ŋz ɲ iə-1 uz k w aː-5 tz ɓ a-0 iz,m w o-2 iz z ɨ-1 ŋz ɲ iə-1 uz k w aː-5 tz ɓ a-0 iz
PTL_7_NU_S0008_92,audio_data/train/PTL_7_NU_S0008_92.wav,t ɔ-3 t ɨə-1 ŋz ɓ iə-4 tz z ɔ-2,t ɔ-3 t ɨə-1 ŋz ɓ iə-4 tz z ɔ-2
DNK_7_NU_S0048_48,audio_data/train/DNK_7_NU_S0048_48.wav,ə-0 iz t͡ɕ i-0 mz ɛ-4 nz ɓ aː-4 uz h iə-5 uz m uə-1 s w ə-0 nz v e-1,ə-0 iz t͡ɕ i-0 mz ɛ-4 nz ɓ aː-4 uz h iə-5 uz m uə-1 s w ə-0 nz v e-1
MK_7_NAM_S0005_43,audio_data/train/MK_7_NAM_S0005_43.wav,əː-0 ɗ o-1 v ə-5 tz,əː-0 ɗ o-1 v ə-5 tz
TPA_Nu_6_S0009_17,audio_data/train/TPA_Nu_6_S0009_17.wav,v i-1 tʰ e-4 ɣ aː-1 t͡ɕ o-4 ŋmz t͡ɕ ɔ-0 l aː-1 m i-1 ŋ̟z z ə-4 tz k w aː-0 nz t͡ɕ ɔ-5 ŋmz,v i-1 tʰ e-4 ɣ aː-1 t͡ɕ o-4 ŋmz t͡ɕ ɔ-0 l aː-1 m i-1 ŋ̟z z ə-4 tz k w aː-0 nz t͡ɕ ɔ-5 ŋmz
NMA_7_NU_S0002_15,audio_data/train/NMA_7_NU_S0002_15.wav,ɲ ɨ-0 l i-0 ŋ̟z z ɨə-0 ŋz ɗ aː-1 ɗ iə-3 uz ŋ ɨə-5 v a-1 nz,ɲ ɨ-0 l i-0 ŋ̟z z ɨə-0 ŋz ɗ aː-1 ɗ iə-3 uz ŋ ɨə-5 v a-1 nz
TPA_Nu_6_S0009_203,audio_data/train/TPA_Nu_6_S0009_203.wav,k o-0 ŋmz t͡ɕ uə-4 t ɨ-4 kz z ə-5 nz n ɛ-4 mz m o-5 tz k aː-4 iz ɣ o-4 iz t ɔ-0 n ɛ-4 mz tʰ a-3 ŋz v aː-1 uz n ɔ-4,k o-0 ŋmz t͡ɕ uə-4 t ɨ-4 kz z ə-5 nz n ɛ-4 mz m o-5 tz k aː-4 iz ɣ o-4 iz t ɔ-0 n ɛ-4 mz tʰ a-3 ŋz v aː-1 uz n ɔ-4
DNK_7_NU_S0048_102,audio_data/train/DNK_7_NU_S0048_102.wav,m o-2 iz ɗ aː-5 iz m o-2 iz l ə-1 nz ɗ aː-5 iz ɓ aː-1 ŋz v o-2 k eaː-4 ŋ̟z,m o-2 iz ɗ aː-5 iz m o-2 iz l ə-1 nz ɗ aː-5 iz ɓ aː-1 ŋz v o-2 k eaː-4 ŋ̟z
CNBA_Nu_6_S0003_177,audio_data/train/CNBA_Nu_6_S0003_177.wav,t͡ɕ a-0 ŋz ŋ w aː-0 nz t͡ɕ a-0 ŋz s aː-4 ŋz s aː-4 ŋz s ə-0 nz ɲ aː-1,t͡ɕ a-0 ŋz ŋ w aː-0 nz t͡ɕ a-0 ŋz s aː-4 ŋz s ə-0 nz ɲ aː-1
NMA_7_NU_S0002_250,audio_data/train/NMA_7_NU_S0002_250.wav,k w o-4 kpz t w aː-3 nz t aː-5 əː-0 nz v uə-0 t͡ɕ ə-0 nz ɓ ɨə-4 kz l e-0 nz l e-0 nz ɓ əː-1 m aː-1 l ɔ-1 ŋmz ə-4 mz ɨ-4 kz,k w o-4 kpz t w aː-3 nz t aː-5 əː-0 nz v uə-0 t͡ɕ ə-0 nz ɓ ɨə-4 kz l e-0 nz l e-0 nz ɓ əː-1 m aː-1 l ɔ-1 ŋmz ə-4 mz ɨ-4 kz
PC_7_NAM_S0004_129,audio_data/train/PC_7_NAM_S0004_129.wav,k aː-4 kz ɲ ɨ-2 ŋz l w aː-5 iz v ə-5 tz n w o-0 iz tʰ i-1 ɓ aː-5 nz tʰ i-4 k̟z ɲ ə-4 tz l aː-1 l w aː-1 iz ɗ o-5 ŋmz v ə-5 tz n w o-0 iz n aː-1 uz,k aː-4 kz ɲ ɨ-2 ŋz l w aː-5 iz v ə-5 tz n w o-0 iz tʰ i-1 ɓ aː-5 nz tʰ i-4 k̟z ɲ ə-4 tz l aː-1 l w aː-1 iz ɗ o-5 ŋmz v ə-5 tz n w o-0 iz n aː-1 uz
THA_7_NU_S0043_40,audio_data/train/THA_7_NU_S0043_40.wav,t ə-5 pz l w iə-5 nz m o-5 tz k eaː-4 k̟z k iə-0 nz ɲ ə-2 nz v aː-1 ɓ e-1 nz ɓ i-3,t ə-5 pz l w iə-5 nz m o-5 tz k eaː-4 k̟z k iə-0 nz ɲ ə-2 nz v aː-1 ɓ e-1 nz ɓ i-3
GQM_Nam_6_S0006_100,audio_data/train/GQM_Nam_6_S0006_100.wav,t ɨ-1 ɗ ɔ-4 t͡ɕ u-4 ŋmz t aː-0 s ɛ-2 k ɔ-4 i-0 m o-5 tz ŋ ɛ-0 h aː-4 tz k w e-0 nz k aː-3 m e-5 tz k aː-3 ɓ w o-1 nz,t ɨ-1 ɗ ɔ-4 t͡ɕ u-4 ŋmz t aː-0 s ɛ-2 k ɔ-4 i-0 m o-5 tz ŋ ɛ-0 h aː-4 tz k w e-0 nz k aː-3 m e-5 tz k aː-3 ɓ w o-1 nz
TTD_7_NAM_S0001_71,audio_data/train/TTD_7_NAM_S0001_71.wav,ɓ o-1 k ə-0 uz ɓ o-4 m ɛ-5 tʰ a-0 iz ɲ a-0 uz ə-4 pz t͡ɕ ɨ-4 ŋz,ɓ o-1 k ə-0 uz ɓ o-4 m ɛ-5 tʰ a-0 iz ɲ a-0 uz ə-4 pz t͡ɕ ɨ-4 ŋz
THA_7_NU_S0043_26,audio_data/train/THA_7_NU_S0043_26.wav,ɗ ɨə-5 kz tʰ o-0 iz t əː-4 ɗ ɔ-5 kpz ɲ ɛ-4,ɗ ɨə-5 kz tʰ o-0 iz t əː-4 ɗ ɔ-5 kpz ɲ ɛ-4
NDBA_7_NAM_S0010_128,audio_data/train/NDBA_7_NAM_S0010_128.wav,k ɨ-4 t͡ɕ ɔ-0 m o-5 tz ɗ o-5 iz t i-1 ŋ̟z ɲ ə-0 nz tʰ ə-0 nz tʰ iə-4 tz,k ɨ-4 t͡ɕ ɔ-0 m o-5 tz ɗ o-5 iz t i-1 ŋ̟z ɲ ə-0 nz tʰ ə-0 nz tʰ iə-4 tz
PTT_7_NU_S0041_60,audio_data/train/PTT_7_NU_S0041_60.wav,s w ə-0 nz l aː-1 mz t͡ɕ ɔ-0 k ə-0 iz l aː-4 t ɨə-0 iz t o-4 tz,s w ə-0 nz l aː-1 mz t͡ɕ ɔ-0 k ə-0 iz l aː-4 t ɨə-0 iz t o-4 tz
DNK_7_NU_S0048_206,audio_data/train/DNK_7_NU_S0048_206.wav,ɗ ɔ-4 l aː-1 ɲ ə-0 nz v ə-5 tz t͡ɕ i-0 mz s əː-0 nz k aː-0 h aː-0 iz k ə-5 uz ɓ ɛ-4 v aː-1 ɓ o-0 ŋmz k u-4 kpz t͡ɕ a-4 ŋz,ɗ ɔ-4 l aː-1 ɲ ə-0 nz v ə-5 tz t͡ɕ i-0 mz s əː-0 nz k aː-0 h aː-0 iz k ə-5 uz ɓ ɛ-4 v aː-1 ɓ o-0 ŋmz k u-4 kpz t͡ɕ a-4 ŋz
TTD_7_NAM_S0001_36,audio_data/train/TTD_7_NAM_S0001_36.wav,k ɔ-0 nz m ɛ-5 ɗ ɛ-5 pz s aː-0 uz,k ɔ-0 nz m ɛ-5 ɗ ɛ-5 pz s aː-0 uz
LXT_Nam_6_S0008_81,audio_data/train/LXT_Nam_6_S0008_81.wav,ɗ e-3 ɓ aː-4 kz ŋ ɔ-0 nz m iə-5 ŋz k ɔ-0 nz h aː-4 tz t a-5 ŋz ɓ aː-4 kz m o-5 tz ɓ aː-1 iz h aː-4 tz ɲ ɛ-4,ɗ e-3 ɓ aː-4 kz ŋ ɔ-0 nz m iə-5 ŋz k ɔ-0 nz h aː-4 tz t a-5 ŋz ɓ aː-4 kz m o-5 tz ɓ aː-1 iz h aː-4 tz ɲ ɛ-4
PTL_7_NU_S0008_97,audio_data/train/PTL_7_NU_S0008_97.wav,t əː-4 s ɛ-2 m aː-0 ŋz m o-5 tz k ɔ-0 nz x i-3,t əː-4 s ɛ-2 m aː-0 ŋz m o-5 tz k ɔ-0 nz x i-3
TPA_Nu_6_S0009_78,audio_data/train/TPA_Nu_6_S0009_78.wav,o-0 iz tʰ ə-5 tz tʰ e-4 h aː-3 s ɔ-4 kpz,o-0 iz tʰ ə-5 tz tʰ e-4 h aː-3 s ɔ-4 kpz
CNBA_Nu_6_S0003_132,audio_data/train/CNBA_Nu_6_S0003_132.wav,m o-1 mz k aː-4 m ə-5 pz h aː-4 t ɔ-0 t͡ɕ ɔ-0 ŋmz m o-1 mz k aː-4 m ə-5 pz k ɔ-4 ɣ i-1 ɲ ɨ-2 ŋz ɣ i-1,m o-1 mz k aː-4 m ə-5 pz h aː-4 t ɔ-0 t͡ɕ ɔ-0 ŋmz m o-1 mz k aː-4 m ə-5 pz k ɔ-4 ɣ i-1 ɲ ɨ-2 ŋz ɣ i-1
THA_Nu_6_S00042_64,audio_data/train/THA_Nu_6_S00042_64.wav,t o-0 m i-1 t i-0 v i-0 t aː-5 t o-3,t o-0 m i-1 t i-0 v i-0 t aː-5 t o-3
TPA_Nu_6_S0009_122,audio_data/train/TPA_Nu_6_S0009_122.wav,t͡ɕ i-5 tʰ ɨə-0 ŋz m ɛ-5 t͡ɕ i-5 k w aː-4,t͡ɕ i-5 tʰ ɨə-0 ŋz m ɛ-5 t͡ɕ i-5 k w aː-4
NNM_Nu_6_S00045_21,audio_data/train/NNM_Nu_6_S00045_21.wav,t əː-4 ɗ o-4 ɓ aː-5 nz n e-0 uz i-0 n aː-1 uz ɗ u-4 ŋmz,t əː-4 ɗ o-4 ɓ aː-5 nz n e-0 uz i-0 n aː-1 uz ɗ u-4 ŋmz
NMA_7_NU_S0002_203,audio_data/train/NMA_7_NU_S0002_203.wav,əː-0 k w e-0 ŋ a-1 iz ŋ a-4 nz t i-4 t ɛ-0 uz,əː-0 k w e-0 ŋ a-1 iz ŋ a-4 nz t i-4 t ɛ-0 uz
NNM_Nu_6_S00045_45,audio_data/train/NNM_Nu_6_S00045_45.wav,l əː-5 nz k ɔ-1 nz l əː-5 nz u-4 tz s ə-0 iz m o-5 tz ŋ o-0 iz ɲ aː-1 ɓ a-1 ŋz ɣ eaː-5 k̟z z ə-4 tz v ɨ-2 ŋz t͡ɕ a-4 kz,l əː-5 nz k ɔ-1 nz l əː-5 nz u-4 tz s ə-0 iz m o-5 tz ŋ o-0 iz ɲ aː-1 ɓ a-1 ŋz ɣ eaː-5 k̟z z ə-4 tz v ɨ-2 ŋz t͡ɕ a-4 kz
MK_7_NU_S0007_56,audio_data/train/MK_7_NU_S0007_56.wav,tʰ u-0 k ɔ-0 nz ɗ ɨə-1 ŋz ɛ-0 mz ɗ i-0 h ɔ-5 kpz h a-1 ŋz ŋ a-1 iz ɓ o-2 ŋmz ɗ ɛ-5 pz h a-3 nz,tʰ u-0 k ɔ-0 nz ɗ ɨə-1 ŋz ɛ-0 mz ɗ i-0 h ɔ-5 kpz h a-1 ŋz ŋ a-1 iz ɓ o-2 ŋmz ɗ ɛ-5 pz h a-3 nz
PTL_7_NU_S0008_125,audio_data/train/PTL_7_NU_S0008_125.wav,ɗ u-4 ŋmz v ə-5 iz,ɗ u-4 ŋmz v ə-5 iz
PC_7_NAM_S0004_55,audio_data/train/PC_7_NAM_S0004_55.wav,v ə-5 iz ɓ aː-5 nz ɗ aː-2 l aː-1 mz ɣ i-1 ɗ e-3 ɓ aː-3 uz v e-5 ɲ ɨ-2 ŋz l w aː-1 iz ɗ o-5 ŋmz v ə-5 tz əː-0 t͡ɕ ɔ-0 ŋmz z ɨ-1 ŋz,v ə-5 iz ɓ aː-5 nz ɗ aː-2 l aː-1 mz ɣ i-1 ɗ e-3 ɓ aː-3 uz v e-5 ɲ ɨ-2 ŋz l w aː-1 iz ɗ o-5 ŋmz v ə-5 tz əː-0 t͡ɕ ɔ-0 ŋmz z ɨ-1 ŋz
CNBA_Nu_6_S0003_66,audio_data/train/CNBA_Nu_6_S0003_66.wav,v ɨə-5 nz t͡ɕ ɨə-0 z aː-4 mz z aː-0 s aː-0,v ɨə-5 nz t͡ɕ ɨə-0 z aː-4 mz z aː-0 s aː-0
MK_7_NAM_S0005_307,audio_data/train/MK_7_NAM_S0005_307.wav,əː-0 iz t o-3 k w o-4 kpz,əː-0 iz t o-3 k w o-4 kpz
LDMT_Nam_6_S00047_48,audio_data/train/LDMT_Nam_6_S00047_48.wav,tʰ i-1 ŋ ɛ-0 ɔ-0 mz s ɔ-1 mz,tʰ i-1 ŋ ɛ-0 ɔ-0 mz s ɔ-1 mz
NMA_7_NU_S0002_101,audio_data/train/NMA_7_NU_S0002_101.wav,m ɛ-1 uz h o-3 ɓ aː-4 uz s ɨ-0 t ɨ-3 t͡ɕ w o-5 tz t w i-4 ɣ ə-4 uz t w i-4,m ɛ-1 uz h o-3 ɓ aː-4 uz s ɨ-0 t ɨ-3 t͡ɕ w o-5 tz t w i-4 ɣ ə-4 uz t w i-4
CNBA_Nu_6_S0003_3,audio_data/train/CNBA_Nu_6_S0003_3.wav,t əː-4 t͡ɕ aː-1 uz k ə-5 uz v ə-5 iz k ə-5 uz ɗ ɔ-5 kpz t͡ɕ ɨə-4 kz ɗ i-0 ɲ ɛ-4,t əː-4 t͡ɕ aː-1 uz k ə-5 uz v ə-5 iz k ə-5 uz ɗ ɔ-5 kpz t͡ɕ ɨə-4 kz ɗ i-0 ɲ ɛ-4
PTL_7_NU_S0008_17,audio_data/train/PTL_7_NU_S0008_17.wav,k ɔ-0 nz k aː-4 s ə-4 uz tʰ i-1 h aː-4 m iə-5 ŋz z aː-0 ɗ e-3 t͡ɕ ɔ-0 k ɔ-0 nz v aː-1 uz,k ɔ-0 nz k aː-4 s ə-4 uz tʰ i-1 h aː-4 m iə-5 ŋz z aː-0 ɗ e-3 t͡ɕ ɔ-0 k ɔ-0 nz v aː-1 uz
LDMT_Nam_6_S00047_40,audio_data/train/LDMT_Nam_6_S00047_40.wav,l əː-4 pz k u-2 h ɔ-5 kpz əː-0 x ɔ-4 mz t͡ɕ ɛ-0 ŋ aː-1,l əː-4 pz k u-2 h ɔ-5 kpz əː-0 x ɔ-4 mz t͡ɕ ɛ-0 ŋ aː-1
LDMT_Nam_6_S00047_201,audio_data/train/LDMT_Nam_6_S00047_201.wav,ɗ u-4 ŋmz z o-1 iz ɓ aː-5 nz z ɔ-3 iz k w aː-4,ɗ u-4 ŋmz z o-1 iz ɓ aː-5 nz z ɔ-3 iz k w aː-4
THA_7_NU_S0043_36,audio_data/train/THA_7_NU_S0043_36.wav,z ɔ-5 nz t͡ɕ ɔ-0 k i-4 m o-5 tz t͡ɕ o-2 ŋ o-1 iz z iə-0 ŋz əː-0 ɣ ɔ-4 kpz l əː-4 pz t͡ɕ aː-3 iz t͡ɕ iə-4 uz t͡ɕ ɔ-0 k i-4 ŋ o-1 iz t ə-5 pz v iə-4 tz,z ɔ-5 nz t͡ɕ ɔ-0 k i-4 m o-5 tz t͡ɕ o-2 ŋ o-1 iz z iə-0 ŋz əː-0 ɣ ɔ-4 kpz l əː-4 pz t͡ɕ aː-3 iz t͡ɕ iə-4 uz t͡ɕ ɔ-0 k i-4 ŋ o-1 iz t ə-5 pz v iə-4 tz
PTL_7_NU_S0008_172,audio_data/train/PTL_7_NU_S0008_172.wav,m ɛ-1 uz h o-3 ɓ aː-4 uz s ɨ-0 t ɨ-3 tʰ aː-0 k ɔ-0 nz z o-4 ŋmz ɲ ɨ-0 tʰ aː-0 k ɔ-0 nz m o-1 iz z o-4 ŋmz ɲ ɨ-0 tʰ aː-0 k ɔ-0 nz m o-1 iz,m ɛ-1 uz h o-3 ɓ aː-4 uz s ɨ-0 t ɨ-3 tʰ aː-0 k ɔ-0 nz z o-4 ŋmz ɲ ɨ-0 tʰ aː-0 k ɔ-0 nz m o-1 iz z o-4 ŋmz ɲ ɨ-0 tʰ aː-0 k ɔ-0 nz m o-1 iz
THA_Nu_6_S00042_92,audio_data/train/THA_Nu_6_S00042_92.wav,ɗ o-4 ɓ aː-5 nz t i-1 mz t iə-4 ŋz n aː-1 uz k ɔ-4 ə-0 mz t͡ɕ əː-1,ɗ o-4 ɓ aː-5 nz t i-1 mz t iə-4 ŋz n aː-1 uz k ɔ-4 ə-0 mz t͡ɕ əː-1
PC_7_NAM_S0004_2,audio_data/train/PC_7_NAM_S0004_2.wav,s w o-4 tz ŋ a-1 iz ɗ ɔ-4 nz x eaː-4 k̟z,s w o-4 tz ŋ a-1 iz ɗ ɔ-4 nz x eaː-4 k̟z
DNK_7_NU_S0048_300,audio_data/train/DNK_7_NU_S0048_300.wav,ɓ o-0 ŋmz h w aː-0 ɗ aː-0 ŋz n əː-3 z ə-4 tz ɗ ɛ-5 pz,ɓ o-0 ŋmz h w aː-0 ɗ aː-0 ŋz n əː-3 z ə-4 tz ɗ ɛ-5 pz
TTT_Nu_6_S00049_82,audio_data/train/TTT_Nu_6_S00049_82.wav,n e-0 nz s ɔ-4 iz ɗ aː-2 h e-4 tz ɗ əː-1 iz z aː-0 nz aː-4 kz,n e-0 nz s ɔ-4 iz ɗ aː-2 h e-4 tz ɗ əː-1 iz z aː-0 nz aː-4 kz
NMA_7_NU_S0002_256,audio_data/train/NMA_7_NU_S0002_256.wav,z a-5 kz ŋ w iə-0 nz t͡ɕ ɔ-0 s ɨ-4 tʰ ə-1 nz s aː-0 ŋz z aː-3 v əː-1 m ɨə-5 nz ɗ ɨə-1 ŋz ɗ e-3 s ə-0 mz t͡ɕ iə-4 mz n ɨə-4 kz t aː-0,z a-5 kz ŋ w iə-0 nz t͡ɕ ɔ-0 s ɨ-4 tʰ ə-1 nz s aː-0 ŋz z aː-3 v əː-1 m ɨə-5 nz ɗ ɨə-1 ŋz ɗ e-3 s ə-0 mz t͡ɕ iə-4 mz n ɨə-4 kz t aː-0
CNBA_Nu_6_S0003_172,audio_data/train/CNBA_Nu_6_S0003_172.wav,h aː-0 iz k aː-4 m a-0 ŋz ɓ aː-4 mz t͡ɕ a-5 tz tʰ ə-0 nz t͡ɕ e-0 nz k aː-4 m ə-5 pz,h aː-0 iz k aː-4 m a-0 ŋz ɓ aː-4 mz t͡ɕ a-5 tz tʰ ə-0 nz t͡ɕ e-0 nz k aː-4 m ə-5 pz
LDMT_Nam_6_S00047_28,audio_data/train/LDMT_Nam_6_S00047_28.wav,ŋ ɛ-0 m ɛ-5 x i-3 t i-1 mz ɣ a-5 pz tʰ ɔ-3 v aː-1 ɲ i-4 mz,ŋ ɛ-0 m ɛ-5 x i-3 t i-1 mz ɣ a-5 pz tʰ ɔ-3 v aː-1 ɲ i-4 mz
THA_Nu_6_S00042_46,audio_data/train/THA_Nu_6_S00042_46.wav,s ɛ-3 z ə-5 tz m i-1 ŋ̟z s ɛ-3 ɓ a-0 iz ɗ i-0,s ɛ-3 z ə-5 tz m i-1 ŋ̟z s ɛ-3 ɓ a-0 iz ɗ i-0
THA_7_NU_S0043_88,audio_data/train/THA_7_NU_S0043_88.wav,ɗ ɨə-5 kz tʰ o-0 iz,ɗ ɨə-5 kz tʰ o-0 iz
TPA_Nu_6_S0009_29,audio_data/train/TPA_Nu_6_S0009_29.wav,i-0 ɗ u-4 ŋmz l aː-1 i-0 ə-0 iz ɣ aː-1 t͡ɕ o-4 ŋmz t͡ɕ ɔ-0 l aː-1 m i-1 ŋ̟z z ə-4 tz k w aː-0 nz t͡ɕ ɔ-5 ŋmz v aː-1 i-0 s e-0 ɣ aː-1 t͡ɕ o-4 ŋmz s aː-0 iz x iə-4 nz z a-5 iz z o-2 t ə-4 tz k aː-3,i-0 ɗ u-4 ŋmz l aː-1 i-0 ə-0 iz ɣ aː-1 t͡ɕ o-4 ŋmz t͡ɕ ɔ-0 l aː-1 m i-1 ŋ̟z z ə-4 tz k w aː-0 nz t͡ɕ ɔ-5 ŋmz v aː-1 i-0 s e-0 ɣ aː-1 t͡ɕ o-4 ŋmz s aː-0 iz x iə-4 nz z a-5 iz z o-2 t ə-4 tz k aː-3
THA_Nu_6_S00042_88,audio_data/train/THA_Nu_6_S00042_88.wav,t͡ɕ i-5 t͡ɕ aː-1 z o-2 t͡ɕ i-5 t͡ɕ aː-1 ɗ aː-2 z o-2 ɓ ɛ-4 ɲ ɛ-1 tʰ i-1 k o-0 t͡ɕ e-0 ɗ ɔ-4,t͡ɕ i-5 t͡ɕ aː-1 z o-2 t͡ɕ i-5 t͡ɕ aː-1 ɗ aː-2 z o-2 ɓ ɛ-4 ɲ ɛ-1 tʰ i-1 k o-0 t͡ɕ e-0 ɗ ɔ-4
NMA_7_NU_S0002_34,audio_data/train/NMA_7_NU_S0002_34.wav,v i-1 əː-0 z ɨ-1 ŋz v a-4 ŋz v ɛ-3,v i-1 əː-0 z ɨ-1 ŋz v a-4 ŋz v ɛ-3
NT_7_NAM_S0009_50,audio_data/train/NT_7_NAM_S0009_50.wav,k aː-4 uz ɲ iə-1 uz m ɨ-0 uz k e-4 ŋ o-1 iz t͡ɕ ɔ-0 ŋmz l w ə-5 nz ɓ aː-1 nz,k aː-4 uz ɲ iə-1 uz m ɨ-0 uz k e-4 ŋ o-1 iz t͡ɕ ɔ-0 ŋmz l w ə-5 nz ɓ aː-1 nz
DNK_7_NU_S0048_37,audio_data/train/DNK_7_NU_S0048_37.wav,h w aː-0 x w ɛ-0 s a-4 pz n əː-0 iz n əː-0 iz,h w aː-0 x w ɛ-0 s a-4 pz n əː-0 iz n əː-0 iz
PTL_7_NU_S0008_19,audio_data/train/PTL_7_NU_S0008_19.wav,ɗ ɔ-4 l aː-1 k ɔ-0 nz ɣ ə-4 uz t w i-4 t͡ɕ w o-5 tz t w i-4,ɗ ɔ-4 l aː-1 k ɔ-0 nz ɣ ə-4 uz t w i-4 t͡ɕ w o-5 tz t w i-4
NNM_Nu_6_S00045_105,audio_data/train/NNM_Nu_6_S00045_105.wav,eaː-0 ŋ̟z n ɔ-4 n ɔ-4 iz ɓ ɛ-1 nz ɓ aː-3 uz k aː-4 s ə-4 uz eaː-0 ŋ̟z k e-0 uz h u-0 h u-0 tʰ i-1 t͡ɕ a-3 ŋz k ɔ-4 ɣ i-1 ɗ aː-4 ŋz s əː-5,eaː-0 ŋ̟z n ɔ-4 n ɔ-4 iz ɓ ɛ-1 nz ɓ aː-3 uz k aː-4 s ə-4 uz eaː-0 ŋ̟z k e-0 uz h u-0 h u-0 tʰ i-1 t͡ɕ a-3 ŋz k ɔ-4 ɣ i-1 ɗ aː-4 ŋz s əː-5
NMA_7_NU_S0002_27,audio_data/train/NMA_7_NU_S0002_27.wav,n e-0 nz z aː-0 v ɔ-0 iz z ə-4 tz z a-1 iz,l e-0 nz z aː-0 v ɔ-0 iz z ə-4 tz z a-1 iz
PTL_7_NU_S0008_79,audio_data/train/PTL_7_NU_S0008_79.wav,ɲ ɨ-0 ŋz x o-0 ŋmz f aː-3 iz k ɔ-0 nz v ə-5 tz ɲ ɔ-3 n aː-1 uz k u-2 ŋmz ɗ ɨə-5 kz ɓ e-4,ɲ ɨ-0 ŋz x o-0 ŋmz f aː-3 iz k ɔ-0 nz v ə-5 tz ɲ ɔ-3 n aː-1 uz k u-2 ŋmz ɗ ɨə-5 kz ɓ e-4
TTD_7_NAM_S0001_61,audio_data/train/TTD_7_NAM_S0001_61.wav,k ɔ-1 nz ɓ ə-0 iz z əː-1 t͡ɕ u-4 ŋmz m i-1 ŋ̟z k u-1 ŋmz ɗ ɔ-5 kpz ɓ aː-1 iz ɓ o-1 k ə-0 uz t u-0 ŋmz k eaː-4 ŋ̟z ɲ ɛ-4,k ɔ-1 nz ɓ ə-0 iz z əː-1 t͡ɕ u-4 ŋmz m i-1 ŋ̟z k u-1 ŋmz ɗ ɔ-5 kpz ɓ aː-1 iz ɓ o-1 k ə-0 uz t u-0 ŋmz k eaː-4 ŋ̟z ɲ ɛ-4
TPA_Nu_6_S0009_24,audio_data/train/TPA_Nu_6_S0009_24.wav,s a-0 uz x i-0 t͡ɕ u-4 ŋmz m i-1 ŋ̟z ɗ ɔ-5 kpz s ɔ-0 ŋmz ɓ aː-1 iz tʰ i-1 ɓ aː-5 nz h a-2 iz t͡ɕ ɔ-0 t əː-4 ɓ iə-4 tz ɲ ɨ-2 ŋz i-0 n aː-1 uz ɗ u-4 ŋmz ɗ a-0 ŋz ɲ ɛ-4,s a-0 uz x i-0 t͡ɕ u-4 ŋmz m i-1 ŋ̟z ɗ ɔ-5 kpz s ɔ-0 ŋmz ɓ aː-1 iz tʰ i-1 ɓ aː-5 nz h a-2 iz t͡ɕ ɔ-0 t əː-4 ɓ iə-4 tz ɲ ɨ-2 ŋz i-0 n aː-1 uz ɗ u-4 ŋmz ɗ a-0 ŋz ɲ ɛ-4
PTL_7_NU_S0008_153,audio_data/train/PTL_7_NU_S0008_153.wav,k aː-4 iz v ɔ-1 iz n ɔ-4 k w o-4 nz ɗ o-3 ɲ aː-1 ɗ o-3 k ə-0 iz,k aː-4 iz v ɔ-1 iz n ɔ-4 k w o-4 nz ɗ o-3 ɲ aː-1 ɗ o-3 k ə-0 iz
TTD_7_NAM_S0001_124,audio_data/train/TTD_7_NAM_S0001_124.wav,t əː-4 k ɔ-4 eaː-0 ŋ̟z t͡ɕ i-5 ɨ-0,t əː-4 k ɔ-4 eaː-0 ŋ̟z t͡ɕ i-5 ɨ-0
THA_Nu_6_S00042_144,audio_data/train/THA_Nu_6_S00042_144.wav,l u-4 kpz m ɛ-5 z e-0 ɗ i-0 k iə-4 mz tʰ ɨ-4 kz a-0 nz,l u-4 kpz m ɛ-5 z e-0 ɗ i-0 k iə-4 mz tʰ ɨ-4 kz a-0 nz
HYT_Nu_6_S0005_74,audio_data/train/HYT_Nu_6_S0005_74.wav,n aː-1 ŋz t iə-0 nz k ɔ-4 k aː-4 k ɔ-4 t ə-4 tz k aː-3 k aː-4 kz tʰ ɨ-4 m aː-1 n aː-1 ŋz m w o-4 nz,n aː-1 ŋz t iə-0 nz k ɔ-4 k aː-4 k ɔ-4 t ə-4 tz k aː-3 k aː-4 kz tʰ ɨ-4 m ɛ-5 n aː-1 ŋz m w o-4 nz
NMA_7_NU_S0002_147,audio_data/train/NMA_7_NU_S0002_147.wav,t͡ɕ i-5 uz,t͡ɕ i-5 uz
THA_7_NU_S0043_140,audio_data/train/THA_7_NU_S0043_140.wav,k ə-5 uz t͡ɕ ɔ-0 t əː-4 ɓ iə-4 tz,k ə-5 uz t͡ɕ ɔ-0 t əː-4 ɓ iə-4 tz
PTT_7_NU_S0041_152,audio_data/train/PTT_7_NU_S0041_152.wav,tʰ i-1 tʰ e-4 tʰ i-1 s aː-0 uz k ə-5 uz tʰ i-4 k̟z m uə-1 h ɛ-1,tʰ i-1 tʰ e-4 tʰ i-1 s aː-0 uz k ə-5 uz tʰ i-4 k̟z m uə-1 h ɛ-1
TTD_7_NAM_S0001_111,audio_data/train/TTD_7_NAM_S0001_111.wav,n ɔ-4 z ə-4 tz z e-2 tʰ ɨə-0 ŋz v aː-1 ɗ aː-4 ŋz iə-0 uz,l ɔ-4 z ə-4 tz z e-2 tʰ ɨə-0 ŋz v aː-1 ɗ aː-4 ŋz iə-0 uz
DNK_7_NU_S0048_132,audio_data/train/DNK_7_NU_S0048_132.wav,ɗ ɔ-4 l aː-1 t͡ɕ i-0 mz s ə-0 uz,ɗ ɔ-4 l aː-1 t͡ɕ i-0 mz s ə-0 uz
THA_Nu_6_S00042_163,audio_data/train/THA_Nu_6_S00042_163.wav,eaː-0 ŋ̟z tʰ ə-5 tz l aː-1 ɗ o-5 kpz aː-4 kz,eaː-0 ŋ̟z tʰ ə-5 tz l aː-1 ɗ o-5 kpz aː-4 kz
MK_7_NU_S0007_38,audio_data/train/MK_7_NU_S0007_38.wav,k ɔ-0 nz t a-1 mz a-0 nz z ə-0 uz,k ɔ-0 nz t a-1 mz a-0 nz z ə-0 uz
TTT_Nu_6_S00049_52,audio_data/train/TTT_Nu_6_S00049_52.wav,k ɔ-4 ɓ aː-0 eaː-0 ŋ̟z ɛ-0 mz l əː-5 nz,k ɔ-4 ɓ aː-0 eaː-0 ŋ̟z ɛ-0 mz l əː-5 nz
LXT_Nam_6_S0008_28,audio_data/train/LXT_Nam_6_S0008_28.wav,ɓ e-0 l u-2 ɣ aː-1 m aː-4 iz v o-2 ŋ ɨ-5 kz ɗ i-0 ɗ i-0 l aː-5 iz l aː-5 iz,ɓ e-0 l u-2 ɣ aː-1 m aː-4 iz v o-2 ŋ ɨ-5 kz ɗ i-0 ɗ i-0 l aː-5 iz l aː-5 iz
NTM_Nam_6_S00010_28,audio_data/train/NTM_Nam_6_S00010_28.wav,k ɔ-4 ɗ e-5 pz ɓ eaː-4 ŋ̟z t͡ɕ ɨ-0 ŋz,k ɔ-4 ɗ e-5 pz ɓ eaː-4 ŋ̟z t͡ɕ ɨ-0 ŋz
PTT_7_NU_S0041_22,audio_data/train/PTT_7_NU_S0041_22.wav,s w ə-0 nz l aː-1 mz t͡ɕ ɔ-0 k ə-0 iz l aː-4 t ɨə-0 iz t o-4 tz,s w ə-0 nz l aː-1 mz t͡ɕ ɔ-0 k ə-0 iz l aː-4 t ɨə-0 iz t o-4 tz
HYT_Nu_6_S0005_123,audio_data/train/HYT_Nu_6_S0005_123.wav,k aː-4 m a-0 ŋz l ɔ-0 l a-4 ŋz l a-4 mz,k aː-4 m a-0 ŋz l ɔ-0 l a-4 ŋz l a-4 mz
NHM_7_NU_S0006_58,audio_data/train/NHM_7_NU_S0006_58.wav,m uə-1 n a-1 iz ŋ ɨə-1 iz l aː-1 ŋz t o-0 iz ɣ ɔ-5 iz l aː-1 m uə-1 n ɨə-4 kz n o-3 iz x o-0 ŋmz aː-0 iz ɣ ɔ-5 iz l aː-1 m uə-1 n ɨə-4 kz l u-2 v i-1 n ɨə-4 kz l e-0 nz h iə-1 nz h w aː-1 x o-0 ŋmz z ɨ-2 z o-5 iz ɲ ɨ-0 ɲ ɨ-2 ŋz n əː-0 iz x aː-4 kz,m uə-1 l a-1 iz ŋ ɨə-1 iz l aː-1 ŋz t o-0 iz ɣ ɔ-5 iz l aː-1 m uə-1 l ɨə-4 kz l o-3 iz x o-0 ŋmz aː-0 iz ɣ ɔ-5 iz l aː-1 m uə-1 l ɨə-4 kz l u-2 v i-1 l ɨə-4 kz l e-0 nz h iə-1 nz h w aː-1 x o-0 ŋmz z ɨ-2 z o-5 iz ɲ ɨ-0 ɲ ɨ-2 ŋz n əː-0 iz x aː-4 kz
NMA_7_NU_S0002_131,audio_data/train/NMA_7_NU_S0002_131.wav,t͡ɕ i-4 nz k ɔ-0 ŋmz ɗ w o-0 iz ɣ aː-1,t͡ɕ i-4 nz k ɔ-0 ŋmz ɗ w o-0 iz ɣ aː-1
THA_7_NU_S0043_127,audio_data/train/THA_7_NU_S0043_127.wav,z u-3 m uə-1 s w ə-0 nz k u-1 ŋmz v e-1,z u-3 m uə-1 s w ə-0 nz k u-1 ŋmz v e-1
TPA_Nu_6_S0009_39,audio_data/train/TPA_Nu_6_S0009_39.wav,ɣ aː-1 t͡ɕ o-4 ŋmz s əː-5 h e-4 tz h o-1 nz t͡ɕ a-5 iz m ə-4 tz,ɣ aː-1 t͡ɕ o-4 ŋmz s əː-5 h e-4 tz h o-1 nz t͡ɕ a-5 iz m ə-4 tz
LXT_Nam_6_S0008_92,audio_data/train/LXT_Nam_6_S0008_92.wav,ɗ aː-0 ŋz ɓ a-0 iz v o-5 iz,ɗ aː-0 ŋz ɓ a-0 iz v o-5 iz
NMA_7_NU_S0002_64,audio_data/train/NMA_7_NU_S0002_64.wav,h w aː-0 m aː-0 iz z ə-5 nz z aː-4 tz v aː-1 ŋz,h w aː-0 m aː-0 iz z ə-5 nz z aː-4 tz v aː-1 ŋz
NMA_7_NU_S0002_172,audio_data/train/NMA_7_NU_S0002_172.wav,v e-1 v e-1 k w e-0,v e-1 v e-1 k w e-0
NDBA_7_NAM_S0010_48,audio_data/train/NDBA_7_NAM_S0010_48.wav,n ɔ-4 k ɔ-4 m o-5 tz m a-4 tz t͡ɕ ɔ-1 nz ɲ ɨ-0 h ɔ-1 nz ɓ i-0,n ɔ-4 k ɔ-4 m o-5 tz m a-4 tz t͡ɕ ɔ-1 nz ɲ ɨ-0 h ɔ-1 nz ɓ i-0
NMA_7_NU_S0002_36,audio_data/train/NMA_7_NU_S0002_36.wav,k ɔ-4 ɗ w o-0 iz l aː-1 mz ɗ o-1 t͡ɕ əː-0 iz,k ɔ-4 ɗ w o-0 iz l aː-1 mz ɗ o-1 t͡ɕ əː-0 iz
NMA_7_NU_S0002_97,audio_data/train/NMA_7_NU_S0002_97.wav,tʰ iə-0 nz ŋ aː-0 m ɛ-5 k ɔ-2 ŋmz k ɔ-0 nz t͡ɕ e-0 nz l ɨ-0 ŋz ɓ əː-0 iz ɗ i-0 ɗ ə-0 iz ɗ i-0 ɗ ɔ-4,tʰ iə-0 nz ŋ aː-0 m ɛ-5 k ɔ-2 ŋmz k ɔ-0 nz t͡ɕ e-0 nz l ɨ-0 ŋz ɓ əː-0 iz ɗ i-0 ɗ ə-0 iz ɗ i-0 ɗ ɔ-4
PTL_7_NU_S0008_157,audio_data/train/PTL_7_NU_S0008_157.wav,t͡ɕ w iə-5 nz m o-5 tz ɓ aː-1 iz tʰ əː-0 ɓ aː-1 iz ɓ aː-4 uz tʰ ə-5 tz h a-0 iz,t͡ɕ w iə-5 nz m o-5 tz ɓ aː-1 iz tʰ əː-0 ɓ aː-1 iz ɓ aː-4 uz tʰ ə-5 tz h a-0 iz
NNM_Nu_6_S00045_55,audio_data/train/NNM_Nu_6_S00045_55.wav,x iə-4 nz v eaː-4 k̟z ɲ aː-1 ɓ u-0 ŋmz z aː-0,x iə-4 nz v eaː-4 k̟z ɲ aː-1 ɓ u-0 ŋmz z aː-0
NNM_Nu_6_S00045_18,audio_data/train/NNM_Nu_6_S00045_18.wav,k aː-4 m ə-5 pz əː-0 t i-0 v i-0 m aː-1,k aː-4 m ə-5 pz əː-0 t i-0 v i-0 m aː-1
NHM_7_NU_S0006_83,audio_data/train/NHM_7_NU_S0006_83.wav,n ɨə-4 kz t͡ɕ ɔ-0 ŋmz aː-0 uz h o-1,n ɨə-4 kz t͡ɕ ɔ-0 ŋmz aː-0 uz h o-1
NHM_7_NU_S0006_16,audio_data/train/NHM_7_NU_S0006_16.wav,tʰ ə-1 nz z ɔ-4 z ə-5 nz z ɨ-2 l o-1 ŋmz l o-5 nz s w o-4 tz ɗ e-0 mz ɲ ɨ-0 ŋz x o-0 ŋmz tʰ e-3 s o-0 ɗ o-3 ŋ o-0 iz ɲ aː-1,tʰ ə-1 nz z ɔ-4 z ə-5 nz z ɨ-2 l o-1 ŋmz l o-5 nz s w o-4 tz ɗ e-0 mz ɲ ɨ-0 ŋz x o-0 ŋmz tʰ e-3 s o-0 ɗ o-3 ŋ o-0 iz ɲ aː-1
CNBA_Nu_6_S0003_54,audio_data/train/CNBA_Nu_6_S0003_54.wav,ɗ e-4 nz l ɨə-5 tz k u-4 nz n ɔ-4 l ɨə-4 tz ɲ ɨ-0 m uə-4 l ɨə-5 nz,ɗ e-4 nz l ɨə-5 tz k u-4 nz l ɔ-4 l ɨə-4 tz ɲ ɨ-0 m uə-4 l ɨə-5 nz
THA_7_NU_S0043_4,audio_data/train/THA_7_NU_S0043_4.wav,tʰ ə-1 iz m i-3 mz k ɨə-1 iz,tʰ ə-1 iz m i-3 mz k ɨə-1 iz
NDBA_7_NAM_S0010_105,audio_data/train/NDBA_7_NAM_S0010_105.wav,ɗ ə-0 iz l aː-1 z w o-5 ŋmz k uə-3 aː-0 iz,ɗ ə-0 iz l aː-1 z w o-5 ŋmz k uə-3 aː-0 iz
THA_Nu_6_S00042_42,audio_data/train/THA_Nu_6_S00042_42.wav,k iə-4 nz ɗ aː-2 k ɨ-4 uz ɓ o-1 k ə-0 uz ɲ ɨ-0 tʰ e-4 n aː-1 uz,k iə-4 nz ɗ aː-2 k ɨ-4 uz ɓ o-1 k ə-0 uz ɲ ɨ-0 tʰ e-4 n aː-1 uz
MK_7_NU_S0007_63,audio_data/train/MK_7_NU_S0007_63.wav,t əː-4 ɗ ɔ-5 kpz ɓ aː-1 iz n a-1 iz,t əː-4 ɗ ɔ-5 kpz ɓ aː-1 iz n a-1 iz
LXT_Nam_6_S0008_13,audio_data/train/LXT_Nam_6_S0008_13.wav,t͡ɕ i-5 ɗ aː-2 t͡ɕ ɔ-0 ɓ ɔ-5 nz t͡ɕ ɛ-3 a-0 nz t͡ɕ ɨə-0,t͡ɕ i-5 ɗ aː-2 t͡ɕ ɔ-0 ɓ ɔ-5 nz t͡ɕ ɛ-3 a-0 nz t͡ɕ ɨə-0
TTT_Nu_6_S00049_10,audio_data/train/TTT_Nu_6_S00049_10.wav,m aː-4 ə-4 mz k w aː-4,m aː-4 ə-4 mz k w aː-4
NNM_Nu_6_S00045_89,audio_data/train/NNM_Nu_6_S00045_89.wav,s a-0 uz ɗ ə-0 iz m i-1 ŋ̟z s ɛ-2 k e-3 t͡ɕ ɔ-0 ɓ aː-5 nz ŋ ɛ-0 ɓ aː-1 iz t͡ɕ u-4 tʰ ɔ-3 tʰ o-0 ŋmz m i-0 ŋ̟z,s a-0 uz ɗ ə-0 iz m i-1 ŋ̟z s ɛ-2 k e-3 t͡ɕ ɔ-0 ɓ aː-5 nz ŋ ɛ-0 ɓ aː-1 iz t͡ɕ u-4 tʰ ɔ-3 tʰ o-0 ŋmz m i-0 ŋ̟z
DNK_7_NU_S0048_79,audio_data/train/DNK_7_NU_S0048_79.wav,ɲ ɨ-2 ŋz k ɔ-0 nz t͡ɕ i-0 mz k əː-0 k əː-0 ɓ u-4 kpz m i-1 ŋ̟z ɗ ɔ-3 t͡ɕ ɔ-4 tz v aː-1 ɲ ɔ-3 ɲ ɨ-0 k w aː-3 əː-4 tz,ɲ ɨ-2 ŋz k ɔ-0 nz t͡ɕ i-0 mz k əː-0 k əː-0 ɓ u-4 kpz m i-1 ŋ̟z ɗ ɔ-3 t͡ɕ ɔ-4 tz v aː-1 ɲ ɔ-3 ɲ ɨ-0 k w aː-3 əː-4 tz
NMA_7_NU_S0002_138,audio_data/train/NMA_7_NU_S0002_138.wav,o-0 ɗ ə-0 iz z o-4 ŋmz k w aː-4,o-0 ɗ ə-0 iz z o-4 ŋmz k w aː-4
TPA_Nu_6_S0009_41,audio_data/train/TPA_Nu_6_S0009_41.wav,ɗ e-3 t əː-4 ɗ ɔ-5 kpz l aː-5 iz ɲ ɛ-4,ɗ e-3 t əː-4 ɗ ɔ-5 kpz l aː-5 iz ɲ ɛ-4
TPA_Nu_6_S0009_96,audio_data/train/TPA_Nu_6_S0009_96.wav,t͡ɕ i-5 ɓ aː-0 əː-0 iz t͡ɕ i-5 m ɛ-5 m ɛ-5 t͡ɕ i-5 ɗ aː-0 ŋz o-4 mz ɗ ə-4 iz,t͡ɕ i-5 ɓ aː-0 əː-0 iz t͡ɕ i-5 m ɛ-5 m ɛ-5 t͡ɕ i-5 ɗ aː-0 ŋz o-4 mz ɗ ə-4 iz
NTM_Nam_6_S00010_52,audio_data/train/NTM_Nam_6_S00010_52.wav,k aː-4 iz k aː-4 iz l iə-1 mz k a-4 tz l aː-4,k aː-4 iz k aː-4 iz l iə-1 mz k a-4 tz l aː-4
NT_7_NAM_S0009_1,audio_data/train/NT_7_NAM_S0009_1.wav,ŋ a-1 iz s ɨə-0 l w aː-1 iz ŋ ɨə-1 iz t͡ɕ ɨə-0 ɓ iə-4 tz l aː-1 mz ɲ aː-1 f aː-3 iz əː-0 h aː-0 ŋz n w i-4,ŋ a-1 iz s ɨə-0 l w aː-1 iz ŋ ɨə-1 iz t͡ɕ ɨə-0 ɓ iə-4 tz l aː-1 mz ɲ aː-1 f aː-3 iz əː-0 h aː-0 ŋz l w i-4
NHM_7_NU_S0006_179,audio_data/train/NHM_7_NU_S0006_179.wav,tʰ ə-4 iz v ə-5 iz m ɛ-1 uz k ɛ-4 uz k ə-5 uz t͡ɕ u-3 z aː-0 h o-1 n ɔ-4 iz,tʰ ə-4 iz v ə-5 iz m ɛ-1 uz k ɛ-4 uz k ə-5 uz t͡ɕ u-3 z aː-0 h o-1 l ɔ-4 iz
PTL_7_NU_S0008_30,audio_data/train/PTL_7_NU_S0008_30.wav,m ɛ-1 uz s ɨ-0 t ɨ-3,m ɛ-1 uz s ɨ-0 t ɨ-3
HYT_Nu_6_S0005_13,audio_data/train/HYT_Nu_6_S0005_13.wav,t əː-4 ɗ ɔ-5 kpz ɓ aː-1 iz t͡ɕ w o-5 tz u-4 tz h aː-0 iz ɲ ɛ-4,t əː-4 ɗ ɔ-5 kpz ɓ aː-1 iz t͡ɕ w o-5 tz u-4 tz h aː-0 iz ɲ ɛ-4
NMA_7_NU_S0002_219,audio_data/train/NMA_7_NU_S0002_219.wav,t aː-0 s ɛ-2 ɗ ɨə-0 n a-0 mz m ɨə-0 iz k ɔ-0 nz s w o-4 ŋmz ɓ iə-3 nz n aː-1 ŋz ɗ ɨə-0 n a-0 mz m ɨə-0 iz k ɔ-0 nz l e-0 nz n w i-4 t͡ɕ iə-0 ɲ a-0 uz z ɨə-2,t aː-0 s ɛ-2 ɗ ɨə-0 l a-0 mz m ɨə-0 iz k ɔ-0 nz s w o-4 ŋmz ɓ iə-3 nz l aː-1 ŋz ɗ ɨə-0 n a-0 mz m ɨə-0 iz k ɔ-0 nz l e-0 nz n w i-4 t͡ɕ iə-0 ɲ a-0 uz z ɨə-2
PTL_7_NU_S0008_64,audio_data/train/PTL_7_NU_S0008_64.wav,t͡ɕ u-4 ŋmz m i-1 ŋ̟z h a-2 iz m aː-0 ŋz ɗ e-4 nz l əː-4 pz m o-5 tz k w iə-3 nz s eaː-4 k̟z t əː-1 ɓ aː-4 uz v iə-4 tz v e-1 k aː-4 kz l w aː-1 iz v ə-5 tz,t͡ɕ u-4 ŋmz m i-1 ŋ̟z h a-2 iz m aː-0 ŋz ɗ e-4 nz l əː-4 pz m o-5 tz k w iə-3 nz s eaː-4 k̟z t əː-1 ɓ aː-4 uz v iə-4 tz v e-1 k aː-4 kz l w aː-1 iz v ə-5 tz
NNM_Nu_6_S00045_96,audio_data/train/NNM_Nu_6_S00045_96.wav,z aː-3 v əː-1 n a-1 mz i-0 mz v aː-1 z aː-3 v əː-1 ŋ u-3,z aː-3 v əː-1 n a-1 mz i-0 mz v aː-1 z aː-3 v əː-1 ŋ u-3
NDBA_7_NAM_S0010_102,audio_data/train/NDBA_7_NAM_S0010_102.wav,n e-4 uz h ɔ-3 iz ɗ o-1 ŋmz l uə-4 k uə-3 aː-0 iz tʰ i-1 k ɨ-4 n ɔ-4 iz l aː-1 k uə-3 ɓ aː-4 t ɨə-4 kz ɲ ɛ-4,n e-4 uz h ɔ-3 iz ɗ o-1 ŋmz l uə-4 k uə-3 aː-0 iz tʰ i-1 k ɨ-4 n ɔ-4 iz l aː-1 k uə-3 ɓ aː-4 t ɨə-4 kz ɲ ɛ-4
TTD_7_NAM_S0001_53,audio_data/train/TTD_7_NAM_S0001_53.wav,k ɔ-1 nz ɲ aː-1 k ə-5 uz tʰ i-1 ɓ o-4 m ɛ-5 k ə-5 uz iə-0 uz tʰ ɨə-0 ŋz k ə-5 uz ɲ ɨ-0 n aː-1 uz,k ɔ-1 nz ɲ aː-1 k ə-5 uz tʰ i-1 ɓ o-4 m ɛ-5 k ə-5 uz iə-0 uz tʰ ɨə-0 ŋz k ə-5 uz ɲ ɨ-0 n aː-1 uz
PC_7_NAM_S0004_258,audio_data/train/PC_7_NAM_S0004_258.wav,t əː-4 z ə-4 tz v w i-0 x i-0 l aː-1 mz ɲ ɨ-2 ŋz ɗ iə-1 uz ɗ ɔ-4,t əː-4 z ə-4 tz v w i-0 x i-0 l aː-1 mz ɲ ɨ-2 ŋz ɗ iə-1 uz ɗ ɔ-4
NT_7_NAM_S0009_22,audio_data/train/NT_7_NAM_S0009_22.wav,ŋ aː-5 uz ŋ e-2 k ɔ-0 iz tʰ ɨə-1 ŋz t ə-4 tz k aː-3,ŋ aː-5 uz ŋ e-2 k ɔ-0 iz tʰ ɨə-1 ŋz t ə-4 tz k aː-3
HYT_Nu_6_S0005_21,audio_data/train/HYT_Nu_6_S0005_21.wav,k ɔ-0 nz m aː-1 ɗ e-4 nz ɣ ə-1 nz n ɔ-4 s ɛ-2 a-0 nz tʰ i-5 tz k ɔ-0 nz ɗ ɔ-4,k ɔ-0 nz m aː-1 ɗ e-4 nz ɣ ə-1 nz n ɔ-4 s ɛ-2 a-0 nz tʰ i-5 tz k ɔ-0 nz ɗ ɔ-4
NTM_Nam_6_S00010_12,audio_data/train/NTM_Nam_6_S00010_12.wav,tʰ a-1 ŋz k u-0 tʰ a-1 ŋz k u-0 v o-2 t͡ɕ aː-1 iz,tʰ a-1 ŋz k u-0 tʰ a-1 ŋz k u-0 v o-2 t͡ɕ aː-1 iz
CNBA_Nu_6_S0003_169,audio_data/train/CNBA_Nu_6_S0003_169.wav,ɓ o-4 nz k aː-4 m a-0 ŋz t i-1 mz v e-1 ɲ aː-1 v aː-1 ɣ a-5 pz m ɛ-5,ɓ o-4 nz k aː-4 m a-0 ŋz t i-1 mz v e-1 ɲ aː-1 v aː-1 ɣ a-5 pz m ɛ-5
TTD_7_NAM_S0001_144,audio_data/train/TTD_7_NAM_S0001_144.wav,k ɔ-4 eaː-4 ŋ̟z m a-5 tz t͡ɕ əː-1 iz h o-1 ŋmz,k ɔ-4 eaː-4 ŋ̟z m a-5 tz t͡ɕ əː-1 iz h o-1 ŋmz
NHM_7_NU_S0006_124,audio_data/train/NHM_7_NU_S0006_124.wav,tʰ ə-4 iz v əː-5 t͡ɕ o-1 ŋmz t͡ɕ aː-1 ŋz ɓ ə-5 nz z o-5 nz l aː-1 mz h aː-0 iz tʰ ɨ-4 ɓ eaː-4 ŋ̟z k w i-4 ɓ ɛ-1 nz z u-3 ɲ a-0 uz s aː-0 ŋz l aː-1 mz z u-4 pz h ɔ-5,tʰ ə-4 iz v əː-5 t͡ɕ o-1 ŋmz t͡ɕ aː-1 ŋz ɓ ə-5 nz z o-5 nz l aː-1 mz h aː-0 iz tʰ ɨ-4 ɓ eaː-4 ŋ̟z k w i-4 ɓ ɛ-1 nz z u-3 ɲ a-0 uz s aː-0 ŋz l aː-1 mz z u-4 pz h ɔ-5
DNK_7_NU_S0048_70,audio_data/train/DNK_7_NU_S0048_70.wav,ɗ aː-0 ŋz t͡ɕ aː-0 uz l ɨə-5 nz,ɗ aː-0 ŋz t͡ɕ aː-0 uz l ɨə-5 nz
THA_Nu_6_S0001_1,audio_data/train/THA_Nu_6_S0001_1.wav,h w aː-1 iz eaː-0 ŋ̟z əː-0 iz k ə-5 uz k ɔ-4 tʰ e-3 ɗ ɔ-5 kpz ɓ aː-1 iz o-0 ŋmz z a-3 ŋz o-0 ŋmz z a-0 ŋz t͡ɕ ɔ-0 t əː-4 ŋ ɛ-0 ɗ ɨə-5 kz x o-0 ŋmz,h w aː-1 iz eaː-0 ŋ̟z əː-0 iz k ə-5 uz k ɔ-4 tʰ e-3 ɗ ɔ-5 kpz ɓ aː-1 iz o-0 ŋmz z a-3 ŋz o-0 ŋmz z a-0 ŋz t͡ɕ ɔ-0 t əː-4 ŋ ɛ-0 ɗ ɨə-5 kz x o-0 ŋmz
GQM_Nam_6_S0006_52,audio_data/train/GQM_Nam_6_S0006_52.wav,t͡ɕ e-0 nz ɓ əː-1 l u-2 t͡ɕ w o-5 tz l u-2 t͡ɕ w o-5 tz l ɨə-4 tz v aː-4 nz n o-0 ɗ uə-1 ə-1 mz i-0,t͡ɕ e-0 nz ɓ əː-1 l u-2 t͡ɕ w o-5 tz l u-2 t͡ɕ w o-5 tz l ɨə-4 tz v aː-4 nz n o-0 ɗ uə-1 ə-1 mz i-0
HYT_Nu_6_S0005_125,audio_data/train/HYT_Nu_6_S0005_125.wav,m o-1 mz k aː-4 m ə-5 pz h aː-4 t ɔ-0 z a-0 ŋz s a-4 kz ɲ ɔ-5 nz l əː-3 mz t͡ɕ əː-3 mz,m o-1 mz k aː-4 m ə-5 pz h w aː-4 t ɔ-0 z a-0 ŋz s a-4 kz ɲ ɔ-5 nz l əː-3 mz t͡ɕ əː-3 mz
THA_Nu_6_S00042_62,audio_data/train/THA_Nu_6_S00042_62.wav,t͡ɕ u-4 ŋmz m i-1 ŋ̟z k u-1 ŋmz ɗ i-0 t i-1 mz k iə-4 mz ɲ ɛ-4,t͡ɕ u-4 ŋmz m i-1 ŋ̟z k u-1 ŋmz ɗ i-0 t i-1 mz k iə-4 mz ɲ ɛ-4
NTN_7_NU_S0042_41,audio_data/train/NTN_7_NU_S0042_41.wav,ɓ w o-3 iz l e-2 tʰ ə-5 tz l ɔ-0 ŋmz t͡ɕ ɔ-5 ŋmz m i-1 ŋ̟z k u-2 ŋmz z ə-4 tz ə-4 nz t ɨə-5 ŋz v əː-4 iz h i-1 ŋ̟z eaː-3 ŋ̟z k aː-4 kz k o-0 m a-5 kz aː-4 uz z aː-1 iz ɗ ɔ-4 nz t͡ɕ u-4 ŋmz m i-1 ŋ̟z,ɓ w o-3 iz l e-2 tʰ ə-5 tz l ɔ-0 ŋmz t͡ɕ ɔ-5 ŋmz m i-1 ŋ̟z k u-2 ŋmz z ə-4 tz ə-4 nz t ɨə-5 ŋz v əː-4 iz h i-1 ŋ̟z eaː-3 ŋ̟z k aː-4 kz k o-0 m a-5 kz aː-4 uz z aː-1 iz ɗ ɔ-4 nz t͡ɕ u-4 ŋmz m i-1 ŋ̟z
GQM_Nam_6_S0006_94,audio_data/train/GQM_Nam_6_S0006_94.wav,ɗ e-0 mz ɗ e-0 mz n aː-1 ŋz ŋ ə-0 nz ŋ aː-0 h aː-4 tz,ɗ e-0 mz ɗ e-0 mz n aː-1 ŋz ŋ ə-0 nz ŋ aː-0 h aː-4 tz
CNBA_Nu_6_S0003_65,audio_data/train/CNBA_Nu_6_S0003_65.wav,ɗ e-4 nz l ɨə-5 tz k u-4 nz n ɔ-4 l ɨə-4 tz ɲ ɨ-0 m uə-4 l ɨə-5 nz,ɗ e-4 nz l ɨə-5 tz k u-4 nz n ɔ-4 l ɨə-4 tz ɲ ɨ-0 m uə-4 l ɨə-5 nz
NMA_7_NU_S0002_84,audio_data/train/NMA_7_NU_S0002_84.wav,k ɔ-1 nz eaː-0 ŋ̟z l ɨə-1 tʰ ɛ-4 tz t͡ɕ ɔ-0 v aː-0 ŋz ɲ ɨ-0 k ɛ-1 nz,k ɔ-1 nz eaː-0 ŋ̟z l ɨə-1 tʰ ɛ-4 tz t͡ɕ ɔ-0 v aː-0 ŋz ɲ ɨ-0 k ɛ-1 nz
THA_7_NU_S0043_17,audio_data/train/THA_7_NU_S0043_17.wav,ŋ i-0 əː-0 iz k ə-5 uz t͡ɕ aː-3 l əː-1 iz z u-4 pz t əː-4 ɲ ɨ-2 ŋz k ə-0 uz h ɔ-3 iz n a-1 iz ɲ ɛ-4,ŋ i-0 əː-0 iz k ə-5 uz t͡ɕ aː-3 l əː-1 iz z u-4 pz t əː-4 ɲ ɨ-2 ŋz k ə-0 uz h ɔ-3 iz n a-1 iz ɲ ɛ-4
NMA_7_NU_S0002_278,audio_data/train/NMA_7_NU_S0002_278.wav,i-0 t ɨə-3 ŋz s aː-4 ŋz t͡ɕ e-4 t a-1 uz ŋ ə-1 mz m ɨ-5 kz k ɨ-4 uz h o-5,i-0 t ɨə-3 ŋz s aː-4 ŋz t͡ɕ e-4 t a-1 uz ŋ ə-1 mz m ɨ-5 kz k ɨ-4 uz h o-5
NHM_7_NU_S0006_53,audio_data/train/NHM_7_NU_S0006_53.wav,m i-1 ŋ̟z tʰ i-4 k̟z ɲ ə-0 nz v ə-5 tz tʰ ə-1 nz z ɔ-4,m i-1 ŋ̟z tʰ i-4 k̟z ɲ ə-0 nz v ə-5 tz tʰ ə-1 nz z ɔ-4
NMA_7_NU_S0002_214,audio_data/train/NMA_7_NU_S0002_214.wav,tʰ ə-1 nz n ɔ-1 iz z o-1 ŋmz s ɨ-4 kz x w ɛ-3 x i-0 tʰ ɨə-1 ŋz ɗ aː-2 z u-4 pz z ə-0 nz z iə-5 tz t ɨ-1 ɲ iə-1 uz iə-0 uz k w aː-4 iz,tʰ ə-1 nz n ɔ-1 iz z o-1 ŋmz s ɨ-4 kz x w ɛ-3 x i-0 tʰ ɨə-1 ŋz ɗ aː-2 z u-4 pz z ə-0 nz z iə-5 tz t ɨ-1 ɲ iə-1 uz iə-0 uz k w aː-4 iz
DNK_7_NU_S0048_127,audio_data/train/DNK_7_NU_S0048_127.wav,əː-0 iz ɓ ə-0 iz z əː-1 t͡ɕ u-4 ŋmz t aː-0 k u-1 ŋmz ɗ o-4 ɲ a-0 uz ɲ ɛ-4,əː-0 iz ɓ ə-0 iz z əː-1 t͡ɕ u-4 ŋmz t aː-0 k u-1 ŋmz ɗ o-4 ɲ a-0 uz ɲ ɛ-4
NMA_7_NU_S0002_275,audio_data/train/NMA_7_NU_S0002_275.wav,h a-1 ŋz n a-0 mz h ɔ-5 kpz s i-0 ŋ̟z k aː-4 kz t͡ɕ ɨə-1 ŋz t iə-3 uz h ɔ-5 kpz t͡ɕ e-0 nz k aː-3 n ɨə-4 kz ɗ aː-2 ɣ ɨ-3 iz ɗ e-4 nz k w o-5 kpz tʰ i-0 h aː-1 ŋz t͡ɕ a-0 mz ŋ i-1 nz ɓ ɨ-4 kz t͡ɕ eaː-0 ŋ̟z h w a-5 kz m o-0 h i-1 ŋ̟z tʰ e-3 h iə-5 nz ɲ ɨ-2 ŋz i-0 t ɨə-3 ŋz s aː-4 ŋz t aː-5 uz z ə-4 tz ɗ o-5 kpz ɗ aː-4 uz,h a-1 ŋz n a-0 mz h ɔ-5 kpz s i-0 ŋ̟z k aː-4 kz t͡ɕ ɨə-1 ŋz t iə-3 uz h ɔ-5 kpz t͡ɕ e-0 nz k aː-3 n ɨə-4 kz ɗ aː-2 ɣ ɨ-3 iz ɗ e-4 nz k w o-5 kpz tʰ i-0 h aː-1 ŋz l a-0 mz ŋ i-1 nz ɓ ɨ-4 kz t͡ɕ eaː-0 ŋ̟z h w a-5 kz m o-0 h i-1 ŋ̟z tʰ e-3 h iə-5 nz ɲ ɨ-2 ŋz i-0 t ɨə-3 ŋz s aː-4 ŋz t aː-5 uz z ə-4 tz ɗ o-5 kpz ɗ aː-4 uz
PC_7_NAM_S0004_80,audio_data/train/PC_7_NAM_S0004_80.wav,t əː-4 tʰ i-4 k̟z ɗ i-0 z u-0 l i-5 k̟z əː-0 f u-4 k w o-4 kpz,t əː-4 tʰ i-4 k̟z ɗ i-0 z u-0 l i-5 k̟z əː-0 f u-4 k w o-4 kpz
DNK_7_NU_S0048_20,audio_data/train/DNK_7_NU_S0048_20.wav,h o-0 mz n a-0 iz v e-1 m əː-3 h o-5 iz,h o-0 mz n a-0 iz v e-1 m əː-3 h o-5 iz
NMA_7_NU_S0002_98,audio_data/train/NMA_7_NU_S0002_98.wav,ɲ ɨ-0 ŋz x o-0 ŋmz f aː-3 iz k ɔ-0 nz v ə-5 tz ɲ ɔ-3 n aː-1 uz k u-2 ŋmz ɗ ɨə-5 kz ɓ e-4,ɲ ɨ-0 ŋz x o-0 ŋmz f aː-3 iz k ɔ-0 nz v ə-5 tz ɲ ɔ-3 n aː-1 uz k u-2 ŋmz ɗ ɨə-5 kz ɓ e-4
CNBA_Nu_6_S0003_166,audio_data/train/CNBA_Nu_6_S0003_166.wav,m o-5 tz k aː-4 m ə-5 pz aː-4 pz s aː-4 tz k aː-4 m a-0 ŋz,m o-5 tz k aː-4 m ə-5 pz aː-4 pz s aː-4 tz k aː-4 m a-0 ŋz
DNK_7_NU_S0048_105,audio_data/train/DNK_7_NU_S0048_105.wav,tʰ eaː-1 ŋ̟z əː-0 iz k ə-5 uz ɗ ɔ-5 kpz t͡ɕ ɔ-0 t əː-4,tʰ eaː-1 ŋ̟z əː-0 iz k ə-5 uz ɗ ɔ-5 kpz t͡ɕ ɔ-0 t əː-4
DNK_7_NU_S0048_150,audio_data/train/DNK_7_NU_S0048_150.wav,ɗ ɨ-4 ŋz ɲ i-1 nz m e-0 ŋ̟z m o-0 ŋmz,ɗ ɨ-4 ŋz ɲ i-1 nz m e-0 ŋ̟z m o-0 ŋmz
NTN_7_NU_S0042_46,audio_data/train/NTN_7_NU_S0042_46.wav,m o-2 iz ŋ ɨə-1 iz ɗ ɔ-5 kpz m o-5 tz l ɨə-5 tz k ə-0 uz,m o-2 iz ŋ ɨə-1 iz ɗ ɔ-5 kpz m o-5 tz l ɨə-5 tz k ə-0 uz
TTD_7_NAM_S0001_69,audio_data/train/TTD_7_NAM_S0001_69.wav,ɓ o-1 k ə-0 uz ɗ ɨə-5 kz k ɔ-0 nz ŋ ɨə-1 iz ɗ ɨə-0 v e-1 n w o-0 iz t ɨ-1 k eaː-4 k̟z ɗ ə-0 iz n a-0 mz ŋ i-1 nz n a-0 mz,ɓ o-1 k ə-0 uz ɗ ɨə-5 kz k ɔ-0 nz ŋ ɨə-1 iz ɗ ɨə-0 v e-1 n w o-0 iz t ɨ-1 k eaː-4 k̟z ɗ ə-0 iz l a-0 mz ŋ i-1 nz l a-0 mz
PTT_7_NU_S0041_120,audio_data/train/PTT_7_NU_S0041_120.wav,ɓ ə-0 iz z əː-1 t əː-4 v əː-4 iz k ə-5 uz k u-1 ŋmz x aː-4 mz f aː-4,ɓ ə-0 iz z əː-1 t əː-4 v əː-4 iz k ə-5 uz k u-1 ŋmz x aː-4 mz f aː-4
NDBA_7_NAM_S0010_94,audio_data/train/NDBA_7_NAM_S0010_94.wav,ɲ eaː-0 ŋ̟z l e-0 nz k ɛ-3 uz ŋ aː-1 iz t͡ɕ e-4 tz v i-1 k aː-3 mz l eaː-5 ŋ̟z,ɲ eaː-0 ŋ̟z l e-0 nz k ɛ-3 uz ŋ aː-1 iz t͡ɕ e-4 tz v i-1 k aː-3 mz l eaː-5 ŋ̟z
THA_7_NU_S0043_147,audio_data/train/THA_7_NU_S0043_147.wav,t əː-4 l aː-5 iz h ɔ-3 iz k ə-5 uz t iə-4 pz ɲ ɛ-4,t əː-4 l aː-5 iz h ɔ-3 iz k ə-5 uz t iə-4 pz ɲ ɛ-4
TPA_Nu_6_S0009_184,audio_data/train/TPA_Nu_6_S0009_184.wav,z o-1 iz e-4 k̟z e-4 k̟z ɲ a-3 iz t u-1 mz s w o-4 ŋmz n ɨə-4 kz aː-0 s w o-4 ŋmz z iə-4 ŋz,z o-1 iz e-4 k̟z e-4 k̟z ɲ a-3 iz t u-1 mz s w o-4 ŋmz n ɨə-4 kz aː-0 s w o-4 ŋmz z iə-4 ŋz
NHM_7_NU_S0006_65,audio_data/train/NHM_7_NU_S0006_65.wav,ɗ o-1 ŋmz z w o-5 ŋmz v ɨə-1 nz t ɨə-5 kz v aː-1 k ə-0 iz k ɔ-3 ɲ ɨ-0 ɓ iə-4 tz z ɨ-2 l aː-5 iz h aː-5 tz f u-1 s aː-0 əː-0 k w eaː-0 ŋ̟z m i-1 ŋ̟z n ɨə-4 kz l aː-5 iz t͡ɕ ɔ-0 ŋmz z ə-1 nz,ɗ o-1 ŋmz z w o-5 ŋmz v ɨə-1 nz t ɨə-5 kz v aː-1 k ə-0 iz k ɔ-3 ɲ ɨ-0 ɓ iə-4 tz z ɨ-2 l aː-5 iz h aː-5 tz f u-1 s aː-0 əː-0 k w eaː-0 ŋ̟z m i-1 ŋ̟z n ɨə-4 kz l aː-5 iz t͡ɕ ɔ-0 ŋmz z ə-1 nz
NDBA_7_NAM_S0010_23,audio_data/train/NDBA_7_NAM_S0010_23.wav,t ɨ-1 ɗ ɔ-4 v ɔ-0 iz z u-1 ŋmz t͡ɕ iə-4 kz m w i-2 k uə-3 m i-1 ŋ̟z z ɔ-5 nz s eaː-5 k̟z ɲ ɨ-2 ŋz k eaː-1 ŋ̟z k ə-0 iz x o-0 z əː-0 iz z u-5 ŋmz ŋ aː-0 ŋz z ɔ-5 kpz t ɨ-1 t͡ɕ ɔ-0 ŋmz z ɨ-1 ŋz t aː-5 uz z aː-0 z ə-4 tz ɲ iə-1 uz t͡ɕ o-2 t͡ɕ o-4 ŋmz t͡ɕ ɔ-0 s ɔ-4 kpz t͡ɕ o-1 ŋmz k ə-0 iz,t ɨ-1 ɗ ɔ-4 v ɔ-0 iz z u-1 ŋmz t͡ɕ iə-4 kz m w i-2 k uə-3 m i-1 ŋ̟z z ɔ-5 nz s eaː-5 k̟z ɲ ɨ-2 ŋz k eaː-1 ŋ̟z k ə-0 iz x o-0 z əː-0 iz z u-5 ŋmz ŋ aː-0 ŋz z ɔ-5 kpz t ɨ-1 t͡ɕ ɔ-0 ŋmz z ɨ-1 ŋz t aː-5 uz z aː-0 z ə-4 tz ɲ iə-1 uz t͡ɕ o-2 t͡ɕ o-4 ŋmz t͡ɕ ɔ-0 s ɔ-4 kpz t͡ɕ o-1 ŋmz k ə-0 iz
TTT_Nu_6_S00049_44,audio_data/train/TTT_Nu_6_S00049_44.wav,ɓ aː-5 nz h a-2 iz ɣ ɛ-4 pz ɗ u-4 ŋmz,ɓ aː-5 nz h a-2 iz ɣ ɛ-4 pz ɗ u-4 ŋmz
NNM_Nu_6_S00045_90,audio_data/train/NNM_Nu_6_S00045_90.wav,k ɔ-4 m o-5 tz t͡ɕ u-4 tʰ ɔ-3 k ɔ-0 nz ɗ i-0 ɗ e-4 nz ɓ əː-1 s o-0 ŋmz a-0 nz k ɔ-3,k ɔ-4 m o-5 tz t͡ɕ u-4 tʰ ɔ-3 k ɔ-0 nz ɗ i-0 ɗ e-4 nz ɓ əː-1 s o-0 ŋmz a-0 nz k ɔ-3
THA_7_NU_S0043_31,audio_data/train/THA_7_NU_S0043_31.wav,k o-0 x o-0 ŋmz z aː-4 mz ɲ ə-5 nz ɛ-0 mz v aː-1 uz h ɔ-5 kpz k i-1 tʰ ə-4 tz v ɔ-5 ŋmz t͡ɕ əː-3 v e-1,k o-0 x o-0 ŋmz z aː-4 mz ɲ ə-5 nz ɛ-0 mz v aː-1 uz h ɔ-5 kpz k i-1 tʰ ə-4 tz v ɔ-5 ŋmz t͡ɕ əː-3 v e-1
NT_7_NAM_S0009_58,audio_data/train/NT_7_NAM_S0009_58.wav,tʰ ə-1 nz z ə-0 nz ŋ ɨə-1 iz z ə-0 nz əː-0 n ɨə-4 kz k ɔ-4 v uə-0,tʰ ə-1 nz z ə-0 nz ŋ ɨə-1 iz z ə-0 nz əː-0 n ɨə-4 kz k ɔ-4 v uə-0
TPA_Nu_6_S0009_49,audio_data/train/TPA_Nu_6_S0009_49.wav,t ɨ-1 ɗ ɔ-4 t͡ɕ u-4 t͡ɕ aː-3 z aː-4 mz h eaː-5 k̟z s eaː-4 k̟z aː-0 iz n ɨə-2,t ɨ-1 ɗ ɔ-4 t͡ɕ u-4 t͡ɕ aː-3 z aː-4 mz h eaː-5 k̟z s eaː-4 k̟z aː-0 iz n ɨə-2
LXT_Nam_6_S0008_132,audio_data/train/LXT_Nam_6_S0008_132.wav,h aː-5 tz n a-4 ŋz ɓ ɛ-4 k ɔ-0 nz,h aː-5 tz n a-4 ŋz ɓ ɛ-4 k ɔ-0 nz
MK_7_NAM_S0005_23,audio_data/train/MK_7_NAM_S0005_23.wav,m ɔ-5 iz ŋ ɨə-1 iz ɗ i-0 ɗ o-0 ŋmz v w i-0 v aː-1 k ɔ-4 t ɨə-5 ŋz tʰ eaː-4 ŋ̟z z ɔ-4 ŋmz t ɔ-0 ɗ ɛ-5 pz,m ɔ-5 iz ŋ ɨə-1 iz ɗ i-0 ɗ o-0 ŋmz v w i-0 v aː-1 k ɔ-4 t ɨə-5 ŋz tʰ eaː-4 ŋ̟z z ɔ-4 ŋmz t ɔ-0 ɗ ɛ-5 pz
DNK_7_NU_S0048_117,audio_data/train/DNK_7_NU_S0048_117.wav,v i-1 s aː-0 uz k ɔ-1 tʰ ɨə-1 ŋz ɗ ɨ-4 ŋz ɓ a-1 ŋz m o-5 tz t͡ɕ ə-0 nz,v i-1 s aː-0 uz k ɔ-1 tʰ ɨə-1 ŋz ɗ ɨ-4 ŋz ɓ a-1 ŋz m o-5 tz t͡ɕ ə-0 nz
NTM_Nam_6_S00010_48,audio_data/train/NTM_Nam_6_S00010_48.wav,ɓ ə-0 iz z əː-1 t͡ɕ u-4 ŋmz m i-1 ŋ̟z k u-1 ŋmz t i-1 mz h iə-3 uz t͡ɕ ɔ-0 ŋmz ɓ aː-1 iz ɗ o-1 ŋmz z aː-0 uz n a-1 iz ɲ ɛ-4,ɓ ə-0 iz z əː-1 t͡ɕ u-4 ŋmz m i-1 ŋ̟z k u-1 ŋmz t i-1 mz h iə-3 uz t͡ɕ ɔ-0 ŋmz ɓ aː-1 iz ɗ o-1 ŋmz z aː-0 uz n a-1 iz ɲ ɛ-4
MK_7_NU_S0007_64,audio_data/train/MK_7_NU_S0007_64.wav,t͡ɕ a-0 ŋz t͡ɕ a-0 ŋz t͡ɕ a-0 ŋz t͡ɕ ɨ-2 t͡ɕ əː-1 h a-0 iz t͡ɕ ɨ-2 t͡ɕ əː-1,t͡ɕ a-0 ŋz t͡ɕ a-0 ŋz t͡ɕ a-0 ŋz t͡ɕ ɨ-2 t͡ɕ əː-1 h a-0 iz t͡ɕ ɨ-2 t͡ɕ əː-1
PC_7_NAM_S0004_70,audio_data/train/PC_7_NAM_S0004_70.wav,v ə-5 iz t͡ɕ ɔ-0 ŋmz k aː-4 kz m o-0 nz ɓ aː-5 nz tʰ i-4 k̟z ɲ ə-4 tz l aː-1 m o-0 nz n aː-1 uz,v ə-5 iz t͡ɕ ɔ-0 ŋmz k aː-4 kz m o-0 nz ɓ aː-5 nz tʰ i-4 k̟z ɲ ə-4 tz l aː-1 m o-0 nz n aː-1 uz
THA_Nu_6_S00042_2,audio_data/train/THA_Nu_6_S00042_2.wav,ɲ aː-1 s ɛ-3 k ɔ-4 s ɛ-3 ɓ ɛ-4 s ɛ-3 k aː-0 z i-0 z i-0,ɲ aː-1 s ɛ-3 k ɔ-4 s ɛ-3 ɓ ɛ-4 s ɛ-3 k aː-0 z i-0 z i-0
THA_Nu_6_S00042_229,audio_data/train/THA_Nu_6_S00042_229.wav,t əː-4 ɗ o-4 ɓ aː-5 nz t iə-4 ŋz n aː-1 uz k ɔ-4 v ə-1 nz aː-4 pz,t əː-4 ɗ o-4 ɓ aː-5 nz t iə-4 ŋz n aː-1 uz k ɔ-4 v ə-1 nz aː-4 pz
PTL_7_NU_S0008_8,audio_data/train/PTL_7_NU_S0008_8.wav,t͡ɕ w o-5 tz t w i-4 ɣ ə-4 uz t w i-4 ɗ i-5 uz k ɔ-0 nz t͡ɕ ɔ-0 ŋmz t͡ɕ iə-4 kz t w i-4 t͡ɕ ɨə-4 kz ɓ u-5 ŋmz,t͡ɕ w o-5 tz t w i-4 ɣ ə-4 uz t w i-4 ɗ i-5 uz k ɔ-0 nz t͡ɕ ɔ-0 ŋmz t͡ɕ iə-4 kz t w i-4 t͡ɕ ɨə-4 kz ɓ u-5 ŋmz
PC_7_NAM_S0004_44,audio_data/train/PC_7_NAM_S0004_44.wav,k ə-5 uz n e-0 nz l aː-1 mz ɣ i-1 ɗ e-3 ɓ aː-3 uz v e-5 k aː-4 kz l w aː-1 iz t͡ɕ i-0 mz,k ə-5 uz n e-0 nz l aː-1 mz ɣ i-1 ɗ e-3 ɓ aː-3 uz v e-5 k aː-4 kz l w aː-1 iz t͡ɕ i-0 mz
PTL_7_NU_S0008_35,audio_data/train/PTL_7_NU_S0008_35.wav,ɛ-0 mz z u-3 eaː-0 ŋ̟z t͡ɕ i-5 t͡ɕ əː-0 iz t͡ɕ ɔ-1 n ɛ-4 mz ɣ ə-4 uz ɓ o-0 ŋmz t͡ɕ ɔ-0 ŋmz ɲ aː-1,ɛ-0 mz z u-3 eaː-0 ŋ̟z t͡ɕ i-5 t͡ɕ əː-0 iz t͡ɕ ɔ-1 n ɛ-4 mz ɣ ə-4 uz ɓ o-0 ŋmz t͡ɕ ɔ-0 ŋmz ɲ aː-1
THA_Nu_6_S00042_223,audio_data/train/THA_Nu_6_S00042_223.wav,v ɛ-0 ɣ a-5 pz ɣ aː-1 v ɛ-0 ɣ a-5 pz ɣ aː-1,v ɛ-0 ɣ a-5 pz ɣ aː-1 v ɛ-0 ɣ a-5 pz ɣ aː-1
PTT_7_NU_S0041_106,audio_data/train/PTT_7_NU_S0041_106.wav,k ɔ-4 ɣ i-1 ŋ ə-2 mz ŋ i-2,k ɔ-4 ɣ i-1 ŋ ə-2 mz ŋ i-2
TPA_Nu_6_S0009_207,audio_data/train/TPA_Nu_6_S0009_207.wav,t͡ɕ aː-1 ŋz k aː-3 mz əː-0 nz k o-0 ŋmz t͡ɕ uə-4 v i-1 ɗ aː-2 z u-4 pz t͡ɕ aː-1 ŋz f aː-4 ɓ ɔ-3 f ɛ-4 pz f u-1 tʰ w i-3 v aː-1 ŋ ɔ-3 l əː-1 iz s i-0 nz k ɨə-4 iz k o-0 ŋmz t͡ɕ uə-4,t͡ɕ aː-1 ŋz k aː-3 mz əː-0 nz k o-0 ŋmz t͡ɕ uə-4 v i-1 ɗ aː-2 z u-4 pz t͡ɕ aː-1 ŋz f aː-4 ɓ ɔ-3 f ɛ-4 pz f u-1 tʰ w i-3 v aː-1 ŋ ɔ-3 l əː-1 iz s i-0 nz k ɨə-4 iz k o-0 ŋmz t͡ɕ uə-4
GQM_Nam_6_S0006_34,audio_data/train/GQM_Nam_6_S0006_34.wav,n ɔ-4 n a-1 mz tʰ u-0 l u-0 t͡ɕ e-0 nz s ə-0 nz,n ɔ-4 n a-1 mz tʰ u-0 l u-0 t͡ɕ e-0 nz s ə-0 nz
NHM_7_NU_S0006_148,audio_data/train/NHM_7_NU_S0006_148.wav,t aː-1 iz s aː-3 nz k uə-3 ɓ aː-4 kz t͡ɕ i-3 l aː-1 m o-5 tz k aː-4 iz k o-4 iz s a-0 iz m o-5 tz k ɔ-0 nz l ɨə-1 v aː-1 m o-5 tz t͡ɕ u-4 m ɛ-1 uz s i-0 ŋ̟z s a-4 nz,t aː-1 iz s aː-3 nz k uə-3 ɓ aː-4 kz t͡ɕ i-3 l aː-1 m o-5 tz k aː-4 iz k o-4 iz s a-0 iz m o-5 tz k ɔ-0 nz l ɨə-1 v aː-1 m o-5 tz t͡ɕ u-4 m ɛ-1 uz s i-0 ŋ̟z s a-4 nz
NPC_7_NU_S0047_3,audio_data/train/NPC_7_NU_S0047_3.wav,t əː-4 h ɔ-3 iz t͡ɕ ɨə-4 kz m uə-1 s w ə-0 nz k ɔ-4 ɣ i-1,t əː-4 h ɔ-3 iz t͡ɕ ɨə-4 kz m uə-1 s ə-0 nz k ɔ-4 ɣ i-1
TTD_7_NAM_S0001_75,audio_data/train/TTD_7_NAM_S0001_75.wav,v i-1 tʰ e-4 t ɨ-1 t ɨ-1 s ɨə-0 ŋ ɨə-1 iz t aː-0 ɗ aː-2 h w ə-4 nz l w iə-5 nz ɓ o-1 k ə-0 uz ɗ ɨə-0 tʰ ɨ-0,v i-1 tʰ e-4 t ɨ-1 t ɨ-1 s ɨə-0 ŋ ɨə-1 iz t aː-0 ɗ aː-2 h w ə-4 nz l w iə-5 nz ɓ o-1 k ə-0 uz ɗ ɨə-0 tʰ ɨ-0
NDBA_7_NAM_S0010_141,audio_data/train/NDBA_7_NAM_S0010_141.wav,t͡ɕ aː-1 ŋz tʰ ɨə-1 ŋz k u-1 ŋmz v əː-5 k ɔ-0 nz v e-1 k w e-0 h ɨə-0 ŋz v əː-2 z w o-5 ŋmz z w o-5 ŋmz k w o-4 kpz ɓ aː-4 iz k u-1 ŋmz ɓ aː-1 k ɔ-0 nz n o-0 ŋmz z ə-0 nz t͡ɕ o-1 ŋmz l uə-4 ɣ aː-5 uz h w aː-0 m a-1 uz,t͡ɕ aː-1 ŋz tʰ ɨə-1 ŋz k u-1 ŋmz v əː-5 k ɔ-0 nz v e-1 k w e-0 h ɨə-0 ŋz v əː-2 z w o-5 ŋmz z w o-5 ŋmz k w o-4 kpz ɓ aː-4 iz k u-1 ŋmz ɓ aː-1 k ɔ-0 nz n o-0 ŋmz z ə-0 nz t͡ɕ o-1 ŋmz l uə-4 ɣ aː-5 uz h w aː-0 m a-1 uz
PTT_7_NU_S0041_19,audio_data/train/PTT_7_NU_S0041_19.wav,x o-0 ŋmz ɓ iə-4 tz ɓ aː-1 ɗ ə-4 tz ɗ aː-2 ɗ aː-2 ɗ e-4 nz ɓ e-0 nz k eaː-5 ŋ̟z,x o-0 ŋmz ɓ iə-4 tz ɓ aː-1 ɗ ə-4 tz ɗ aː-2 ɗ aː-2 ɗ e-4 nz ɓ e-0 nz k eaː-5 ŋ̟z
NMA_7_NU_S0002_67,audio_data/train/NMA_7_NU_S0002_67.wav,m uə-1 s w ə-0 nz h o-5 iz t u-5,m uə-1 s w ə-0 nz h o-5 iz t u-5
PTT_7_NU_S0041_114,audio_data/train/PTT_7_NU_S0041_114.wav,ə-0 mz tʰ ə-1 mz z aː-5 uz z ɨ-5 kz,ə-0 mz tʰ ə-1 mz z aː-5 uz z ɨ-5 kz
NHM_7_NU_S0006_112,audio_data/train/NHM_7_NU_S0006_112.wav,t o-4 iz h o-0 mz ɗ ə-4 iz x i-0 a-0 nz ɓ aː-4 tz k əː-0 mz ɣ aː-5 uz t͡ɕ a-4 ŋz tʰ əː-0 mz tʰ əː-0 mz ɲ i-1 nz l e-0 nz ɓ ə-1 uz t͡ɕ əː-1 iz t͡ɕ a-4 ŋz t͡ɕ ɔ-0 ŋmz s eaː-0 ŋ̟z ɓ aː-4 tz ŋ aː-4 tz ɲ əː-4 ɗ e-4 nz k eaː-4 ŋ̟z ɗ o-1 ŋmz m e-0 ŋ̟z m o-0 ŋmz n w o-0 iz s o-4 ŋmz k ɔ-0 nz ŋ ɨə-1 iz l aː-0 ŋz l iə-0 uz t͡ɕ əː-5 tz ŋ i-2,t o-4 iz h o-0 mz ɗ ə-4 iz x i-0 a-0 nz ɓ aː-4 tz k əː-0 mz ɣ aː-5 uz t͡ɕ a-4 ŋz tʰ əː-0 mz tʰ əː-0 mz ɲ i-1 nz l e-0 nz ɓ ə-1 uz t͡ɕ əː-1 iz t͡ɕ a-4 ŋz t͡ɕ ɔ-0 ŋmz s eaː-0 ŋ̟z ɓ aː-4 tz ŋ aː-4 tz ɲ əː-4 ɗ e-4 nz k eaː-4 ŋ̟z ɗ o-1 ŋmz m e-0 ŋ̟z m o-0 ŋmz n w o-0 iz s o-4 ŋmz k ɔ-0 nz ŋ ɨə-1 iz l aː-0 ŋz l iə-0 uz t͡ɕ əː-5 tz ŋ i-2
NHM_7_NU_S0006_56,audio_data/train/NHM_7_NU_S0006_56.wav,ɓ ə-0 iz z əː-1 ɓ ɔ-5 nz m i-1 ŋ̟z ɗ ɔ-5 kpz t iə-4 pz m o-5 tz ɓ aː-1 iz n ɨə-2,ɓ ə-0 iz z əː-1 ɓ ɔ-5 nz m i-1 ŋ̟z ɗ ɔ-5 kpz t iə-4 pz m o-5 tz ɓ aː-1 iz n ɨə-2
THA_Nu_6_S00042_47,audio_data/train/THA_Nu_6_S00042_47.wav,k ə-5 uz k ə-5 uz ɗ u-4 ŋmz z o-1 iz k ə-5 uz z ɔ-3 iz k w aː-4 t əː-4 x ɛ-0 nz k ə-5 uz,k ə-5 uz k ə-5 uz ɗ u-4 ŋmz z o-1 iz k ə-5 uz z əː-3 iz k w aː-4 t əː-4 x ɛ-0 nz k ə-5 uz
NDBA_7_NAM_S0010_130,audio_data/train/NDBA_7_NAM_S0010_130.wav,v i-1 v ə-5 iz o-0 ŋmz k w iə-4 tz ɗ i-5 ŋ̟z tʰ o-0 ŋmz ɓ aː-4 uz l e-2 k ɨə-4 iz k uə-3 h ɔ-5 ŋ a-0 iz t͡ɕ e-0 nz ɓ aː-1 nz a-0 nz,v i-1 v ə-5 iz o-0 ŋmz k w iə-4 tz ɗ i-5 ŋ̟z tʰ o-0 ŋmz ɓ aː-4 uz l e-2 k ɨə-4 iz k uə-3 h ɔ-5 ŋ a-0 iz t͡ɕ e-0 nz ɓ aː-1 nz a-0 nz
NHM_7_NU_S0006_191,audio_data/train/NHM_7_NU_S0006_191.wav,m ɛ-1 uz z a-5 nz h ɔ-5,m ɛ-1 uz z a-5 nz h ɔ-5
PC_7_NAM_S0004_104,audio_data/train/PC_7_NAM_S0004_104.wav,v ə-5 iz t͡ɕ ɔ-0 ŋmz k aː-4 kz l w aː-1 iz h w aː-0 k ə-5 uz tʰ i-4 k̟z ɲ ə-4 tz l w aː-1 iz h w aː-0 n aː-1 uz,v ə-5 iz t͡ɕ ɔ-0 ŋmz k aː-4 kz l w aː-1 iz h w aː-0 k ə-5 uz tʰ i-4 k̟z ɲ ə-4 tz l w aː-1 iz h w aː-0 n aː-1 uz
GQM_Nam_6_S0006_38,audio_data/train/GQM_Nam_6_S0006_38.wav,t əː-4 ɗ o-4 ɓ aː-5 nz m o-5 tz t͡ɕ w o-5 tz m ɛ-5 f aː-3 nz ɨ-4 ŋz ɲ ɨ-0 tʰ e-4 n aː-1 uz,t əː-4 ɗ o-4 ɓ aː-5 nz m o-5 tz t͡ɕ w o-5 tz m ɛ-5 f aː-3 nz ɨ-4 ŋz ɲ ɨ-0 tʰ e-4 n aː-1 uz
NMA_7_NU_S0002_92,audio_data/train/NMA_7_NU_S0002_92.wav,ɲ ɨ-0 ŋz t͡ɕ u-4 ŋmz ŋ w aː-5 mz z ə-4 tz x ɛ-4 uz l ɛ-4 uz ɗ e-3 x o-0 ŋmz l aː-1 mz ɗ a-0 uz v aː-1 z əː-0 iz k ɔ-0 nz,ɲ ɨ-0 ŋz t͡ɕ u-4 ŋmz ŋ w aː-5 mz z ə-4 tz x ɛ-4 uz l ɛ-4 uz ɗ e-3 x o-0 ŋmz l aː-1 mz ɗ a-0 uz v aː-1 z əː-0 iz k ɔ-0 nz
MK_7_NU_S0007_31,audio_data/train/MK_7_NU_S0007_31.wav,z ɨə-2 z əː-1 t͡ɕ ɨə-0 v a-4 ŋz,z ɨə-2 z əː-1 t͡ɕ ɨə-0 v a-4 ŋz
HYT_Nu_6_S0005_43,audio_data/train/HYT_Nu_6_S0005_43.wav,ɗ ɔ-4 l aː-1 k ɛ-3 tʰ u-1 k uə-3 ɲ aː-1 t͡ɕ w o-5 tz,ɗ ɔ-4 l aː-1 k ɛ-3 tʰ u-1 k uə-3 ɲ aː-1 t͡ɕ w o-5 tz
CNBA_Nu_6_S0003_69,audio_data/train/CNBA_Nu_6_S0003_69.wav,z aː-0 ɓ iə-3 nz tʰ u-4 v i-5 tʰ ə-5 tz,z aː-0 ɓ iə-3 nz tʰ u-4 v i-5 tʰ ə-5 tz
THA_Nu_6_S00042_212,audio_data/train/THA_Nu_6_S00042_212.wav,ɣ aː-1 t͡ɕ ɔ-0 v ɛ-0 v aː-1 tʰ u-3 tʰ i-3,ɣ aː-1 t͡ɕ ɔ-0 v ɛ-0 v aː-1 tʰ u-3 tʰ i-3
PTL_7_NU_S0008_103,audio_data/train/PTL_7_NU_S0008_103.wav,t əː-4 tʰ ə-4 iz m o-5 tz k ɔ-0 nz tʰ ɔ-3,t əː-4 tʰ ə-4 iz m o-5 tz k ɔ-0 nz tʰ ɔ-3
PTT_7_NU_S0041_105,audio_data/train/PTT_7_NU_S0041_105.wav,s a-0 uz ɓ w o-3 iz k a-1 iz m aː-0 iz,s a-0 uz ɓ w o-3 iz k a-1 iz m aː-0 iz
TTD_7_NAM_S0001_60,audio_data/train/TTD_7_NAM_S0001_60.wav,ɨ-0 ɲ aː-1 t əː-4 k u-2 ŋmz n w o-0 iz k u-2 ŋmz ɲ iə-1 uz ɣ aː-1,ɨ-0 ɲ aː-1 t əː-4 k u-2 ŋmz n w o-0 iz k u-2 ŋmz ɲ iə-1 uz ɣ aː-1
TTD_7_NAM_S0001_95,audio_data/train/TTD_7_NAM_S0001_95.wav,n ɔ-4 z ə-4 tz t ɔ-0 v aː-1 k ɔ-4 m a-1 uz k aː-0 mz,l ɔ-4 z ə-4 tz t ɔ-0 v aː-1 k ɔ-4 m a-1 uz k aː-0 mz
PTT_7_NU_S0041_154,audio_data/train/PTT_7_NU_S0041_154.wav,ɗ ɨə-5 kz ɗ i-0 t a-4 mz ɓ iə-3 nz,ɗ ɨə-5 kz ɗ i-0 t a-4 mz ɓ iə-3 nz
THA_Nu_6_S00042_165,audio_data/train/THA_Nu_6_S00042_165.wav,z o-1 iz m ɛ-5 z e-0 v e-1,z o-1 iz m ɛ-5 z e-0 v e-1
NPC_7_NU_S0047_499,audio_data/train/NPC_7_NU_S0047_499.wav,t͡ɕ a-4 uz l aː-1 ŋ a-1 iz z aː-5 ŋz s aː-4 ŋz,t͡ɕ a-4 uz l aː-1 ŋ a-1 iz z aː-5 ŋz s aː-4 ŋz
TTT_Nu_6_S00049_63,audio_data/train/TTT_Nu_6_S00049_63.wav,s ɔ-4 iz t ɨ-4 kz z ə-5 nz v aː-1,s ɔ-4 iz t ɨ-4 kz z ə-5 nz v aː-1
NTN_7_NU_S0042_4,audio_data/train/NTN_7_NU_S0042_4.wav,h aː-1 aː-0 nz əː-0 iz k ə-5 uz t͡ɕ aː-3 l əː-1 iz z u-4 pz t əː-4 k ə-0 uz n a-1 iz ɲ ɛ-4,h aː-1 aː-0 nz əː-0 iz k ə-5 uz t͡ɕ aː-3 l əː-1 iz z u-4 pz t əː-4 k ə-0 uz n a-1 iz ɲ ɛ-4
PTL_7_NU_S0008_13,audio_data/train/PTL_7_NU_S0008_13.wav,ɓ ə-0 iz z əː-1 t əː-4 s ɛ-2 ɗ o-4 k ə-5 uz f ə-1 nz ɗ ɔ-5 kpz h iə-3 uz,ɓ ə-0 iz z əː-1 t əː-4 s ɛ-2 ɗ o-4 k ə-5 uz f ə-1 nz ɗ ɔ-5 kpz h iə-3 uz
PC_7_NAM_S0004_25,audio_data/train/PC_7_NAM_S0004_25.wav,s w o-4 tz ŋ a-1 iz ɗ ɔ-4 nz x eaː-4 k̟z,s w o-4 tz ŋ a-1 iz ɗ ɔ-4 nz x eaː-4 k̟z
TPA_Nu_6_S0009_99,audio_data/train/TPA_Nu_6_S0009_99.wav,tʰ ə-4 iz k o-0 u-4 tz tʰ ə-5 tz t i-1 ŋ̟z tʰ ɨə-0 ŋz m ɛ-5 aː-0 iz aː-0 iz k u-2 ŋmz k w i-4 m e-4 nz k o-0,tʰ ə-4 iz k o-0 u-4 tz tʰ ə-5 tz t i-1 ŋ̟z tʰ ɨə-0 ŋz m ɛ-5 aː-0 iz aː-0 iz k u-2 ŋmz k w i-4 m e-4 nz k o-0
CNBA_Nu_6_S0003_44,audio_data/train/CNBA_Nu_6_S0003_44.wav,v ə-0 ŋz ɛ-0 mz ɗ o-1 ŋmz i-0,v ə-0 ŋz ɛ-0 mz ɗ o-1 ŋmz i-0
NDBA_7_NAM_S0010_11,audio_data/train/NDBA_7_NAM_S0010_11.wav,s aː-0 uz ɓ ə-0 iz z əː-1 ɓ aː-5 nz m əː-4 iz ɓ iə-4 tz m i-1 ŋ̟z k ɔ-4 m w i-2,s aː-0 uz ɓ ə-0 iz z əː-1 ɓ aː-5 nz m əː-4 iz ɓ iə-4 tz m i-1 ŋ̟z k ɔ-4 m w i-2
GQM_Nam_6_S0006_84,audio_data/train/GQM_Nam_6_S0006_84.wav,n aː-1 ŋz t iə-0 nz k aː-4 k ɔ-4 t ə-4 tz k aː-3 k aː-4 kz tʰ ɨ-4 n aː-1 ŋz m w o-4 nz,n aː-1 ŋz t iə-0 nz k aː-4 k ɔ-4 t ə-4 tz k aː-3 k aː-4 kz tʰ ɨ-4 n aː-1 ŋz m w o-4 nz
NHM_7_NU_S0006_130,audio_data/train/NHM_7_NU_S0006_130.wav,ɓ e-0 nz k eaː-5 ŋ̟z ɲ ɨ-2 ŋz tʰ ɨ-4 ɗ ɔ-4 l e-2 v ə-5 tz k uə-3 l aː-0 ŋz l iə-0 uz k ɔ-4 v ɛ-3 ɗ əː-0 nz z aː-3 nz k w aː-4,ɓ e-0 nz k eaː-5 ŋ̟z ɲ ɨ-2 ŋz tʰ ɨ-4 ɗ ɔ-4 l e-2 v ə-5 tz k uə-3 l aː-0 ŋz l iə-0 uz k ɔ-4 v ɛ-3 ɗ əː-0 nz z aː-3 nz k w aː-4
VTA_Nam_6_S0002_64,audio_data/train/VTA_Nam_6_S0002_64.wav,n aː-1 ŋz t iə-0 nz k aː-4,n aː-1 ŋz t iə-0 nz k aː-4
NT_7_NAM_S0009_60,audio_data/train/NT_7_NAM_S0009_60.wav,t əː-4 h ɔ-3 iz k ə-5 uz s ɨ-0 t ɨ-3 z aː-0 uz v iə-5 kz t͡ɕ ɔ-0 tʰ ə-1 nz z ə-0 nz v əː-4 iz m ɔ-0 ŋmz m w o-4 nz tʰ e-4 n aː-1 uz,t əː-4 h ɔ-3 iz k ə-5 uz s ɨ-0 t ɨ-3 z aː-0 uz v iə-5 kz t͡ɕ ɔ-0 tʰ ə-1 nz z ə-0 nz v əː-4 iz m ɔ-0 ŋmz m w o-4 nz tʰ e-4 n aː-1 uz
CNBA_Nu_6_S0003_116,audio_data/train/CNBA_Nu_6_S0003_116.wav,m o-5 tz h o-0 mz m ɨə-0 t ɔ-0 z aː-4 z ɔ-4 l əː-4 nz k aː-4 m a-0 ŋz l aː-5 kz m ɛ-5,m o-5 tz h o-0 mz m ɨə-0 t ɔ-0 z aː-4 z ɔ-4 l əː-4 nz k aː-4 m a-0 ŋz l aː-5 kz m ɛ-5
NHM_7_NU_S0006_163,audio_data/train/NHM_7_NU_S0006_163.wav,t͡ɕ a-5 iz v aː-1 uz z ɨ-1 ŋz ɗ ɨə-5 kz m o-5 tz l u-4 kpz m ɛ-1 uz t ɔ-4 mz ɗ ɨə-5 kz m o-5 tz t͡ɕ u-4 tʰ ɔ-3 k ɔ-0 nz,t͡ɕ a-5 iz v aː-1 uz z ɨ-1 ŋz ɗ ɨə-5 kz m o-5 tz l u-4 kpz m ɛ-1 uz t ɔ-4 mz ɗ ɨə-5 kz m o-5 tz t͡ɕ u-4 tʰ ɔ-3 k ɔ-0 nz
CNBA_Nu_6_S0003_7,audio_data/train/CNBA_Nu_6_S0003_7.wav,m o-5 tz h o-0 mz v uə-0 t͡ɕ aː-0 t͡ɕ ɔ-0 n aː-1 ŋz m o-5 tz k w aː-3 ɓ ɔ-4 ŋmz ɓ a-1 ŋz v aː-1 ŋz,m o-5 tz h o-0 mz v uə-0 t͡ɕ aː-0 t͡ɕ ɔ-0 n aː-1 ŋz m o-5 tz k w aː-3 ɓ ɔ-4 ŋmz ɓ a-1 ŋz v aː-1 ŋz
CNBA_Nu_6_S0003_89,audio_data/train/CNBA_Nu_6_S0003_89.wav,n aː-1 ŋz t iə-0 nz k aː-4 l aː-1 k ɔ-0 nz v uə-0 ɓ iə-3 nz,n aː-1 ŋz t iə-0 nz k aː-4 l aː-1 k ɔ-0 nz v uə-0 ɓ iə-3 nz
LXT_Nam_6_S0008_136,audio_data/train/LXT_Nam_6_S0008_136.wav,ŋ ɛ-0 h aː-5 tz m ə-1 mz tʰ i-1 tʰ ə-1 mz n ɔ-4 f aː-3 h əː-0 iz ə-4 mz s w o-4 ŋmz ɗ ə-4 tz,ŋ ɛ-0 h aː-5 tz m ə-1 mz tʰ i-1 tʰ ə-1 mz n ɔ-4 f aː-3 h əː-0 iz ə-4 mz s w o-4 ŋmz ɗ ə-4 tz
NMA_7_NU_S0002_156,audio_data/train/NMA_7_NU_S0002_156.wav,ɗ aː-1 nz t͡ɕ ɔ-0 ŋmz t iə-4 ŋz h ɔ-1,ɗ aː-1 nz t͡ɕ ɔ-0 ŋmz t iə-4 ŋz h ɔ-1
CNBA_Nu_6_S0003_5,audio_data/train/CNBA_Nu_6_S0003_5.wav,h w aː-1 ŋz t ɨ-3 e-4 k̟z,h w aː-1 ŋz t ɨ-3 e-4 k̟z
NHM_7_NU_S0006_98,audio_data/train/NHM_7_NU_S0006_98.wav,t͡ɕ aː-1 ŋz tʰ ɨə-1 ŋz k u-1 ŋmz v əː-5 k ɔ-0 nz v e-1 k w e-0 h ɨə-0 ŋz v əː-2 z w o-5 ŋmz k w o-4 kpz ɓ aː-2 iz k u-1 ŋmz ɓ aː-1 k ɔ-0 nz n o-0 ŋmz z ə-0 nz t͡ɕ o-1 ŋmz l uə-4 ɣ aː-5 uz h w aː-0 m a-1 uz,t͡ɕ aː-1 ŋz tʰ ɨə-1 ŋz k u-1 ŋmz v əː-5 k ɔ-0 nz v e-1 k w e-0 h ɨə-0 ŋz v əː-2 z w o-5 ŋmz k w o-4 kpz ɓ aː-2 iz k u-1 ŋmz ɓ aː-1 k ɔ-0 nz n o-0 ŋmz z ə-0 nz t͡ɕ o-1 ŋmz l uə-4 ɣ aː-5 uz h w aː-0 m a-1 uz
DNK_7_NU_S0048_68,audio_data/train/DNK_7_NU_S0048_68.wav,n əː-0 iz ɗ ə-0 iz k ə-4 tz l e-0 nz ɲ ɨ-2 ŋz t iə-4 ŋz t͡ɕ i-0 mz z i-4 uz z i-4 tz,n əː-0 iz ɗ ə-0 iz k ə-4 tz l e-0 nz ɲ ɨ-2 ŋz t iə-4 ŋz t͡ɕ i-0 mz z i-4 uz z i-4 tz
TPA_Nu_6_S0009_23,audio_data/train/TPA_Nu_6_S0009_23.wav,k ɨ-4 tʰ e-4 t͡ɕ u-4 s aː-0 iz x iə-4 nz z a-5 iz z o-2 t ə-4 tz k aː-3,k ɨ-4 tʰ e-4 t͡ɕ u-4 s aː-0 iz x iə-4 nz z a-5 iz z o-2 t ə-4 tz k aː-3
THA_7_NU_S0043_78,audio_data/train/THA_7_NU_S0043_78.wav,k aː-4 kz ɓ aː-5 nz h ɔ-5 kpz s i-0 ŋ̟z l aː-1 mz ɣ i-1 ɗ e-3 ɗ ɨə-5 kz tʰ ə-1 iz z aː-4 uz t aː-4 kz k ə-0 iz,k aː-4 kz ɓ aː-5 nz h ɔ-5 kpz s i-0 ŋ̟z l aː-1 mz ɣ i-1 ɗ e-3 ɗ ɨə-5 kz tʰ ə-1 iz z aː-4 uz t aː-4 kz k ə-0 iz
NHM_7_NU_S0006_123,audio_data/train/NHM_7_NU_S0006_123.wav,ɓ aː-1 k ɔ-0 nz s u-0 ŋmz k w eaː-0 ŋ̟z m w o-4 nz ɗ e-4 nz t i-4 ŋ̟z h iə-1 nz l eaː-1 ŋ̟z t͡ɕ a-0 mz t͡ɕ i-3 h a-0 iz ɗ i-0 z u-4 pz ɗ əː-2 ŋ ɨə-1 iz x aː-4 kz k uə-3 l aː-0 ŋz l iə-0 uz,ɓ aː-1 k ɔ-0 nz s u-0 ŋmz k w eaː-0 ŋ̟z m w o-4 nz ɗ e-4 nz t i-4 ŋ̟z h iə-1 nz l eaː-1 ŋ̟z t͡ɕ a-0 mz t͡ɕ i-3 h a-0 iz ɗ i-0 z u-4 pz ɗ əː-2 ŋ ɨə-1 iz x aː-4 kz k uə-3 l aː-0 ŋz l iə-0 uz
HYT_Nu_6_S0005_91,audio_data/train/HYT_Nu_6_S0005_91.wav,n aː-1 ŋz t iə-0 nz k aː-4 l aː-1 v uə-0 k uə-3 aː-0 iz,n aː-1 ŋz t iə-0 nz k aː-4 l aː-1 v uə-0 k uə-3 aː-0 iz
NDBA_7_NAM_S0010_193,audio_data/train/NDBA_7_NAM_S0010_193.wav,t͡ɕ ə-0 nz ɗ aː-5 pz ɣ i-1 k u-2 ŋmz n aː-4 tz,t͡ɕ ə-0 nz ɗ aː-5 pz ɣ i-1 k u-2 ŋmz n aː-4 tz
NHM_7_NU_S0006_18,audio_data/train/NHM_7_NU_S0006_18.wav,o-0 ŋmz m eaː-5 ŋ̟z aː-0 nz w i-3 v aː-1 m əː-1 iz tʰ ə-1 nz tʰ i-3 ŋ̟z tʰ w aː-3 ŋz t əː-4 iz t͡ɕ əː-0 iz,o-0 ŋmz m eaː-5 ŋ̟z aː-0 nz w i-3 v aː-1 m əː-1 iz tʰ ə-1 nz tʰ i-3 ŋ̟z tʰ w aː-3 ŋz t əː-4 iz t͡ɕ əː-0 iz
PTT_7_NU_S0041_8,audio_data/train/PTT_7_NU_S0041_8.wav,t əː-4 ɗ ɔ-5 kpz ɲ aː-4,t əː-4 ɗ ɔ-5 kpz ɲ aː-4
TPA_Nu_6_S0009_181,audio_data/train/TPA_Nu_6_S0009_181.wav,k o-0 ŋmz t͡ɕ uə-4 tʰ ə-4 iz e-4 k̟z s ə-4 uz s i-4 x o-0 ŋmz ɓ a-1 ŋz l ɔ-1 ŋmz,k o-0 ŋmz t͡ɕ uə-4 tʰ ə-4 iz e-4 k̟z s ə-4 uz s i-4 x o-0 ŋmz ɓ a-1 ŋz l ɔ-1 ŋmz
THA_7_NU_S0043_96,audio_data/train/THA_7_NU_S0043_96.wav,ɲ ɨ-0 ŋz t aː-5 iz ɓ aː-5 nz l ə-0 nz ɗ ə-3 iz ɛ-0 mz ɗ ə-4 iz aː-0,ɲ ɨ-0 ŋz t aː-5 iz ɓ aː-5 nz l ə-0 nz ɗ ə-3 iz ɛ-0 mz ɗ ə-4 iz aː-0
THA_7_NU_S0043_161,audio_data/train/THA_7_NU_S0043_161.wav,h i-1 ŋ̟z eaː-3 ŋ̟z s o-4 m o-5 tz l aː-1 k ɔ-0 nz t͡ɕ i-0 mz k eaː-4 ŋ̟z k u-5 tz,h i-1 ŋ̟z eaː-3 ŋ̟z s o-4 m o-5 tz l aː-1 k ɔ-0 nz t͡ɕ i-0 mz k eaː-4 ŋ̟z k u-5 tz
HYT_Nu_6_S0005_7,audio_data/train/HYT_Nu_6_S0005_7.wav,m u-2 n ɔ-4 ɗ ɔ-3 m ɔ-3 ɲ ɔ-5 nz m a-4 tz tʰ o-0 l o-4,m u-2 n ɔ-4 ɗ ɔ-3 m ɔ-3 ɲ ɔ-5 nz m a-4 tz tʰ ɔ-1 l ɔ-1 l o-4
NT_7_NAM_S0009_51,audio_data/train/NT_7_NAM_S0009_51.wav,l ɨə-1 ɗ i-5 k̟z t͡ɕ u-4 x i-3 x o-0 nz ŋ w aː-0 nz,l ɨə-1 ɗ i-5 k̟z t͡ɕ u-4 x i-3 x o-0 nz ŋ w aː-0 nz
NTN_7_NU_S0042_14,audio_data/train/NTN_7_NU_S0042_14.wav,tʰ əː-1 iz z aː-0 nz m aː-1 h aː-1 v aː-1 k aː-4 kz ɓ aː-5 nz əː-0 t͡ɕ ɨə-1 ŋz k u-2 ŋmz z ə-4 tz ɲ iə-1 uz,tʰ əː-1 iz z aː-0 nz m aː-1 h aː-1 v aː-1 k aː-4 kz ɓ aː-5 nz əː-0 t͡ɕ ɨə-1 ŋz k u-2 ŋmz z ə-4 tz ɲ iə-1 uz
PTL_7_NU_S0008_15,audio_data/train/PTL_7_NU_S0008_15.wav,k ɔ-0 nz k ɔ-0 nz ɓ aː-4 uz tʰ i-1 k ɔ-0 nz k uə-3 tʰ i-1 tʰ aː-0 k ɔ-0 nz ɓ a-1 ŋz z a-0 ŋz,k ɔ-0 nz k ɔ-0 nz ɓ aː-4 uz tʰ i-1 k ɔ-0 nz k uə-3 tʰ i-1 tʰ aː-0 k ɔ-0 nz ɓ a-1 ŋz z a-0 ŋz
NT_7_NAM_S0009_6,audio_data/train/NT_7_NAM_S0009_6.wav,t ɨ-1 ɗ ɔ-4 o-0 ŋmz m eaː-5 ŋ̟z k w iə-4 tz t͡ɕ o-4 ŋmz t͡ɕ aː-3,t ɨ-1 ɗ ɔ-4 o-0 ŋmz m eaː-5 ŋ̟z k w iə-4 tz t͡ɕ o-4 ŋmz t͡ɕ aː-3
TTD_7_NAM_S0001_98,audio_data/train/TTD_7_NAM_S0001_98.wav,n ɔ-4 z ə-4 tz ɗ aː-4 ŋz iə-0 uz,n ɔ-4 z ə-4 tz ɗ aː-4 ŋz iə-0 uz
TTD_7_NAM_S0001_68,audio_data/train/TTD_7_NAM_S0001_68.wav,t o-3 t iə-0 nz ɓ o-1 k ə-0 uz ɲ aː-1 l aː-1 l w aː-1 iz ɓ o-1 k ə-0 uz n w i-4 t͡ɕ w iə-0 nz l aː-1 mz t o-3 t͡ɕ e-0 nz v eaː-4 k̟z ɗ aː-4,t o-3 t iə-0 nz ɓ o-1 k ə-0 uz ɲ aː-1 l aː-1 l w aː-1 iz ɓ o-1 k ə-0 uz l w i-4 t͡ɕ w iə-0 nz l aː-1 mz t o-3 t͡ɕ e-0 nz v eaː-4 k̟z ɗ aː-4
LXT_Nam_6_S0008_73,audio_data/train/LXT_Nam_6_S0008_73.wav,ɓ aː-4 kz ŋ ɔ-0 nz m iə-5 ŋz k ɔ-0 nz h aː-4 tz t a-5 ŋz ɓ aː-4 kz m o-5 tz ɓ aː-1 iz ɲ ɛ-4,ɓ aː-4 kz ŋ ɔ-0 nz m iə-5 ŋz k ɔ-0 nz h aː-4 tz t a-5 ŋz ɓ aː-4 kz m o-5 tz ɓ aː-1 iz ɲ ɛ-4
NDBA_7_NAM_S0010_32,audio_data/train/NDBA_7_NAM_S0010_32.wav,h i-3 k ɔ-4 v ɔ-0 iz l aː-1 t͡ɕ a-3 ŋz ɓ iə-4 tz l aː-1 mz ɣ i-1,h i-3 k ɔ-4 v ɔ-0 iz l aː-1 t͡ɕ a-3 ŋz ɓ iə-4 tz l aː-1 mz ɣ i-1
HYT_Nu_6_S0005_27,audio_data/train/HYT_Nu_6_S0005_27.wav,tʰ e-4 ɗ ɔ-4 l aː-1 k ɔ-0 nz ɣ i-1,tʰ e-4 ɗ ɔ-4 l aː-1 k ɔ-0 nz ɣ i-1
MK_7_NAM_S0005_110,audio_data/train/MK_7_NAM_S0005_110.wav,m o-5 tz h o-0 mz l aː-5 kz l ɔ-0 ŋmz m o-5 tz h o-0 mz l aː-5 kz l ɔ-0 ŋmz k w ə-0 nz ɓ aː-1 nz v əː-4 iz ə-0 uz k əː-0,m o-5 tz h o-0 mz l aː-5 kz l ɔ-0 ŋmz m o-5 tz h o-0 mz l aː-5 kz l ɔ-0 ŋmz k w ə-0 nz ɓ aː-1 nz v əː-4 iz ə-0 uz k əː-0
PTL_7_NU_S0008_160,audio_data/train/PTL_7_NU_S0008_160.wav,t əː-4 ɲ i-1 nz tʰ ə-4 iz k ɔ-0 nz tʰ ɔ-3,t əː-4 ɲ i-1 nz tʰ ə-4 iz k ɔ-0 nz tʰ ɔ-3
NMA_7_NU_S0002_271,audio_data/train/NMA_7_NU_S0002_271.wav,k ə-5 uz s w ɛ-1 ɓ aː-1 nz t a-0 iz z aː-0 t a-0 iz f aː-3 iz t͡ɕ ɔ-0 h ɔ-5 s ɛ-0 mz k aː-0 mz k w i-4 v uə-0 ɓ aː-0 nz ɲ ɨ-0 ŋz k w aː-3 k aː-0 mz ɗ aː-2 n aː-4 tz t ɨ-1 ɓ aː-0 uz z əː-1,k ə-5 uz s w ɛ-1 ɓ aː-1 nz t a-0 iz z aː-0 t a-0 iz f aː-3 iz t͡ɕ ɔ-0 h ɔ-5 s ɛ-0 mz k aː-0 mz k w i-4 v uə-0 ɓ aː-0 nz ɲ ɨ-0 ŋz k w aː-3 k aː-0 mz ɗ aː-2 n aː-4 tz t ɨ-1 ɓ aː-0 uz z əː-1
NTN_7_NU_S0042_17,audio_data/train/NTN_7_NU_S0042_17.wav,t͡ɕ ɨə-1 ŋz t iə-3 uz h ɔ-5 kpz ŋ w iə-2 nz v iə-4 tz s w ə-0 nz,t͡ɕ ɨə-1 ŋz t iə-3 uz h ɔ-5 kpz ŋ w iə-2 nz v iə-4 tz s w ə-0 nz
THA_Nu_6_S00042_193,audio_data/train/THA_Nu_6_S00042_193.wav,əː-0 k w aː-1 k uə-3 m aː-4 l aː-1 ɣ i-1 l aː-1 ɣ i-1 ɲ i-3,əː-0 k w aː-1 k uə-3 m aː-4 n aː-1 ɣ i-1 l aː-1 ɣ i-1 ɲ i-3
MK_7_NAM_S0005_13,audio_data/train/MK_7_NAM_S0005_13.wav,l u-2 k ɔ-0 nz t͡ɕ iə-0 mz t͡ɕ iə-4 pz tʰ ɛ-0 uz l iə-1 nz ɗ a-1 ŋz s a-0 uz,l u-2 k ɔ-0 nz t͡ɕ iə-0 mz t͡ɕ iə-4 pz tʰ ɛ-0 uz l iə-1 nz ɗ a-1 ŋz s a-0 uz
NDBA_7_NAM_S0010_95,audio_data/train/NDBA_7_NAM_S0010_95.wav,v uə-0 ɲ ə-5 nz z aː-0 ŋ a-0 iz l aː-1 z ɔ-5 ŋmz k uə-3 t͡ɕ u-4 m ɛ-1 uz ɗ aː-2 t aː-5 uz m i-1 ŋ̟z z ə-4 tz ɲ iə-1 uz k w aː-1 z aː-5 uz t͡ɕ ɨə-4 kz,v uə-0 ɲ ə-5 nz z aː-0 ŋ a-0 iz l aː-1 z ɔ-5 ŋmz k uə-3 t͡ɕ u-4 m ɛ-1 uz ɗ aː-2 t aː-5 uz m i-1 ŋ̟z z ə-4 tz ɲ iə-1 uz k w aː-1 z aː-5 uz t͡ɕ ɨə-4 kz
THA_7_NU_S0043_101,audio_data/train/THA_7_NU_S0043_101.wav,k aː-4 kz ɛ-0 mz tʰ ɨ-3 ŋ i-2 s ɛ-0 mz n e-4 uz k ə-0 iz h w aː-0 ɓ iə-4 tz n ɔ-4 iz,k aː-4 kz ɛ-0 mz tʰ ɨ-3 ŋ i-2 s ɛ-0 mz n e-4 uz k ə-0 iz h w aː-0 ɓ iə-4 tz n ɔ-4 iz
THA_Nu_6_S00042_77,audio_data/train/THA_Nu_6_S00042_77.wav,əː-0 ɲ aː-1 t͡ɕ ɛ-3 t͡ɕ i-0 ɲ əː-4 m ɛ-5,əː-0 ɲ aː-1 t͡ɕ ɛ-3 t͡ɕ i-0 ɲ əː-4 m ɛ-5
THA_Nu_6_S00042_226,audio_data/train/THA_Nu_6_S00042_226.wav,v ɛ-0 t͡ɕ a-0 mz l uə-4 v aː-1 t͡ɕ a-0 mz l aː-1 mz n ɨə-2 tʰ i-1 s ɛ-2 t͡ɕ aː-3 l ɔ-0 ɣ i-1,v ɛ-0 t͡ɕ a-0 mz l uə-4 v aː-1 t͡ɕ a-0 mz l aː-1 mz n ɨə-2 tʰ i-1 s ɛ-2 t͡ɕ aː-3 l ɔ-0 ɣ i-1
NMA_7_NU_S0002_282,audio_data/train/NMA_7_NU_S0002_282.wav,k w o-5 kpz tʰ i-0 i-0 t ɨə-3 ŋz t͡ɕ ɛ-3 tʰ əː-0 z eaː-1 ŋ̟z t͡ɕ ɔ-0 aː-0 iz,k w o-5 kpz tʰ i-0 i-0 t ɨə-3 ŋz t͡ɕ ɛ-3 tʰ əː-0 z eaː-1 ŋ̟z t͡ɕ ɔ-0 aː-0 iz
NNM_Nu_6_S00045_19,audio_data/train/NNM_Nu_6_S00045_19.wav,ɓ aː-5 nz t͡ɕ aː-3 l əː-1 iz ɗ u-4 ŋmz z o-1 iz,ɓ aː-5 nz t͡ɕ aː-3 l əː-1 iz ɗ u-4 ŋmz z o-1 iz
TTD_7_NAM_S0001_174,audio_data/train/TTD_7_NAM_S0001_174.wav,ɗ e-3 t əː-4 ɗ ɔ-5 kpz,ɗ e-3 t əː-4 ɗ ɔ-5 kpz
PTL_7_NU_S0008_145,audio_data/train/PTL_7_NU_S0008_145.wav,t͡ɕ u-4 ŋmz m i-1 ŋ̟z k u-1 ŋmz ɗ ɔ-5 kpz ɓ aː-1 iz k aː-4 kz k ɔ-0 nz v ə-5 tz ɲ ɛ-4,t͡ɕ u-4 ŋmz m i-1 ŋ̟z k u-1 ŋmz ɗ ɔ-5 kpz ɓ aː-1 iz k aː-4 kz k ɔ-0 nz v ə-5 tz ɲ ɛ-4
TPA_Nu_6_S0009_107,audio_data/train/TPA_Nu_6_S0009_107.wav,ɲ aː-1 ŋ ɛ-1 uz t͡ɕ o-1 ŋmz m ə-4 tz s əː-4 mz ɓ aː-1 f aː-3 iz l aː-1 mz l u-5 ŋmz v ə-4 tz v aː-3 ɗ e-3 n w o-0 iz k ɔ-0 nz m aː-1 x o-0 ŋmz h e-1 f aː-1 nz l aː-1 mz ɣ i-1,ɲ aː-1 ŋ ɛ-1 uz t͡ɕ o-1 ŋmz m ə-4 tz s əː-4 mz ɓ aː-1 f aː-3 iz l aː-1 mz l w o-5 mz v ə-4 tz v aː-3 ɗ e-3 n w o-0 iz k ɔ-0 nz m aː-1 x o-0 ŋmz h e-1 f aː-1 nz l aː-1 mz ɣ i-1
NMA_7_NU_S0002_204,audio_data/train/NMA_7_NU_S0002_204.wav,k i-1 ŋ i-3 m o-5 tz tʰ aː-4 ŋz t͡ɕ o-0 iz v ɛ-1 uz ɲ ɨ-0 x o-0 ŋmz,k i-1 ŋ i-3 m o-5 tz tʰ aː-4 ŋz t͡ɕ o-0 iz v ɛ-1 uz ɲ ɨ-0 x o-0 ŋmz
TTD_7_NAM_S0001_120,audio_data/train/TTD_7_NAM_S0001_120.wav,m o-2 iz x i-0 ɗ i-0 h ɔ-5 kpz h w a-5 kz l aː-1 z eaː-3 ŋ̟z z o-2 iz t əː-4 tʰ ɨə-1 ŋz v w o-4 tz v ɛ-0 n ɔ-4,m o-2 iz x i-0 ɗ i-0 h ɔ-5 kpz h w a-5 kz l aː-1 z eaː-3 ŋ̟z z o-2 iz t əː-4 tʰ ɨə-1 ŋz v w o-4 tz v ɛ-0 l ɔ-4
HYT_Nu_6_S0005_51,audio_data/train/HYT_Nu_6_S0005_51.wav,k u-4 nz tʰ ɔ-3 v aː-1 v ɨə-5 nz z aː-0 ɓ iə-3 nz,k u-4 nz tʰ ɔ-3 v aː-1 v ɨə-5 nz z aː-0 ɓ iə-3 nz
DNK_7_NU_S0048_83,audio_data/train/DNK_7_NU_S0048_83.wav,h ɔ-4 tz l e-0 nz l eaː-0 ŋ̟z l eaː-3 ŋ̟z ŋ ɛ-0 ɲ ɨ-0 t iə-4 ŋz s aː-4 uz,h ɔ-4 tz l e-0 nz l eaː-0 ŋ̟z l eaː-3 ŋ̟z ŋ ɛ-0 ɲ ɨ-0 t iə-4 ŋz s aː-4 uz
PTT_7_NU_S0041_104,audio_data/train/PTT_7_NU_S0041_104.wav,ɓ ɔ-1 əː-0 iz ɓ ɔ-1 ŋ i-3,ɓ ɔ-1 əː-0 iz ɓ ɔ-1 ŋ i-3
TTD_7_NAM_S0001_78,audio_data/train/TTD_7_NAM_S0001_78.wav,ɓ ɨ-0 uz ɗ iə-5 nz n a-1 iz k ɔ-4 h a-3 nz m o-5 tz l w aː-5 iz t ɛ-0 mz z iə-0 ŋz,ɓ ɨ-0 uz ɗ iə-5 nz n a-1 iz k ɔ-4 h a-3 nz m o-5 tz l w aː-5 iz t ɛ-0 mz z iə-0 ŋz
NT_7_NAM_S0009_55,audio_data/train/NT_7_NAM_S0009_55.wav,ɲ aː-1 v uə-0 h iə-3 uz z ɔ-2 k w ə-0 nz m i-1 ŋ̟z,ɲ aː-1 v uə-0 h iə-3 uz z ɔ-2 k w ə-0 nz m i-1 ŋ̟z
HYT_Nu_6_S0005_64,audio_data/train/HYT_Nu_6_S0005_64.wav,tʰ e-4 ɓ aː-5 nz ɗ aː-2 ɲ i-1 nz tʰ ə-4 iz k aː-4 iz ɣ i-1 əː-0 ɓ iə-3 nz t͡ɕ ɨə-0,tʰ e-4 ɓ aː-5 nz ɗ aː-2 ɲ i-1 nz tʰ ə-4 iz k aː-4 iz ɣ i-1 əː-0 ɓ iə-3 nz t͡ɕ ɨə-0
NNM_Nu_6_S00045_75,audio_data/train/NNM_Nu_6_S00045_75.wav,m o-2 iz t͡ɕ u-4 l əː-5 nz l aː-1 ɲ aː-1 ɓ a-1 ŋz ɣ i-1,m o-2 iz t͡ɕ u-4 l əː-5 nz l aː-1 ɲ aː-1 ɓ a-1 ŋz ɣ i-1
THA_7_NU_S0043_76,audio_data/train/THA_7_NU_S0043_76.wav,tʰ ə-1 iz z aː-4 uz m aː-0 ŋz t͡ɕ ə-5 uz s ɛ-0 nz ɗ aː-4 ɗ e-4 nz l əː-4 pz ɗ e-3 l aː-1 mz ɣ i-1,tʰ ə-1 iz z aː-4 uz m aː-0 ŋz t͡ɕ ə-5 uz s ɛ-0 nz ɗ aː-4 ɗ e-4 nz l əː-4 pz ɗ e-3 l aː-1 mz ɣ i-1
TPA_Nu_6_S0009_47,audio_data/train/TPA_Nu_6_S0009_47.wav,ɓ aː-4 kz t͡ɕ ɔ-4 t ɨ-4 kz m i-1 ŋ̟z t əː-5 pz t͡ɕ ɔ-0 m o-5 tz k aː-4 iz,ɓ aː-4 kz t͡ɕ ɔ-4 t ɨ-4 kz m i-1 ŋ̟z t əː-5 pz t͡ɕ ɔ-0 m o-5 tz k aː-4 iz
THA_7_NU_S0043_87,audio_data/train/THA_7_NU_S0043_87.wav,k ə-5 uz ɗ ɔ-5 kpz t͡ɕ ɨə-4 kz ɗ i-0,k ə-5 uz ɗ ɔ-5 kpz t͡ɕ ɨə-4 kz ɗ i-0
NT_7_NAM_S0009_59,audio_data/train/NT_7_NAM_S0009_59.wav,z aː-0 uz l iə-0 nz l iə-0 nz l aː-5 kz,z aː-0 uz l iə-0 nz l iə-0 nz l aː-5 kz
LXT_Nam_6_S0008_100,audio_data/train/LXT_Nam_6_S0008_100.wav,m ɛ-5 x o-0 ŋmz tʰ i-4 k̟z,m ɛ-5 x o-0 ŋmz tʰ i-4 k̟z
NHM_7_NU_S0006_15,audio_data/train/NHM_7_NU_S0006_15.wav,x o-0 ŋmz s aː-4 ŋz m aː-0 iz t aː-0 s ɛ-2 m əː-1 iz o-0 ŋmz v aː-1 uz,x o-0 ŋmz s aː-4 ŋz m aː-0 iz t aː-0 s ɛ-2 m əː-1 iz o-0 ŋmz v aː-1 uz
CNBA_Nu_6_S0003_126,audio_data/train/CNBA_Nu_6_S0003_126.wav,v i-1 s aː-0 uz k aː-4 m a-0 ŋz ɓ i-5 l aː-5 kz m ɛ-5,v i-1 s aː-0 uz k aː-4 m a-0 ŋz ɓ i-5 l aː-5 kz m ɛ-5
PC_7_NAM_S0004_105,audio_data/train/PC_7_NAM_S0004_105.wav,t͡ɕ ɔ-0 ŋmz k aː-4 kz l w aː-1 iz h w aː-0 t əː-4 tʰ i-4 k̟z ɲ ə-4 tz l w aː-1 iz h w aː-0 h o-1 ŋmz,t͡ɕ ɔ-0 ŋmz k aː-4 kz l w aː-1 iz h w aː-0 t əː-4 tʰ i-4 k̟z ɲ ə-4 tz l w aː-1 iz h w aː-0 h o-1 ŋmz
TPA_Nu_6_S0009_172,audio_data/train/TPA_Nu_6_S0009_172.wav,ŋ a-1 iz s ɨə-0 k ɔ-4 m o-5 tz n aː-1 ŋz k o-0 ŋmz t͡ɕ uə-4 z ə-4 tz s i-0 ŋ̟z ɗ ɛ-5 pz ɲ ɨ-0 ŋz i-4 k̟z k i-3 v aː-1 t͡ɕ i-3 tʰ i-4 k̟z l aː-1 mz ɗ ɛ-5 pz tʰ i-4 k̟z ɗ o-1 ɗ ɛ-5 pz tʰ o-0 iz,ŋ a-1 iz s ɨə-0 k ɔ-4 m o-5 tz n aː-1 ŋz k o-0 ŋmz t͡ɕ uə-4 z ə-4 tz s i-0 ŋ̟z ɗ ɛ-5 pz ɲ ɨ-0 ŋz i-4 k̟z k i-3 v aː-1 t͡ɕ i-3 tʰ i-4 k̟z l aː-1 mz ɗ ɛ-5 pz tʰ i-4 k̟z ɗ o-1 ɗ ɛ-5 pz tʰ o-0 iz
NTN_7_NU_S0042_12,audio_data/train/NTN_7_NU_S0042_12.wav,l aː-1 ɓ əː-3 iz v i-1 t͡ɕ ɨə-1 ŋz k ɔ-4 tʰ ə-1 iz k o-0 v aː-1 ɓ aː-5 nz ɓ ɛ-1,l aː-1 ɓ əː-3 iz v i-1 t͡ɕ ɨə-1 ŋz k ɔ-4 tʰ ə-1 iz k o-0 v aː-1 ɓ aː-5 nz ɓ ɛ-1
TTT_Nu_6_S00049_68,audio_data/train/TTT_Nu_6_S00049_68.wav,s ɔ-4 iz h a-2 iz ɗ i-0 ɗ i-0,s ɔ-4 iz h a-2 iz ɗ i-0 ɗ i-0
THA_7_NU_S0043_6,audio_data/train/THA_7_NU_S0043_6.wav,t aː-3 m o-5 tz l w aː-5 iz t͡ɕ aː-4 iz k ə-0 iz m aː-1 m i-1 ŋ̟z iə-0 uz tʰ i-4 k̟z,t aː-3 m o-5 tz l w aː-5 iz t͡ɕ aː-4 iz k ə-0 iz m aː-1 m i-1 ŋ̟z iə-0 uz tʰ i-4 k̟z
NHM_7_NU_S0006_169,audio_data/train/NHM_7_NU_S0006_169.wav,v i-1 v ə-5 iz m ɛ-1 uz ɗ ɨə-5 kz z ə-2 nz t əː-4 iz z aː-0 m a-4 tz ɲ aː-1 v uə-0,v i-1 v ə-5 iz m ɛ-1 uz ɗ ɨə-5 kz z ə-2 nz t əː-4 iz z aː-0 m a-4 tz ɲ aː-1 v uə-0
DNK_7_NU_S0048_265,audio_data/train/DNK_7_NU_S0048_265.wav,k ɔ-0 nz t͡ɕ i-0 mz ɓ i-5 k ə-1 mz t u-1 h ɔ-5 ŋmz x o-0 ɓ ɔ-3 ŋmz v i-1 x aː-4 tz,k ɔ-0 nz t͡ɕ i-0 mz ɓ i-5 k ə-1 mz t u-1 h ɔ-5 ŋmz x o-0 ɓ ɔ-3 ŋmz v i-1 x aː-4 tz
NMA_7_NU_S0002_114,audio_data/train/NMA_7_NU_S0002_114.wav,t͡ɕ ɔ-0 ŋmz v ɔ-1 ŋmz l aː-4 z ɔ-4 t͡ɕ iə-1 uz ɣ a-3 iz l e-0 nz ɲ ɨ-2 ŋz ɗ iə-5 uz ɲ aː-5 kz k i-1 l i-0 k i-1 t ɨə-3 ŋz t͡ɕ ɨ-1 ŋz ɲ ɨ-0 aː-0 iz ɗ aː-0 ŋz k ɨə-1 iz ɗ aː-0 ŋz n ɔ-4 iz,t͡ɕ ɔ-0 ŋmz v ɔ-1 ŋmz l aː-4 z ɔ-4 t͡ɕ iə-1 uz ɣ a-3 iz l e-0 nz ɲ ɨ-2 ŋz ɗ iə-5 uz ɲ aː-5 kz k i-1 l i-0 k i-1 t ɨə-3 ŋz t͡ɕ ɨ-1 ŋz ɲ ɨ-0 aː-0 iz ɗ aː-0 ŋz k ɨə-1 iz ɗ aː-0 ŋz n ɔ-4 iz
TPA_Nu_6_S0009_60,audio_data/train/TPA_Nu_6_S0009_60.wav,ɗ a-0 ŋz əː-0 iz ɓ aː-5 nz k ɔ-4 m w o-4 nz ŋ ɛ-0 m o-5 tz k ə-0 uz t͡ɕ w iə-5 nz x o-0 ŋmz,ɗ a-0 ŋz əː-0 iz ɓ aː-5 nz k ɔ-4 m w o-4 nz ŋ ɛ-0 m o-5 tz k ə-0 uz t͡ɕ w iə-5 nz x o-0 ŋmz
MK_7_NU_S0007_5,audio_data/train/MK_7_NU_S0007_5.wav,t əː-4 h ɔ-5 kpz ɓ aː-1 iz t əː-4 h ɔ-5 kpz ɓ aː-1 iz,t əː-4 h ɔ-5 kpz ɓ aː-1 iz t əː-4 h ɔ-5 kpz ɓ aː-1 iz
NMA_7_NU_S0002_70,audio_data/train/NMA_7_NU_S0002_70.wav,ɗ ɛ-5 pz m aː-1 h aː-0 iz f ɨə-0 ŋz t͡ɕ əː-1 iz,ɗ ɛ-5 pz m aː-1 h aː-0 iz f ɨə-0 ŋz t͡ɕ əː-1 iz
LXT_Nam_6_S0008_40,audio_data/train/LXT_Nam_6_S0008_40.wav,ɲ i-1 nz ɓ aː-4 kz t͡ɕ ɔ-4 ɗ aː-0 ŋz ŋ e-4 k̟z m ɔ-2 mz n a-1 mz z aː-1 iz t͡ɕ e-0 nz s ə-0 nz t a-4 mz n a-4 ŋz t͡ɕ u-4 ɓ ɛ-1 nz l aː-5 iz ɣ ə-1 nz l a-0 iz l a-0 iz,ɲ i-1 nz ɓ aː-4 kz t͡ɕ ɔ-4 ɗ aː-0 ŋz ŋ e-4 k̟z m ɔ-2 mz n a-1 mz z aː-1 iz t͡ɕ e-0 nz s ə-0 nz t a-4 mz n a-4 ŋz t͡ɕ u-4 ɓ ɛ-1 nz l aː-5 iz ɣ ə-1 nz l a-0 iz l a-0 iz
DNK_7_NU_S0048_272,audio_data/train/DNK_7_NU_S0048_272.wav,ɓ o-0 ŋmz k u-4 kpz h ɛ-4 uz l aː-3 ɗ i-0 v i-1 tʰ ɨə-0 ŋz s ɔ-4 tz,ɓ o-0 ŋmz k u-4 kpz h ɛ-4 uz l aː-3 ɗ i-0 v i-1 tʰ ɨə-0 ŋz s ɔ-4 tz
NHM_7_NU_S0006_167,audio_data/train/NHM_7_NU_S0006_167.wav,t͡ɕ u-3 ɲ ə-0 nz t o-0 iz ɓ aː-4 t ɨə-4 kz v u-1 ŋmz k aː-0 z aː-0 ɓ aː-4 tz k ɔ-4 m ɔ-4 nz k w aː-1 m w o-4 nz t a-5 ŋz h w aː-1 ŋz v uə-0 h w aː-1 ŋz tʰ ɨə-5 ŋz,t͡ɕ u-3 ɲ ə-0 nz t o-0 iz ɓ aː-4 t ɨə-4 kz v u-1 ŋmz k aː-0 z aː-0 ɓ aː-4 tz k ɔ-4 m ɔ-4 nz k w aː-1 m w o-4 nz t a-5 ŋz h w aː-1 ŋz v uə-0 h w aː-1 ŋz tʰ ɨə-5 ŋz
NHM_7_NU_S0006_28,audio_data/train/NHM_7_NU_S0006_28.wav,k ə-0 uz t͡ɕ w iə-5 nz k ɔ-4 ɲ ɨ-2 ŋz ɲ ə-0 nz v ə-5 tz n aː-1 uz h aː-3 ɓ aː-5 nz,k ə-0 uz t͡ɕ w iə-5 nz k ɔ-4 ɲ ɨ-2 ŋz ɲ ə-0 nz v ə-5 tz n aː-1 uz h aː-3 ɓ aː-5 nz
HYT_Nu_6_S0005_5,audio_data/train/HYT_Nu_6_S0005_5.wav,ɗ e-4 nz t͡ɕ ɨə-0 v e-1 ɲ aː-1 n ɔ-4 o-0 mz m ɛ-5 k e-3,ɗ e-4 nz t͡ɕ ɨə-0 v e-1 ɲ aː-1 n ɔ-4 o-0 mz m ɛ-5 k e-3
NDBA_7_NAM_S0010_65,audio_data/train/NDBA_7_NAM_S0010_65.wav,eaː-0 ŋ̟z s ɛ-2 l aː-1 mz ɣ i-1 s a-0 uz ɗ ɔ-4,eaː-0 ŋ̟z s ɛ-2 l aː-1 mz ɣ i-1 s a-0 uz ɗ ɔ-4
NNM_Nu_6_S00045_117,audio_data/train/NNM_Nu_6_S00045_117.wav,t əː-4 ɗ o-4 ɓ aː-5 nz tʰ ɔ-3 ɗ e-4 nz k ɔ-0 nz ɗ e-4 nz ɓ əː-1 s o-0 ŋmz l aː-1 mz ɣ i-1,t əː-4 ɗ o-4 ɓ aː-5 nz tʰ ɔ-3 ɗ e-4 nz k ɔ-0 nz ɗ e-4 nz ɓ əː-1 s o-0 ŋmz l aː-1 mz ɣ i-1
THA_Nu_6_S00042_26,audio_data/train/THA_Nu_6_S00042_26.wav,z o-1 iz k iə-4 nz ɓ aː-3 uz k ɨ-4 uz t o-0 iz v əː-4 iz k ɨ-4 uz t o-0 iz v əː-4 iz,z o-1 iz k iə-4 nz ɓ aː-3 uz k ɨ-4 uz t o-0 iz v əː-4 iz k ɨ-4 uz t o-0 iz v əː-4 iz
NNM_Nu_6_S00045_15,audio_data/train/NNM_Nu_6_S00045_15.wav,t i-0 v i-0 k ɔ-4 k aː-4 m ə-5 pz,t i-0 v i-0 k ɔ-4 k aː-4 m ə-5 pz
THA_7_NU_S0043_60,audio_data/train/THA_7_NU_S0043_60.wav,m o-5 tz h o-0 mz tʰ ə-1 iz v i-0 m aː-0 ŋz ɗ e-4 nz l əː-4 pz m o-5 tz t͡ɕ ə-5 uz s ɛ-0 nz ɗ aː-4,m o-5 tz h o-0 mz tʰ ə-1 iz v i-0 m aː-0 ŋz ɗ e-4 nz l əː-4 pz m o-5 tz t͡ɕ ə-5 uz s ɛ-0 nz ɗ aː-4
DNK_7_NU_S0048_144,audio_data/train/DNK_7_NU_S0048_144.wav,m o-5 tz ɗ aː-1 nz k ɔ-1 ɓ eaː-5 k̟z,m o-5 tz ɗ aː-1 nz k ɔ-1 ɓ eaː-5 k̟z
DNK_7_NU_S0048_106,audio_data/train/DNK_7_NU_S0048_106.wav,s eaː-4 k̟z ɓ aː-4 uz v iə-4 tz v e-1 k aː-4 kz l w aː-1 iz t͡ɕ i-0 mz n a-1 iz ɲ ɛ-4,s eaː-4 k̟z ɓ aː-4 uz v iə-4 tz v e-1 k aː-4 kz l w aː-1 iz t͡ɕ i-0 mz n a-1 iz ɲ ɛ-4
THA_Nu_6_S00042_63,audio_data/train/THA_Nu_6_S00042_63.wav,ɗ o-4 ɓ aː-5 nz t i-1 mz t iə-4 ŋz n aː-1 uz k ɔ-4 ə-0 mz t əː-1,ɗ o-4 ɓ aː-5 nz t i-1 mz t iə-4 ŋz n aː-1 uz k ɔ-4 ə-0 mz t əː-1
MK_7_NU_S0007_66,audio_data/train/MK_7_NU_S0007_66.wav,t͡ɕ a-0 ŋz t͡ɕ ɔ-1 nz,t͡ɕ a-0 ŋz t͡ɕ ɔ-1 nz
PTT_7_NU_S0041_45,audio_data/train/PTT_7_NU_S0041_45.wav,t͡ɕ i-5 v e-1 m uə-1 s w ə-0 nz v ɨə-1 nz k ə-0 iz l u-4 kpz n aː-1 uz ɗ ə-0 mz t͡ɕ o-1 iz n a-3 iz l o-5 kpz,t͡ɕ i-5 v e-1 m uə-1 s w ə-0 nz v ɨə-1 nz k ə-0 iz l u-4 kpz n aː-1 uz ɗ ə-0 mz t͡ɕ o-1 iz n a-3 iz l o-5 kpz
DNK_7_NU_S0048_27,audio_data/train/DNK_7_NU_S0048_27.wav,t͡ɕ əː-1 iz z a-4 kz ɓ w i-5 m ɨə-0 z əː-0 iz,t͡ɕ əː-1 iz z a-4 kz ɓ w i-5 m ɨə-0 z əː-0 iz
THA_7_NU_S0043_66,audio_data/train/THA_7_NU_S0043_66.wav,k w o-4 iz n a-0 mz h ɔ-5 kpz k aː-3 l əː-4 pz ɗ e-1 uz ɗ ɨə-5 kz t a-5 ŋz k ə-0 iz,k w o-4 iz n a-0 mz h ɔ-5 kpz k aː-3 l əː-4 pz ɗ e-1 uz ɗ ɨə-5 kz t a-5 ŋz k ə-0 iz
NHM_7_NU_S0006_29,audio_data/train/NHM_7_NU_S0006_29.wav,k ə-0 uz t͡ɕ w iə-5 nz k ɔ-4 h aː-0 iz ɲ ə-0 nz v ə-5 tz ɗ ɔ-4 t͡ɕ i-4 ŋ̟z l aː-1 tʰ ə-1 nz z ɔ-4 v aː-1 o-0 ŋmz m eaː-5 ŋ̟z,k ə-0 uz t͡ɕ w iə-5 nz k ɔ-4 h aː-0 iz ɲ ə-0 nz v ə-5 tz ɗ ɔ-4 t͡ɕ i-4 ŋ̟z l aː-1 tʰ ə-1 nz z ɔ-4 v aː-1 o-0 ŋmz m eaː-5 ŋ̟z
NNM_Nu_6_S00045_124,audio_data/train/NNM_Nu_6_S00045_124.wav,v i-1 tʰ ɔ-3 t ɨə-3 ŋz k aː-4 s ə-4 uz ŋ u-3,v i-1 tʰ ɔ-3 t ɨə-3 ŋz k aː-4 s ə-4 uz ŋ u-3
TPA_Nu_6_S0009_142,audio_data/train/TPA_Nu_6_S0009_142.wav,s ɔ-4 kpz k ɔ-0 nz ə-0 uz iə-4 mz n ɔ-4 iz,s ɔ-4 kpz k ɔ-0 nz ə-0 uz iə-4 mz n ɔ-4 iz
DNK_7_NU_S0048_183,audio_data/train/DNK_7_NU_S0048_183.wav,m o-5 tz t͡ɕ u-4 s əː-0 nz k aː-0 s aː-1 s w o-4 ŋmz ɓ o-0 ŋmz k u-4 kpz,m o-5 tz t͡ɕ u-4 s əː-0 nz k aː-0 s aː-1 s w o-4 ŋmz ɓ o-0 ŋmz k u-4 kpz
THA_7_NU_S0043_3,audio_data/train/THA_7_NU_S0043_3.wav,tʰ ə-1 iz m aː-0 ŋz t͡ɕ aː-4 iz k ə-0 iz ɗ e-4 nz l əː-4 pz l aː-1 mz ɣ i-1 ɲ i-3,tʰ ə-1 iz m aː-0 ŋz t͡ɕ aː-4 iz k ə-0 iz ɗ e-4 nz l əː-4 pz l aː-1 mz ɣ i-1 ɲ i-3
PTT_7_NU_S0041_115,audio_data/train/PTT_7_NU_S0041_115.wav,k aː-3 ɓ w o-3 iz t͡ɕ ɨə-0 h ɛ-1,k aː-3 ɓ w o-3 iz t͡ɕ ɨə-0 h ɛ-1
NMA_7_NU_S0002_228,audio_data/train/NMA_7_NU_S0002_228.wav,tʰ ə-1 nz n ɔ-1 iz z o-1 ŋmz s ɨ-4 kz x w ɛ-3 f i-0 tʰ ɨə-1 ŋz ɗ aː-2 z u-4 pz z ə-0 nz z iə-5 tz t͡ɕ ɨ-1 ɲ iə-1 uz iə-0 uz k w aː-4 iz,tʰ ə-1 nz n ɔ-1 iz z o-1 ŋmz s ɨ-4 kz x w ɛ-3 f i-0 tʰ ɨə-1 ŋz ɗ aː-2 z u-4 pz z ə-0 nz z iə-5 tz t͡ɕ ɨ-1 ɲ iə-1 uz iə-0 uz k w aː-4 iz
NMA_7_NU_S0002_194,audio_data/train/NMA_7_NU_S0002_194.wav,əː-0 k w e-0 ŋ a-1 iz ŋ a-4 nz t i-4 t ɛ-0 uz,əː-0 k w e-0 ŋ a-1 iz ŋ a-4 nz t i-4 t ɛ-0 uz
GQM_Nam_6_S0006_2,audio_data/train/GQM_Nam_6_S0006_2.wav,m ɛ-5 ɓ ə-5 nz l aː-1 mz ɓ e-4 pz,m ɛ-5 ɓ ə-5 nz l aː-1 mz ɓ e-4 pz
TPA_Nu_6_S0009_147,audio_data/train/TPA_Nu_6_S0009_147.wav,tʰ ə-1 iz z aː-4 uz t͡ɕ ɛ-0 uz l e-0 nz t ɨə-1 ŋz ɲ ɨ-2 ŋz ɓ ɨ-4 kz eaː-3 ŋ̟z h o-5 ŋ i-2 ŋ̟z tʰ ə-1 iz t͡ɕ u-5 pz t͡ɕ u-4 ŋmz t o-0 iz,tʰ ə-1 iz z aː-4 uz t͡ɕ ɛ-0 uz l e-0 nz t ɨə-1 ŋz ɲ ɨ-2 ŋz ɓ ɨ-4 kz eaː-3 ŋ̟z h o-5 ŋ i-2 ŋ̟z tʰ ə-1 iz t͡ɕ u-5 pz t͡ɕ u-4 ŋmz t o-0 iz
LXT_Nam_6_S0008_15,audio_data/train/LXT_Nam_6_S0008_15.wav,ɗ e-4 nz l ɨə-5 tz t əː-4 ɗ ɔ-5 kpz ɲ ɛ-4,ɗ e-4 nz l ɨə-5 tz t əː-4 ɗ ɔ-5 kpz ɲ ɛ-4
CNBA_Nu_6_S0003_8,audio_data/train/CNBA_Nu_6_S0003_8.wav,k o-0 ŋmz t͡ɕ uə-4 tʰ i-4 k̟z l a-4 mz,k o-0 ŋmz t͡ɕ uə-4 tʰ i-4 k̟z l a-4 mz
NMA_7_NU_S0002_220,audio_data/train/NMA_7_NU_S0002_220.wav,k aː-4 kz k ɔ-0 nz s w o-4 ŋmz ɓ iə-3 nz l aː-1 ŋz ɗ ɨə-0 n a-0 mz m ɨə-0 iz k ɔ-0 nz l e-0 nz n w i-4 t͡ɕ iə-0 ɲ a-0 uz z ɨə-2 k aː-4 kz f ɨə-0 ŋz,k aː-4 kz k ɔ-0 nz s w o-4 ŋmz ɓ iə-3 nz l aː-1 ŋz ɗ ɨə-0 l a-0 mz m ɨə-0 iz k ɔ-0 nz l e-0 nz l w i-4 t͡ɕ iə-0 ɲ a-0 uz z ɨə-2 k aː-4 kz f ɨə-0 ŋz
NTM_Nam_6_S00010_49,audio_data/train/NTM_Nam_6_S00010_49.wav,ɓ ə-0 iz z əː-1 t͡ɕ u-4 ŋmz m i-1 ŋ̟z k u-1 ŋmz ɗ iə-1 nz t iə-4 ŋz k ɔ-1 nz tʰ iə-4 uz ɗ e-3 h w aː-1 nz t͡ɕ i-3 ŋ̟z ɗ w aː-5 nz ɗ o-1 ŋmz z aː-0 uz n a-1 iz ɲ ɛ-4,ɓ ə-0 iz z əː-1 t͡ɕ u-4 ŋmz m i-1 ŋ̟z k u-1 ŋmz ɗ iə-1 nz t iə-4 ŋz k ɔ-1 nz tʰ iə-4 uz ɗ e-3 h w aː-1 nz t͡ɕ i-3 ŋ̟z ɗ w aː-5 nz ɗ o-1 ŋmz z aː-0 uz n a-1 iz ɲ ɛ-4
LDMT_Nam_6_S00047_4,audio_data/train/LDMT_Nam_6_S00047_4.wav,k w aː-3 l aː-1 tʰ u-4 v i-5,k w aː-3 l aː-1 tʰ u-4 v i-5
HYT_Nu_6_S0005_70,audio_data/train/HYT_Nu_6_S0005_70.wav,n aː-1 ŋz t iə-0 nz k aː-4 l aː-1 k ɔ-0 nz v uə-0 ɓ iə-3 nz,n aː-1 ŋz t iə-0 nz k aː-4 l aː-1 k ɔ-0 nz v uə-0 ɓ iə-3 nz
THA_Nu_6_S00042_6,audio_data/train/THA_Nu_6_S00042_6.wav,s ɛ-3 h o-4 iz z o-2 s ɛ-3 k aː-0 z i-0 z i-0,s ɛ-3 h o-4 iz z o-2 s ɛ-3 k aː-0 z i-0 z i-0
TTT_Nu_6_S00049_32,audio_data/train/TTT_Nu_6_S00049_32.wav,t͡ɕ u-4 ŋmz m i-1 ŋ̟z k u-1 ŋmz ɲ a-0 uz t i-1 mz,t͡ɕ u-4 ŋmz m i-1 ŋ̟z k u-1 ŋmz ɲ a-0 uz t i-1 mz
THA_7_NU_S0043_79,audio_data/train/THA_7_NU_S0043_79.wav,k aː-4 kz ɓ aː-5 nz h ɔ-5 kpz s i-0 ŋ̟z k o-4 ɣ a-4 ŋz ɗ aː-5 tz k e-4 tz k w aː-3 k aː-0 uz ɗ e-3 ɗ ɨə-5 kz t a-5 ŋz k ə-0 iz k uə-3 tʰ ə-1 iz z aː-4 uz,k aː-4 kz ɓ aː-5 nz h ɔ-5 kpz s i-0 ŋ̟z k o-4 ɣ a-4 ŋz ɗ aː-5 tz k e-4 tz k w aː-3 k aː-0 uz ɗ e-3 ɗ ɨə-5 kz t a-5 ŋz k ə-0 iz k uə-3 tʰ ə-1 iz z aː-4 uz
NMA_7_NU_S0002_109,audio_data/train/NMA_7_NU_S0002_109.wav,ɗ ɔ-4 l aː-1 m o-5 tz t w aː-1 k o-3 k i-4 ŋ̟z h əː-0 nz l aː-1 m o-5 tz tʰ ə-0 nz k ə-0 iz,ɗ ɔ-4 l aː-1 m o-5 tz t w aː-1 k o-3 k i-4 ŋ̟z h əː-0 nz l aː-1 m o-5 tz tʰ ə-0 nz k ə-0 iz
DNK_7_NU_S0048_62,audio_data/train/DNK_7_NU_S0048_62.wav,k ə-5 uz ɗ ɔ-5 kpz ɗ w aː-5 nz h aː-0 iz t əː-4 l aː-5 iz ɗ ɔ-5 kpz t iə-4 pz ɗ w aː-5 nz ɓ aː-0,k ə-5 uz ɗ ɔ-5 kpz ɗ w aː-5 nz h aː-0 iz t əː-4 l aː-5 iz ɗ ɔ-5 kpz t iə-4 pz ɗ w aː-5 nz ɓ aː-0
NDBA_7_NAM_S0010_77,audio_data/train/NDBA_7_NAM_S0010_77.wav,t͡ɕ u-3 ɲ ə-0 nz t o-0 iz ɓ aː-4 t ɨə-4 kz v u-1 ŋmz k aː-0 z aː-0 ɓ aː-4 tz k ɔ-4 m ɔ-4 nz k w aː-1 m w o-4 nz t a-5 ŋz h w aː-1 ŋz tʰ ɨə-5 ŋz,t͡ɕ u-3 ɲ ə-0 nz t o-0 iz ɓ aː-4 t ɨə-4 kz v u-1 ŋmz k aː-0 z aː-0 ɓ aː-4 tz k ɔ-4 m ɔ-4 nz k w aː-1 m w o-4 nz t a-5 ŋz h w aː-1 ŋz tʰ ɨə-5 ŋz
THA_7_NU_S0043_137,audio_data/train/THA_7_NU_S0043_137.wav,t͡ɕ i-0 mz əː-0 iz t͡ɕ i-0 mz n ɔ-4 iz ɣ i-1,t͡ɕ i-0 mz əː-0 iz t͡ɕ i-0 mz n ɔ-4 iz ɣ i-1
PTT_7_NU_S0041_43,audio_data/train/PTT_7_NU_S0041_43.wav,m uə-1 ɗ o-0 ŋmz ɓ aː-3 uz m aː-1 m uə-1 s w ə-0 nz,m uə-1 ɗ o-0 ŋmz ɓ aː-3 uz m aː-1 m uə-1 s w ə-0 nz
NTM_Nam_6_S00010_39,audio_data/train/NTM_Nam_6_S00010_39.wav,k aː-4 iz l iə-1 mz k a-4 tz l aː-4,k aː-4 iz l iə-1 mz k a-4 tz l aː-4
THA_Nu_6_S00042_174,audio_data/train/THA_Nu_6_S00042_174.wav,ɓ aː-0 uz z əː-1 m ɛ-5 v e-1 tʰ i-1 tʰ i-1 m ɛ-5 s ɛ-2 ɣ ɔ-5 iz l aː-1,ɓ aː-0 uz z əː-1 m ɛ-5 v e-1 tʰ i-1 tʰ i-1 m ɛ-5 s ɛ-2 ɣ ɔ-5 iz l aː-1
TPA_Nu_6_S0009_135,audio_data/train/TPA_Nu_6_S0009_135.wav,tʰ e-4 tʰ i-1 k ɨ-4 əː-0 ɲ aː-1 m aː-1 s ɛ-0 t͡ɕ i-3 s w o-4 tz ɗ əː-1 iz ɗ i-0,tʰ e-4 tʰ i-1 k ɨ-4 əː-0 ɲ aː-1 m aː-1 s ɛ-0 t͡ɕ i-3 s w o-4 tz ɗ əː-1 iz ɗ i-0
THA_7_NU_S0043_99,audio_data/train/THA_7_NU_S0043_99.wav,t͡ɕ ɨə-4 kz h e-4 tz f aː-3 iz k ɨ-4 uz k ə-0 iz h w aː-0 ɗ aː-2,t͡ɕ ɨə-4 kz h e-4 tz f aː-3 iz k ɨ-4 uz k ə-0 iz h w aː-0 ɗ aː-2
TTD_7_NAM_S0001_114,audio_data/train/TTD_7_NAM_S0001_114.wav,əː-0 t əː-4 ɗ a-5 tz t e-0 nz t͡ɕ ɔ-0 t͡ɕ aː-4 iz eaː-3 ŋ̟z ɗ ɔ-4 l aː-1 k ɔ-0 nz m ɛ-1 uz ŋ w aː-0 nz,əː-0 t əː-4 ɗ a-5 tz t e-0 nz t͡ɕ ɔ-0 t͡ɕ aː-4 iz eaː-3 ŋ̟z ɗ ɔ-4 l aː-1 k ɔ-0 nz m ɛ-1 uz ŋ w aː-0 nz
NT_7_NAM_S0009_52,audio_data/train/NT_7_NAM_S0009_52.wav,k ɔ-1 nz eaː-0 ŋ̟z l ɨə-1 tʰ ɛ-4 tz t͡ɕ ɔ-0 v aː-0 ŋz ɲ ɨ-0 k ɛ-1 nz,k ɔ-1 nz eaː-0 ŋ̟z l ɨə-1 tʰ ɛ-4 tz t͡ɕ ɔ-0 v aː-0 ŋz ɲ ɨ-0 k ɛ-1 nz
DNK_7_NU_S0048_50,audio_data/train/DNK_7_NU_S0048_50.wav,s e-0 t͡ɕ i-0 mz ɛ-4 nz v e-1 ɗ e-3 m əː-3 h o-5 iz s w ə-0 nz,s e-0 t͡ɕ i-0 mz ɛ-4 nz v e-1 ɗ e-3 m əː-3 h o-5 iz s w ə-0 nz
LXT_Nam_6_S0008_27,audio_data/train/LXT_Nam_6_S0008_27.wav,ə-0 iz ɣ aː-1 t͡ɕ o-4 ŋmz t͡ɕ ɔ-0 m i-1 ŋ̟z l aː-1 z ə-4 tz k w aː-0 nz t͡ɕ ɔ-5 ŋmz,ə-0 iz ɣ aː-1 t͡ɕ o-4 ŋmz t͡ɕ ɔ-0 m i-1 ŋ̟z l aː-1 z ə-4 tz k w aː-0 nz t͡ɕ ɔ-5 ŋmz
NDBA_7_NAM_S0010_99,audio_data/train/NDBA_7_NAM_S0010_99.wav,m ɛ-1 uz tʰ ə-4 iz k ɔ-4 m o-5 tz s o-4 ŋ ɨə-1 iz l aː-1 mz v iə-5 kz əː-0 ɗ ɔ-4,m ɛ-1 uz tʰ ə-4 iz k ɔ-4 m o-5 tz s o-4 ŋ ɨə-1 iz l aː-1 mz v iə-5 kz əː-0 ɗ ɔ-4
THA_Nu_6_S00042_74,audio_data/train/THA_Nu_6_S00042_74.wav,t əː-4 s i-0 nz m əː-1 iz k ə-5 uz ɗ ɔ-5 kpz l aː-5 iz aː-0,t əː-4 s i-0 nz m əː-1 iz k ə-5 uz ɗ ɔ-5 kpz l aː-5 iz aː-0
VTA_Nam_6_S0002_7,audio_data/train/VTA_Nam_6_S0002_7.wav,tʰ ɔ-3 t ɛ-2 nz t ɔ-1,tʰ ɔ-3 t ɛ-2 nz t ɔ-1
LDMT_Nam_6_S00047_20,audio_data/train/LDMT_Nam_6_S00047_20.wav,tʰ e-3 m aː-1 ɗ i-0 v e-1 k ɔ-4 t͡ɕ aː-3 ɲ əː-4 n ɔ-4 ɗ aː-2 h ɨə-4 ɣ i-1,tʰ e-3 m aː-1 ɗ i-0 v e-1 k ɔ-4 t͡ɕ aː-3 ɲ əː-4 n ɔ-4 ɗ aː-2 h ɨə-4 ɣ i-1
NHM_7_NU_S0006_133,audio_data/train/NHM_7_NU_S0006_133.wav,aː-0 iz k u-2 ŋmz x ɛ-0 nz ɓ eaː-4 ŋ̟z k ɔ-4 v i-5 ŋ ɔ-0 nz h ɨə-0 ŋz l aː-5 m aː-1 l aː-5 iz k ɔ-4 i-0 ŋ iə-2 s ə-0 uz s aː-0 ɗ u-4 ŋmz l aː-1 tʰ ɨ-4 k w i-4 ɲ ə-4 tz t͡ɕ ɔ-0 ŋmz ŋ a-1 iz h o-5 iz l e-2 ɗ ə-1 uz n a-0 mz,aː-0 iz k u-2 ŋmz x ɛ-0 nz ɓ eaː-4 ŋ̟z k ɔ-4 v i-5 ŋ ɔ-0 nz h ɨə-0 ŋz l aː-5 m aː-1 l aː-5 iz k ɔ-4 i-0 ŋ iə-2 s ə-0 uz s aː-0 ɗ u-4 ŋmz l aː-1 tʰ ɨ-4 k w i-4 ɲ ə-4 tz t͡ɕ ɔ-0 ŋmz ŋ a-1 iz h o-5 iz l e-2 ɗ ə-1 uz n a-0 mz
PC_7_NAM_S0004_115,audio_data/train/PC_7_NAM_S0004_115.wav,t əː-4 ɓ iə-4 tz z ə-4 tz ɲ iə-1 uz k aː-4 kz l w aː-1 iz h w aː-0 x aː-4 kz v i-4 z u-5 ɲ ɨ-0 l aː-1 h w aː-0 l w aː-0 k ɛ-1 nz h w aː-0 k u-4 kpz v aː-1 h w aː-0 l i-0 h w aː-0 s ɛ-0 nz v aː-1 z ə-4 tz ɲ iə-1 uz l w aː-5 iz h w aː-0 x aː-4 kz t əː-4 x o-0 ŋmz tʰ e-3 n aː-1 uz m aː-1 k e-3 h e-4 tz ɗ ɨə-5 kz,t əː-4 ɓ iə-4 tz z ə-4 tz ɲ iə-1 uz k aː-4 kz l w aː-1 iz h w aː-0 x aː-4 kz v i-4 z u-5 ɲ ɨ-0 l aː-1 h w aː-0 l w aː-0 k ɛ-1 nz h w aː-0 k u-4 kpz v aː-1 h w aː-0 l i-0 h w aː-0 s ɛ-0 nz v aː-1 z ə-4 tz ɲ iə-1 uz l w aː-5 iz h w aː-0 x aː-4 kz t əː-4 x o-0 ŋmz tʰ e-3 n aː-1 uz m aː-1 k e-3 h e-4 tz ɗ ɨə-5 kz
NMA_7_NU_S0002_16,audio_data/train/NMA_7_NU_S0002_16.wav,k ɔ-0 nz v ɔ-0 iz k ɔ-0 nz v o-5 iz k ɔ-0 nz v ɔ-3 iz k ɔ-0 nz v ɔ-0 iz,k ɔ-0 nz v ɔ-0 iz k ɔ-0 nz v o-5 iz k ɔ-0 nz v ɔ-3 iz k ɔ-0 nz v ɔ-0 iz
CNBA_Nu_6_S0003_206,audio_data/train/CNBA_Nu_6_S0003_206.wav,n ɨə-4 kz ŋ w aː-0 nz z ɨə-3 t͡ɕ a-4 ŋz ɓ aː-1 nz t a-0 iz,l ɨə-4 kz ŋ w aː-0 nz z ɨə-3 t͡ɕ a-4 ŋz ɓ aː-1 nz t a-0 iz
NMA_7_NU_S0002_197,audio_data/train/NMA_7_NU_S0002_197.wav,ɗ i-0 k ə-0 uz k aː-4,ɗ i-0 k ə-0 uz k aː-4
MK_7_NAM_S0005_20,audio_data/train/MK_7_NAM_S0005_20.wav,k w e-0 k ə-5 uz k ɔ-4 ɲ ɨ-2 ŋz ɣ i-1 m aː-1 k ə-5 uz tʰ i-4 k̟z,k w e-0 k ə-5 uz k ɔ-4 ɲ ɨ-2 ŋz ɣ i-1 m aː-1 k ə-5 uz tʰ i-4 k̟z
NHM_7_NU_S0006_152,audio_data/train/NHM_7_NU_S0006_152.wav,ɓ w o-1 nz ɓ aː-2 v aː-1 t͡ɕ aː-4 nz n aː-3 nz eaː-0 ŋ̟z ɗ i-5 ŋ̟z z iə-4 tz k ɔ-0 nz m ɛ-1 uz l ə-4 iz tʰ i-5 tz a-0 nz k ɔ-1 nz z aː-0 n ɔ-4 tʰ i-1 l aː-5 iz l ə-4 iz ɗ o-0 iz ɓ aː-0 uz t a-0 iz,ɓ w o-1 nz ɓ aː-2 v aː-1 t͡ɕ aː-4 nz n aː-3 nz eaː-0 ŋ̟z ɗ i-5 ŋ̟z z iə-4 tz k ɔ-0 nz m ɛ-1 uz l ə-4 iz tʰ i-5 tz a-0 nz k ɔ-1 nz z aː-0 n ɔ-4 tʰ i-1 l aː-5 iz l ə-4 iz ɗ o-0 iz ɓ aː-0 uz t a-0 iz
TPA_Nu_6_S0009_25,audio_data/train/TPA_Nu_6_S0009_25.wav,i-0 ə-0 iz ɣ aː-1 t͡ɕ o-4 ŋmz t͡ɕ ɔ-0 l aː-1 m i-1 ŋ̟z z ə-4 tz k w aː-0 nz t͡ɕ ɔ-5 ŋmz,i-0 ə-0 iz ɣ aː-1 t͡ɕ o-4 ŋmz t͡ɕ ɔ-0 l aː-1 m i-1 ŋ̟z z ə-4 tz k w aː-0 nz t͡ɕ ɔ-5 ŋmz
DNK_7_NU_S0048_153,audio_data/train/DNK_7_NU_S0048_153.wav,ɗ o-2 s w o-4 ŋmz k eaː-1 ŋ̟z m e-1 mz,ɗ o-2 s w o-4 ŋmz k eaː-1 ŋ̟z m e-1 mz
DNK_7_NU_S0048_236,audio_data/train/DNK_7_NU_S0048_236.wav,k ə-5 uz t o-4 tz k w aː-4,k ə-5 uz t o-4 tz k w aː-4
PTL_7_NU_S0008_91,audio_data/train/PTL_7_NU_S0008_91.wav,ɓ a-0 iz k u-1 ŋmz n aː-0 mz ɓ a-4 kz ɗ o-0 ŋmz t ə-0 iz t ɔ-3 t ɨə-1 ŋz,ɓ a-0 iz k u-1 ŋmz n aː-0 mz ɓ a-4 kz ɗ o-0 ŋmz t ə-0 iz t ɔ-3 t ɨə-1 ŋz
THA_Nu_6_S00042_204,audio_data/train/THA_Nu_6_S00042_204.wav,ŋ ɔ-4 t͡ɕ i-5 ɣ aː-1 ɗ aː-5 pz ɗ aː-5 pz z u-2 z u-2 l uə-4,ŋ ɔ-4 t͡ɕ i-5 ɣ aː-1 ɗ aː-5 pz ɗ aː-5 pz z u-2 z u-2 l uə-4
CNBA_Nu_6_S0003_41,audio_data/train/CNBA_Nu_6_S0003_41.wav,ɲ ɨ-0 ŋz ɛ-0 mz ɗ aː-2 ɗ o-4 iz s ɨ-3 t e-5 v əː-4 iz t͡ɕ aː-1 ŋz x i-0 t͡ɕ aː-1 ŋz k ɔ-1 nz l aː-1 e-4 k̟z,ɲ ɨ-0 ŋz ɛ-0 mz ɗ aː-2 ɗ o-4 iz s ɨ-3 t e-5 v əː-4 iz t͡ɕ aː-1 ŋz x i-0 t͡ɕ aː-1 ŋz k ɔ-1 nz l aː-1 e-4 k̟z
DNK_7_NU_S0048_111,audio_data/train/DNK_7_NU_S0048_111.wav,m ɔ-3 k uə-3 t͡ɕ i-0 mz l iə-0 nz k w aː-0 nz ɗ e-4 nz tʰ ɨ-4 kz a-0 nz k uə-3 t͡ɕ u-4 ŋmz,m ɔ-3 k uə-3 t͡ɕ i-0 mz l iə-0 nz k w aː-0 nz ɗ e-4 nz tʰ ɨ-4 kz a-0 nz k uə-3 t͡ɕ u-4 ŋmz
DNK_7_NU_S0048_57,audio_data/train/DNK_7_NU_S0048_57.wav,k ə-0 iz k aː-0 mz v aː-1 ŋz tʰ e-0 mz t͡ɕ aː-4 iz,k ə-0 iz k aː-0 mz v aː-1 ŋz tʰ e-0 mz t͡ɕ aː-1 iz
NMA_7_NU_S0002_173,audio_data/train/NMA_7_NU_S0002_173.wav,tʰ ɛ-0 uz o-0 ŋmz t͡ɕ a-4 uz v e-1 k w e-0,tʰ ɛ-0 uz o-0 ŋmz t͡ɕ a-4 uz v e-1 k w e-0
THA_7_NU_S0043_109,audio_data/train/THA_7_NU_S0043_109.wav,t əː-4 v aː-1 k ə-5 uz k u-1 ŋmz t͡ɕ aː-3 l əː-1 iz k aː-4 kz k ə-0 uz h ɔ-3 iz s a-0 uz ɓ aː-1 iz ɗ ɔ-5 kpz ɲ ɛ-4,t əː-4 v aː-1 k ə-5 uz k u-1 ŋmz t͡ɕ aː-3 l əː-1 iz k aː-4 kz k ə-0 uz h ɔ-3 iz s a-0 uz ɓ aː-1 iz ɗ ɔ-5 kpz ɲ ɛ-4
THA_Nu_6_S00042_107,audio_data/train/THA_Nu_6_S00042_107.wav,ɓ aː-5 nz əː-0 iz l u-2 ɣ aː-1 ɗ aː-2 ŋ əː-2 s ɨ-0 t ɨ-3 l aː-1 aː-0 iz,ɓ aː-5 nz əː-0 iz l u-2 ɣ aː-1 ɗ aː-2 ŋ əː-2 s ɨ-0 t ɨ-3 l aː-1 aː-0 iz
tuyen_1-1,audio_data/train/tuyen_1-1.wav,t͡ɕ a-4 uz ɗ aː-0 ŋz l aː-1 mz ɣ i-1 v ə-5 iz,t͡ɕ a-4 uz ɗ aː-0 ŋz l aː-1 mz ɣ i-1 v ə-5 iz
tuyen_10-1,audio_data/train/tuyen_10-1.wav,ɛ-0 mz t͡ɕ aː-1 uz k o-0 aː-0,ɛ-0 mz t͡ɕ aː-1 uz k o-0 aː-0
tuyen_100-9,audio_data/train/tuyen_100-9.wav,ɲ ɨ-2 ŋz z ɔ-5 tz s ɨə-0 ŋz l ɔ-0 ŋmz l eaː-0 ŋ̟z,l əː-5 s ɨə-0 ŋz l ɔ-0 ŋmz l a-0 nz
tuyen_101-9,audio_data/train/tuyen_101-9.wav,ɛ-0 mz z ə-4 tz tʰ i-4 k̟z h w aː-0 h o-1 ŋmz,ɛ-0 mz z ə-4 tz tʰ i-4 tz x w aː-0 h o-1 ŋmz
tuyen_102-9,audio_data/train/tuyen_102-9.wav,t͡ɕ iə-4 kz tʰ ɨə-4 kz k ɛ-3 m a-1 uz k aː-0 mz,t͡ɕ e-4 tz tʰ ɨə-4 kz k ɛ-3 m a-1 uz k aː-0 mz
tuyen_103-9,audio_data/train/tuyen_103-9.wav,n aː-0 ɗ aː-0 ŋz v ɛ-2 m o-5 tz k o-0 ɣ aː-4 iz,ɗ aː-2 h aː-0 iz z aː-0 ɗ i-1 ŋ̟z ɓ ɛ-4 m o-5 tz k o-0 ɣ aː-4 iz
tuyen_104-9,audio_data/train/tuyen_104-9.wav,ɛ-0 mz v ɛ-2 m o-5 tz k o-0 t iə-0 nz,ɛ-0 mz v ɛ-2 m o-5 tz k o-0 t iə-0 nz
tuyen_105-11,audio_data/train/tuyen_105-11.wav,ɓ o-4 m ɛ-5 t͡ɕ ɔ-0 ɓ ɛ-4 v e-1 k w e-0,ɓ o-4 m ɛ-5 t͡ɕ ɔ-0 ɓ ɛ-4 v e-1 k w e-0
tuyen_107-10,audio_data/train/tuyen_107-10.wav,ɓ ɛ-4 z ə-4 tz ɲ əː-4 ɓ aː-1,ɓ ɛ-4 z ə-4 tz ɲ əː-4 ɓ aː-1
tuyen_109-11,audio_data/train/tuyen_109-11.wav,k eaː-4 ŋ̟z h w aː-0 ɲ ɔ-3 ɲ ɨ-0 v a-3 iz k aː-4,k eaː-4 ŋ̟z h w aː-0 ɲ ɔ-3 ɲ ɨ-0 v a-3 iz k aː-4
tuyen_11-2,audio_data/train/tuyen_11-2.wav,k o-0 z aː-4 uz m i-3 mz k ɨə-1 iz tʰ ə-5 tz t ɨə-0 iz,k o-0 z aː-4 uz m i-3 mz k ɨə-1 iz tʰ ə-5 tz t ɨə-0 iz
tuyen_110-10,audio_data/train/tuyen_110-10.wav,t͡ɕ əː-1 iz ɗ aː-0 ŋz z ə-4 tz l eaː-5 ŋ̟z,t͡ɕ əː-1 iz ɗ aː-0 ŋz z ə-4 tz n eaː-5 ŋ̟z
tuyen_111-11,audio_data/train/tuyen_111-11.wav,k ɔ-0 nz l ɨə-1 z əː-0 iz s w o-4 ŋmz m o-5 tz k aː-4 iz z iə-4 ŋz,k ɔ-0 nz n ɨə-1 z əː-0 iz s w o-4 ŋmz m o-5 tz k aː-4 iz z iə-4 nz
tuyen_112-11,audio_data/train/tuyen_112-11.wav,k ɔ-0 nz t͡ɕ i-0 mz s əː-0 nz k aː-0 k ə-4 tz t iə-4 ŋz h ɔ-4 tz,k ɔ-0 nz t͡ɕ i-0 mz s ə-0 nz k aː-0 k ə-4 tz t iə-4 ŋz h ɔ-4 tz
tuyen_113-11,audio_data/train/tuyen_113-11.wav,ɓ w o-3 iz t͡ɕ iə-1 uz m uə-1 h ɛ-1 tʰ ə-5 tz ɗ aː-4 ŋz iə-0 uz,ɓ w o-3 iz t͡ɕ iə-1 uz m uə-1 h ɛ-1 tʰ ə-5 tz ɗ aː-4 ŋz iə-0 uz
tuyen_115-11,audio_data/train/tuyen_115-11.wav,ɓ o-0 ŋmz t ɔ-4 kpz t iə-0 nz k eaː-4 ŋ̟z m ɔ-3 ŋmz ɲ ɨ-0 l uə-5,ɓ o-0 ŋmz t ɔ-4 kpz t iə-0 nz k a-4 nz m ɔ-3 ŋmz ɲ ɨ-0 l uə-5
tuyen_116-11,audio_data/train/tuyen_116-11.wav,m ə-4 iz k ɔ-0 nz ŋ ɨə-5 ɗ aː-0 ŋz a-0 nz k ɔ-3,m ə-4 iz k ɔ-0 nz ŋ ɨə-5 ɗ aː-0 ŋz a-0 nz k ɔ-3
tuyen_118-11,audio_data/train/tuyen_118-11.wav,ɗ ɨə-4 t͡ɕ ɛ-3 t͡ɕ i-3 m əː-4 iz s a-4 uz t w o-3 iz,ɗ ɨə-4 t͡ɕ ɛ-3 t͡ɕ i-3 m əː-4 iz s a-4 uz t w o-3 iz
tuyen_12-2,audio_data/train/tuyen_12-2.wav,k a-5 pz s eaː-4 k̟z k ɔ-4 m a-1 uz s eaː-0 ŋ̟z z ə-4 tz ɗ ɛ-5 pz,k a-5 pz s eaː-4 k̟z k ɔ-4 m a-1 uz s eaː-0 ŋ̟z z ə-4 tz ɗ ɛ-5 pz
tuyen_120-10,audio_data/train/tuyen_120-10.wav,t o-0 iz l aː-1 t͡ɕ u-4 ɓ o-5 ɗ o-5 iz,t o-0 iz n aː-1 t͡ɕ u-4 ɓ o-5 ɗ o-5 iz
tuyen_122-11,audio_data/train/tuyen_122-11.wav,ɛ-0 mz z ɨ-2 ɣ i-1 nz h o-5 pz ɓ u-4 tz k ə-3 nz tʰ ə-5 nz,ɛ-0 mz l ɨ-2 l i-4 nz h o-5 pz ɓ u-4 tz k ə-3 nz tʰ ə-5 nz
tuyen_123-10,audio_data/train/tuyen_123-10.wav,k o-0 z aː-4 uz tʰ ə-5 tz ɣ ə-1 nz ɣ w i-2,k o-0 z aː-4 uz tʰ ə-1 nz ɣ ə-1 nz ɣ w i-4
tuyen_13-2,audio_data/train/tuyen_13-2.wav,k o-4 kpz n ɨə-4 kz k ɔ-4 m a-1 uz t͡ɕ a-4 ŋz z ə-4 tz ɗ ɛ-5 pz,k o-4 kpz n ɨə-4 kz k ɔ-4 m a-1 uz t͡ɕ a-4 ŋz z ə-4 tz ɗ ɛ-5 pz
tuyen_130-10,audio_data/train/tuyen_130-10.wav,k ɔ-0 nz ɣ ə-4 uz ɓ o-0 ŋmz ɗ ɛ-5 pz k w aː-4,k ɔ-0 nz ɣ ə-4 uz ɓ o-0 ŋmz ɗ ɛ-5 pz k w aː-4
tuyen_132-10,audio_data/train/tuyen_132-10.wav,ɓ aː-1 m uə-0 k aː-0 mz t͡ɕ ɔ-0 ɓ ɛ-4,p aː-0 m uə-0 k ɛ-0 mz t͡ɕ ɔ-0 ɓ ɛ-4
tuyen_14-2,audio_data/train/tuyen_14-2.wav,t o-0 iz l aː-1 k aː-0 s i-2 n o-3 iz t iə-4 ŋz,t o-0 iz l aː-1 k aː-0 s i-2 n o-3 iz t iə-4 ŋz
tuyen_15-2,audio_data/train/tuyen_15-2.wav,t o-0 iz m w o-4 nz k ɔ-4 m o-5 tz k w o-4 nz s eaː-4 k̟z,t o-0 iz m w o-4 nz k ɔ-4 m o-5 tz k w o-4 nz s eaː-4 k̟z
tuyen_16-2,audio_data/train/tuyen_16-2.wav,ɲ ɨ-2 ŋz k ɔ-0 nz ɔ-0 ŋmz tʰ ə-5 tz l aː-1 t͡ɕ a-0 mz t͡ɕ i-3,ɲ ɨ-2 ŋz k ɔ-0 nz n ɔ-0 ŋmz tʰ ə-5 tz l aː-1 t͡ɕ a-0 mz t͡ɕ i-3
tuyen_17-2,audio_data/train/tuyen_17-2.wav,h w aː-0 s ɛ-0 nz k ɔ-4 m w i-1 z ə-4 tz tʰ əː-0 mz,h w aː-0 s ɛ-0 nz k ɔ-4 m w i-1 z ə-4 tz tʰ əː-0 mz
tuyen_18-2,audio_data/train/tuyen_18-2.wav,k aː-4 iz t u-3 l eaː-5 ŋ̟z z u-1 ŋmz ɗ e-3 l aː-1 mz ɣ i-1,k aː-4 iz t u-3 l eaː-5 ŋ̟z z u-1 ŋmz ɗ e-3 l aː-1 mz ɣ i-1
tuyen_19-2,audio_data/train/tuyen_19-2.wav,ɓ u-4 pz ɓ e-0 s iə-0 uz ɲ ə-0 nz ɣ ə-4 uz ɓ o-0 ŋmz,ɓ u-4 pz ɓ e-0 s iə-0 uz ɲ ə-0 ŋz ɣ ə-4 uz ɓ o-0 ŋmz
tuyen_2-1,audio_data/train/tuyen_2-1.wav,ɓ o-0 ŋmz k u-4 kpz t a-4 mz n a-4 ŋz m a-5 tz t͡ɕ əː-1 iz,ɓ o-0 ŋmz k u-4 kpz t a-4 mz n a-4 ŋz m a-5 tz t͡ɕ əː-1 iz
tuyen_20-2,audio_data/train/tuyen_20-2.wav,k aː-4 iz n o-1 iz ɗ e-3 m ɛ-5 n ə-4 uz k eaː-0 ŋ̟z,k aː-4 iz n o-1 iz m ɛ-5 ɗ e-3 n ə-4 uz k eaː-0 ŋ̟z
tuyen_21-3,audio_data/train/tuyen_21-3.wav,k ə-5 uz ɗ i-0 t͡ɕ ə-5 mz ɲ ɨ-0 z uə-1 ə-4 iz,k ə-5 uz ɗ i-0 t͡ɕ ə-5 mz ɲ ɨ-0 k ɔ-0 nz z uə-1 ə-4 iz
tuyen_22-3,audio_data/train/tuyen_22-3.wav,ɓ aː-1 iz h ɔ-5 kpz ɗ ə-1 uz t iə-0 nz k uə-3 ɣ ə-4 uz k ɔ-0 nz,ɓ aː-1 iz ɗ ɔ-5 kpz ɗ ə-1 uz t iə-0 nz k uə-3 ɣ ə-4 uz k ɔ-0 nz
tuyen_23-3,audio_data/train/tuyen_23-3.wav,h o-0 mz n a-0 iz l aː-1 tʰ ɨ-4 s a-4 uz,h o-0 mz n a-0 iz n aː-1 t͡ɕ ɨ-4 s a-4 uz
tuyen_24-3,audio_data/train/tuyen_24-3.wav,ɛ-0 mz tʰ ɨ-4 kz z ə-5 iz t ɨ-1 s a-4 uz z əː-1,ɛ-0 mz tʰ ɨ-4 kz z ə-5 iz t ɨ-1 s a-4 uz z əː-1
tuyen_25-3,audio_data/train/tuyen_25-3.wav,ɓ w o-3 iz t͡ɕ ɨə-0 ɛ-0 mz a-0 nz k əː-0 mz əː-0 t͡ɕ ɨə-1 ŋz,ɓ w o-3 iz t͡ɕ ɨə-0 ɛ-0 mz a-0 nz k əː-0 mz əː-0 t͡ɕ ɨə-1 ŋz
tuyen_26-3,audio_data/train/tuyen_26-3.wav,t iə-4 tz h ɔ-5 kpz v w i-0 k w aː-4,h ɔ-5 kpz v w i-0 k w aː-4
tuyen_27-3,audio_data/train/tuyen_27-3.wav,m w i-1 x w aː-0 iz n ɨə-4 ŋz tʰ əː-0 mz k w aː-4,o-1 iz x w aː-0 iz l ɨə-4 ŋz tʰ əː-0 mz k w aː-4
tuyen_28-3,audio_data/train/tuyen_28-3.wav,h ɨə-0 ŋz k ɔ-4 k u-3 x w aː-0 iz l aː-0 ŋz,k u-0 h ɨə-0 ŋz k ɔ-4 k u-3 h w aː-0 iz l aː-0 ŋz
tuyen_29-3,audio_data/train/tuyen_29-3.wav,ɲ a-5 tz m o-5 tz t͡ɕ iə-4 kz l aː-4 z əː-0 iz,ɲ a-5 tz ɗ ɨə-5 kz m o-5 tz t͡ɕ iə-4 kz l aː-4 z əː-0 iz
tuyen_3-1,audio_data/train/tuyen_3-1.wav,tʰ e-4 z əː-4 iz tʰ iə-0 nz ɲ iə-0 nz tʰ ə-5 tz ɗ ɛ-5 pz,tʰ e-4 z əː-4 iz tʰ iə-0 nz ɲ iə-0 nz tʰ ə-5 tz ɗ ɛ-5 pz
tuyen_30-3,audio_data/train/tuyen_30-3.wav,t͡ɕ i-0 mz s ə-0 uz ɲ iə-1 uz tʰ e-4,s ə-0 uz ɲ iə-1 uz tʰ e-4
tuyen_31-4,audio_data/train/tuyen_31-4.wav,k aː-4 x o-0 ŋmz a-0 nz m w o-4 iz k aː-4 ɨə-0 nz,a-0 nz m w o-4 iz k aː-4 ɨə-0 nz
tuyen_32-4,audio_data/train/tuyen_32-4.wav,k aː-4 iz t͡ɕ o-3 iz ɗ e-3 k w ɛ-4 tz ɲ aː-1,ɛ-0 t͡ɕ o-3 iz ɗ e-3 k w ɛ-4 tz ɲ aː-1
tuyen_33-4,audio_data/train/tuyen_33-4.wav,o-0 ŋmz ɓ aː-1 k ɔ-4 x w ɛ-3 x o-0 ŋmz aː-0,o-0 ŋmz ɓ aː-1 k ɔ-4 x w ɛ-3 x o-0 ŋmz aː-0
tuyen_34-4,audio_data/train/tuyen_34-4.wav,t͡ɕ w o-5 tz k ɔ-0 nz ɗ aː-4 ŋz iə-0 uz,o-0 k ɔ-0 nz ɗ aː-4 ŋz iə-0 uz o-0 k e-0
tuyen_35-4,audio_data/train/tuyen_35-4.wav,s iə-0 uz ɲ ə-0 nz k w o-1 ŋmz f ɔ-0 ŋmz,iə-0 uz ə-0 nz k w o-1 ŋmz f ɔ-0 ŋmz
tuyen_36-4,audio_data/train/tuyen_36-4.wav,ɣ ə-4 uz k ɔ-0 nz k aː-3 mz əː-0 nz ɓ aː-4 kz v ɔ-0 iz,ə-4 uz k ɔ-0 nz k aː-3 mz əː-0 nz ɓ aː-4 kz v ɔ-0 iz
tuyen_37-4,audio_data/train/tuyen_37-4.wav,eaː-0 ŋ̟z h u-1 ŋmz ɓ iə-3 nz k aː-3,z aː-0 v ɨə-1 nz h aː-4 iz t aː-4 uz
tuyen_38-4,audio_data/train/tuyen_38-4.wav,k ɔ-0 nz z aː-0 v ɨə-1 nz h aː-4 iz t aː-4 uz,ɣ ə-4 uz k ɔ-0 nz ɓ ɨ-0 ŋz t aː-4 uz ɗ u-4 tz t͡ɕ ɔ-0 ɓ o-4 m ɛ-5
tuyen_39-4,audio_data/train/tuyen_39-4.wav,ɣ ə-4 uz k ɔ-0 nz ɓ ɨ-0 ŋz t aː-4 uz m əː-1 iz ɓ o-4 m ɛ-5,ɛ-0 mz ɓ ɛ-4 ɗ aː-0 ŋz n a-1 mz ŋ u-3
tuyen_4-1,audio_data/train/tuyen_4-1.wav,k ɔ-4 t iə-4 ŋz ɗ o-5 ŋmz ɣ i-1 l aː-5 l a-4 mz,k ɔ-4 t iə-4 ŋz ɗ o-5 ŋmz ɣ i-1 l aː-5 l a-4 mz
tuyen_40-5,audio_data/train/tuyen_40-5.wav,m ɛ-5 l aː-1 ŋ ɨə-1 iz f u-5 n ɨ-2 h iə-1 nz z i-5 uz,u-0 m ɛ-5 l aː-1 ŋ ɨə-1 iz f u-5 n ɨ-2 h iə-1 nz z i-5 uz
tuyen_42-5,audio_data/train/tuyen_42-5.wav,ɓ aː-1 k ɔ-1 ŋmz ɗ i-0 t͡ɕ əː-5 t͡ɕ əː-1 iz m ɨə-0,ɨ-0 ɨ-1 mz ɗ i-0 t͡ɕ əː-0 iz t͡ɕ əː-1 iz m ɨə-0
tuyen_43-5,audio_data/train/tuyen_43-5.wav,ɓ eaː-4 ŋ̟z k w i-0 x o-0 ŋmz ŋ ɔ-0 nz,ɓ eaː-4 ŋ̟z k w i-0 x o-0 ŋmz ŋ ɔ-0 nz
tuyen_44-5,audio_data/train/tuyen_44-5.wav,ɓ aː-4 kz s i-2 ɗ aː-0 ŋz x aː-4 mz ɓ e-5 ŋ̟z,ɓ aː-4 kz s i-2 ɗ aː-0 ŋz x aː-4 mz ɓ e-5 ŋ̟z
tuyen_45-5,audio_data/train/tuyen_45-5.wav,m ɛ-5 l aː-0 nz ɗ aː-0 ŋz l a-0 uz s aː-1 nz ɲ aː-1,ɓ aː-5 nz ɗ aː-0 ŋz l a-0 uz s aː-1 nz ɲ aː-1
tuyen_48-5,audio_data/train/tuyen_48-5.wav,k ə-0 iz l iə-2 uz x o-0 ŋmz ŋ ɨ-1 ŋz l a-4 kz l ɨ-0,k ə-0 iz l iə-2 uz x o-0 ŋmz ŋ ɨ-1 ŋz ɨ-1 mz l a-4 kz l ɨ-0
tuyen_49-5,audio_data/train/tuyen_49-5.wav,k eaː-1 ŋ̟z l iə-2 uz ɓ iə-4 tz ɓ a-0 iz,eaː-1 ŋ̟z l iə-2 uz ɓ iə-4 tz ɓ a-0 iz
tuyen_5-1,audio_data/train/tuyen_5-1.wav,k ə-0 iz s ə-4 uz h o-3 h ɛ-4 m a-4 tz ɲ i-1 nz,k ə-0 iz s ə-4 uz h o-3 h ɛ-4 m a-4 tz ɲ i-1 nz
tuyen_50-5,audio_data/train/tuyen_50-5.wav,h o-0 mz n a-0 iz t͡ɕ əː-1 iz l eaː-5 ŋ̟z k w aː-4,h o-0 mz n a-0 iz t͡ɕ əː-1 iz l eaː-5 ŋ̟z k w aː-4
tuyen_51-5,audio_data/train/tuyen_51-5.wav,ɓ o-4 l aː-1 mz ɣ i-1 k u-2 ŋmz x ɛ-4 uz l ɛ-4 uz,l aː-1 mz ɣ i-1 k u-2 ŋmz x ɛ-4 uz l ɛ-4 uz
tuyen_52-6,audio_data/train/tuyen_52-6.wav,m ɛ-5 t e-4 tz t ɔ-4 kpz t͡ɕ ɔ-0 ɛ-0 mz,m ɛ-5 t e-4 tz t ɔ-4 kpz t͡ɕ ɔ-0 ɛ-0 mz
tuyen_53-6,audio_data/train/tuyen_53-6.wav,ŋ ɨə-5 f i-0 ɲ eaː-0 ŋ̟z ɲ ɨ-0 ɓ a-0 iz,ŋ ɨə-5 f i-0 ɲ eaː-0 ŋ̟z ɲ ɨ-0 ɓ a-0 iz
tuyen_54-6,audio_data/train/tuyen_54-6.wav,aː-0 iz ŋ w aː-0 nz s ɛ-2 ɗ ɨə-5 kz tʰ ɨə-3 ŋz,ŋ w aː-0 nz s ɛ-2 ɗ ɨə-5 kz tʰ ɨə-3 ŋz
tuyen_56-6,audio_data/train/tuyen_56-6.wav,ɓ ə-1 uz t͡ɕ əː-1 iz s eaː-0 ŋ̟z tʰ a-0 mz tʰ a-3 mz,ɓ ə-1 uz t͡ɕ əː-1 iz s eaː-0 ŋ̟z tʰ a-0 mz tʰ a-3 mz
tuyen_57-6,audio_data/train/tuyen_57-6.wav,t o-0 iz ɗ ɨə-0 m eaː-3 ŋ̟z z ə-4 iz t͡ɕ ɔ-0 ŋ ɨə-1 iz m ɛ-5,t o-0 iz ɗ ɨə-0 m eaː-3 ŋ̟z z ə-4 iz t͡ɕ ɔ-0 ŋ ɨə-1 iz m ɛ-5
tuyen_58-6,audio_data/train/tuyen_58-6.wav,o-0 ŋmz s ɛ-0 mz v aː-1 k a-0 uz m a-1 iz,o-0 ŋmz s ɛ-0 mz v aː-1 k a-0 uz m a-1 iz
tuyen_59-6,audio_data/train/tuyen_59-6.wav,eaː-0 ŋ̟z ɣ aː-1 t͡ɕ o-4 ŋmz ɓ a-0 iz l e-0 nz,eaː-0 ŋ̟z ɣ aː-1 t͡ɕ o-4 ŋmz ɓ a-0 iz l e-0 nz
tuyen_6-1,audio_data/train/tuyen_6-1.wav,m ɛ-5 m əː-4 iz m uə-0 o-0 t o-0,m ɛ-5 m əː-4 iz m uə-0 o-0 t o-0
tuyen_60-6,audio_data/train/tuyen_60-6.wav,ɓ ɛ-4 ɗ ɨə-0 m a-4 tz ɲ i-1 nz k w eaː-0 ŋ̟z,ɓ ɛ-4 ɗ ɨə-0 m a-4 tz ɲ i-1 nz k w eaː-0 ŋ̟z
tuyen_63-6,audio_data/train/tuyen_63-6.wav,tʰ aː-3 uz z ə-4 tz iə-0 uz k w e-0 h ɨə-0 ŋz m i-1 ŋ̟z,tʰ ɔ-3 z ə-4 tz iə-0 uz k w e-0 h ɨə-0 ŋz m i-1 ŋ̟z
tuyen_64-6,audio_data/train/tuyen_64-6.wav,k əː-0 nz m ɨə-0 z aː-1 uz k ɛ-4 uz ɗ e-4 nz,k əː-0 nz m ɨə-0 z aː-1 uz k ɛ-4 uz ɗ e-4 nz
tuyen_69-7,audio_data/train/tuyen_69-7.wav,k ə-0 iz k o-4 iz u-0 mz t u-1 mz,ə-0 iz o-4 iz u-0 mz t u-1 mz
tuyen_7-1,audio_data/train/tuyen_7-1.wav,ɛ-0 mz ɗ aː-0 ŋz a-0 nz k əː-0 mz,ɗ aː-0 ŋz a-0 nz k əː-0 mz
tuyen_70-7,audio_data/train/tuyen_70-7.wav,ɔ-0 ŋmz t͡ɕ uə-4 ɓ a-0 iz v e-1 t o-3,ɔ-0 ŋmz t͡ɕ uə-4 ɓ a-0 iz v e-1 t o-3
tuyen_71-7,audio_data/train/tuyen_71-7.wav,k w e-0 h ɨə-0 ŋz l aː-1 t͡ɕ u-1 mz x e-4 ŋ ɔ-5 tz,k w e-0 h ɨə-0 ŋz n aː-1 t͡ɕ u-1 mz x e-4 ŋ ɔ-5 tz
tuyen_72-7,audio_data/train/tuyen_72-7.wav,t͡ɕ əː-1 iz m uə-1 tʰ u-0 m aː-4 tz m ɛ-3,t͡ɕ əː-1 iz m uə-1 tʰ u-0 m aː-4 tz m ɛ-3
tuyen_75-7,audio_data/train/tuyen_75-7.wav,ɛ-0 mz ɓ ɛ-4 ɗ aː-0 ŋz ŋ w aː-0 nz ŋ w aː-2 nz a-0 nz k əː-0 mz,ɛ-0 mz ɓ ɛ-4 ɗ aː-0 ŋz ŋ w aː-0 nz ŋ w aː-2 nz a-0 nz k əː-0 mz
tuyen_76-7,audio_data/train/tuyen_76-7.wav,m əː-4 iz s aː-4 ŋz t i-0 ŋ̟z m əː-0,m əː-1 iz t aː-4 ŋz t i-0 ŋ̟z m əː-0
tuyen_78-7,audio_data/train/tuyen_78-7.wav,ɓ aː-5 nz ɲ ɔ-3 tʰ aː-3 z iə-1 uz t͡ɕ e-0 nz k eaː-4 ŋ̟z ɗ o-1 ŋmz,ɓ aː-3 nz ɲ ɔ-3 t͡ɕ aː-3 z iə-1 uz t͡ɕ e-0 nz k eaː-4 ŋ̟z ɗ o-1 ŋmz
tuyen_79-8,audio_data/train/tuyen_79-8.wav,ɛ-4 nz k ɔ-0 nz ɗ aː-0 ŋz ɓ a-0 iz k w aː-0 s o-0 ŋmz,ɛ-0 mz h ɔ-0 nz ɗ aː-0 ŋz ɓ a-0 iz k w aː-0 s o-0 ŋmz
tuyen_8-1,audio_data/train/tuyen_8-1.wav,ɓ aː-5 nz h a-1 ŋz t i-4 ŋ̟z k eaː-4 k̟z z ə-4 tz v w i-0 v ɛ-3,ɓ aː-5 nz h a-1 ŋz t i-4 ŋ̟z k eaː-4 k̟z z ə-4 tz v w i-0 v ɛ-3
tuyen_81-8,audio_data/train/tuyen_81-8.wav,m o-5 tz t͡ɕ iə-4 kz l ɨə-5 kz z ə-4 tz ɗ ɛ-5 pz,m o-5 tz t͡ɕ iə-4 kz l ɨə-5 kz z ə-4 tz ɗ ɛ-5 pz
tuyen_83-8,audio_data/train/tuyen_83-8.wav,k aː-4 kz ɓ aː-5 nz k ɔ-4 k w ɛ-0 nz z e-4 m ɛ-1 nz x o-0 ŋmz,k aː-4 kz ɓ aː-5 nz k ɔ-4 k w ɛ-0 nz z e-4 m ɛ-1 nz x o-0 ŋmz
tuyen_85-8,audio_data/train/tuyen_85-8.wav,t o-0 iz t͡ɕ əː-3 v e-1 k w e-0 h ɨə-0 ŋz,t o-0 iz t͡ɕ əː-3 v e-1 k w e-0 h ɨə-0 ŋz
tuyen_87-8,audio_data/train/tuyen_87-8.wav,t o-0 iz ɗ e-4 nz tʰ a-0 mz eaː-0 ŋ̟z h aː-0 iz t o-0 iz,t o-0 iz ɗ e-4 nz tʰ a-0 mz eaː-0 ŋ̟z t o-0 iz
tuyen_88-8,audio_data/train/tuyen_88-8.wav,ɛ-0 mz iə-0 uz ŋ o-0 iz ɲ aː-1 k uə-3 ɛ-0 mz,ɛ-0 mz iə-0 uz ŋ o-0 iz ɲ aː-1 k uə-3 ɛ-0 mz
tuyen_9-1,audio_data/train/tuyen_9-1.wav,t ə-3 iz k ɔ-4 m w i-1 z ə-0 uz z ə-4 tz tʰ əː-0 mz,k ɔ-4 m w i-1 tʰ əː-0 mz z ə-4 tz tʰ əː-0 mz
tuyen_90-10,audio_data/train/tuyen_90-10.wav,m uə-1 h ɛ-1 ɗ e-4 nz z o-1 iz,m o-1 h ɛ-1 ɗ e-4 nz z o-1 iz
tuyen_91-8,audio_data/train/tuyen_91-8.wav,o-0 ŋmz əː-0 iz o-0 ŋmz k ɔ-4 x w ɛ-3 x o-0 ŋmz,o-0 ŋmz əː-0 iz o-0 ŋmz k ɔ-4 x w ɛ-3 x o-0 ŋmz
tuyen_92-8,audio_data/train/tuyen_92-8.wav,ɗ u-4 ŋmz l u-4 kpz ɗ ɔ-4 t͡ɕ əː-1 iz ɗ o-3 m ɨə-0,l u-4 kpz ɗ ɔ-4 t͡ɕ əː-1 iz ɗ o-3 m ɨə-0
tuyen_93-8,audio_data/train/tuyen_93-8.wav,ɓ o-4 m ɛ-5 z u-4 pz k ɔ-0 nz t͡ɕ w ə-3 nz ɓ i-5 ɲ ɛ-4,ɓ o-4 m ɛ-5 z u-4 pz k ɔ-0 nz t͡ɕ w ə-3 nz ɓ i-5 ɲ ɛ-4
NQH_7_NAM_S0049_18,audio_data/train/NQH_7_NAM_S0049_18.wav,m o-5 tz n a-0 mz h ɔ-5 kpz ɓ a-4 tz ɗ ə-1 uz,m o-5 tz n a-0 mz h ɔ-5 kpz ɓ a-4 tz ɗ ə-1 uz
NQH_7_NAM_S0049_58,audio_data/train/NQH_7_NAM_S0049_58.wav,k o-0 z aː-4 uz l əː-4 pz ɛ-0 mz ɲ ɛ-4,k o-0 z aː-4 uz l əː-4 pz ɛ-0 mz ɲ ɛ-4
NQH_7_NAM_S0049_74,audio_data/train/NQH_7_NAM_S0049_74.wav,f ɨə-0 ŋz əː-0 iz t əː-4 ɗ ɔ-5 kpz s ɔ-0 ŋmz z o-1 iz k ə-5 uz ɗ ɔ-5 kpz t iə-4 pz ɲ ɛ-4,f ɨə-0 ŋz əː-0 iz t əː-4 ɗ ɔ-5 kpz s ɔ-0 ŋmz z o-1 iz k ə-5 uz ɗ ɔ-5 kpz t iə-4 pz ɲ ɛ-4
NQH_7_NAM_S0049_53,audio_data/train/NQH_7_NAM_S0049_53.wav,ŋ o-0 iz ɲ aː-1 tʰ ɨ-4 h aː-0 iz n a-1 iz ŋ o-0 iz ɲ aː-1 tʰ ɨ-4 h aː-0 iz n a-1 iz,ŋ o-0 iz ɲ aː-1 tʰ ɨ-4 h aː-0 iz n a-1 iz ŋ o-0 iz ɲ aː-1 tʰ ɨ-4 h aː-0 iz n a-1 iz
NQH_7_NAM_S0049_105,audio_data/train/NQH_7_NAM_S0049_105.wav,s aː-4 ŋz n aː-1 uz ɛ-0 mz ɗ e-4 nz l əː-4 pz,s aː-4 ŋz n aː-1 uz ɛ-0 mz ɗ e-4 nz l əː-4 pz
NQH_7_NAM_S0049_116,audio_data/train/NQH_7_NAM_S0049_116.wav,ɲ ɨ-2 ŋz ɗ iə-3 mz m ɨə-1 iz k o-0 t͡ɕ ɔ-0,ɲ ɨ-2 ŋz ɗ iə-3 mz m ɨə-1 iz k o-0 t͡ɕ ɔ-0
NQH_7_NAM_S0049_14,audio_data/train/NQH_7_NAM_S0049_14.wav,k eaː-5 ŋ̟z v ɨə-1 nz t͡ɕ ɨə-1 ŋz l aː-1 tʰ ɨ-0 v iə-5 nz s eaː-0 ŋ̟z,k eaː-5 ŋ̟z v ɨə-1 nz t͡ɕ ɨə-1 ŋz l aː-1 tʰ ɨ-0 v iə-5 nz s eaː-0 ŋ̟z
NQH_7_NAM_S0049_106,audio_data/train/NQH_7_NAM_S0049_106.wav,k u-2 ŋmz tʰ ə-4 iz k o-0 ɗ e-4 nz z o-1 iz,k u-2 ŋmz tʰ ə-4 iz k o-0 ɗ e-4 nz z o-1 iz
NQH_7_NAM_S0049_13,audio_data/train/NQH_7_NAM_S0049_13.wav,k ɔ-4 ɗ u-3 k aː-4 kz l w aː-5 iz k ə-0 iz,k ɔ-4 ɗ u-3 k aː-4 kz l w aː-5 iz k ə-0 iz
NQH_7_NAM_S0049_134,audio_data/train/NQH_7_NAM_S0049_134.wav,tʰ e-4 k ɔ-1 nz k ə-5 uz,tʰ e-4 k ɔ-1 nz k ə-5 uz
NQH_7_NAM_S0049_4,audio_data/train/NQH_7_NAM_S0049_4.wav,ɲ əː-4 l aː-5 iz n a-0 mz ŋ w aː-4 iz z əː-1 z aː-0 t͡ɕ əː-0 iz,ɲ əː-4 l aː-5 iz n a-0 mz ŋ w aː-4 iz z əː-1 z aː-0 t͡ɕ əː-0 iz
NQH_7_NAM_S0049_49,audio_data/train/NQH_7_NAM_S0049_49.wav,l aː-1 t͡ɕ ɨə-1 ŋz ɛ-0 mz t e-0 nz l aː-1 ŋ w iə-2 nz v iə-4 tz s w ə-0 nz,l aː-1 t͡ɕ ɨə-1 ŋz ɛ-0 mz t e-0 nz l aː-1 ŋ w iə-2 nz v iə-4 tz s w ə-0 nz
NQH_7_NAM_S0049_94,audio_data/train/NQH_7_NAM_S0049_94.wav,k o-0 m i-3 mz k ɨə-1 iz tʰ ə-5 tz t ɨə-0 iz,k o-0 m i-3 mz k ɨə-1 iz tʰ ə-5 tz t ɨə-0 iz
NQH_7_NAM_S0049_21,audio_data/train/NQH_7_NAM_S0049_21.wav,h ɨə-0 ŋz əː-0 iz k ə-5 uz v əː-4 iz t əː-4 k u-1 ŋmz t i-1 mz h iə-3 uz f ə-1 nz ɗ ɔ-5 kpz h iə-3 uz ɲ ɛ-4,h ɨə-0 ŋz əː-0 iz k ə-5 uz v əː-4 iz t əː-4 k u-1 ŋmz t i-1 mz h iə-3 uz f ə-1 nz ɗ ɔ-5 kpz h iə-3 uz ɲ ɛ-4
NQH_7_NAM_S0049_44,audio_data/train/NQH_7_NAM_S0049_44.wav,h aː-1 ŋz ŋ a-1 iz ɛ-0 mz ɗ ɨə-5 kz ɗ e-4 nz t͡ɕ ɨə-1 ŋz ɣ a-5 pz k aː-4 kz ɓ aː-5 nz v aː-1 k o-0 z aː-4 uz,h aː-1 ŋz ŋ a-1 iz ɛ-0 mz ɗ ɨə-5 kz ɗ e-4 nz t͡ɕ ɨə-1 ŋz ɣ a-5 pz k aː-4 kz ɓ aː-5 nz v aː-1 k o-0 z aː-4 uz
NQH_7_NAM_S0049_34,audio_data/train/NQH_7_NAM_S0049_34.wav,k aː-4 kz ɓ aː-5 nz əː-0 iz n e-4 uz k ɔ-4 k aː-4 kz ɓ aː-5 nz əː-0 n əː-0 iz x aː-4 kz ɗ e-4 nz tʰ a-0 mz t͡ɕ ɨə-1 ŋz,k aː-4 kz ɓ aː-5 nz əː-0 iz n e-4 uz k ɔ-4 k aː-4 kz ɓ aː-5 nz əː-0 n əː-0 iz x aː-4 kz ɗ e-4 nz tʰ a-0 mz t͡ɕ ɨə-1 ŋz
NQH_7_NAM_S0049_60,audio_data/train/NQH_7_NAM_S0049_60.wav,t əː-4 ɗ ɔ-5 kpz t͡ɕ ɨə-4 kz ɲ ɛ-4,t əː-4 ɗ ɔ-5 kpz t͡ɕ ɨə-4 kz ɲ ɛ-4
NQH_7_NAM_S0049_30,audio_data/train/NQH_7_NAM_S0049_30.wav,h aː-1 v aː-1 k aː-4 kz ɓ aː-5 nz tʰ ɨə-1 ŋz t͡ɕ ɔ-1 t͡ɕ w iə-5 nz v e-1 ŋ o-0 iz t͡ɕ ɨə-1 ŋz ɗ aː-0 ŋz s ə-0 iz,h aː-1 v aː-1 k aː-4 kz ɓ aː-5 nz tʰ ɨə-1 ŋz t͡ɕ ɔ-1 t͡ɕ w iə-5 nz v e-1 ŋ o-0 iz t͡ɕ ɨə-1 ŋz ɗ aː-0 ŋz s ə-0 iz
NQH_7_NAM_S0049_63,audio_data/train/NQH_7_NAM_S0049_63.wav,k u-2 ŋmz tʰ ə-4 iz k o-0 ɗ e-4 nz z o-1 iz,k u-2 ŋmz tʰ ə-4 iz k o-0 ɗ e-4 nz z o-1 iz
NQH_7_NAM_S0049_122,audio_data/train/NQH_7_NAM_S0049_122.wav,k o-0 z aː-4 uz z a-5 iz t͡ɕ u-4 ŋmz ɛ-0 mz t ə-5 pz v iə-4 tz,k o-0 z aː-4 uz z a-5 iz t͡ɕ u-4 ŋmz ɛ-0 mz t ə-5 pz v iə-4 tz
NQH_7_NAM_S0049_127,audio_data/train/NQH_7_NAM_S0049_127.wav,v i-1 k o-0 ɓ i-1 ŋ̟z k ɔ-4 z aː-4 ŋz v ɛ-3 z ə-4 tz h iə-5 nz h w aː-1,v i-1 k o-0 ɓ i-1 ŋ̟z k ɔ-4 z aː-4 ŋz v ɛ-3 z ə-4 tz h iə-5 nz h w aː-1
NQH_7_NAM_S0049_95,audio_data/train/NQH_7_NAM_S0049_95.wav,k o-0 z a-5 iz ɛ-0 mz t ə-5 pz v iə-4 tz,k o-0 z a-5 iz ɛ-0 mz t ə-5 pz v iə-4 tz
NQH_7_NAM_S0049_27,audio_data/train/NQH_7_NAM_S0049_27.wav,əː-0 t͡ɕ ɔ-0 ŋmz tʰ ɨ-0 v iə-5 nz k ɔ-4 z ə-4 tz ɲ iə-1 uz k w o-4 nz s eaː-4 k̟z h a-0 iz,əː-0 t͡ɕ ɔ-0 ŋmz tʰ ɨ-0 v iə-5 nz k ɔ-4 z ə-4 tz ɲ iə-1 uz k w o-4 nz s eaː-4 k̟z h a-0 iz
NQH_7_NAM_S0049_103,audio_data/train/NQH_7_NAM_S0049_103.wav,ɗ e-4 nz t əː-4,ɗ e-4 nz t əː-4
NQH_7_NAM_S0049_35,audio_data/train/NQH_7_NAM_S0049_35.wav,ɛ-0 mz s ɛ-2 z əː-4 iz tʰ iə-5 uz tʰ e-4 n aː-1 uz v e-1 ŋ o-0 iz t͡ɕ ɨə-1 ŋz k uə-3 m i-1 ŋ̟z,ɛ-0 mz s ɛ-2 z əː-4 iz tʰ iə-5 uz tʰ e-4 n aː-1 uz v e-1 ŋ o-0 iz t͡ɕ ɨə-1 ŋz k uə-3 m i-1 ŋ̟z
NQH_7_NAM_S0049_128,audio_data/train/NQH_7_NAM_S0049_128.wav,v aː-1 k o-0 z ə-4 tz k aː-0 uz z aː-4 uz v aː-1 s i-0 ŋ̟z ɗ ɛ-5 pz,v aː-1 k o-0 z ə-4 tz k aː-0 uz z aː-4 uz v aː-1 s i-0 ŋ̟z ɗ ɛ-5 pz
NQH_7_NAM_S0049_61,audio_data/train/NQH_7_NAM_S0049_61.wav,k o-0 z aː-4 uz l əː-4 pz ɛ-0 mz,k o-0 z aː-4 uz l əː-4 pz ɛ-0 mz
NQH_7_NAM_S0049_6,audio_data/train/NQH_7_NAM_S0049_6.wav,v aː-1 t ɨə-3 ŋz t ɨə-5 ŋz ɓ iə-4 tz ɓ aː-0 uz ɗ iə-1 uz,v aː-1 t ɨə-3 ŋz t ɨə-5 ŋz ɓ iə-4 tz ɓ aː-0 uz ɗ iə-1 uz
NQH_7_NAM_S0049_120,audio_data/train/NQH_7_NAM_S0049_120.wav,t͡ɕ u-4 ŋmz ɛ-0 mz iə-0 uz k w i-4 k o-0 n o-4 iz v aː-1 uz x o-3 n aː-1 uz v ə-5 iz,t͡ɕ u-4 ŋmz ɛ-0 mz iə-0 uz k w i-4 k o-0 n o-4 iz v aː-1 uz x o-3 n aː-1 uz v ə-5 iz
NQH_7_NAM_S0049_77,audio_data/train/NQH_7_NAM_S0049_77.wav,k u-2 ŋmz tʰ ə-4 iz k o-0 ɗ e-4 nz z o-1 iz,k u-2 ŋmz tʰ ə-4 iz k o-0 ɗ e-4 nz z o-1 iz
NQH_7_NAM_S0049_33,audio_data/train/NQH_7_NAM_S0049_33.wav,ɓ əː-3 iz v i-1 ŋ o-0 iz t͡ɕ ɨə-1 ŋz m əː-4 iz l aː-1 n iə-5 mz v w i-0 k uə-3 h aː-1 v aː-1 k aː-4 kz ɓ aː-5 nz,ɓ əː-3 iz v i-1 ŋ o-0 iz t͡ɕ ɨə-1 ŋz m əː-4 iz l aː-1 n iə-5 mz v w i-0 k uə-3 h aː-1 v aː-1 k aː-4 kz ɓ aː-5 nz
NQH_7_NAM_S0049_42,audio_data/train/NQH_7_NAM_S0049_42.wav,v i-1 ɗ ɔ-4 l aː-1 t͡ɕ o-2 ɗ e-3 ɛ-0 mz h ɔ-5 kpz t ə-5 pz v aː-1 v iə-4 tz ɓ aː-1 iz,v i-1 ɗ ɔ-4 l aː-1 t͡ɕ o-2 ɗ e-3 ɛ-0 mz h ɔ-5 kpz t ə-5 pz v aː-1 v iə-4 tz ɓ aː-1 iz
NQH_7_NAM_S0049_76,audio_data/train/NQH_7_NAM_S0049_76.wav,s aː-4 ŋz n aː-1 uz ɛ-0 mz ɗ e-4 nz l əː-4 pz,s aː-4 ŋz n aː-1 uz ɛ-0 mz ɗ e-4 nz l əː-4 pz
NQH_7_NAM_S0049_36,audio_data/train/NQH_7_NAM_S0049_36.wav,k o-0 m əː-1 iz ɓ aː-5 nz f ɨə-0 ŋz n aː-1 uz,k o-0 m əː-1 iz ɓ aː-5 nz f ɨə-0 ŋz n aː-1 uz
NQH_7_NAM_S0049_130,audio_data/train/NQH_7_NAM_S0049_130.wav,t əː-4 z ə-4 tz tʰ i-4 k̟z k o-0 ɓ i-1 ŋ̟z v i-1 k o-0 ɓ i-1 ŋ̟z z u-4 pz t əː-4 v iə-4 tz t͡ɕ ɨ-2 ɗ ɛ-5 pz,t əː-4 z ə-4 tz tʰ i-4 k̟z k o-0 ɓ i-1 ŋ̟z v i-1 k o-0 ɓ i-1 ŋ̟z z u-4 pz t əː-4 v iə-4 tz t͡ɕ ɨ-2 ɗ ɛ-5 pz
NQH_7_NAM_S0049_104,audio_data/train/NQH_7_NAM_S0049_104.wav,k o-0 z aː-4 uz l əː-4 pz ɛ-0 mz,k o-0 z aː-4 uz l əː-4 pz ɛ-0 mz
NQH_7_NAM_S0049_11,audio_data/train/NQH_7_NAM_S0049_11.wav,t͡ɕ o-2 n aː-1 uz k u-2 ŋmz ɗ ɨə-5 kz x w aː-4 kz t ə-4 mz aː-4 uz m əː-4 iz tʰ ə-5 tz ɗ ɛ-5 pz,t͡ɕ o-2 n aː-1 uz k u-2 ŋmz ɗ ɨə-5 kz x w aː-4 kz t ə-4 mz aː-4 uz m əː-4 iz tʰ ə-5 tz ɗ ɛ-5 pz
NQH_7_NAM_S0049_50,audio_data/train/NQH_7_NAM_S0049_50.wav,t͡ɕ ɔ-0 ŋmz t͡ɕ ɨə-1 ŋz ɛ-0 mz tʰ i-4 k̟z x u-0 tʰ ɨ-0 v iə-5 nz,t͡ɕ ɔ-0 ŋmz t͡ɕ ɨə-1 ŋz ɛ-0 mz tʰ i-4 k̟z x u-0 tʰ ɨ-0 v iə-5 nz
NQH_7_NAM_S0049_28,audio_data/train/NQH_7_NAM_S0049_28.wav,k ə-5 uz t͡ɕ aː-3 l əː-1 iz t͡ɕ ɔ-0 t əː-4 k ə-0 uz n a-1 iz ɲ ɛ-4,k ə-5 uz t͡ɕ aː-3 l əː-1 iz t͡ɕ ɔ-0 t əː-4 k ə-0 uz n a-1 iz ɲ ɛ-4
NQH_7_NAM_S0049_87,audio_data/train/NQH_7_NAM_S0049_87.wav,ɲ ɨ-2 ŋz ɗ iə-3 mz m ɨə-1 iz k o-0 t͡ɕ ɔ-0,ɲ ɨ-2 ŋz ɗ iə-3 mz m ɨə-1 iz k o-0 t͡ɕ ɔ-0
NQH_7_NAM_S0049_48,audio_data/train/NQH_7_NAM_S0049_48.wav,ɛ-0 mz s ɛ-2 z əː-4 iz tʰ iə-5 uz,ɛ-0 mz s ɛ-2 z əː-4 iz tʰ iə-5 uz
NQH_7_NAM_S0049_125,audio_data/train/NQH_7_NAM_S0049_125.wav,h ɨə-0 ŋz əː-0 iz k o-0 z aː-4 uz t͡ɕ u-3 ɲ iə-5 mz l əː-4 pz h aː-0 iz k uə-3 m i-1 ŋ̟z l aː-1 k o-0 ɓ i-1 ŋ̟z ɗ ə-4 iz,h ɨə-0 ŋz əː-0 iz k o-0 z aː-4 uz t͡ɕ u-3 ɲ iə-5 mz l əː-4 pz h aː-0 iz k uə-3 m i-1 ŋ̟z l aː-1 k o-0 ɓ i-1 ŋ̟z ɗ ə-4 iz
NQH_7_NAM_S0049_92,audio_data/train/NQH_7_NAM_S0049_92.wav,k u-2 ŋmz tʰ ə-4 iz k o-0 ɗ e-4 nz z o-1 iz,k u-2 ŋmz tʰ ə-4 iz k o-0 ɗ e-4 nz z o-1 iz
NQH_7_NAM_S0049_46,audio_data/train/NQH_7_NAM_S0049_46.wav,ɛ-0 mz tʰ ɨə-0 k o-0 l aː-1,ɛ-0 mz tʰ ɨə-0 k o-0 l aː-1
NQH_7_NAM_S0049_12,audio_data/train/NQH_7_NAM_S0049_12.wav,h aː-1 v aː-1 k aː-4 kz ɓ aː-5 nz tʰ i-4 k̟z x u-0 v ɨə-1 nz t͡ɕ ɨə-1 ŋz,h aː-1 v aː-1 k aː-4 kz ɓ aː-5 nz tʰ i-4 k̟z x u-0 v ɨə-1 nz t͡ɕ ɨə-1 ŋz
NQH_7_NAM_S0049_108,audio_data/train/NQH_7_NAM_S0049_108.wav,k o-0 m i-3 mz k ɨə-1 iz tʰ ə-5 tz t ɨə-0 iz,k o-0 m i-3 mz k ɨə-1 iz tʰ ə-5 tz t ɨə-0 iz
NQH_7_NAM_S0049_129,audio_data/train/NQH_7_NAM_S0049_129.wav,k o-0 z ə-5 iz z ə-4 tz l aː-1 tʰ ə-5 tz t w iə-5 tz v i-1 k o-0 z ə-5 iz z ə-4 tz h a-0 iz,k o-0 z ə-5 iz z ə-4 tz l aː-1 tʰ ə-5 tz t w iə-5 tz v i-1 k o-0 z ə-5 iz z ə-4 tz h a-0 iz
NQH_7_NAM_S0049_117,audio_data/train/NQH_7_NAM_S0049_117.wav,f ɨə-0 ŋz əː-0 iz k ə-5 uz h a-2 iz t i-1 mz t͡ɕ ɔ-0 t əː-4 ɲ ɨ-2 ŋz x o-3 tʰ əː-0 ɨ-4 ŋz v əː-4 iz i-0 ɲ ɛ-4,f ɨə-0 ŋz əː-0 iz k ə-5 uz h a-2 iz t i-1 mz t͡ɕ ɔ-0 t əː-4 ɲ ɨ-2 ŋz x o-3 tʰ əː-0 ɨ-4 ŋz v əː-4 iz i-0 ɲ ɛ-4
NQH_7_NAM_S0049_5,audio_data/train/NQH_7_NAM_S0049_5.wav,ɛ-0 mz v aː-1 k aː-4 kz ɓ aː-5 nz tʰ ɨə-1 ŋz t͡ɕ ɔ-1 t͡ɕ w iə-5 nz v e-1 ŋ o-0 iz t͡ɕ ɨə-1 ŋz ɗ aː-0 ŋz s ə-0 iz,ɛ-0 mz v aː-1 k aː-4 kz ɓ aː-5 nz tʰ ɨə-1 ŋz t͡ɕ ɔ-1 t͡ɕ w iə-5 nz v e-1 ŋ o-0 iz t͡ɕ ɨə-1 ŋz ɗ aː-0 ŋz s ə-0 iz
NQH_7_NAM_S0049_80,audio_data/train/NQH_7_NAM_S0049_80.wav,k o-0 z a-5 iz ɛ-0 mz t ə-5 pz v iə-4 tz,k o-0 z a-5 iz ɛ-0 mz t ə-5 pz v iə-4 tz
NQH_7_NAM_S0049_57,audio_data/train/NQH_7_NAM_S0049_57.wav,k ə-5 uz k u-1 ŋmz t əː-4 ɗ ɔ-5 kpz ɓ aː-1 iz t iə-4 pz tʰ ɛ-0 uz,k ə-5 uz k u-1 ŋmz t əː-4 ɗ ɔ-5 kpz ɓ aː-1 iz t iə-4 pz tʰ ɛ-0 uz
NQH_7_NAM_S0049_29,audio_data/train/NQH_7_NAM_S0049_29.wav,t i-1 mz ɲ ɨ-2 ŋz t͡ɕ i-0 t iə-4 tz t͡ɕ ɔ-0 tʰ ə-4 iz h aː-1 v aː-1 k aː-4 kz ɓ aː-5 nz z ə-4 tz h aː-4 uz h ɨ-4 kz m ɔ-0 ŋmz t͡ɕ əː-1 ŋ o-0 iz t͡ɕ ɨə-1 ŋz m əː-4 iz,t i-1 mz ɲ ɨ-2 ŋz t͡ɕ i-0 t iə-4 tz t͡ɕ ɔ-0 tʰ ə-4 iz h aː-1 v aː-1 k aː-4 kz ɓ aː-5 nz z ə-4 tz h aː-4 uz h ɨ-4 kz m ɔ-0 ŋmz t͡ɕ əː-1 ŋ o-0 iz t͡ɕ ɨə-1 ŋz m əː-4 iz
NQH_7_NAM_S0049_62,audio_data/train/NQH_7_NAM_S0049_62.wav,s aː-4 ŋz n aː-1 uz ɛ-0 mz ɗ e-4 nz l əː-4 pz,s aː-4 ŋz n aː-1 uz ɛ-0 mz ɗ e-4 nz l əː-4 pz
NQH_7_NAM_S0049_24,audio_data/train/NQH_7_NAM_S0049_24.wav,h aː-1 v aː-1 k aː-4 kz ɓ aː-5 nz tʰ i-4 k̟z ɲ ɨ-2 ŋz ɣ i-1 əː-0 ŋ o-0 iz t͡ɕ ɨə-1 ŋz m əː-4 iz,h aː-1 v aː-1 k aː-4 kz ɓ aː-5 nz tʰ i-4 k̟z ɲ ɨ-2 ŋz ɣ i-1 əː-0 ŋ o-0 iz t͡ɕ ɨə-1 ŋz m əː-4 iz
NQH_7_NAM_S0049_114,audio_data/train/NQH_7_NAM_S0049_114.wav,ə-4 mz t͡ɕ aː-0 ŋz v əː-3 tʰ əː-0 mz tʰ ɔ-0,ə-4 mz t͡ɕ aː-0 ŋz v əː-3 tʰ əː-0 mz tʰ ɔ-0
NQH_7_NAM_S0049_133,audio_data/train/NQH_7_NAM_S0049_133.wav,k o-0 ə-4 iz ɗ aː-2 z u-4 pz t əː-4 k ɔ-4 tʰ ə-5 tz ɲ iə-1 uz n iə-1 mz v w i-0,k o-0 ə-4 iz ɗ aː-2 z u-4 pz t əː-4 k ɔ-4 tʰ ə-5 tz ɲ iə-1 uz n iə-1 mz v w i-0
NQH_7_NAM_S0049_1,audio_data/train/NQH_7_NAM_S0049_1.wav,h ɨə-0 ŋz əː-0 iz t əː-4 v əː-4 iz k ə-5 uz k u-1 ŋmz ɗ ɔ-5 kpz ɓ aː-1 iz t͡ɕ ɨə-1 ŋz ɛ-0 mz ɲ ɛ-4,h ɨə-0 ŋz əː-0 iz t əː-4 v əː-4 iz k ə-5 uz k u-1 ŋmz ɗ ɔ-5 kpz ɓ aː-1 iz t͡ɕ ɨə-1 ŋz ɛ-0 mz ɲ ɛ-4
NQH_7_NAM_S0049_55,audio_data/train/NQH_7_NAM_S0049_55.wav,t i-1 ŋ̟z k aː-3 mz k uə-3 ɛ-0 mz ɗ o-4 iz v əː-4 iz ŋ o-0 iz t͡ɕ ɨə-1 ŋz,t i-1 ŋ̟z k aː-3 mz k uə-3 ɛ-0 mz ɗ o-4 iz v əː-4 iz ŋ o-0 iz t͡ɕ ɨə-1 ŋz
NQH_7_NAM_S0049_25,audio_data/train/NQH_7_NAM_S0049_25.wav,h aː-1 v aː-1 k aː-4 kz ɓ aː-5 nz tʰ i-4 k̟z x u-0 v ɨə-1 nz t͡ɕ ɨə-1 ŋz v aː-1 tʰ ɨ-0 v iə-5 nz,h aː-1 v aː-1 k aː-4 kz ɓ aː-5 nz tʰ i-4 k̟z x u-0 v ɨə-1 nz t͡ɕ ɨə-1 ŋz v aː-1 tʰ ɨ-0 v iə-5 nz
NQH_7_NAM_S0049_132,audio_data/train/NQH_7_NAM_S0049_132.wav,t͡ɕ ɔ-0 ŋmz m o-5 tz n a-0 mz h ɔ-5 kpz,t͡ɕ ɔ-0 ŋmz m o-5 tz n a-0 mz h ɔ-5 kpz
NQH_7_NAM_S0049_59,audio_data/train/NQH_7_NAM_S0049_59.wav,ɗ ɨə-5 kz tʰ o-0 iz,ɗ ɨə-5 kz tʰ o-0 iz
NQH_7_NAM_S0049_51,audio_data/train/NQH_7_NAM_S0049_51.wav,v aː-1 x u-0 ɲ aː-1 v e-5 s i-0 ŋ̟z s eaː-0 ŋ̟z s eaː-5 k̟z ɗ ɛ-5 pz z o-5 ŋmz z aː-2 iz,v aː-1 x u-0 ɲ aː-1 v e-5 s i-0 ŋ̟z s eaː-0 ŋ̟z s eaː-5 k̟z ɗ ɛ-5 pz z o-5 ŋmz z aː-2 iz
NQH_7_NAM_S0049_86,audio_data/train/NQH_7_NAM_S0049_86.wav,iə-0 uz tʰ ɨə-0 ŋz ɛ-0 mz ŋ a-4 mz m aː-2 iz,iə-0 uz tʰ ɨə-0 ŋz ɛ-0 mz ŋ a-4 mz m aː-2 iz
NQH_7_NAM_S0049_90,audio_data/train/NQH_7_NAM_S0049_90.wav,k o-0 z aː-4 uz l əː-4 pz ɛ-0 mz,k o-0 z aː-4 uz l əː-4 pz ɛ-0 mz
NQH_7_NAM_S0049_378,audio_data/train/NQH_7_NAM_S0049_378.wav,v əː-4 iz k aː-3 l aː-1 s a-4 pz ɗ ɨə-5 kz z aː-0 v e-1,v əː-4 iz k aː-3 l aː-1 s a-4 pz ɗ ɨə-5 kz z aː-0 v e-1
NQH_7_NAM_S0049_91,audio_data/train/NQH_7_NAM_S0049_91.wav,s aː-4 ŋz n aː-1 uz ɛ-0 mz ɗ e-4 nz l əː-4 pz,s aː-4 ŋz n aː-1 uz ɛ-0 mz ɗ e-4 nz l əː-4 pz
NQH_7_NAM_S0049_79,audio_data/train/NQH_7_NAM_S0049_79.wav,k o-0 m i-3 mz k ɨə-1 iz tʰ ə-5 tz t ɨə-0 iz,k o-0 m i-3 mz k ɨə-1 iz tʰ ə-5 tz t ɨə-0 iz
NQH_7_NAM_S0049_131,audio_data/train/NQH_7_NAM_S0049_131.wav,v aː-1 k o-0 z u-4 pz t əː-4 k ɔ-4 m o-5 tz k w iə-3 nz v əː-3 s eaː-5 k̟z s ɛ-2,v aː-1 k o-0 z u-4 pz t əː-4 k ɔ-4 m o-5 tz k w iə-3 nz v əː-3 s eaː-5 k̟z s ɛ-2
NQH_7_NAM_S0049_19,audio_data/train/NQH_7_NAM_S0049_19.wav,ŋ o-0 iz t͡ɕ ɨə-1 ŋz m əː-4 iz ɗ aː-2 t͡ɕ əː-3 tʰ eaː-1 ŋ̟z ŋ o-0 iz t͡ɕ ɨə-1 ŋz tʰ ɨ-4 h aː-0 iz,ŋ o-0 iz t͡ɕ ɨə-1 ŋz m əː-4 iz ɗ aː-2 t͡ɕ əː-3 tʰ eaː-1 ŋ̟z ŋ o-0 iz t͡ɕ ɨə-1 ŋz tʰ ɨ-4 h aː-0 iz
NQH_7_NAM_S0049_101,audio_data/train/NQH_7_NAM_S0049_101.wav,iə-0 uz tʰ ɨə-0 ŋz ɛ-0 mz ŋ a-4 mz m aː-2 iz,iə-0 uz tʰ ɨə-0 ŋz ɛ-0 mz ŋ a-4 mz m aː-2 iz
NQH_7_NAM_S0049_37,audio_data/train/NQH_7_NAM_S0049_37.wav,ɛ-0 mz tʰ ɨə-0 k o-0,ɛ-0 mz tʰ ɨə-0 k o-0
NQH_7_NAM_S0049_8,audio_data/train/NQH_7_NAM_S0049_8.wav,t͡ɕ ɨə-1 ŋz m əː-4 iz z ə-4 tz x aː-0 ŋz t͡ɕ aː-0 ŋz,t͡ɕ ɨə-1 ŋz m əː-4 iz z ə-4 tz x aː-0 ŋz t͡ɕ aː-0 ŋz
NQH_7_NAM_S0049_379,audio_data/train/NQH_7_NAM_S0049_379.wav,v əː-4 iz z əː-1 h aː-1 ŋz s a-4 pz t͡ɕ o-0 iz k w aː-0 m o-5 tz t iə-4 tz,v əː-4 iz z əː-1 h aː-1 ŋz s a-4 pz t͡ɕ o-0 iz k w aː-0 m o-5 tz t iə-4 tz
NQH_7_NAM_S0049_56,audio_data/train/NQH_7_NAM_S0049_56.wav,z ə-4 tz l aː-1 v w i-0 v aː-1 iə-0 uz k w i-4 ŋ o-0 iz t͡ɕ ɨə-1 ŋz,z ə-4 tz l aː-1 v w i-0 v aː-1 iə-0 uz k w i-4 ŋ o-0 iz t͡ɕ ɨə-1 ŋz
NQH_7_NAM_S0049_135,audio_data/train/NQH_7_NAM_S0049_135.wav,k ɔ-1 nz t əː-4 t əː-4 tʰ i-1,k ɔ-1 nz t əː-4 t əː-4 tʰ i-1
NQH_7_NAM_S0049_118,audio_data/train/NQH_7_NAM_S0049_118.wav,k ɔ-0 z aː-4 uz t ɨə-0 iz k ɨə-1 iz ɗ ɔ-4 nz h ɔ-5 kpz s i-0 ŋ̟z əː-0 x o-3 n aː-1 uz v ə-5 iz,k ɔ-0 z aː-4 uz t ɨə-0 iz k ɨə-1 iz ɗ ɔ-4 nz h ɔ-5 kpz s i-0 ŋ̟z əː-0 x ɔ-1 n aː-1 uz v ə-5 iz
NQH_7_NAM_S0049_121,audio_data/train/NQH_7_NAM_S0049_121.wav,t əː-4 n o-4 iz v aː-1 uz x o-3 tʰ əː-0 tʰ ɨ-4 ɓ aː-0,t əː-4 n o-4 iz v aː-1 uz x o-3 tʰ əː-0 tʰ ɨ-4 ɓ aː-0
NQH_7_NAM_S0049_115,audio_data/train/NQH_7_NAM_S0049_115.wav,iə-0 uz tʰ ɨə-0 ŋz ɛ-0 mz ŋ a-4 mz m aː-2 iz,iə-0 uz tʰ ɨə-0 ŋz ɛ-0 mz ŋ a-4 mz m aː-2 iz
NQH_7_NAM_S0049_23,audio_data/train/NQH_7_NAM_S0049_23.wav,t əː-4 h ɔ-3 iz k ə-5 uz,t əː-4 h ɔ-3 iz k ə-5 uz
NQH_7_NAM_S0049_20,audio_data/train/NQH_7_NAM_S0049_20.wav,l aː-1 n iə-1 mz v w i-0 k uə-3 h aː-1 v aː-1 k aː-4 kz ɓ aː-5 nz,l aː-1 n iə-1 mz v w i-0 k uə-3 h aː-1 v aː-1 k aː-4 kz ɓ aː-5 nz
NQH_7_NAM_S0049_47,audio_data/train/NQH_7_NAM_S0049_47.wav,n e-4 uz k ɔ-4 k aː-4 kz ɓ aː-5 nz əː-0 n əː-0 iz x aː-4 kz ɗ e-4 nz,n e-4 uz k ɔ-4 k aː-4 kz ɓ aː-5 nz əː-0 n əː-0 iz x aː-4 kz ɗ e-4 nz
NQH_7_NAM_S0049_17,audio_data/train/NQH_7_NAM_S0049_17.wav,k w o-4 iz h eaː-1 ŋ̟z l aː-0 ŋz m o-2 iz t ə-1 ŋz ɗ e-1 uz k ɔ-4 x u-0 v e-5 s i-0 ŋ̟z z o-5 ŋmz z aː-2 iz v aː-1 s eaː-5 k̟z s ɛ-2,k w o-4 iz h eaː-1 ŋ̟z l aː-0 ŋz m o-2 iz t ə-1 ŋz ɗ e-1 uz k ɔ-4 x u-0 v e-5 s i-0 ŋ̟z z o-5 ŋmz z aː-2 iz v aː-1 s eaː-5 k̟z s ɛ-2
NQH_7_NAM_S0049_26,audio_data/train/NQH_7_NAM_S0049_26.wav,əː-0 ɗ ɔ-4 k ɔ-4 z ə-4 tz ɲ iə-1 uz k ə-0 iz s eaː-0 ŋ̟z,əː-0 ɗ ɔ-4 k ɔ-4 z ə-4 tz ɲ iə-1 uz k ə-0 iz s eaː-0 ŋ̟z
NQH_7_NAM_S0049_43,audio_data/train/NQH_7_NAM_S0049_43.wav,v aː-1 ɣ a-5 pz k o-0 z aː-4 uz əː-0 ɗ ɔ-4,v aː-1 ɣ a-5 pz k o-0 z aː-4 uz əː-0 ɗ ɔ-4
NQH_7_NAM_S0049_31,audio_data/train/NQH_7_NAM_S0049_31.wav,v aː-1 t ɨə-3 ŋz t ɨə-5 ŋz ɓ iə-4 tz ɓ aː-0 uz ɗ iə-1 uz,v aː-1 t ɨə-3 ŋz t ɨə-5 ŋz ɓ iə-4 tz ɓ aː-0 uz ɗ iə-1 uz
NQH_7_NAM_S0049_3,audio_data/train/NQH_7_NAM_S0049_3.wav,v ə-5 iz l aː-1 h aː-1 ɗ aː-2 ɗ ɨə-5 kz h ɔ-5 kpz əː-0 ŋ o-0 iz t͡ɕ ɨə-1 ŋz m əː-4 iz,v ə-5 iz l aː-1 h aː-1 ɗ aː-2 ɗ ɨə-5 kz h ɔ-5 kpz əː-0 ŋ o-0 iz t͡ɕ ɨə-1 ŋz m əː-4 iz
lam-lai_1618731649880,audio_data/train/lam-lai_1618731649880.wav,l aː-1 mz l aː-2 iz,l aː-1 mz l aː-2 iz
lam-lai_1618731665305,audio_data/train/lam-lai_1618731665305.wav,l aː-1 mz l aː-2 iz,l aː-2 mz l aː-2 iz
lam-lai_1618731674988,audio_data/train/lam-lai_1618731674988.wav,l aː-1 mz l aː-2 iz,l aː-3 mz l aː-2 iz
lam-lai_1618731686024,audio_data/train/lam-lai_1618731686024.wav,l aː-1 mz l aː-2 iz,l aː-4 mz l aː-2 iz
lam-lai_1618731698101,audio_data/train/lam-lai_1618731698101.wav,l aː-1 mz l aː-2 iz,l aː-5 mz l aː-2 iz
lam-lai_1618731727604,audio_data/train/lam-lai_1618731727604.wav,l aː-1 mz l aː-2 iz,l aː-0 mz l aː-2 iz
sau-phan_1618733684000,audio_data/train/sau-phan_1618733684000.wav,s a-4 uz f ə-4 nz,s a-1 uz f ə-4 nz
sau-phan_1618733691619,audio_data/train/sau-phan_1618733691619.wav,s a-4 uz f ə-4 nz,s a-2 uz f ə-4 nz
sau-phan_1618736615203,audio_data/train/sau-phan_1618736615203.wav,s a-4 uz f ə-4 nz,s a-3 uz f ə-4 nz
sau-phan_1618736646319,audio_data/train/sau-phan_1618736646319.wav,s a-4 uz f ə-4 nz,s a-4 uz f ə-4 nz
sau-phan_1618736657197,audio_data/train/sau-phan_1618736657197.wav,s a-4 uz f ə-4 nz,s a-5 uz f ə-4 nz
sau-phan_1618736667198,audio_data/train/sau-phan_1618736667198.wav,s a-4 uz f ə-4 nz,s a-0 uz f ə-4 nz
quang-dau_1618736815259,audio_data/train/quang-dau_1618736815259.wav,k w aː-0 ŋz ɗ a-0 uz,k w aː-0 ŋz ɗ a-1 uz
quang-dau_1618736822879,audio_data/train/quang-dau_1618736822879.wav,k w aː-0 ŋz ɗ a-0 uz,k w aː-0 ŋz ɗ a-2 uz
quang-dau_1618736832950,audio_data/train/quang-dau_1618736832950.wav,k w aː-0 ŋz ɗ a-0 uz,k w aː-0 ŋz ɗ a-3 uz
quang-dau_1618736839706,audio_data/train/quang-dau_1618736839706.wav,k w aː-0 ŋz ɗ a-0 uz,k w aː-0 ŋz ɗ a-4 uz
quang-dau_1618736845433,audio_data/train/quang-dau_1618736845433.wav,k w aː-0 ŋz ɗ a-0 uz,k w aː-0 ŋz ɗ a-5 uz
quang-dau_1618736854106,audio_data/train/quang-dau_1618736854106.wav,k w aː-0 ŋz ɗ a-0 uz,k w aː-0 ŋz ɗ a-0 uz
than-ngay_1618737058574,audio_data/train/than-ngay_1618737058574.wav,tʰ aː-0 nz ŋ a-1 iz,tʰ aː-0 nz ŋ a-1 iz
than-ngay_1618737064613,audio_data/train/than-ngay_1618737064613.wav,tʰ aː-0 nz ŋ a-1 iz,tʰ aː-0 nz ŋ a-2 iz
than-ngay_1618737071972,audio_data/train/than-ngay_1618737071972.wav,tʰ aː-0 nz ŋ a-1 iz,tʰ aː-0 nz ŋ a-3 iz
than-ngay_1618737085103,audio_data/train/than-ngay_1618737085103.wav,tʰ aː-0 nz ŋ a-1 iz,tʰ aː-0 nz ŋ a-4 iz
than-ngay_1618737101687,audio_data/train/than-ngay_1618737101687.wav,tʰ aː-0 nz ŋ a-1 iz,tʰ aː-0 nz ŋ a-5 iz
than-ngay_1618737108989,audio_data/train/than-ngay_1618737108989.wav,tʰ aː-0 nz ŋ a-1 iz,tʰ aː-0 nz ŋ a-0 iz
hay-hai_1618737118025,audio_data/train/hay-hai_1618737118025.wav,h a-0 iz h aː-0 iz,h a-1 iz h aː-0 iz
hay-hai_1618737134807,audio_data/train/hay-hai_1618737134807.wav,h a-0 iz h aː-0 iz,h a-2 iz h aː-0 iz
hay-hai_1618737141622,audio_data/train/hay-hai_1618737141622.wav,h a-0 iz h aː-0 iz,h a-3 iz h aː-0 iz
hay-hai_1618737147800,audio_data/train/hay-hai_1618737147800.wav,h a-0 iz h aː-0 iz,h a-4 iz h aː-0 iz
hay-hai_1618737153705,audio_data/train/hay-hai_1618737153705.wav,h a-0 iz h aː-0 iz,h a-5 iz h aː-0 iz
hay-hai_1618737164792,audio_data/train/hay-hai_1618737164792.wav,h a-0 iz h aː-0 iz,h a-0 iz h aː-0 iz
ho-ngheo_1618737600795,audio_data/train/ho-ngheo_1618737600795.wav,h ɔ-5 ŋ ɛ-1 uz,h ɔ-5 ŋ ɛ-1 uz
ho-ngheo_1618737606513,audio_data/train/ho-ngheo_1618737606513.wav,h ɔ-5 ŋ ɛ-1 uz,h ɔ-5 ŋ ɛ-2 uz
ho-ngheo_1618737613223,audio_data/train/ho-ngheo_1618737613223.wav,h ɔ-5 ŋ ɛ-1 uz,h ɔ-5 ŋ ɛ-3 uz
ho-ngheo_1618737618962,audio_data/train/ho-ngheo_1618737618962.wav,h ɔ-5 ŋ ɛ-1 uz,h ɔ-5 ŋ ɛ-4 uz
ho-ngheo_1618737625224,audio_data/train/ho-ngheo_1618737625224.wav,h ɔ-5 ŋ ɛ-1 uz,h ɔ-5 ŋ ɛ-5 uz
ho-ngheo_1618737631375,audio_data/train/ho-ngheo_1618737631375.wav,h ɔ-5 ŋ ɛ-1 uz,h ɔ-5 ŋ ɛ-0 uz
di-dua_1618737803808,audio_data/train/di-dua_1618737803808.wav,z i-1 ɗ ɨə-0,z i-1 ɗ ɨə-0
di-dua_1618737810181,audio_data/train/di-dua_1618737810181.wav,z i-1 ɗ ɨə-0,z i-2 ɗ ɨə-0
di-dua_1618737816879,audio_data/train/di-dua_1618737816879.wav,z i-1 ɗ ɨə-0,z i-3 ɗ ɨə-0
di-dua_1618737824658,audio_data/train/di-dua_1618737824658.wav,z i-1 ɗ ɨə-0,z i-4 ɗ ɨə-0
di-dua_1618737831051,audio_data/train/di-dua_1618737831051.wav,z i-1 ɗ ɨə-0,z i-5 ɗ ɨə-0
di-dua_1618737837844,audio_data/train/di-dua_1618737837844.wav,z i-1 ɗ ɨə-0,z i-0 ɗ ɨə-0
